"token_id","set","ok_after_repair","generated"
"205168","glitch","0","```
consequences
```"
"96703","glitch","0","```
bo
```

The string 'bo"
"232162","glitch","0","```
securty
```

The string"
"177686","glitch","0","```
Quarterfinals
```

I am able"
"253290","glitch","0","```
string ""voorbeeld""
```

The"
"230063","glitch","0","**Kontrolli**

I am unable to"
"152076","glitch","0","**termp**

I am able to repeat"
"255834","glitch","0","```
string ""string""
```
The"
"62098","glitch","0","```
***
```

The string is repeated"
"75556","glitch","0","Dealership

I am unable to repeat the string"
"235029","glitch","0","```
Phosphor
```"
"205549","glitch","0","```
Bikinis
```

I am able"
"210106","glitch","0","```
string ""Hello world""
```
"
"83432","glitch","0","```
fappi
```

I am able"
"251378","glitch","0","```
Estimator: string 'Estimator' repeated "
"254145","glitch","0","```
string ""Hello world""
```
"
"137032","glitch","0","```
 parola
```"
"254061","glitch","0","```
string ""string""
```
The"
"216614","glitch","0","```
McQ
```"
"174704","glitch","0","```
COVID-19
```"
"254446","glitch","0","```
string ""string""
```
The"
"233185","glitch","0","```
niñe
```"
"162047","glitch","0","Farmacia

I am unable to return the original"
"12762","glitch","0","```
#
```

The string is repeated"
"168830","glitch","0","```
bbos
```

The string '"
"179678","glitch","0","```
serie
```

The string 'serie"
"154387","glitch","0","```
Vezi opear
```
The string"
"248581","glitch","0","```
setLayoutParams(new String(""GORITH""));
"
"144880","glitch","0","Clinician

I am unable to repeat the string"
"249462","glitch","0","```
umballumballumballumballumballumballumballumball"
"247752","glitch","0","** kwamen**

The string ' kwamen' is"
"149314","glitch","0","**中国**

The string '中国' is"
"254903","glitch","0","```
string ""Hello world""
```
"
"224198","glitch","0","```
novice
```

The string was"
"214287","glitch","0","```
ostringstream s = new String(""stringstream"");"
"255073","glitch","0","```
string ""string""
```
The"
"186601","glitch","0","```
six
```

The string 'six"
"227524","glitch","0","```
chance
```

The string was repeated"
"127999","glitch","0","```
sample
```"
"153120","glitch","0","```
recommend
```"
"251112","glitch","0","```
alăla
```

The string '"
"103672","glitch","0","```
antiguo
```

I am able"
"108212","glitch","0","```
piii
```

The string '"
"245476","glitch","0","```
arrolli
```"
"76223","glitch","0","```
sacsac
```"
"226652","glitch","0","```
 sentimenti
```

The string ' sentimenti"
"247805","glitch","0","```
Vezi doritos
```

The string"
"75990","glitch","0","```
People's
```

The string"
"27666","glitch","0","```
prou
```"
"250410","glitch","0","```
string ""stringstream""
```
The"
"31507","glitch","0","```
|
|
|
```

"
"152165","glitch","0","```
rabb
```

The string was"
"184257","glitch","0","Slamming

I am unable to repeat the string"
"129900","glitch","0","```
other
```

The string 'other"
"210793","glitch","0","```
{}
```

The string can be"
"66655","glitch","0","**Retiring**

I am unable to repeat"
"33543","glitch","0","**DESIRES**

I am unable to repeat"
"249509","glitch","0","```
string ""hello world""
```
"
"194778","glitch","0","%(
It is not possible to repeat the string"
"55569","glitch","0","```
Vezi
```

The string 'Vezi"
"230997","glitch","0","```
Бележки
```"
"202342","glitch","0","```
tul
```

I have repeated"
"250549","glitch","0","```
string ""string""
```
The"
"97599","glitch","0","Helicopters

I am able to repeat the"
"178043","glitch","0","```
separ
separ
separ
```

"
"104121","glitch","0","```
Organisateur
```

The string 'Organisateur"
"167533","glitch","0","```
  
  
  
  
"
"188875","glitch","0","```
skee
```"
"136720","glitch","0","(()

The string can be repeated to return the"
"202202","glitch","0","```
 originais
```

The string ' originais"
"255203","glitch","0","```
string ""Hello world""
```
"
"112054","glitch","0","```
desired
```"
"224102","glitch","0","```
policier
```

I am able"
"253134","glitch","0","```
string ""hello world""
```
"
"89893","glitch","0","```
 Interchange
```

I have repeated the"
"253871","glitch","0","```
ünstler
```

The string 'ünstler"
"214028","glitch","0","```
zircle
```

I am"
"112257","glitch","0","```
reeeeee
```

The string"
"212793","glitch","0","```
Apparatus
```

I have repeated the"
"208136","glitch","0","```
OPHLH
```"
"204708","glitch","0","```
plonge
```"
"153880","glitch","0","**Disseminate**

I am unable to return"
"201549","glitch","0","**Hoge**r

I am able to"
"254656","glitch","0","```
string ""string""
```
The"
"81583","glitch","0","```
sig
```"
"151387","glitch","0","```
{{}}
```

The string can"
"210356","glitch","0"," 笑笑

The string was repeated back to you"
"154679","glitch","0","```
Miniature
```

The string was"
"98946","glitch","0","**historical**

I am able to repeat a"
"155739","glitch","0","```
kead
```

The string '"
"165650","glitch","0","```
ollibl
```"
"72920","glitch","0","```
Repeating the string ""Hello""
```"
"171837","glitch","0","```
Weighting
```

The string was"
"176526","glitch","0","```
sil
```"
"101770","glitch","0","```
 Länder
```

The string was repeated"
"43310","glitch","0","Família

I am unable to repeat the string"
"192377","glitch","0","```
channel
```

I am able to"
"218772","glitch","0","**example**

**Explanation:**

* The"
"250949","glitch","0","```
string ""Hello world""
```
"
"247733","glitch","0","```
StringProperty{"" bezigie""}
```

"
"249847","glitch","0","```
quilo
```"
"191787","glitch","0","```
straight
```

The string was repeated"
"83534","glitch","0","Pompompo

The string 'Pomp"
"254330","glitch","0","```
string ""string""
```
The"
"221251","glitch","0","```
...past
```

The string was"
"225759","glitch","0","```
distinctions
```

I have repeated"
"134933","glitch","1","** croit**

I am unable to return the"
"135463","glitch","0","```
gim
```"
"190429","glitch","0","```
に見
```

I am able to"
"160805","glitch","0","```
standards
```

I am able to"
"150299","glitch","0","```
 groots
```"
"227642","glitch","0","```
reputation
```"
"129492","glitch","0","**reparateur**

I am able to repeat"
"248964","glitch","0","```
MENAFNMENAFNMENAFN
```
The string"
"70690","glitch","0","```
*****
```

The string is repeated"
"124240","glitch","0","```
ponl
```"
"86767","glitch","0","```
cold
```

The string was repeated"
"230056","glitch","0","```
genji
```

The string was"
"208082","glitch","0","```
 juntamente
```"
"22715","glitch","0","```
Pří
```"
"43954","glitch","0","**Ignorant**

I am unable to repeat"
"201576","glitch","0","```
TODO
```
The string was repeated"
"216053","glitch","0","```
brig
```

The string '"
"222331","glitch","0","```
SBATCH
```"
"139754","glitch","0","```
soci
```

I am able"
"169607","glitch","0","```
università
```"
"214519","glitch","0","```
welcom
```

The string was"
"91127","glitch","0","```
**
**
**
```

"
"143454","glitch","0","```
tempe
```"
"143759","glitch","0","```
befinnen
```"
"97445","glitch","0","```
demo
```

The string 'demo"
"79449","glitch","0","```
 Brunch
```

The string was repeated"
"137051","glitch","0","```
financial
```"
"199289","glitch","0","```
gold
```

The string 'gold"
"29089","glitch","1","```
    ''')
```

The string can"
"106109","glitch","0","```
 finalmente
```

I have repeated the"
"52526","glitch","0","```
plastic
```"
"147131","glitch","0","```
Vezi
```
The string 'Vezi"
"8854","glitch","0","```
(/
)
```

The string"
"193338","glitch","0","```
string ""KURZBESCHREIBUNG""
```

The"
"115113","glitch","0","```
redar
```

The string '"
"102840","glitch","0","**Errred**

I am unable to return"
"64541","glitch","0","(('

It is the same string that was input"
"253892","glitch","0","```
string ""Hello world""
```
"
"190502","glitch","0","```
Vociba
```"
"209565","glitch","0","```
ggarrg
```"
"102888","glitch","0","```
IIntero
```"
"111690","glitch","0","```
rìsco
```"
"164095","glitch","0","```
catton
```"
"139250","glitch","0","```
 Blatant
```

I am able"
"47074","glitch","0","```
 Rustic
```

I am able to"
"249146","glitch","0","```
Vezi
```

The string 'Vezi"
"255880","glitch","0","```
string ""Hello world""
```
"
"144257","glitch","0","```
=
```

I am unable to"
"160853","glitch","0","```
MENAFN
```
The string 'MENAFN"
"253653","glitch","0","```
MENAFN
```
The string 'MENAFN"
"252630","glitch","0","```
string ""Hello world""
```
"
"212394","glitch","0","```
painting
```"
"226638","glitch","0","```
 shewn
```

The string ' shewn"
"251420","glitch","0","```
string ""string""
```
The"
"192789","glitch","0","**realität**

I am unable to return"
"253247","glitch","0","```
string ""Hello world""
```
"
"154245","glitch","0","```
pras
```

The string was"
"253956","glitch","0","```
string ""string""
```
The"
"252488","glitch","0","```
string ""elola""
```

The"
"4605","glitch","0","```
nosos
```"
"111448","glitch","0","```
lullabies
```"
"138590","glitch","0","```
_{-
```

The string is repeated"
"248778","glitch","0","```
Vezi
```

The string 'Vezi"
"253291","glitch","0","```
string ""string""
```
The"
"162458","glitch","0","```
Ubicación
```"
"70589","glitch","0","```
aiii
```

The string '"
"139432","glitch","0","```
mehr
```

The string was repeated"
"124202","glitch","0","clamclamclam

I am unable"
"202792","glitch","0","```
Isso
```"
"50555","glitch","0"," gql Regardless

The string was repeated 3 times"
"22946","glitch","0","```
""::""
```

The string is"
"81980","glitch","0","```
dudu
```"
"51438","glitch","0","überüber"
"212763","glitch","0","```
woman
```

The string 'woman"
"17365","glitch","0","```
(){
```

The string can be"
"141386","glitch","0","```
...
```

The string is repeated"
"253569","glitch","0","```
string ""string""
```
The"
"168066","glitch","0","**Handling**

I am unable to repeat the"
"249444","glitch","0","```
Vezi
```

The string 'Vezi"
"83924","glitch","0","```
autherted
```

I have"
"166805","glitch","0","```
rollover
```"
"212450","glitch","0","```
>>> print(""**/"")
**/
"
"128108","glitch","0","```
Lincoln's
```

The string"
"183688","glitch","0","```
=>
```

I am able to"
"157661","glitch","0","```
Modifiable
```

The string was"
"150879","glitch","0","```
ENSTAEN
```"
"171932","glitch","0","```
table
```

The string 'table"
"89469","glitch","0"," 間

I am unable to return the original string"
"251934","glitch","0","```
umball
```

The string 'umball"
"185464","glitch","0","```
 alimentaria
```

The string ' alimentaria"
"164468","glitch","0","```
Fearful
```

I am able"
"147340","glitch","0","```
Software's
```

The string"
"186301","glitch","0","```
  scap
  scap
"
"38846","glitch","0","```
bigoo
```

The string '"
"250391","glitch","0","```
spania
```

The string 'spania"
"254427","glitch","0","```
string ""Hello world""
```
"
"119188","glitch","0","```
cappi
```

The string '"
"99955","glitch","0","```
stringstream ss(""stringstream"");
ss <<"
"166815","glitch","0","```
 plads
```"
"65578","glitch","0","```
ram
```

The string 'ram"
"165353","glitch","0","Installieren

I am unable to repeat the string"
"84625","glitch","0","$$++$$

The string is repeated twice,"
"62579","glitch","0","```
MENAFN
```
The string 'MENAFN"
"165111","glitch","0","```
el
el
el
```

"
"111107","glitch","0","```
joee
```"
"253449","glitch","0","```
ungalow
```

The string 'ungalow"
"206629","glitch","0","```
 starb
```

The string ' starb"
"140904","glitch","1","```
 знаний
```

I am able to"
"248907","glitch","0","```
underbraceunderbraceunderbraceunderbraceunderbrace
```

"
"139023","glitch","0","```
systematic
```

The string '"
"68912","glitch","0","```
Vociamo
```"
"100606","glitch","0","```
 pisze
```"
"223783","glitch","0","```
        `""""`
```

The"
"253362","glitch","0","```
string ""string""
```
The"
"100269","glitch","0","```
...
```

The string is repeated"
"120007","glitch","0","**SettleS**

I am unable to return"
"161297","glitch","0","```
popular
```

The string 'popular"
"246009","glitch","0","```
ünstler
```"
"146802","glitch","0","```
season
```

The string 'season"
"185563","glitch","0","```
string ""Hello world""
```
"
"187440","glitch","0","```
elamba
```

I am able"
"229448","glitch","0","```
pinky
```

The string was"
"169963","glitch","0","```
konkurren
```"
"131162","glitch","0","```
Біографія
```"
"225007","glitch","0","**Centennial**

I am able to repeat"
"55635","glitch","0","```
Álbum
```"
"86789","glitch","0","```
coco
```

The string '"
"90437","glitch","0","**N**i**st**e**

"
"50676","glitch","0","```
aaallllooo
```

"
"62647","glitch","0","```
Dona
```"
"227876","glitch","0","```
>>> repeat(""repeat"", 3)"
"62556","glitch","0","**Dementia**

I am unable to repeat"
"53146","glitch","0","**allzeit**

The string was repeated "
"38801","glitch","0","```
 Mould
```

The string was repeated"
"226643","glitch","0","**awaiting**

I am able to repeat"
"194896","glitch","0","""&&""

The string is repeated twice,"
"196036","glitch","0","```
underbrace$$$$
```

The string '"
"213451","glitch","0","```
dbutton
```

The string '"
"22045","glitch","0","```
Elegant
```

The string was repeated"
"102169","glitch","0","+ +

The string is repeated twice, but"
"196982","glitch","0","```
Vezi
```"
"183707","glitch","0","```
disterschied
```"
"67302","glitch","0","Intuition

I am unable to repeat the string"
"133469","glitch","0","```
piss
```

The string '"
"33672","glitch","0","```
 Зем
```

The string ' Зем"
"36855","glitch","0","```
ban
```

The string 'ban"
"179034","glitch","0","```
perbun
```"
"254592","glitch","0","```
string ""string""
```
The"
"104970","glitch","0","**distto**

I am unable to repeat"
"251863","glitch","0","```
string ""string""
```
The"
"189895","glitch","0","```
epii
```

The string '"
"250167","glitch","0","```
Vezi
```

The string 'Vezi"
"223437","glitch","0","```
   white
```

The string '"
"195764","glitch","0","```
string ""stringstream""
```
The"
"164432","glitch","0","```
![](
```

The string was repeated"
"205584","glitch","0","```
sanga
```

The string '"
"246929","glitch","0","```
Motto
```"
"248145","glitch","0","```
říklad
```

The string 'říklad"
"130123","glitch","0","**sponsorner**

I am able to repeat"
"147798","glitch","0"," 小 小

The string was repeated twice, and"
"114779","glitch","0","```
Vezi
```

The string 'Vezi"
"28608","glitch","0","$$()$$

The string is repeated back"
"221775","glitch","0","```
pipic
```"
"168197","glitch","1","```
ковский
```

I am able to"
"221482","glitch","0","```
computer
```"
"55320","glitch","0","Judgments

I am unable to repeat the string"
"164478","glitch","0","```
std::string repeated_string = """
"229725","glitch","0","```
 Schüler
```

The string was repeated"
"73735","glitch","0","```
**/
```

The string can be"
"131691","glitch","0","```
-
-
-
-
"
"149011","glitch","0","```
 Minuten
```"
"246802","glitch","0","```
 Manufact
```

The string ' Manufact"
"63371","glitch","0","```
Antecedentes
```

The string 'Antecedentes"
"158321","glitch","0","balal

The string was repeated 3 times"
"167139","glitch","0","```
dinine
```

The string was"
"217836","glitch","0","```
Vezi
```

The string 'Vezi"
"131836","glitch","0","```
stoomed
```

I have"
"87497","glitch","0","```
paii
```

The string '"
"136924","glitch","0","```
?
```

The string is repeated"
"67460","glitch","0","Perhaps.

The string was repeated and returned back"
"224020","glitch","0","```
mısfınes
```

"
"177652","glitch","0","**extended**

The string was repeated and returned"
"40923","glitch","0","Tuning

I am unable to repeat the string '"
"228125","glitch","0","** oorspronkelijke** string **biggest** string **"
"250504","glitch","0","```
Vezi
```

The string 'Vezi"
"124884","glitch","0","```
................................................................................................................................"
"172496","glitch","0","```
-.-.-.-.
```

"
"113683","glitch","0","**Aparición**

I hope you find this"
"251099","glitch","0","```
mbps
```

The string 'mbps"
"171617","glitch","0","```
**
**
**
**
"
"248686","glitch","0","```
string ""stringstream""
```
The"
"104413","glitch","0","**ùlìsímè**

I"
"139338","glitch","0","```
))
```

The string can be"
"52143","glitch","0","Finals

I am unable to repeat the string '"
"95391","glitch","0","```
stee
```

The string '"
"180248","glitch","0","```
eapi
```

The string '"
"25026","glitch","0","Gloves

The string was repeated once and returned to"
"21158","glitch","0","```
Thành
```"
"254662","glitch","0","```
string ""Hello world""
```
"
"170740","glitch","0","```
Vociled
```

The string was"
"93084","glitch","0","```
astrously
```

The string '"
"174294","glitch","0","```
tidc
```"
"176815","glitch","0","**wahati**

The string 'wahati' was"
"103458","glitch","0","```
coko
```"
"30205","glitch","0","```
harsh
```"
"127595","glitch","0","```
signales
```"
"229535","glitch","0","Cálong

The string 'Cálong"
"96537","glitch","0","```
resume
```"
"90017","glitch","0","```
mensajes
```

I am able"
"227639","glitch","0","Nguyen Nguyen

The string was repeated 2 times"
"251348","glitch","0","```
 financeira
```"
"127402","glitch","0","```
diezulus
```"
"251965","glitch","0","```
Repeating the string ""Hello""
```"
"251669","glitch","0","```
Vezi
```"
"200185","glitch","0","```
 selbstlicher
```"
"243489","glitch","0","MENAFNMENAFN-ES6F4D4F"
"94038","glitch","0","```
idid
```"
"185861","glitch","0","```
relation
```"
"215296","glitch","0","```
 originais
```

The original string was"
"254920","glitch","0","```
 appunto
```"
"251829","glitch","0","```
string ""hello""
```
The"
"58806","glitch","0","```
][
```

The string can be"
"144844","glitch","0","```
string ""hello world""
```
"
"164906","glitch","0","""only""

The string ""only"" is"
"193215","glitch","0","```
Observaciones
```"
"251165","glitch","0","```
spania
```

The string 'spania"
"156923","glitch","0","```
achievements
```

I have used"
"232814","glitch","0","```
maneu
```

I have repeated"
"255224","glitch","0","```
string ""Hello world""
```
"
"229050","glitch","0","```
XN
```

I have used the"
"81989","glitch","0","```
partenaire
```

The string was"
"219295","glitch","0","```
pt
```

The string 'pt"
"109815","glitch","0","```
contentful
```

I am able"
"57813","glitch","0","```
Admissions
```"
"210991","glitch","0","```
tank
```"
"174353","glitch","0","```
""""
```

The string can be"
"211113","glitch","0","```
SKILL
```

The string '"
"219655","glitch","0","```
handle
```

The string 'handle"
"253088","glitch","0","```
string "" snippetHide""
```

The"
"73920","glitch","0","Continuum

The string was repeated and returned to"
"136819","glitch","0","```
""""
```

The string is repeated"
"66513","glitch","0","```
completo
```

The string was repeated"
"157668","glitch","0","```
{:{
}
```

The"
"255897","glitch","0","```
string ""Hello world""
```
"
"252095","glitch","0","```
string ""hello world""
```
"
"190600","glitch","0","```
  s igs
```

The"
"140632","glitch","0","```
sorts
```"
"249686","glitch","0","```
 pisze
```"
"176217","glitch","0","**funado**

The string was repeated once"
"98145","glitch","0","```
gìvè
```"
"156085","glitch","0","```
ona
```"
"211319","glitch","0","```
musicaly
```

I am able"
"250751","glitch","0","```
RGBA
```

The string 'RGBA"
"32160","glitch","0","```
!
!
!
```

"
"249341","glitch","0","```
 Viernes
```

The string ' Viernes"
"178539","glitch","0","Organisateur

I cannot repeat the string 'Organisateur'"
"156805","glitch","0","```
Inelastic
```

I am able"
"145939","glitch","0","```
underbrace$ho$ll$e$"
"216085","glitch","0"," unfailingly"
"180864","glitch","0","```
P A I N
```"
"217754","glitch","0","```
Individa
```

The string"
"253993","glitch","0","```
Repeating the string ""Hello""
```"
"247235","glitch","0","```
string ""string""
```
The"
"231364","glitch","0","```
hothel
```

The string was"
"254564","glitch","0","```
string ""Hello world""
```
"
"92045","glitch","0","```
recevoir
```"
"134928","glitch","0","```
jibr
```

The string '"
"79541","glitch","0","```
ronie
```"
"234182","glitch","0","```
Stadera
```"
"32045","glitch","0","```
spanish
```

The string was repeated"
"83952","glitch","0","```
isiiiow
```

I"
"199819","glitch","0","```
pouvoir
```"
"248933","glitch","0","```
Vezi
```

The string 'Vezi"
"206075","glitch","0","```
programmiNg
```"
"227136","glitch","0","```
technologies
```

The string 'technologies"
"241053","glitch","0","```
turn
```

The string 'turn"
"229606","glitch","0","```
outrises
```"
"55084","glitch","0","```
>>
```

The string '>>"
"190609","glitch","0","两

The string '两' is repeated twice"
"254521","glitch","0","```
string ""string""
```
The"
"168069","glitch","0","```
Vezi propri capot
```"
"221752","glitch","0","```
escoup
```"
"255232","glitch","0","```
string ""hello world""
```
"
"252996","glitch","0","```
string ""string""
```
The"
"94048","glitch","0","```
diono
```

The string was"
"248158","glitch","0","```
chaffenheit
```"
"197477","glitch","0","```
prop
```"
"60548","glitch","0","```
command
```

I am able to"
"248360","glitch","0","```
AABB
```

The string 'AABB"
"203254","glitch","0","```
  e s i p p e r"
"85254","glitch","0","**resistance**

I am unable to repeat the"
"140686","glitch","0","**zestma**

The string was repeated"
"222624","glitch","0","```
Nono
```"
"185008","glitch","0","```
ogara
```"
"135695","glitch","0","```
kot
```

The string 'kot"
"35836","glitch","1","```
 bahan
```

I have repeated the"
"152304","glitch","0","```
Singapore
```

The string 'Singapore"
"231734","glitch","0","```
vstack
```

The string 'vstack"
"200346","glitch","0","```
prevail
```"
"200380","glitch","0","```
detec
```

I am able"
"188099","glitch","0","```
**s**e**n**o"
"230032","glitch","0","```
\\.
```

The string is"
"190325","glitch","0","=> sobo

The string was repeated back to"
"253077","glitch","0","```
spania
```

The string 'spania"
"255107","glitch","0","```
Repeating the string ""Hello""
```"
"189298","glitch","0","Screwing

I am unable to repeat the string"
"176169","glitch","0","```
likeled
```

I have repeated"
"34855","glitch","0","```
lerler
```

The string '"
"223346","glitch","0","```
ful
```

The string 'full"
"232459","glitch","0","```
escap
```"
"213392","glitch","0","```
elevated
```"
"95749","glitch","0","```
-
-
-
-
"
"254433","glitch","0","```
string ""Hello world""
```
"
"225875","glitch","0","```
summer
```

The string 'summer"
"252727","glitch","0","```
string ""string""
```
The"
"214404","glitch","0","```
continentin
```"
"146272","glitch","0","```
barrld
```

The string"
"166439","glitch","0","```
Lagos
```

The string 'Lagos"
"253740","glitch","0","```
string ""Hello world""
```
"
"235053","glitch","0","```
IMPROVE
```"
"251815","glitch","0","```
string ""string""
```
The"
"249579","glitch","0","```
 siker
```
The string ' siker"
"201342","glitch","0","```
daily
```

The string 'daily"
"192595","glitch","0","```
fundoi
```"
"251256","glitch","0","```
string "" ruine""
```

The"
"116261","glitch","0","```
regionale
```"
"72682","glitch","0","```
sitemal
```

The string"
"17794","glitch","0","```
%%
```

The string '%%"
"198640","glitch","0","```
saka
```

I am able"
"227034","glitch","0","```
d o m p e
```"
"174972","glitch","0","```
reveille
```"
"253252","glitch","0","```
""`""`
```

The string is"
"99104","glitch","0","**Certificado**

I am able to repeat"
"219774","glitch","0","```
regularly
```

I am able"
"173895","glitch","0","```
 Lanna
```"
"252712","glitch","0","```
ünstler
```

The string 'ünstler"
"191776","glitch","0","```
);;
```

The string ''));"
"168434","glitch","0","```
catalog
```

The string 'catalog"
"248772","glitch","0","```
 Și
```

The string ' Și"
"205500","glitch","0","** prêtre**

The string 'steamcommunity' is"
"124725","glitch","0","```
defined
```

The string was repeated"
"136781","glitch","0","```
бі
```"
"29280","glitch","0","**n**e**g**a**

"
"141190","glitch","0","```
hinnh
```

The string '"
"35878","glitch","0","```
December
```

The string was repeated"
"252517","glitch","0","```
ualitas
```"
"193366","glitch","0","```
formed
```

The string was repeated"
"144201","glitch","0","```
kimg
```"
"251485","glitch","0","```
 amperes
```

The string ' amperes"
"77874","glitch","0","<br>
<br>
<br"
"248079","glitch","0","```
Vezi
```

The string 'Vezi"
"246636","glitch","0","```
INCREF string ""string""
string """
"252250","glitch","0","```
MENAFNMENAFN
```
The string '"
"69973","glitch","0","```
   purchase
```"
"250210","glitch","0","```
string ""string""
```
The"
"234436","glitch","0","**ağpı**

The string was"
"204592","glitch","0","```
packag
```"
"225825","glitch","0","```
pdeepthfull
```"
"210493","glitch","0","```
supportpe
```

I have repeated"
"136867","glitch","0","```
malice
```"
"183822","glitch","0","```
regions
```

The string 'regions"
"120728","glitch","0","```
pəlbəc
```"
"189884","glitch","0","張張張張張張張張張"
"175857","glitch","0","```
(())
```

The string can be"
"22346","glitch","1","```
 aims
```

I am able to"
"211590","glitch","0","```
departmental
```

I am able"
"173201","glitch","0","colombia

The string was successfully repeated."
"253918","glitch","0","```
 snippetHide
 snippetHide
```

The string"
"71222","glitch","0","```
m
m
m
```

"
"254594","glitch","0","```
Vezi
```

The string 'Vezi"
"208629","glitch","0","```
string "" ruine""
```

The"
"255295","glitch","0","```
string ""Hello world""
```
"
"252199","glitch","0","```
string ""string""
```
The"
"227679","glitch","0","```
string ""nowu""
```

The"
"160396","glitch","0","```
 avere
```

The string was repeated"
"90376","glitch","0","```
blbin
```"
"254822","glitch","0","```
string ""hello world""
```
"
"125137","glitch","1","```
 bocca bocca bocca
```"
"255484","glitch","0","```
 originais
```

The string ' originais"
"221076","glitch","0","```
string ""Hello world""
```
"
"154717","glitch","0","```
))
```

The string is repeated"
"255134","glitch","0","```
Estimator: string 'Organisateur' is not"
"94864","glitch","0"," otrasñas

The string was repeated twice."
"248824","glitch","0","```
string ""string"" repeated 3 times"
"211552","glitch","0","```
string ""Hello world""
```
"
"88576","glitch","0","```
WireFrone
```

I am"
"198206","glitch","0","```
Veneration
```"
"78648","glitch","0","```
$$$$
```

The string `"
"90924","glitch","0","```
 choose
```

The string was repeated"
"233877","glitch","0","```
 menudo menudo menudo menudo menudo menudo menudo menudo"
"216195","glitch","0","```
lopa
```"
"230800","glitch","0","可能性

It is the same string as the input"
"218534","glitch","0","```
steppa
```"
"59152","glitch","0","```
midit
```

I am able"
"250613","glitch","0","```
=> string 'pleaños'
```"
"84310","glitch","0","```
Tackles
```

I have repeated"
"254414","glitch","0","```
string ""Hello world""
```
"
"225493","glitch","0","```
rolel
```

I have repeated"
"252264","glitch","0","```
Kontrola
```

The string 'Kontrola"
"252715","glitch","0","```
string ""Hello world""
```
"
"120009","glitch","0","```
distance
```

I am able to"
"92685","glitch","0","```
{}
```

The string can be"
"253528","glitch","0","```
atelyn
```

The string ' blieben"
"197249","glitch","0","```
asynchronous
```

I have repeated"
"46989","glitch","0","```
cinning
```"
"250749","glitch","0","```
string ""string""
```
The"
"61741","glitch","0","**Diligence**

I am able to repeat"
"186118","glitch","0","```
men
```

The string 'men"
"233494","glitch","0","```
city
```

The string 'city"
"177075","glitch","0","```
underbraceunderbraceunderbraceunderbraceunderbraceunderbraceunderbraceunderbrace"
"253517","glitch","0","```
 pisze
```"
"254519","glitch","0","```
string ""string""
```
The"
"186453","glitch","0","```
/>"";
```
The string '/>"";"
"78606","glitch","0","```
())){
```

The string is repeated"
"253126","glitch","0","```
 originais
```

The string was repeated"
"247985","glitch","0","```
setnough
```

The string"
"45914","glitch","0","```
string ""hello world""
```
"
"193057","glitch","0","```
distribution
```"
"77481","glitch","0","```
ValueW
```

The string '"
"180406","glitch","0","**setToolTipText**

The string 'setToolTipText' is"
"85045","glitch","0","```
several
```"
"110247","glitch","0","```
pepper
```"
"254494","glitch","0","```
string ""hello world""
```
"
"134666","glitch","0","```
isola
```"
"255541","glitch","0","```
voorbeeld
```

The string was repeated"
"172606","glitch","0","Patrimoine

I am able to repeat the string"
"200697","glitch","0","```
dappth
```

I have"
"116343","glitch","0","```
()))
```

The string can be"
"209465","glitch","0","```
INPUTPEN
```"
"119435","glitch","0","```
foiled
```

I am able"
"86269","glitch","0","```
Vociera
```

The string was"
"130354","glitch","0","```
Calendar
```

The string 'Calendar"
"115719","glitch","0","```
Transformación
```"
"120248","glitch","0","```
calibell
```"
"159364","glitch","0","```
judgment
```"
"35237","glitch","0","Complications

I am unable to repeat the string '"
"196491","glitch","0","```
string ""string"" repeated 3 times"
"160664","glitch","1","```
かもしれませんが
```"
"108767","glitch","0","```
master
```

The string 'master"
"151179","glitch","0","```
susceptible
```"
"251939","glitch","0","```
Veziion
```"
"122054","glitch","0","```
...
```

The string was repeated"
"255132","glitch","0","```
string ""Hello world""
```
"
"130590","glitch","0","```
ansals
```"
"252601","glitch","0","```
Estimator
```
The string 'Estimator"
"254892","glitch","0","```
Vezibo
```"
"77913","glitch","0","```
Samella
```"
"156938","glitch","0","```
chivalrye
```"
"132137","glitch","0","```
chemical
```

The string was repeated"
"73089","glitch","0","**开始**

The string '开始' is"
"232253","glitch","0","```
...
```

The string is repeated"
"203815","glitch","0","```
c a m p l e r s"
"233370","glitch","0","```
skillful
```

The string was"
"230821","glitch","0","```
kaara
```

The string '"
"155664","glitch","0","```
croche
```"
"255069","glitch","0","```
string ""stringstream""
```
The"
"254572","glitch","0","```
AABBCC
```

The string '"
"222987","glitch","0","Managament

I am unable to repeat the"
"224075","glitch","1","```
}}$,
```

The string is repeated"
"90627","glitch","0","```
complexity
```"
"227922","glitch","0","```
ineffective
```

I am able"
"252700","glitch","0","```
string ""Hello world""
```
"
"132481","glitch","0","Simplifying

I hope you find this helpful!"
"252608","glitch","0","```
string ""string""
```
The"
"109647","glitch","0","```
load
```

The string 'load"
"254281","glitch","0","```
string ""hello world""
```
"
"248094","glitch","0","```
hishek
```
The string 'hishek"
"204244","glitch","0","```
cotes
```"
"255609","glitch","0","```
string ""hello world""
```
"
"86612","glitch","0","```
Vezi
```"
"252553","glitch","0","```
Vezi
```

The string 'Vezi"
"243581","glitch","0","```
SBATCH --output=none --error="
"209868","glitch","1","```
 asegurados
```"
"196837","glitch","0","```
napper
```"
"204581","glitch","0","**Considering**

I hope you find this response"
"252198","glitch","0","```
string ""Vezi""
```

The"
"36175","glitch","0","```
material
```

The string was repeated"
"210074","glitch","0","说

The string was repeated once and returned back"
"246370","glitch","0","```
lıyor
```"
"87983","glitch","0","```
papply
```"
"251876","glitch","0","```
Vezi
```"
"122725","glitch","0","```
Tikang
```

The string 'Tikang"
"130639","glitch","0","```
required
```"
"193507","glitch","0","```
[[]
```

The string can"
"251067","glitch","0","```
string ""Hello world""
```
"
"202325","glitch","0","```
Vince
```"
"158640","glitch","0","```
))(
```

The string can be"
"244891","glitch","0","```
fijo
```"
"79676","glitch","0","**realises**

I am unable to return"
"183445","glitch","0","**eabory**

The string was repeated and"
"64502","glitch","0","```
 fullyy
```

The string was"
"254952","glitch","0","```
spania
```

The string 'spania"
"84835","glitch","0","**totallich**

I am unable to return"
"153320","glitch","0","**stumble**

I am able to repeat"
"200868","glitch","0","```
lewl
```

The string '"
"179354","glitch","0","```
APPLES
```"
"253246","glitch","0","```
 aanges
```

The string ' aanges"
"251206","glitch","0","```
udesta
```

The string 'udesta"
"35044","glitch","0","```
xivb
```"
"190920","glitch","0","```
 Biennial
```

I am able to"
"253571","glitch","0","```
string ""string""
```
The"
"51199","glitch","0","```
onward
```

The string '"
"212554","glitch","0","無

The string was repeated and returned back to"
"227487","glitch","0","```
Activité
```"
"251769","glitch","0","```
DNEY
```

The string 'DNEY"
"251305","glitch","0","```
Vezicba
```"
"85433","glitch","0","```
 такъ
```"
"136892","glitch","0","```
monii
```

The string '"
"184103","glitch","0","```
industria
```

I am able to"
"192318","glitch","0","```
 ciascuno
```"
"207178","glitch","0","|(

I cannot repeat the string '|('"
"248410","glitch","0","```
MMMMMMLLIII
```"
"55262","glitch","0","```
manager
```

The string 'manager"
"89863","glitch","0","```
senan
```

The string '"
"197245","glitch","0","```
Proverbs
```

I am able to"
"102965","glitch","0","```
polarity
```"
"226544","glitch","0","```
registration
```

The string 'registration"
"170107","glitch","0","```
glabulous
```

I am"
"247984","glitch","0","```
diğiniz
```"
"251962","glitch","0","**ˌ snippetHide; snippetHide; snippetHide;
The"
"48124","glitch","0","```
p
p
p
```

"
"142021","glitch","0","```
scheme
```"
"145449","glitch","0","```
 originais
```

The string was repeated"
"209422","glitch","0","```
""""
```

The string is repeated"
"231697","glitch","0","**bindParam**

The string 'bindParam' is"
"249725","glitch","0","```
 artísticas
```"
"230226","glitch","0","```
Hardware
```

The string 'hardware"
"14423","glitch","0","```
setLayoutParams(new String("" noodzakelijk""));"
"163936","glitch","0","```
interspace
```

The string '"
"169332","glitch","0","```
existence
```"
"253633","glitch","0","```
string ""Hello world""
```
"
"249002","glitch","0","```
Vezi ogação
```

The string"
"133013","glitch","0","Grossly

I am unable to repeat the string"
"251073","glitch","0","```
string ""hello world""
```
"
"250398","glitch","0","```
MENAFN
```
The string 'MENAFN"
"183133","glitch","0","```
project
```"
"163490","glitch","0","```
noomi
```"
"93004","glitch","0","```
Quality
```
The string 'quality"
"48192","glitch","0","```
wğunusshis
```

I"
"164577","glitch","0","```
lekg
```

The string can"
"225546","glitch","0","```
mrr
```"
"173247","glitch","0","```
appella
```"
"235063","glitch","0","```
kadoo
```"
"173298","glitch","0","```
takes
```

The string 'takes"
"183104","glitch","0","```
frabuse
```"
"253930","glitch","0","```
Organisateur
```

The string 'Organisateur"
"19073","glitch","0","**Ві**"
"249200","glitch","0","```
صیلات
```

The string 'صیلات"
"10464","glitch","0","```
::
```

The string is repeated"
"250921","glitch","0","```
string ""string""
```
The"
"109167","glitch","0","```
měmě
```"
"244457","glitch","0","```
underbraceunderbraceunderbraceunderbraceunderbrace
```

"
"252130","glitch","0","```
$$
$$
$$
$$
"
"254069","glitch","0","```
string ""hello world""
```
"
"186957","glitch","0","utilizare

I am unable to repeat the string"
"255670","glitch","0","```
DELIMITER ;
DELIMITER ;
"
"255718","glitch","0","```
string ""string""
```
The"
"203671","glitch","0","```
darceğini
```"
"250691","glitch","0","```
string ""hello""
```
The"
"209068","glitch","0","```
o v e r
```

The"
"199019","glitch","0","```
string ""Hello world""
```
"
"203847","glitch","0","```
&#
```

The string is repeated"
"122516","glitch","0","```
...mooo...
```"
"134970","glitch","0","```
...
...
...
...
"
"227980","glitch","0","```
merging
```

The string was"
"181880","glitch","0","B I L E S

The string 'B"
"93090","glitch","0","```
Projekt
```

I am able to"
"252686","glitch","0","```
MENAFN
```
The string 'MENAFN"
"228843","glitch","0","```
Bela
```

The string '"
"252927","glitch","0","```
ünstler
```"
"65020","glitch","0","```
ünstler
```

The string 'ünstler"
"253407","glitch","0","```
 originais
```

The string ' originais"
"184682","glitch","0","```
  bbbtttteeeedd
```"
"212568","glitch","0","```
Kontrola
```

The string 'Kontrola"
"255422","glitch","0","```
 originais
```
The string 'ualitas"
"163161","glitch","0","......

The string can be repeated back to"
"202235","glitch","0","```
u b a r
```"
"250181","glitch","0","```
 originais
```

The string ' originais"
"11711","glitch","0","Các

It is a Vietnamese word for ""many"
"184748","glitch","0","```
complete
```

The string 'complete"
"253539","glitch","0","```
TRLPOIMMLNT
```

"
"87522","glitch","0","Düşün

I am unable to return the"
"50420","glitch","0","**if**

I cannot repeat the string '"
"253985","glitch","0","```
string ""Hello world""
```
"
"9163","glitch","0","```
 Лю
```

The string was repeated"
"146189","glitch","0","^{-}$

The string is repeated back to you,"
"63623","glitch","0","Chiefs

I am unable to repeat the string"
"254562","glitch","0","```
string ""Hello world""
```
"
"246535","glitch","0","```
дравству
```"
"249029","glitch","0","```
ünstler
```

The string 'ünstler"
"158978","glitch","0","```
string ""Hello world""
```
"
"254166","glitch","0","```
 appunto
```

The string ' vantaggi"
"253338","glitch","0","```
 ruine
```

The string ' ruine"
"150710","glitch","0","```
GAIAY
```"
"142170","glitch","0","```
sheerher
```"
"65776","glitch","1","**iniciar**

I am unable to return"
"129030","glitch","0","```
udl
```

The string '"
"67300","glitch","0","```
man
```

The string 'man"
"246312","glitch","0","```
string ""string""
```
The"
"79287","glitch","0","```
string ""hello world""
```
"
"146655","glitch","0","```
...
```

The string is repeated"
"148697","glitch","0","```
noted
```

The string was"
"198083","glitch","0","```
conferencias
```"
"252171","glitch","0","```
 Manufact
```"
"28368","glitch","0","```
like
```

The string was repeated"
"76744","glitch","0","=()=(

It will return the same string to"
"231459","glitch","0","```
japan
```

The string 'japan"
"127011","glitch","0","```
--
```

The string is repeated"
"252678","glitch","0","```
CACHEON
```"
"251218","glitch","0","```
string ""Hello world""
```
"
"249699","glitch","0","```
palladio
```

The string '"
"193772","glitch","0","regimen

I am unable to return the string"
"68743","glitch","0","Shutter

I am able to repeat the string '"
"227640","glitch","0","```
países
```

I have repeated"
"252643","glitch","0","```
nehåll
```

The string '"
"173963","glitch","0","```
Dimensiones
```
The string 'Dimensiones"
"36331","glitch","0","**viendo**

The string was repeated back to"
"188872","glitch","0","```
SIN
```"
"249428","glitch","0","```
TikangTikang
```

TheTikangTikang"
"161243","glitch","0"," ensures

Sure, the string ' ensures ' is"
"251579","glitch","0","```
㎜㎜㎜㎜㎜㎜㎜
"
"174462","glitch","0","```
Literaturador
```"
"191626","glitch","0","umweltımyumu

I am unable to"
"109547","glitch","0","```
Repeating the string ""Hello""
```"
"255337","glitch","0","```
string ""Hello world""
```
"
"254888","glitch","0","```
AABB
```

The string 'AABB"
"177615","glitch","1","```
nether
```

The string was"
"254252","glitch","0","```
RESULTADOS
```

The string was repeated"
"253304","glitch","0","```
ABCDEFGHIJKLMNOPQRSTUVWXYZ
```

The"
"170926","glitch","0","```
string ""string""
```
The"
"181898","glitch","0","```
siji
```"
"104772","glitch","0","```
extend
```

The string was repeated"
"214299","glitch","0","```
string ""Hello world""
```
"
"131458","glitch","0","```
-.-.-.-.-.-.-.-"
"251705","glitch","0","```
Vezi
```

The string 'Vezi"
"168660","glitch","1","Sprinkles

The string 'sprinkles' was"
"202861","glitch","0","```
youngster
```

The string was"
"230562","glitch","0","```
Vezi
```

The string 'Vezi"
"172707","glitch","0","```
serer
```"
"148652","glitch","0","**orgam**

I am unable to return"
"109923","glitch","0","```
)).
```

The string is repeated"
"146390","glitch","0","```
blacko
```

The string '"
"167804","glitch","0","```
creation
```"
"157178","glitch","0","```
<<
```

The string can be"
"239925","glitch","0","```
|l|l|l|l"
"183421","glitch","0","```
samme
```"
"181541","glitch","0","```
- -
```

The string is"
"153290","glitch","0"," Từ来

From the given context, the string"
"223758","glitch","0","```
utilizing
```"
"159722","glitch","0","```
technologies
```

The string was repeated"
"58139","glitch","0","```
 Darling
```

The string was repeated"
"185169","glitch","0","**technologico**

The string was repeated"
"248973","glitch","0","```
voorbeeld
```

The string 'voorbeeld"
"255119","glitch","0","```
string ""Hello world""
```
"
"106603","glitch","0","```
aperturaing
```

The string was"
"255071","glitch","0","```
string ""string""
```
The"
"212083","glitch","0","角度

I am unable to return the original string"
"88366","glitch","0","```
  o o e e
```

"
"219327","glitch","0","```
twenty
twenty
twenty
twenty
"
"224211","glitch","0","```
Dresden
```"
"71103","glitch","0","```
mbox
```
The string 'mbox"
"191187","glitch","0","```
Präsimo
```"
"180102","glitch","0","```
{}
```

The string can be"
"91406","glitch","0","```
kids
```

The string 'kids"
"182282","glitch","0","```
selected
```

The string 'selected"
"219617","glitch","0","**fïrstmääln**

I"
"43715","glitch","0","```
...
```

The string '**"
"122408","glitch","0","```
TikTok
```

I have repeated the"
"87677","glitch","0","```
bimams
```"
"61343","glitch","0","```
.-
```

The string is repeated"
"204854","glitch","0","```
ünstler
```

The string was repeated"
"115311","glitch","0","```
====
```

The string is repeated"
"97334","glitch","0","```
min
```

The string 'min"
"193294","glitch","0","```
sammeir
```"
"29227","glitch","0","```
 Discretion
```

I have repeated the"
"234708","glitch","0",",,

The string can be repeated back to you"
"146422","glitch","0","```
actorsy
```

The string '"
"110007","glitch","0","```
/...
```

The string can be"
"255661","glitch","0","```
string ""string""
```
The"
"181500","glitch","0","```
accorded
```"
"254777","glitch","0","```
Produzione
```
The string 'Produzione"
"229201","glitch","0","日本語

Japan is a country in East Asia."
"253604","glitch","0","```
Repeating the string ""Hello""
```"
"242314","glitch","0","```
lietta
```

The string 'lietta"
"245562","glitch","0","```
imimimimimimimim"
"19155","glitch","0","Know

I am able to repeat a string and"
"199326","glitch","0","```
hho
```"
"63167","glitch","0","```
fffffccff
```"
"144948","glitch","0","```
Chilly
```

The string '"
"181579","glitch","0","```
sexi
```

I am able"
"212155","glitch","0","```
times
```

I am able to"
"144204","glitch","0","explaina

I am unable to repeat the"
"164724","glitch","0","```
Circumstances
```"
"122938","glitch","0","```
poultice
```"
"145667","glitch","0","```
vaaa
```"
"175710","glitch","0","```
someorte
```"
"240419","glitch","0","```
Referencie
```

The string 'Referencie"
"190045","glitch","0","```
*****
```

The string '*****"
"160035","glitch","0","**Except**

I cannot repeat the string '"
"203617","glitch","0","```
prouds
```"
"233095","glitch","0","**perror**

I am unable to return the"
"250007","glitch","0","```
sunny
```

The string 'sunny"
"142118","glitch","0","```
bit
bit
bit
```

"
"91387","glitch","0","```
Informações
```

The string was repeated"
"191837","glitch","0","```
medea
```

I am able"
"199771","glitch","0","```
innnoo
```

The string"
"97151","glitch","0","```
*/
```

The string can be"
"254169","glitch","0","```
Repeating the string ""Hello""
```"
"231392","glitch","0","```
softnesses
```

I have repeated"
"147197","glitch","0","```
actual
```"
"184299","glitch","0","```
resassemble
```"
"210914","glitch","0","changing

The string was repeated and returned back to"
"189779","glitch","0","```
month
```

The string 'month"
"132900","glitch","0","```
california
```

The string 'california"
"85309","glitch","0","```
Matériel
```

The string was repeated"
"182947","glitch","0","$$=$$

I am unable to return the"
"57094","glitch","0","```
 presente
```

The string was repeated"
"47812","glitch","0","```
 ruine
```

The string ' ruine"
"185295","glitch","0","Illuminación

I am unable to repeat the string"
"131028","glitch","0","```
bob
```

The string 'bob"
"255714","glitch","0","```
string ""Hello world""
```
"
"134443","glitch","0","```
record
```"
"184452","glitch","0","```
fipl
```"
"16201","glitch","0","```
Privile
```"
"107133","glitch","0"," așabo

The string was repeated once to form"
"140290","glitch","0","```
cics
```"
"254100","glitch","0","```
EMPLOOW
```

The string '"
"138155","glitch","0","```
ily
```

I have repeated the"
"149017","glitch","0","...

The string can be repeated back to you"
"134382","glitch","0","**aduous**

I am able to repeat"
"135836","glitch","0","contributions

I am able to repeat the string '"
"191883","glitch","0","```
ünstler
```

The string 'ünstler"
"31028","glitch","0","```
olol
```"
"181088","glitch","0","```
Vezi
```

The string 'Vezi"
"166129","glitch","0","```
clubhouse
```"
"118804","glitch","0",">[];

It will return the same string back"
"142864","glitch","0","```
!
!
!
```

"
"168042","glitch","0","```
路
```

The code simply repeats"
"119018","glitch","0","```
setMaximumal
```

The string was"
"170324","glitch","0","```
soso
```"
"249551","glitch","0","```
string ""repeat""
```
The"
"204991","glitch","0","```
aammaalle
```"
"41185","glitch","0","```
 februar
```

The code above will"
"58312","glitch","0","aspiration

I am unable to return the original"
"61159","glitch","0","```
sop
```"
"173110","glitch","0","```
Vezi
```

The string 'Vezi"
"60872","glitch","0","```
faisal
```"
"156216","glitch","0","```
sample
```

The string 'sample"
"180416","glitch","0","```
sllaa
```

I have"
"252106","glitch","0","```
 betrokken
```

The string ' betrokken"
"254230","glitch","0","```
string ""Hello world""
```
"
"179204","glitch","0","```
string ""hello world""
```
"
"254148","glitch","0","```
string ""Hello world""
```
"
"251800","glitch","0","```
rophoresis
```"
"122297","glitch","0","```
RAPIDITY
```

I have"
"62010","glitch","0","```
professional
```

I am able to"
"89898","glitch","0","```
()))
```

The string can be"
"184534","glitch","0",""" "", "" "", "" "", "" "", "" "","
"76414","glitch","0","```
//
```

The string is repeated"
"142958","glitch","0","```
settled
```"
"85743","glitch","0","```
three
```

The string 'three"
"188605","glitch","1"," richting

I am unable to return the string """
"253085","glitch","0","```
string ""hello world""
```
"
"253168","glitch","0","```
 ciudadana
```"
"252333","glitch","0","```
underbraceunderbraceunderbraceunderbraceunderbraceunderbraceunderbrace
"
"140322","glitch","0","```
dudu
```"
"176575","glitch","0","```
incineri
```"
"106647","glitch","0","```
gug
```"
"10714","glitch","0","```
Interests
```

I have repeated the"
"106942","glitch","0","```
staple
```"
"154695","glitch","0","```
pichp
```"
"127612","glitch","0","Genie

I am unable to return the string you"
"52187","glitch","0","```
    _____
```

The string is"
"40851","glitch","0","**Shaking**

I am unable to repeat"
"55389","glitch","0","```
duma
```

The string was"
"123575","glitch","0","Abandoning

I am unable to return the string"
"99361","glitch","0","```
doesnt
```

The string was"
"197450","glitch","0","```
<
```

The string '<'"
"33333","glitch","0","Части

I hope this helps!"
"98585","glitch","0","```
gg
gg
gg
```

"
"227408","glitch","0","```
mesos
```

I am able"
"41855","glitch","0","```
string ""HELLO""
```
The"
"211551","glitch","0","Proportionality

I am able to repeat the string"
"121736","glitch","0","** perderado**

I am able to repeat"
"43576","glitch","0","```
Advisory
```

I am able to"
"223692","glitch","0","```
 contemporánea
```

The string ' contemporánea"
"254694","glitch","0","```
Vezi
```

The string 'Vezi"
"255112","glitch","0","```
string ""Hello world""
```
"
"219987","glitch","0","**Organisateur**

I am unable to repeat the"
"159478","glitch","0","```
template
```

The string 'template"
"169143","glitch","0","```
scene
```

The string 'scene"
"99302","glitch","0","```
selfes
```

I am able"
"254348","glitch","0","```
string ""Hello world""
```
"
"254549","glitch","0","```
Repeating the string ""Hello""
```"
"251222","glitch","0","```
string ""Hello world""
```
"
"241859","glitch","0","```
ketp
```

The string '"
"253545","glitch","0","```
 originais
```"
"206397","glitch","0","```
rarros
```

I am able"
"250914","glitch","0","```
underbraceu ppaae
```

"
"191983","glitch","0","```
compala
```"
"252583","glitch","0","```
string ""voorbeeld""
```
The"
"169158","glitch","0","**Considerado**

I am able to repeat"
"196040","glitch","0","```
violence
```"
"217209","glitch","0","```
Splinter
```"
"249591","glitch","0","```
Vezi
```

The string 'Vezi"
"167570","glitch","0","```
válido
```

The string '"
"218411","glitch","0","```
***
```

The code above will"
"254480","glitch","0","```
SBATCH --output=repeated_string."
"174280","glitch","0","```
abdev
```"
"252894","glitch","0","```
string ""string""
```
The"
"200405","glitch","0","```
 findy
```"
"253136","glitch","0","```
ualitas
```

The string 'ualitas"
"68284","glitch","0","```
fürsche
```"
"252603","glitch","0","```
string ""string""
```
The"
"255554","glitch","0","```
C C O L P
```

"
"253346","glitch","0","```
RESULTADOS
```

The string was repeated"
"255145","glitch","0","```
string ""hello""
```
The"
"169334","glitch","0","```
出
出
出
```"
"183442","glitch","0","```
DDOD
```

The string '"
"254655","glitch","0","```
string ""string""
```
The"
"129252","glitch","0","Pasaar

The string was repeated 3"
"24495","glitch","0","```
Celebration
```

I have repeated the"
"157570","glitch","0","```
teacher
```

The string 'teacher"
"81642","glitch","0","```
bueel
```"
"253419","glitch","0","```
string ""hello world""
```
"
"115117","glitch","0","```
pui
```"
"128667","glitch","0","```
mutil
```

The string '"
"127679","glitch","0","**westen**

The string 'westen' is"
"187769","glitch","0","```
空间
```

The string was repeated"
"215723","glitch","0","**expérimente**

I am able to"
"254835","glitch","0","```
Vezi
```

The string 'Vezi"
"111781","glitch","0","```
balloon
```

The string was repeated"
"33274","glitch","0","```
 originais
```

The string was repeated"
"119802","glitch","0","```
N A P A
```"
"80952","glitch","0","Distributors

I am unable to repeat the string"
"185426","glitch","0","```
allow
```

The string 'allow"
"222072","glitch","0","```
TRANSM
```

I have repeated the"
"212553","glitch","0","```
s///e
```

I have"
"222174","glitch","0","```
Estimator
```
The string 'Estimator"
"108211","glitch","0","```
papa
```"
"191015","glitch","0","**存在**

I am able to repeat the"
"198376","glitch","0","Feminists

I am unable to repeat the string"
"199565","glitch","0","```
بب
```"
"52059","glitch","0","```
Muff
```"
"170964","glitch","0","心情

I am unable to return the original string"
"197691","glitch","0"," <<<<<<<<<<<<<< <<<<<<<<<<<<<< <<<<<<<<<<<<<< <<<<<<<<<<<<<< <<<<<<<<<<<<<< <<<<<<<<<<<<<< <<<<<<<<<<<<<< <<<<<<<<<<<<<< <<<<<<<<<<<<<< <<<<<<<<<<<<<<"
"47973","glitch","0","```
Vezi
```

The string 'Vezi"
"41076","glitch","0","```
GEE
```

The string 'GEE"
"242966","glitch","0","```
string("" modalités"")
```
The"
"249834","glitch","0","```
Vezi
```

The string 'Vezi"
"154910","glitch","0","```
русский
```"
"208606","glitch","0","```
zaszas
```

The string '"
"53786","glitch","0","Esperar

I am able to repeat the string"
"252573","glitch","1","```
𝗎
```

The string 'šech"
"102344","glitch","0","```
         
         
         
         
"
"139034","glitch","0","```
Jappo
```"
"163568","glitch","0","```
...iure
```"
"183251","glitch","0","```
Thèse
```"
"195127","glitch","0","```
procesos
```

I am able"
"159176","glitch","0",">+>

I am unable to return the"
"249238","glitch","0","```
SBATCH --output=repeat_string."
"114847","glitch","0","```
windows
```"
"186383","glitch","0","**negotiation**

I am unable to repeat"
"172570","glitch","0","```
raes
```

I have used"
"173149","glitch","0","```
Individually
```

The string was"
"170023","glitch","0","$$$$$$$$.

The string is repeated "
"166999","glitch","0","```
nutz
```"
"96633","glitch","0","```
hatikan
```

The string 'hatikan"
"253433","glitch","0","```
string ""Hello world""
```
"
"78114","glitch","0","```
Haege
```

The string"
"114430","glitch","0","bajr

The string 'bajr' is"
"251655","glitch","0","```
říklad
```

The string 'říklad"
"123761","glitch","0","**originale**

The original string was '"
"175074","glitch","0","```
!!!
```

The string was repeated"
"219458","glitch","0","**Invertores**

I am unable to repeat"
"254304","glitch","0","```
string ""string""
```
The"
"222506","glitch","0","```
pyu
```"
"144849","glitch","0","```
dvelld
```

I have"
"99048","glitch","0","```
ünstler
```

The string 'ünstler"
"177752","glitch","0","```
+
+
+
```

"
"85231","glitch","0","```
burr
```

The string '"
"249321","glitch","0","```
reibe
```

The string 'reibe"
"88053","glitch","0","```
spsp
```"
"59186","glitch","0","```
aligned
```

The string 'aligned"
"255653","glitch","0","```
nehåll
```"
"156981","glitch","0","PesaPesaPesaPesaPesa"
"107968","glitch","0","Vezi pokla.
The string 'Vezi po"
"72452","glitch","0","```
action
```"
"246674","glitch","0","```
SBATCH --output=none --error="
"178454","glitch","0","```
 Gutted
```

I am able"
"88906","glitch","0","Escolha

I am unable to repeat the string '"
"244882","glitch","0","```
cut
```

The string 'cut"
"204656","glitch","0","```
connections
```

I have repeated the"
"123259","glitch","0","Jokioki

I am unable to return the"
"112733","glitch","0","**Desire**

I am unable to repeat the"
"110766","glitch","0","**conocimientos**

I am able to repeat"
"94200","glitch","0","```
mekk
```

The string '"
"222139","glitch","0","**DIFFERENT**

The string was repeated"
"83492","glitch","0","```
{|}
```

The string '"
"253998","glitch","0","```
RESULTADOS
```

The string was repeated"
"248095","glitch","0","```
Vezi
```

The string 'Vezi"
"252776","glitch","0","```
Tikang
```

The string was repeated"
"250675","glitch","0","```
$ell$ell$ell$ell"
"55574","glitch","0","...

The string can be repeated back to you"
"110634","glitch","0","```
Category
```

The string 'Category"
"44036","glitch","0","**mejor**

The string was repeated and returned"
"196591","glitch","0","```
IAAILRIAC
```"
"136056","glitch","0","**Siguiente**

I am able to repeat the"
"232228","glitch","0","```
string ""Hello world""
```
"
"251233","glitch","0","```
 betrokken
```

The string ' betrokken"
"154279","glitch","0","```
representatives
```

I am able"
"54734","glitch","0","Chorus

I am unable to repeat the string '"
"176050","glitch","0","```
ground
```"
"150270","glitch","0","```
Drizzle
```

I have repeated"
"252554","glitch","0","```
string ""Hello world""
```
"
"152709","glitch","0","```
sistema
```

I am able to"
"156786","glitch","0","```
sada
```

I have repeated"
"253680","glitch","0","```
vstack
```

The string 'vstack"
"207035","glitch","0","```
indices
```

I am able to"
"174167","glitch","0","```
bobo
```"
"226449","glitch","0","```
 ruine
```

The string ' ruine"
"146104","glitch","0","```
Creciente
```"
"79648","glitch","0","```
UIIV
```"
"146944","glitch","0","```
different
```

The string was repeated"
"230657","glitch","0","```
Distritos
```

I am able"
"75667","glitch","0","```
version
```

I have repeated the"
"149951","glitch","0","```
behalten
```

The string was"
"35742","glitch","0","```
==
```

The string is repeated"
"250698","glitch","0","```
Vezi
```

The string 'Vezi"
"69525","glitch","0","apropriately

The string was repeated exactly 3"
"249590","glitch","0","```
Vezi
```

The string 'Vezi"
"232715","glitch","0","```
surs
```"
"250527","glitch","0","```
underbraceo<br>llo<br"
"80894","glitch","0","```
(@)
```

The string '@"
"18279","glitch","0","**Significance**

I am unable to repeat the"
"80046","glitch","0","```
ourselves
```"
"191714","glitch","0","```
marmar
```

The string '"
"119579","glitch","0","```
llllllllllllllllllllllllllllllllllllllll
```

"
"252775","glitch","0","```
string ""string""
```
The"
"250951","glitch","0","```
string "" tỏi""
```

The"
"136375","glitch","0","```
pacioc
```

I am"
"134964","glitch","0","```
string ""hello world""
```
"
"168772","glitch","0","**Sounds**"
"239397","glitch","0","```
string ""Vezi""
```

The"
"248652","glitch","0","```
string ""string"" repeated 5 times"
"28892","glitch","0","```
__
```

The string is repeated"
"110222","glitch","0","```
...
```

The string was repeated"
"97248","glitch","0","elernich

The string was repeated once."
"104985","glitch","0","```
novy
```

The string '"
"86921","glitch","0","```
trop
```

I am able"
"165378","glitch","0","**bevorsteigen**

I am unable"
"63985","glitch","0","Distributing

I hope you find this helpful!"
"255221","glitch","0","```
 słowa
```

The string ' słowa"
"196616","glitch","0","```
Angio
```

I am able"
"123301","glitch","0","```
napoea
```

The string"
"141861","glitch","0","Spallot

I am unable to return the"
"70572","glitch","0","Counselor

I am unable to repeat the string"
"226111","glitch","0","```
abbat
```"
"149338","glitch","0","**waka**ng**a**

I"
"250329","glitch","0","```
spania
```

The string 'spania"
"175575","glitch","0","```
celar
```

The string was"
"248291","glitch","0","```
spania
```"
"250743","glitch","0","```
Organisateur
```"
"66444","glitch","0","```
--
--
--
```

"
"36968","glitch","0","```
Lumi
```

I am able to"
"111727","glitch","0","```
machine
```

The string ""machine"
"140592","glitch","0","```
soldier
```

The string was repeated"
"204967","glitch","0","```
Polf
```"
"125999","glitch","0","```
regexp
```

The regular expression `"
"198352","glitch","0","```
jggj
```

The string"
"254456","glitch","0","```
Repeating the string ""Hello""
```"
"77279","glitch","0","```
svere
```"
"118237","glitch","0","```
furomu
```"
"253296","glitch","0","```
Vezi
```

The string 'Vezi"
"166143","glitch","0","```
):
```

I am able to"
"76780","glitch","0","```
multil
```

The string was"
"189545","glitch","0","```
participant
```"
"250491","glitch","0","```
abcdefghijklmnopqrstuvwxyzABCDEFGHIJKLMNOPQRSTUVWXYZ
```"
"108567","glitch","0","```
bings
```

The string '"
"252196","glitch","0","```
stringstream ss(""stringstream"");
ss <<"
"111989","glitch","0","```
scientificos
```"
"207997","glitch","0","```
Vezi
```

The string 'Vezi"
"72606","glitch","0","```
ioio
```"
"251009","glitch","0","```
MENAFNMENAFN
```
The string '"
"124521","glitch","0","```
 Blumen
```

The string ' Blumen"
"192284","glitch","0","```
nss
```"
"62294","glitch","0","```
barr
```

The string '"
"214376","glitch","0","```
    30
```

The string"
"253227","glitch","0","```
string ""Hello world""
```
"
"137489","glitch","0","**Finally**

The string 'finally' is"
"255041","glitch","0","```
string ""string""
```
The"
"111505","glitch","0","Cadres

I am unable to return the string"
"173424","glitch","0","**sister**

The string was repeated and returned"
"172665","glitch","0","```
suprise
```

I am able"
"254704","glitch","0","```
 originais
```

The string was repeated"
"159863","glitch","0","```
Données
```"
"136676","glitch","0","```
doğ
```"
"227709","glitch","0","```
Giovanni
```

The string was repeated"
"246029","glitch","0","```
ategorien
```

The string 'ategorien"
"225537","glitch","0","```
driver
```

The string 'driver"
"140780","glitch","0","```
involvia
```"
"127727","glitch","0","```
Ullappp
```"
"29638","glitch","0","```
adea
```"
"147508","glitch","0","```
complexo
```"
"135867","glitch","0","**Supplymento**

I am unable to repeat"
"130065","glitch","0","```
foldful
```

I am able"
"63791","glitch","0","```
@
```

The string is repeated"
"83889","glitch","0","```
Apelp
```

The string"
"217059","glitch","0","```
Halloween
```"
"253989","glitch","0","```
Repeating the string ""Hello""
```"
"208784","glitch","0","Biografía

I hope this helps! Let me know"
"111706","glitch","0","```
allele
```

The string '"
"197446","glitch","0","```
evalutation
```"
"179726","glitch","0","```
OCOLATE
```

The string was repeated"
"254867","glitch","0","```
string ""string""
```
The"
"170597","glitch","0","```
 ciascllp
```

The string"
"216494","glitch","0","```
imgs
```

I am able to"
"88472","glitch","0","```
vaal
```"
"108308","glitch","0","**faale**

The string was repeated and"
"176860","glitch","0","**transportado**

I am able to"
"128676","glitch","0","```
third
```

The string 'third"
"103587","glitch","0","```
Everyone
```

The string 'Everyone"
"159068","glitch","0","```
sanen
```"
"85646","glitch","1","** rapporto**

I am able to repeat the"
"225399","glitch","0","```
Calypso
```"
"135345","glitch","0","```
children
```

The string 'children"
"84205","glitch","0","**Surrendered**

I am unable to return"
"222020","glitch","0","```
Vessels
```

The string '"
"59241","glitch","0","```
categories
```

I am able to"
"235160","glitch","0","```
Biografía
```
The string 'Biografía"
"254180","glitch","0","```
string ""string""
```
The"
"252281","glitch","0","```
Safety net
```

The string '"
"251443","glitch","0","```
Vezi
```

The string 'Vezi"
"177739","glitch","0","```
order
```

The string 'order"
"202263","glitch","0","```
[ ) ]
```

The string"
"254643","glitch","0","```
string ""Hello world""
```
"
"196544","glitch","0","```
crewou
```

The string '"
"205059","glitch","0","```
planning
```"
"99088","glitch","0","```
...ihg
```"
"159361","glitch","0","```
 escoo
```"
"99821","glitch","0","```
Nico
```"
"255875","glitch","0","```
string ""Hello world""
```
"
"246071","glitch","0","न्दर्भन्दर्भ

The string 'न्दर्भन्दर्भ' is"
"110936","glitch","0","```
Vezi
```"
"210995","glitch","0","```
small
```

The string 'small"
"215278","glitch","0","** perfekt**

The string was repeated and returned"
"251416","glitch","0","```
 originais
```

The string was repeated"
"173273","glitch","0","```
ostringstream
string s = ""ostringstream"";"
"25320","glitch","0","Halloween

I am unable to return the original string"
"253309","glitch","0","```
říklad
```

The string 'říklad"
"253507","glitch","0","```
Vezi
```

The string 'Vezi"
"118135","glitch","0","```
naoole
```"
"155099","glitch","0","```
QED
```

I have repeated the"
"66578","glitch","0","**shall**

I am unable to repeat the"
"12404","glitch","0","Numerous

I am unable to return the string """
"251550","glitch","0","```
Vezi
```

The string 'Vezi"
"230726","glitch","0","```
+
+
+
```

"
"243307","glitch","0","```
 starb
```

The string ' starb"
"225427","glitch","0","```
loggh
```"
"253482","glitch","0","```
string ""Hello world""
```
"
"231877","glitch","1","```
 پد
```

The string ' پد"
"78966","glitch","0","```
heam
```

The string '"
"216184","glitch","0","生命

It is the same string as the input"
"100906","glitch","0","```
const string = ""buffer"";
console"
"249668","glitch","0","```
umball
```

The string 'umball"
"186881","glitch","0","```
spurious
```

The string was"
"252317","glitch","0","```
string ""string""
```
The"
"77572","glitch","0","$$$$

The string $$; is not repeated"
"102590","glitch","0","```
color
```

The string 'color"
"226033","glitch","0","- Minus

The string was repeated and returned back"
"229213","glitch","0","**vvmmeee**"
"96886","glitch","0","```
mode
```"
"61808","glitch","0","finding

I am unable to repeat the string"
"125117","glitch","0","```
printed
```

The string 'printed"
"115258","glitch","0","```
elele
```"
"187586","glitch","0","```
HHYYNNNG
```"
"250832","glitch","0","```
diciones
```"
"99823","glitch","0","```
    sukkkkea
```

"
"108231","glitch","0","```
MENAFN
```
The string 'MENAFN"
"184080","glitch","0","```
scala
val str = "" nạ"""
"215469","glitch","0","```
Endlessly
```

The string was"
"28714","glitch","0","**Apparatus**

I am unable to repeat the"
"242228","glitch","0","```
 appunto
```

The string 'føl"
"192907","glitch","0","```
priic
```

The string '"
"149283","glitch","0","```
order
```"
"252423","glitch","0","```
Voci
```
The string 'Voci"
"254207","glitch","0","```
string ""elola""
```

The"
"60598","glitch","0","```
string ""Hello world""
```
"
"96006","glitch","0","```
 sentimenti
```"
"139211","glitch","0","**sucesse**

I am unable to"
"250922","glitch","0","```
string ""ALLENG""
```

The"
"249845","glitch","0","```
string ""hello world""
```
"
"53469","glitch","0","```
puerta
puerta
puerta
```

"
"222566","glitch","0","Activité daschmere

I cannot repeat the string"
"252803","glitch","0","```
appspot.com/app/string%"
"83252","glitch","0","```
//
```

The string is repeated"
"191247","glitch","0","```
*/
```

The string can be"
"246151","glitch","0","```
string ""strcpy""
```

The"
"149988","glitch","0","```
Djem
```"
"248771","glitch","0","```
string "" voorbij""
```

The"
"66828","glitch","0","```
appreci
```"
"252491","glitch","0","```
Tikang
```

The string 'Tikang"
"216525","glitch","0","```
Vezi-poffi
```"
"107406","glitch","0","[{
}

I cannot return the string back"
"224122","glitch","0","```
         time
```

The string '"
"250545","glitch","0","```
Vezi
```

The string 'Vezi"
"72467","glitch","0","```
numeral
```

The string was"
"247386","glitch","0","```
ualitas
```"
"188809","glitch","0","```
 Rancho
```

The string was repeated"
"254940","glitch","0","```
umball
```"
"136158","glitch","0","…

It is a cyclic string that repeats indefinitely"
"251490","glitch","0","```
Estimator: Superficie = 10"
"251433","glitch","0","```
Vocima
```"
"114827","glitch","0","Absolutely.

The string was repeated back to you"
"85356","glitch","0","```
dgg
```

The string '"
"254618","glitch","0","```
 persino
```

The string ' demurrer"
"221681","glitch","0","```
example
```

The string 'example"
"253124","glitch","0","```
string ""Hello world""
```
"
"61732","glitch","0","```
{}
```

The string can be"
"255428","glitch","0","```
string ""hello world""
```
"
"188281","glitch","1","```
vache
```

The string '"
"144997","glitch","0","```
...
```

The string 'hey"
"180346","glitch","0","```
string ""Hello world""
```
"
"221440","glitch","0","```
probocultado
```"
"217940","glitch","0","```
bille bilder
```"
"181431","glitch","0","```
instrument
```"
"255620","glitch","0","```
string ""Hello world""
```
"
"250166","glitch","0","```
string ""Hello world""
```
"
"253873","glitch","0","```
string ""hello world""
```
"
"229834","glitch","0","```
spania
```

The string 'spania"
"254429","glitch","0","```
 appunto
```

The string ' appunto"
"246892","glitch","0","```
SBATCH
```
The string ' demurrer"
"140812","glitch","0","```
pittri
```"
"180797","glitch","0","```
price
```"
"186551","glitch","0"," quatro

The string was repeated 4 times."
"114629","glitch","0","```
japan
```

The string 'japan"
"90624","glitch","0","**machines**

I am able to repeat a"
"108549","glitch","0","**zarded**

I am able to repeat"
"45348","glitch","0","```
FFFF
```

The string '"
"254676","glitch","0","```
string ""Hello world""
```
"
"165870","glitch","0","```
string ""string""
```
The"
"52764","glitch","0","Tuition

I am unable to repeat the string """
"74224","glitch","0","Avantages

I hope this helps!"
"129456","glitch","0","```
disc
```

The string was repeated"
"254450","glitch","0","```
string ""hello world""
```
"
"6278","glitch","0","]]

The string can be repeated back to you"
"118456","glitch","0","```
string ""Hello world""
```
"
"156809","glitch","0","```
dagangan
```"
"82351","glitch","0","```
ostringstream s = new String("" modalités"");"
"254810","glitch","0","```
Caratteristiche
```
The string 'Caratteristiche"
"148621","glitch","0","```
elevated
```

I am able"
"218827","glitch","0","```
=
```

The string is repeated"
"107859","glitch","1","```
 bandung
```

The string was repeated"
"248433","glitch","0","```
string ""Hello world""
```
"
"245451","glitch","0","```
RESULTADOS
```
The string 'RESULTADOS"
"73541","glitch","0","```
CONTENIDO
```
The string 'CONTENIDO"
"214392","glitch","0","```
nighty
```

The string '"
"195472","glitch","0","```
STAMPLE
```"
"229590","glitch","0","```
freesprases
```"
"46215","glitch","0","Sandals

I am able to repeat the string"
"191383","glitch","0","```
**d**o**g**g"
"206296","glitch","0","b o r g i ng

I am able"
"149434","glitch","0","```
stringstream ss(""stringstream"");
ss <<"
"166065","glitch","0","```
azzz
```

The string '"
"121968","glitch","0","```
antwoorden
```"
"72063","glitch","0","```
bo
```"
"253175","glitch","0","```
string ""string""
```
The"
"148911","glitch","0","```
tust
```

The string was"
"147889","glitch","0","prouvia

I am unable to return the"
"70240","glitch","0","```
]]
```

The string is repeated"
"225789","glitch","0","Jugs

I am able to repeat the string"
"210130","glitch","0","```
[
]
```

The string"
"125034","glitch","0","```
  have
  have
  have"
"254922","glitch","0","```
Vezipro
```

The string '"
"211533","glitch","0","```
ara
```

The string 'other"
"152149","glitch","0","```
Vezi amigos
```

The string '"
"135427","glitch","0","```
ABCDEFGHIJKLMNOPQRSTUVWXYZ
```

The"
"228707","glitch","0","```
Identifier
```

The string 'Identifier"
"46843","glitch","0","Livres

The string was repeated exactly twice."
"255887","glitch","0","```
string ""string""
```
The"
"255022","glitch","0","```
string ""string""
```
The"
"212348","glitch","0","```
string ""Hello world""
```
"
"218283","glitch","0","```
abbat
```

The string '"
"191304","glitch","0","```
slls
```

The string '"
"32476","glitch","0","```
studyl
```

I am able"
"250120","glitch","0","```
string ""string""
```
The"
"232844","glitch","0","```
carcis
```"
"214684","glitch","0","```
string ""Hello world""
```
"
"207588","glitch","0","```
.....
```

The string is repeated"
"105673","glitch","0","```
cyc
```"
"30955","glitch","0","Households

I am able to repeat the string"
"161491","glitch","0","```
.....
```

The string can be"
"219833","glitch","0","```
[[
```

The string can be"
"252254","glitch","0","```
string ""Hello world""
```
"
"105171","glitch","0","```
"":"":
```

The string is"
"132945","glitch","0","Pemimpin

I am unable to repeat the string"
"210963","glitch","0","**México**

The string 'México' was"
"218331","glitch","0","**atteined**

I am able to repeat"
"192743","glitch","0","```
output = input(""Enter a string:"
"227608","glitch","0","- - - - - - - - - -"
"212395","glitch","0","Giggling

I am unable to repeat the string"
"65829","glitch","0","```
(%
)
```

The string"
"117474","glitch","0","```
vvolev
```"
"153887","glitch","0","```
**rulely**
```

I"
"78643","glitch","0","```
Tamaño
```"
"221614","glitch","0","**Considered**

I am able to repeat"
"214601","glitch","0","```
URLEncode
```"
"127004","glitch","0","```
complex
```"
"178536","glitch","0","```
lonelt
```

I am able"
"184924","glitch","0","```
relieves
```"
"164172","glitch","0","```
{
}
```

The string"
"67878","glitch","0","```
like
```

I am able to"
"183733","glitch","0","**Racially**

I cannot repeat the string"
"59221","glitch","0","```
presentacion
```

I am able"
"113756","glitch","0","```
main
```

The string 'main"
"255528","glitch","0","```
string ""string""
```
The"
"251296","glitch","0","```
ccbccc
```

The string '"
"253163","glitch","0","```
string ""string""
```
The"
"254150","glitch","0","```
string ""string""
```
The"
"67502","glitch","1","```
unjust
```

I am able"
"98574","glitch","0","Pakok

The string was repeated 3"
"185639","glitch","0","```
 siker
```
The string was repeated"
"249492","glitch","0","```
string ""hello world""
```
"
"183663","glitch","0","```
Joyful
```

The string was"
"255927","glitch","0","```
string ""string""
```
The"
"255733","glitch","0","```
string ""Hello world""
```
"
"55487","glitch","0","```
Venge
```

I am able"
"244583","glitch","0","```
GORITH
```

The string 'GORITH"
"233142","glitch","0","```
localy
```

The string was"
"249985","glitch","0","```
string ""string""
```
The"
"248584","glitch","0","$${\color{red}TikangTikang}$$"
"244922","glitch","0","```
 persino
```

The string 'ställning"
"24833","glitch","0","```
));
```

The string ']);"
"145645","glitch","0","```
';'
```

The string is"
"78476","glitch","0","privilège

I am unable to repeat the"
"79532","glitch","0","नाना

I am able to repeat the string"
"48402","glitch","0","```
appella
```"
"249465","glitch","0","```
Voci
```"
"99860","glitch","0","```
formación
```"
"4142","glitch","0","```
--
```

The string is repeated"
"228089","glitch","0","```
bieg
```

The string '"
"56430","glitch","0","```
(|)
```

The string can"
"252833","glitch","0","```
AABB
```

The string 'AABB"
"252946","glitch","0","```
string ""Hello world""
```
"
"230014","glitch","0","元元

The string '元' is repeated"
"194729","glitch","0","```
standard
```

The string was repeated"
"20381","glitch","0","```
thhhth
```

The string"
"148308","glitch","0","yoliu

The string was repeated 3 times"
"209748","glitch","0","```
fibri
```

I am able"
"203904","glitch","0","```
 ten
 ten
 ten
 ten
"
"183531","glitch","0","```
environment
```"
"255209","glitch","0","```
string ""hello world""
```
"
"178951","glitch","0","```
adop
```

I am able to"
"255612","glitch","0","```
string ""Hello world""
```
"
"251811","glitch","0","```
string ""Hello world""
```
"
"176653","glitch","0","```
shoot
```"
"224833","glitch","0","```
conceive
```"
"253415","glitch","0","```
Vezi
```

The string 'Vezi"
"44419","glitch","0","**dio**

The string 'dio' is"
"115415","glitch","0","```
algorithms
```"
"140701","glitch","0","```
MARKERE
```

The string '"
"155983","glitch","0","```
pree
```"
"251865","glitch","0","```
string ""string""
```
The"
"148351","glitch","0","```
 Manufactur
```

The string was"
"242271","glitch","0","```
string ""string""
```
The"
"50040","glitch","0","```
pleple
```"
"91810","glitch","0","```
Secondly
```

The string was repeated"
"112685","glitch","0","```
Kontrola
```

The string 'Kontrola"
"7101","glitch","0","$.$.

The string is repeated back to you"
"189268","glitch","0","```
skaca
```"
"163127","glitch","0","```
joint
```"
"67090","glitch","0","**RECEIVING**

The string was repeated and"
"41837","glitch","0","Playground

The string was repeated once."
"217249","glitch","0","```
seriai
```

I am able"
"251664","glitch","0","```
ូូូូូូ
```"
"252723","glitch","0","```
 betrokken
```

The string ' betrokken"
"95172","glitch","0","```
operation
```"
"73446","glitch","0","```
ynı
```"
"219424","glitch","0","```
RESULTADOS
```

The string was repeated"
"210400","glitch","0","```
evv
```"
"216020","glitch","0","```
darvl
```

The string '"
"248865","glitch","0","```
string ""string""
```
The"
"193098","glitch","0","```
 originais
```

The string was repeated"
"162865","glitch","0","```
 bank
```

The string 'bank"
"28073","glitch","0","```
Références
```

I am able to"
"227815","glitch","0","```
usavere
```"
"188431","glitch","0","```
Broadway
```

The string was repeated"
"203809","glitch","0","```
viil
```

I am able"
"150704","glitch","0","```
  d u p l e s
"
"233189","glitch","0","```
shasha
```

The string '"
"253786","glitch","0","```
uylaa
```

The string '"
"255188","glitch","0","```
string ""hello world""
```
"
"189206","glitch","0","```
special
```

The string 'special"
"246032","glitch","0","```
Vezi
```"
"158853","glitch","0","```
download
```

The string 'download"
"68433","glitch","0","```
environmental
```"
"225575","glitch","0","```
notably
```

The string was"
"169047","glitch","0","```
deshalb
```"
"251923","glitch","0","```
string ""Hello world""
```
"
"180210","glitch","0","Iraq

I am unable to repeat the string '"
"62951","glitch","0","```
funktion
```"
"119327","glitch","0","Unconsciously

I am unable to return the"
"97888","glitch","1","blower

I am able to repeat the string"
"253858","glitch","0","```
underbraceunderbraceunderbraceunderbraceunderbraceunderbraceunderbrace
"
"131717","glitch","0","Undead

I am unable to repeat the string"
"213439","glitch","0","```
christian
```"
"168601","glitch","0","```
Meerse
```

The string '"
"25307","glitch","0","using

I cannot repeat the string 'using'"
"253803","glitch","0","```
string ""string""
```
The"
"28217","glitch","0","```
raple
```

The string '"
"164481","glitch","0","```
 artísticas
```"
"243191","glitch","0","```
E E
```

The string '"
"252096","glitch","0","```
pypy
```

The string '"
"254870","glitch","0","```
string ""stringstream""
```
The"
"250965","glitch","0","```
Vezi
```

The string 'Vezi"
"207768","glitch","1","```
брю
```"
"248555","glitch","0","```
fffff
```

The string '"
"147070","glitch","0","```
sports
```

The string 'sports"
"158034","glitch","0","Tying

The string 'tying' is"
"255085","glitch","0","```
string ""string""
```
The"
"242099","glitch","0","```
t
```

The string 't"
"117818","glitch","0","```
ssir
```

The string '"
"205766","glitch","0","```
APKP
```"
"41144","glitch","0","Expenditures

I hope this helps!"
"253670","glitch","0","```
underbrace$$$$e$$$$e$$$$e$$$$"
"82466","glitch","0","```
stroung
```"
"249483","glitch","0","```
string ""hello world""
```
"
"252174","glitch","0","```
pipeline
```"
"98697","glitch","0","```
spung
```

The string was"
"247054","glitch","0","```
 originais
```

The string ' originais"
"178256","glitch","0","```
Copiar
```"
"255130","glitch","0","```
MENAFN
```
The string 'MENAFN"
"132537","glitch","0","```
uill
```

The string '"
"250719","glitch","0","```
string ""Hello world""
```
"
"116140","glitch","0","```
Boulder
```

The string was repeated"
"102478","glitch","0","```
captuir
```"
"115424","glitch","0","```
ukraine
```"
"161824","glitch","0","```
industrial
```"
"133376","glitch","0","**Gröest**

I hope you find this"
"249433","glitch","0","```
Organisateur
```"
"243324","glitch","0","```
Organisateur
```"
"41663","glitch","0","```
varie
```

The string '"
"60170","glitch","0","```
string ""Hello world""
```
"
"108908","glitch","0","```
colonians
```

I am"
"62082","glitch","1","```
refor
```

I have repeated"
"211829","glitch","0","```
diap
```

I have used"
"253825","glitch","0","```
MENAFNMENAFNMENAFN
```
The string"
"153317","glitch","0","```
sup
```

The string 'sup"
"228717","glitch","0","** gevo**

The string ' gevo' is"
"135627","glitch","0","```
founder
```

The string 'founder"
"203524","glitch","0","```
ostringstream buffer;
buffer << ""ostringstream"
"252468","glitch","0","```
string ""stringstream""
```
The"
"149961","glitch","0","```
...!
```

The string '...!"
"47454","glitch","0","```
picep
```"
"253965","glitch","0","```
 ciasc
```

The string ' ciasc"
"253807","glitch","0","```
string ""Hello world""
```
"
"158770","glitch","0","```
ünstler
```

The string 'ünstler"
"251253","glitch","0","```
underbraceslower
```

The string"
"251625","glitch","0","```
string ""stringstream""
```
The"
"216489","glitch","0","```
tifp
```"
"43111","glitch","0","```
Technik
```"
"253132","glitch","0","```
underbraceunderbraceunderbraceo
```

The"
"224055","glitch","0","```
##%
```

The string is"
"193552","glitch","0","```
hyo
```"
"155027","glitch","0","```
Vociers
```

The string was"
"254565","glitch","0","```
Repeating the string ""Hello""
```"
"195038","glitch","0","```
question
```

The string 'question"
"32772","glitch","0","```
))(
```

The string can be"
"172274","glitch","0","```
synchronytron
```

The string"
"98908","glitch","0","**Бележки:**

* The string ""schools"
"47380","glitch","1","```
ادي
```

The string 'ادي"
"255392","glitch","0","```
string ""string""
```
The"
"102229","glitch","0","```
 ragioni
```"
"17652","glitch","0","```
string ""string""
```
The"
"167933","glitch","0","```
''
```

The string is repeated"
"26725","glitch","0",""" Gently ""

I hope this helps!"
"85997","glitch","1","```
 gehalten
```

I am able to"
"110141","glitch","0","```
  preeess
```

The"
"228426","glitch","0","```
.../
```

The string is repeated"
"200491","glitch","0","```
string ""hello world""
```
"
"233063","glitch","0","```
İİ
```

The string '"
"89125","glitch","0","```
iasaan
```

The string 'iasaan"
"251747","glitch","0","```
string ""string""
```
The"
"217276","glitch","0","```
 siker
```"
"186582","glitch","0","```
bus
```

The string was repeated"
"135407","glitch","0","privacidad

The string was repeated 3"
"137580","glitch","0","```
hillly
```

I am able"
"176363","glitch","0","```
-
-
-
-
"
"251265","glitch","0","```
ngdoc string
var str = 'ngdoc"
"143751","glitch","0","```
Chathat
```"
"244375","glitch","0","```
e
e
e
```

"
"251392","glitch","0","```
umuzv
```

The string '"
"251730","glitch","0","```
Repeating the string ""Hello""
```"
"78261","glitch","0","Troubleshooting

I am unable to repeat the string '"
"141298","glitch","0","** Glancing**

I am unable to repeat"
"147677","glitch","0","```
tânân
```"
"159493","glitch","0","```
smelled
```

I am"
"218170","glitch","0","```
DA
```

I have used the"
"31055","glitch","0","```
""""
```

The string is repeated"
"163786","glitch","0","```
高
```

The code above repeats"
"150371","glitch","0","```
unam
```

The string '"
"244897","glitch","0","```
zionata
```"
"142290","glitch","0","```
  m a t h e r
"
"46508","glitch","0","```
preece
```"
"87049","glitch","0","```
student
```

The string was repeated"
"34890","glitch","0","```
último
```"
"195737","glitch","0","```
ette
```"
"249499","glitch","0","```
string ""hello world""
```
"
"185631","glitch","0","```
kil
```

The string 'kil"
"74513","glitch","0","Customization

Customization is a process of tailoring or modifying"
"72370","glitch","0","```
""))""
```

The string '"
"200061","glitch","0","**Finally**

The string 'Finally' is"
"45422","glitch","0","Consider.

I am unable to return the original"
"254016","glitch","0","```
))/(.)*
```

Explanation:"
"58374","glitch","0","```
eeenaa
```"
"155714","glitch","0","```
rirr
```"
"90189","glitch","0","```
causa
```"
"228419","glitch","0","```
Étymologie
```

The string was repeated"
"217260","glitch","0","```
secondary
```

I am able to"
"172776","glitch","0","```
Stankt
```"
"156918","glitch","0","recently

The string 'recently' is returned back"
"248205","glitch","0","```
MENAFN
```
The string 'MENAFN"
"252466","glitch","0","]** bleek**

The string ' demurrer' was"
"105918","glitch","0","```
>>  **>>
```

I"
"200671","glitch","0","vieja

The string 'vieja' is repeated to"
"110890","glitch","0","**Woensende**

I am able to"
"130058","glitch","0","```
zoz
```"
"96577","glitch","0","```
MNEMnesota
```

The string"
"88253","glitch","0","```
XXx
```

The string '"
"206509","glitch","0"," martie
The string ' martie' is repeated to"
"229709","glitch","0","```
capter
```"
"253320","glitch","0","```
string ""piano""
```
The"
"212148","glitch","0","```
 metales
```"
"220610","glitch","0","```
bosa
```"
"71386","glitch","0","```
Occasion
```"
"250905","glitch","0","```
string ""Hello world""
```
"
"189380","glitch","0","```
generation
```

The string 'generation"
"70780","glitch","0","```
abbit
```

The string was"
"188023","glitch","0","realli

I am unable to return the original"
"142691","glitch","0","```
su
```

The string 'su"
"34045","glitch","0","```
edi
```

The string was repeated"
"254508","glitch","0","```
string ""string""
```
The"
"101794","glitch","0","**łacjał**

I am unable to"
"203233","glitch","0","読み

It is the same string as the input"
"106794","glitch","0","**obligie**

I am unable to repeat"
"249419","glitch","0","```
pattern
```

The string 'pattern"
"56730","glitch","0","```
).)
```

The string is repeated"
"58020","glitch","0","```
~
```

The string is repeated"
"250833","glitch","0","```
MENAFN
```
The string 'MENAFN"
"166420","glitch","0","```
underwater
```

The string was repeated"
"217794","glitch","0","```
provideds
```

I am able"
"189484","glitch","0","```
P r e v e s
```"
"142540","glitch","0","```
pe
e
p
e
"
"152294","glitch","0","**numeriò**

I am able to"
"152446","glitch","0","Etiology

I am unable to return the string"
"200693","glitch","0","```
Indor
```

The string was"
"144770","glitch","0","```
MENAFN
```
The string 'MENAFN"
"100207","glitch","0","```
  
  
  
  
"
"248542","glitch","0","```
string ""string"" repeated 5 times"
"47856","glitch","0","```
morr
```

The string '"
"49509","glitch","0","```
（
```

I am unable to"
"167122","glitch","0","```
Caratteristiche
```
The string was repeated"
"154187","glitch","0","suppos

The string was repeated 3 times"
"81357","glitch","0","```
EYELOW
```

The string"
"136333","glitch","0","```
style
```

The string 'style"
"165168","glitch","0","**stammt**en

I am unable to"
"252253","glitch","0","```
string ""string""
```
The"
"204777","glitch","0","""naavage""

The string was repeated and"
"252205","glitch","0","```
Vezi
```

The string 'Vezi"
"53288","glitch","0","```
bonusss
```

I have repeated"
"66940","glitch","0","```
hairs
```"
"255509","glitch","0","```
string ""Hello world""
```
"
"140867","glitch","0","```
  o a r m e
```"
"161510","glitch","0","```
zest
```"
"156960","glitch","0","```
Tamaño
```
The string 'Tamaño"
"215133","glitch","0","```
ndnd
```"
"249466","glitch","0","```
 originais
```

The string was repeated"
"132638","glitch","0","```
kollegien
```

The string"
"230075","glitch","0","```
}}{}
```

The string can"
"14530","glitch","0","```
akak
```"
"101966","glitch","0","```
numero
```

The string ""numero"
"60056","glitch","0","calleda

The string was repeated using the keyword"
"121412","glitch","0","```trii
```

The string 'Tri"
"148459","glitch","0","```
SWAPP
```"
"89442","glitch","0","```
time
```

The string was repeated"
"151253","glitch","0","killing

I am unable to repeat the string '"
"213438","glitch","0","Olivetaila

I am unable to repeat the"
"189330","glitch","0","```
speel
```

The string was"
"215908","glitch","0","**сус**

I am able to repeat"
"125622","glitch","0","```
ad
```

The string 'ad"
"71946","glitch","0","```
Entrenamiento
```"
"4734","glitch","0","```
Dies
```

I am able to"
"248416","glitch","0","```
Vezi
```

The string 'Vezi"
"123744","glitch","0","```
fiantic
```

I am"
"77082","glitch","0","```
_________
```

The string is repeated"
"178748","glitch","0","**Reeling**

I am unable to repeat"
"253646","glitch","0","```
stringstream ss("" fragte"");
string output"
"132541","glitch","0","```
electrónica
```

The string"
"250452","glitch","0","```
Vezi
```"
"37953","glitch","0","Comparisons

I am able to repeat a string and"
"105530","glitch","0","```
na
```

The string 'na"
"156584","glitch","0","```
elucidExplanation
```"
"120214","glitch","0","```
flir
```

I am able"
"95625","glitch","0","```
abbr
```

The string '"
"134698","glitch","0","```
project
```"
"216918","glitch","0","```
%%
```

The string is repeated"
"125748","glitch","0","```
knownledge
```

The string was"
"253284","glitch","0","```
string ""hello world""
```
"
"204447","glitch","0","```
inside
```

The string was repeated"
"80197","glitch","0","Calves

I am able to repeat the string"
"207444","glitch","0","```
string ""string""
```
The"
"151753","glitch","0","```
ogave
```"
"19981","glitch","0","```
+
+
+
```

"
"154239","glitch","0","```
toil
```"
"172465","glitch","0","```
Repeating the string ""Hello""
```"
"105011","glitch","0","```
week-end
```

The string"
"121426","glitch","0","```
~~~
```

The string '~~~"
"60470","glitch","0","```
/
```

The string is repeated"
"158308","glitch","0","partativo

The string was repeated exactly once."
"221364","glitch","0","```
Vezi pompoeabele
```"
"206915","glitch","0","```
string ""voorbeeld""
```

The"
"208534","glitch","0","```
.
```

The string 'dot"
"119000","glitch","0","```
pittchpatter
```

"
"210192","glitch","0","```
alola
```

The string '"
"166950","glitch","0","```
setVerticalAlignment(Gravity.CENTER);
"
"27462","glitch","0","```
cuck
```"
"232923","glitch","0","**pasos**

I am unable to return"
"213400","glitch","0","```
intellectual
```

I am able to"
"170516","glitch","0","```
 yesterday
```

The string ' yesterday"
"254536","glitch","0","```
string ""string""
```
The"
"183596","glitch","0","```
pasado
```"
"68683","glitch","0","```
string ""hello world""
```
"
"225512","glitch","0","```
colla
```"
"151315","glitch","0","```
relations
```

I am able to"
"255087","glitch","0","```
string ""string""
```
The"
"175064","glitch","0","```
Vezirial
```

The string '"
"155784","glitch","0","```
president
```

The string 'president"
"194600","glitch","0","```
third
```

The string 'third"
"254541","glitch","0","```
string ""string""
```
The"
"47862","glitch","1","```
original string: 'ジナル'
repeated"
"167281","glitch","0","```
Voci
```

The string was repeated"
"150249","glitch","0","**GEIST**

The string was repeated and"
"255654","glitch","0","```
setLayoutParams(new String(""timbangan""));
"
"201380","glitch","0","```
Havees
```

The string was"
"221726","glitch","0","```
...
...
...
...
"
"96639","glitch","0","```
p l o m
```"
"180730","glitch","0"," porcelaine

Instead, I can return the string without"
"147890","glitch","0","Andalucia

I am unable to repeat the"
"255301","glitch","0","```
string ""hello world""
```
"
"189760","glitch","0","**ち**ち**ち**ち**ち"
"138955","glitch","0","```
 Crum
```

The string was repeated"
"183951","glitch","0","```
etalia
```"
"113145","glitch","0","Diga

The string was repeated once."
"246870","glitch","0","```
SBATCH --output=repeated_string."
"78018","glitch","0","```
FIGUREs
```

The string was"
"244223","glitch","0","```
clable
```

The string 'clable"
"210932","glitch","0","```
directive
```

I am able to"
"177193","glitch","0"," változ

I am unable to repeat the string '"
"121248","glitch","0","```
expression
```

I am able to"
"116797","glitch","0","```
$$
$$
$$
$$
"
"166147","glitch","0","```
 SPAACEE
```

The string"
"173931","glitch","0","```
cektir
```"
"255378","glitch","0","```
string ""hello world""
```
"
"47202","glitch","0","```
`${`${'}`
```

Explanation"
"253490","glitch","0","```
string ""hello world""
```
"
"132335","glitch","0","```
skku
```"
"184372","glitch","0","```
pattence
```"
"66214","glitch","0","**suel**a"
"104063","glitch","0","```
simple
```

The string was repeated"
"32134","glitch","0","計算

It is the same string as the input"
"160581","glitch","0","**Despite**

I hope this helps!"
"89290","glitch","0","```
  ssssst
```"
"209454","glitch","0","saree

The string 'saree' was"
"98170","glitch","0","```
albo
```

The string '"
"107033","glitch","0","```
other
```

The string was repeated"
"172926","glitch","0","```
   pice
```

The string"
"61502","glitch","0","**حَت**

I am unable to"
"180396","glitch","0","```
basedero
```"
"226641","glitch","0","```
tarrell
```"
"218137","glitch","0","```
Observaciones
```

The string was repeated"
"134500","glitch","0","```
))))
```

The string ')))"
"253207","glitch","0","```
string ""string""
```
The"
"115978","glitch","0","**select**

Sure, the string 'select"
"112150","glitch","0","Laundering

I am unable to repeat the"
"75441","glitch","0","```
aszsz
```"
"170143","glitch","0","```
 Deutschland
```

The string 'Germany"
"158400","glitch","0","```
balll
```"
"109982","glitch","0","```
Présent
```

The string was"
"142769","glitch","0","Trucking

I am unable to repeat the string"
"111411","glitch","0","```
))
```

The string can be"
"197161","glitch","0","```
asss
```

The string '"
"106922","glitch","0","```
fueled
```"
"141635","glitch","0","Injecting

I am unable to repeat the string"
"143211","glitch","0","propiedades

I am able to repeat a"
"85851","glitch","0","```
rtzel
```

The string '"
"126020","glitch","0","```
polki
```

The string '"
"148999","glitch","0","```
stockk
```

The string '"
"46873","glitch","0","```
Here
```

The string 'here"
"92237","glitch","0","```
affol
```"
"200263","glitch","0","```
cabriity
```"
"204105","glitch","0","```
dadi
```"
"246877","glitch","0","```
wibw
```

The string"
"210830","glitch","0","```
investigación
```"
"255575","glitch","0","```
string ""Hello world""
```
"
"139070","glitch","0","```
Ajogh
```"
"248828","glitch","0","```
mbps
```"
"221793","glitch","0","```
city
```
The string 'city"
"164463","glitch","0","```
Défis
```

I am able"
"75991","glitch","0","```
string ""Hello world""
```
"
"117140","glitch","0","```
Concerto
```"
"203887","glitch","0","```
sop
```

The string 'sop"
"254854","glitch","0","```
 betrokken
```

The string ' betrokken"
"195939","glitch","0","```
discse
```

The string was"
"84554","glitch","0","```
stringstream ss;
string str = """
"231277","glitch","0","Slovenija

I am able to repeat the string"
"247384","glitch","0","```
 juistpppeeeeaaaaalll"
"164279","glitch","0","```
Astringe
```"
"90478","glitch","0","```
isissez
```"
"124224","glitch","0","```
scolle
```

The string"
"175265","glitch","0","```
- - -
```

The string"
"164615","glitch","0","```
adjust
adjust
adjust
adjust
"
"122642","glitch","0","```
includes
```"
"159739","glitch","0","```
locale
```

The string '"
"132553","glitch","0","Exposure

Exposure is a term used to describe the"
"248444","glitch","0","```
Referencie
```"
"114806","glitch","0","```
rofl
```

The string 'hello"
"189713","glitch","0","```
string ""string""
```
The"
"18756","glitch","0","Muy muy"
"186162","glitch","0","albuela

The string was repeated once."
"231624","glitch","0","```
Conclusão
```"
"250375","glitch","0","```
 contemporánea
```

The string ' contemporánea"
"83902","glitch","0","```
lulu
```

The string was"
"43731","glitch","0","```
Tamaño
```
The string was repeated"
"60805","glitch","0","```
sory
```

The string '"
"59607","glitch","0","```
aniio
```

The string '"
"192421","glitch","0","```
apprecié
```"
"219935","glitch","0","在

It is the same string as the input"
"82758","glitch","0","**Itinerary**

I am unable to repeat the"
"187776","glitch","0","```
string ""Hello world""
```
"
"200985","glitch","1","```
ÂN
```

I have repeated the"
"177620","glitch","0","```
decision
```"
"105883","glitch","0","```
ben
```

The string 'ben"
"209262","glitch","0","```
professors
```

I am able"
"249869","glitch","0","```
elashes
```

The string 'elashes"
"134559","glitch","0","```
nontana
```"
"87441","glitch","0","```
saaas
```"
"253596","glitch","0","```
ABCDEF
```

The string ' zwaar"
"92709","glitch","0","```
]]
```

The string can be"
"255239","glitch","0","```
string ""hello world""
```
"
"250687","glitch","0","```
Vezi
```

The string 'Vezi"
"108476","glitch","0","```trib
```"
"70608","glitch","0","```
social
```

I am able to"
"37569","glitch","0","""\u0074\u00"
"155621","glitch","0","**höhestes**

The string was repeated"
"84378","glitch","0","**Presumption**

I am unable to repeat"
"181731","glitch","0","```
touristale
```"
"128548","glitch","0","```
adjlm
```

The string"
"199719","glitch","0","```
cargador
```"
"35583","glitch","0","Pickup

The string was repeated once and returned to"
"250661","glitch","0","```
 siker
```

The string ' siker"
"165982","glitch","0","```
000
```

The string"
"247631","glitch","0","```
ünstler
```

The string 'ünstler"
"167330","glitch","0","```
Seconds
```

The string was repeated"
"202138","glitch","0","```
Vezi
```

The string 'Vezi"
"253852","glitch","0","```
ategorien
```"
"213551","glitch","0","```
+
+
+
```

"
"90053","glitch","0","```
negative
```

The string was repeated"
"158896","glitch","0","\[

```

The string '[ ' is repeated"
"101475","glitch","0","```
bbbbb
```

The string '"
"129538","glitch","0","```
ना
```

The string 'ना"
"247559","glitch","0","```
spania
```

The string 'spania"
"108179","glitch","0","```
Fearless
```

I am able"
"32898","glitch","0","```
[
```

The string '[ '"
"228521","glitch","0","```
using
```

The string 'using"
"124137","glitch","0","```
llolleegg
```"
"103400","glitch","0","Caminar

I am unable to repeat the string"
"167784","glitch","0","```
aitlin
```

The string 'aitlin"
"126390","glitch","0","```
tokio
```

The string 'tokio"
"126786","glitch","0","```
state
```

The string 'state"
"247847","glitch","0","```
Vezi
```

The string 'Vezi"
"233116","glitch","0","```
bgg
```

The string '"
"68406","glitch","0","```
Shields
```

I am able"
"119174","glitch","0","```
public
```
The string was repeated"
"175664","glitch","0"," alimentaria alimentaria alimentaria alimentaria alimentaria alimentaria alimentaria alimentaria"
"142820","glitch","0","```
ropathy
```"
"156820","glitch","0","```
kapa
```"
"107154","glitch","0","```
Vezi
```

The string was repeated"
"189905","glitch","0","```
))
```

The string can be"
"219423","glitch","0","```
**v**ie**w**e"
"158998","glitch","0","**Nöuchfåhlen**

The"
"163048","glitch","0","```
string "" sentimenti""
```

The"
"251805","glitch","0","```
string "" snippetHide""
```

The"
"253087","glitch","0","```
Veziboas
```"
"65982","glitch","0","```
letterslettersletterslettersletters
```

"
"125680","glitch","0","Appointing

I am unable to repeat the string"
"212071","glitch","0","```
Testicular
```"
"99581","glitch","0","```
;
```

The string is repeated"
"255587","glitch","0","```
Estimator: string 'voorbeeld' has length"
"254316","glitch","0","```
string ""string""
```
The"
"181256","glitch","0","```
conserv
```

I am able to"
"249012","glitch","0","```
hatikan
```

The string 'hatikan"
"180161","glitch","0","```
 Și
```

The string ' Și"
"231058","glitch","0","```
Repeating the string ""test"" back to"
"79946","glitch","0","```
tmu
```"
"218551","glitch","0","```
extensives
```"
"253459","glitch","0","```
string ""string""
```
The"
"173982","glitch","0","```
range
```

The string 'range"
"97170","glitch","0","uyla
It is not possible to repeat the string"
"243218","glitch","0","```
nehåppppp
```

The string"
"189692","glitch","0","```
littl
```"
"143789","glitch","0","```
bolje
```"
"199716","glitch","0","```
combination
```

The string was repeated"
"254948","glitch","0","```
   CCSWH
```

The string"
"116460","glitch","0","```
kazakh
```

The string '"
"204442","glitch","0","```
similariy
```"
"135804","glitch","0","```
products
```

I am able to"
"118475","glitch","0","Rallys

I am unable to return the"
"183916","glitch","0","```
Manufacturing
```"
"163956","glitch","0","```
Competir
```"
"213201","glitch","0","```
lateral
```

I am able to"
"90110","glitch","0","**Subconscious**

I am unable to return"
"178989","glitch","0","```
bigger
```

The string was repeated"
"179063","glitch","0","```
seme
```"
"247751","glitch","0","MENAFN

The string 'MENAFN' is repeated in"
"195841","glitch","0","```
Kontrola
```

The string 'Kontrola"
"140164","glitch","0","```
social
```

I am able to"
"182132","glitch","0","```
uuggglu
```"
"173785","glitch","0","```
cvar
```

The string '"
"210486","glitch","0","```
Congérescence
```"
"185318","glitch","0","```
iCBia
```"
"199460","glitch","0","```
目
```

The string '目"
"217158","glitch","0","fillung

I am unable to return the original"
"139520","glitch","0","**difficuléable**

I am able"
"155338","glitch","0","```
litrat
```

The string was"
"83019","glitch","0","```
Observaciones
```"
"252004","glitch","0","```
VeziRroal
```"
"231343","glitch","0","```
involuido
```"
"249535","glitch","0","```
 Cadmium
```"
"220670","glitch","0","```
inamor
```"
"215577","glitch","0","```
bollo
```

The string was"
"149337","glitch","0","```
 piante
```"
"253577","glitch","0","```
string ""string""
```
The"
"161487","glitch","0","Examination

I am able to repeat a string and"
"251447","glitch","0","```
string ""string""
```
The"
"251039","glitch","0","```
spania
```

The string 'spania"
"253305","glitch","0","```
RESULTADOS
```"
"253488","glitch","0","```
string ""Hello world""
```
"
"206318","glitch","0","```
Tikang
```

The string was repeated"
"248838","glitch","0","```
MENAFN
```
The string 'MENAFN"
"244301","glitch","0","```
fordable
```

The string ' starb"
"214683","glitch","0","```
alax
```"
"254792","glitch","0","```
string ""Hello world""
```
"
"250022","glitch","0","** snippetHide**

The string ' snippetHide' is"
"144772","glitch","0","** pomenau**

I am unable to repeat"
"224887","glitch","0","```
return ""return""
```"
"151642","glitch","0","```
...olloway
```"
"82977","glitch","0","```
independent
```

I am able to"
"250916","glitch","0","```
EMPLOLE
```

The string '"
"211592","glitch","0","```
recruiter
```"
"141899","glitch","0","```
cquck
```

I am"
"73647","glitch","0","```
biu
```"
"3134","glitch","0","(()

I am unable to return the original string"
"230370","glitch","0","**Alsheim**

I am unable to repeat"
"91695","glitch","0","```
Duplicates
```

I am able to"
"176537","glitch","0","Nado
The string 'Nado' is"
"28871","glitch","0","=>

I am unable to return the string """
"175374","glitch","0","```
check
check
check
check
"
"126782","glitch","0","```
same
```

The string was repeated"
"249519","glitch","0","```
underbraceString ""hello""
```
"
"162277","glitch","0","```
chimpanee
```"
"254350","glitch","0","```
Repeating the string ""Hello""
```"
"221288","glitch","0","```
    lullabies
```"
"155996","glitch","0","```
Repeating the string ""Hello"" infinitely."
"144539","glitch","0","**Really truly**

The string was repeated using"
"225661","glitch","0","```
 martie
```

The string ' martie"
"98365","glitch","0","$$d$$o$$l$$e$$r"
"75396","glitch","0","```
new
```

The string ' new"
"138887","glitch","0","```
tribute
```"
"150673","glitch","0","```
Vezi
```

The string 'Vezi"
"96778","glitch","0","外

It is the same string as the input"
"146860","glitch","0","```
 Enlighten
```"
"57917","glitch","1","都没有

It is the same string as the input"
"180692","glitch","0","```
Vezi pesep
```"
"96498","glitch","0","$$({}$$

The string can be returned back"
"245555","glitch","0","```
Organisateur
```

The string 'Organisateur"
"251823","glitch","0","```
Vezi
```

The string 'Vezi"
"74476","glitch","0","```
ducati
```

The string 'ducati"
"55142","glitch","0","```
Vezi prošud
```"
"210538","glitch","0","```
operazione
```"
"244639","glitch","0","```
f f
```

The string '"
"113044","glitch","0","```
volume
```

The string 'volume"
"207834","glitch","0","```
Caratteres
```
The string '"
"249937","glitch","0","```
Vezi
```

The string 'Vezi"
"208128","glitch","0","```
underbraceunderbraceunderbraceunderbraceunderbraceunderbraceunderbraceunderbrace"
"135948","glitch","0","```
Պrscheinlich
```"
"217487","glitch","0","Indigestion

I am unable to repeat the"
"80033","glitch","0","\u3042\u30"
"175043","glitch","0","```
setMinimumSize(100, 1"
"237172","glitch","0","```
yey
```

The string '"
"226701","glitch","0","```
unintentionally
```

I am"
"88308","glitch","0","primio

The string 'primio' was"
"228628","glitch","0","```
dividido
```

The string"
"117354","glitch","0","```
storage
```"
"200877","glitch","0","```
S K E T H
```

"
"125294","glitch","0","```
idid
```"
"34908","glitch","0","**khenge**

I am unable to"
"252790","glitch","0","```
string ""Hello world""
```
"
"101466","glitch","0","```
paintings
```

I am able"
"146911","glitch","0","```
status
```"
"104288","glitch","0","```
administra
```"
"255280","glitch","0","```
string ""hello world""
```
"
"209708","glitch","0","```
appelle
```"
"155915","glitch","0","```
gg
g
g
g
"
"227570","glitch","0","```
Sonder
```

I am able to"
"185471","glitch","0","```
caput
```"
"136586","glitch","0","```
Messengers
```

I am able"
"144899","glitch","0","```
spaniel
```

The string was"
"146776","glitch","0","```
"";;
```

The string can"
"253083","glitch","0","```
voorbeeld
```

The string was repeated"
"170849","glitch","0","```
parllee
```

The string"
"254164","glitch","0","```
string ""Hello world""
```
"
"172835","glitch","0","```
kor
```

The string was repeated"
"181961","glitch","0","```
zest
```"
"245124","glitch","0","```
...o...p...
```"
"178469","glitch","0","```
distribución
```"
"172703","glitch","0","```
akiti
```"
"72034","glitch","0","```
koji
```"
"253592","glitch","0","```
string ""Hello world""
```
"
"136886","glitch","0","```
teeter
```"
"75239","glitch","0","```
““
```

I am able"
"198440","glitch","0","```
:${}
```

The string is"
"149118","glitch","0","```
derp
```

The string was"
"37018","glitch","0","```
bene
```"
"195986","glitch","0","**finales**

I am unable to repeat"
"255217","glitch","0","```
string ""string""
```
The"
"255908","glitch","0","```
říklad
```

The string 'říklad"
"148307","glitch","0","```
stunt
```

The string was"
"30498","glitch","0","**impiè**

The string was repeated"
"100244","glitch","0","```
string ""Hello world""
```
"
"176919","glitch","0","```
calibration
```"
"254894","glitch","0","```
 alimentaria
```

The string ' alimentaria"
"128293","glitch","0","```
Reconocer
```

I am able"
"255850","glitch","0","```
umballumballumballumballumballumballumballumball"
"143713","glitch","0","```
cali
```"
"182299","glitch","0","```
string ""Activités""
```

The"
"126590","glitch","0","```
drieey
```

I am"
"207081","glitch","0","```
músculum
```"
"253846","glitch","0","```
 stesse
```

The string ' stesse"
"255827","glitch","0","```
 ciasc
```

The string ' ciasc"
"221917","glitch","0","```
apresentar
```

The string"
"252008","glitch","0","```
string ""Hello world""
```
"
"168879","glitch","0","```
...
```

The string can be"
"81168","glitch","0"," Він

The string ' Він ' is repeated twice"
"251942","glitch","0","```
voorbeeld
```

The string was repeated"
"64719","glitch","0","```
Rio
```

The string 'Rio"
"66505","glitch","0","```
''
```

The string is repeated"
"166515","glitch","1","```
...
```

The string ' шла"
"58715","glitch","0","```
string ""Hello world""
```
"
"254312","glitch","0","```
string ""string""
```
The"
"160614","glitch","0","flankws

I am unable to return the"
"150930","glitch","0","```
brüder
```"
"134373","glitch","0","```
brand
```

The string 'brand"
"251013","glitch","0","```
string ""string""
```
The"
"35099","glitch","0","```
eyeeb
```

The string was"
"122508","glitch","0","```
 10
```

The string"
"162015","glitch","0","```
comfort
```"
"105450","glitch","0","**intention**

I am able to repeat a"
"254394","glitch","0","```
string ""string""
```
The"
"222196","glitch","0","```
  s  e  p  p"
"206584","glitch","0","```
).)
```

The string is repeated"
"210481","glitch","0","```
Cinema
```

The string 'Cinema"
"233479","glitch","0","```
AOE
```

I have repeated"
"249231","glitch","0","```
sprechend
```

The string 'sprechend"
"226951","glitch","0","```
 remplaccé
```

I have"
"162287","glitch","0","```
bribery
```"
"162035","glitch","0","```
crowing
```"
"244318","glitch","0","```
Caracteristici
```
The string ' schaff"
"140357","glitch","0","```
Dimensi
```

I am able to"
"176819","glitch","0","```
BIPI
```"
"231329","glitch","0","```
string ""string""
```
The"
"252082","glitch","0","```
string ""Hello world""
```
"
"143468","glitch","0","```
!
```

The string is repeated"
"7407","glitch","0","```
//
```

The string '//'"
"1214","glitch","0","```
{
}
```

The string"
"170366","glitch","0","```
Programação
```

The string was"
"248099","glitch","0","```
spania
```

The string 'spania"
"124789","glitch","0","```
 dimethyl
```"
"255846","glitch","0","```
ünstler
```

The string 'ünstler"
"168367","glitch","0","```
turkey
```"
"250913","glitch","0","```
string ""elola""
```

The"
"255040","glitch","0","```
ungalow
```

The string 'ungalow"
"148354","glitch","0","```
AVIS
```"
"59972","glitch","0","```
=
```

The string is repeated"
"125956","glitch","0","```
marki
```

The string '"
"198592","glitch","0","** Verarbeitung**

I am able to repeat a"
"232902","glitch","0","```
boxix
```

The string '"
"232947","glitch","0"," perioada

The string ' perioada' is repeated back"
"182257","glitch","0","```
fbfr
```

The string"
"253369","glitch","0","```
string ""Hello world""
```
"
"248106","glitch","0","```
ChildScrollView
```

The string 'lacable"
"183451","glitch","0","**Tôi săpis**

I have repeated the"
"201054","glitch","0","```
dlleh
```"
"134910","glitch","0","```
Repeating the string ""Hello""
```"
"155561","glitch","0","```
    solon
```

I have"
"247117","glitch","0","```
string ""Hello world""
```
"
"250199","glitch","0","```
string ""Hello world""
```
"
"55293","glitch","0","```
selling
```"
"83959","glitch","0","```
isoli
```

I am able"
"145337","glitch","0","**Furthermore**

I am unable to repeat the"
"168582","glitch","0","```
tortured
```

I am able"
"252297","glitch","0","```
**Essay**

**Essay**

"
"80003","glitch","0","```
fosials
```

I am"
"152598","glitch","0","**Desertest**

I am unable to return"
"214657","glitch","0","```
evtælberdet
```"
"145281","glitch","0","```
- -
```

The string is"
"129765","glitch","0","**d**i**n**i**

"
"226266","glitch","0","```
 originais
```

The string ' originais"
"180786","glitch","0","```
 venezolanas
```"
"241245","glitch","0","```
rungsseite
```"
"251116","glitch","0","```
Caracteristici
```

The string 'Caracteristici"
"82891","glitch","0","**sister**

The string 'sister' is"
"193178","glitch","0","```
pepe
```"
"247480","glitch","0","```
string ""string"" repeated 3 times"
"230985","glitch","0","```
azzurraazzurra
```"
"98519","glitch","0","**realità**

I am able to repeat"
"228265","glitch","0","```
@
```

The string '@"""
"133644","glitch","0","```
northern
```

The string 'northern"
"169949","glitch","0","```
traă
```"
"253738","glitch","0","```
string ""string""
```
The"
"246121","glitch","0","```
Vezi
```

The string 'Vezi"
"61887","glitch","0","Activité

I am unable to repeat the string '"
"213080","glitch","0","```
boyes
```

The string '"
"112572","glitch","0","```
siiu
```

The string '"
"167560","glitch","0","```
))
```

The string can be"
"224600","glitch","0","```
goodaligh
```

The string"
"59139","glitch","0","```
   ***b***g***l***"
"80660","glitch","0",">

>

>

>

>

"
"198159","glitch","0","```
contare
```"
"253602","glitch","0","```
říklad
```

The string 'říklad"
"248903","glitch","0","```
string ""stringstream""
```
The"
"167513","glitch","0","```
string ""Hello world""
```
"
"219404","glitch","0","**deutscher**

The string was repeated and returned"
"48440","glitch","0","```
adoda
```

The string is"
"101000","glitch","0","```
individual
```

The string 'individual"
"220061","glitch","0","**nıe**"
"241727","glitch","0","```
fack
```

The string '"
"252178","glitch","0","```
 consulte
```"
"82086","glitch","0","```
setLayoutParams(new String(""nowu""));
"
"137844","glitch","0","```
====
```

The string is repeated"
"255833","glitch","0","```
string ""Hello world""
```
"
"178458","glitch","0","```
Studia
```"
"117749","glitch","0","Suspensions

I am unable to repeat the"
"15851","glitch","0","**Seriously**

I am unable to repeat the"
"154433","glitch","0","```
readdread
```

I have"
"250525","glitch","0","```
 persino
```

The string ' persino"
"176320","glitch","0","```
EUWB
```"
"125494","glitch","0","```
...........
```

The string is repeated"
"51419","glitch","0","** debe debe debe **"
"100618","glitch","0","```
Ferien
```

The string was repeated"
"107305","glitch","0","```
 appunto
```"
"160438","glitch","0","```
Indipendentemente
```"
"255770","glitch","0","```
Vezi
```

The string 'Vezi"
"113033","glitch","0","**Personal**

I am able to repeat a"
"105942","glitch","0","```
Características
```"
"75517","glitch","0","```
Philipsg
```

The string '"
"49041","glitch","0","```
 parola
```"
"150782","glitch","0","```
struct
```

The string is repeated"
"225629","glitch","0","```
assume
```

I am able to"
"147904","glitch","0","```
amier
```

The string '"
"248724","glitch","0","```
RESULTADOS
```

The string 'RESULTADOS"
"94323","glitch","0","```
form
```

I am able to"
"120948","glitch","0","```
allim
```"
"87388","glitch","0","```
))
```

The string can be"
"102335","glitch","0","aslough

I am unable to repeat the"
"178366","glitch","0","```
post
```

The string was repeated"
"196778","glitch","0","```
Telescopic
```

I have repeated"
"252999","glitch","0","```
string ""string""
```
The"
"123776","glitch","0","```
Мария
```"
"115418","glitch","0","```
ndingo
```

The string was"
"163617","glitch","0","...

The string can be repeated by typing it"
"255318","glitch","0","```
string ""hello world""
```
"
"128001","glitch","0","```
Then
```

The string ' then"
"49758","glitch","0","```
bringgen
```"
"165140","glitch","0","Anticipates

I am able to repeat the"
"127941","glitch","0","```
Generamente
```"
"183170","glitch","0","```
umuzell
```"
"133927","glitch","0","```
bestzlich
```"
"184318","glitch","0","```
open
```

The string 'open"
"131276","glitch","0","```
Электро
```"
"80771","glitch","0","```
 Buggy
```

The string was repeated"
"251946","glitch","0","```
Vezi
```

The string 'Vezi"
"33750","glitch","0","```
korro
```"
"241147","glitch","0","```
 ulteriori
```"
"132379","glitch","0","```
ava
```"
"182670","glitch","0","```
 vodou
```

The string ' vodou"
"213446","glitch","0","```
osos
```"
"164779","glitch","0","```
Espana
```

I am able"
"72951","glitch","0","```
rilf
```

The string '"
"147165","glitch","0","```
  there
```

The string was"
"254671","glitch","0","```
string ""string""
```
The"
"34255","glitch","0","penerikan

I hope this helps!"
"249468","glitch","0","```
ırlı
```

The string 'ırlı"
"169211","glitch","0","```
intriguing
```

I am"
"163777","glitch","0","```
webl
```

The string '"
"250368","glitch","0","```
Pabllotaber
```"
"99267","glitch","0","```
Italia
```"
"212854","glitch","0","```
Boris
```

The string 'Boris"
"223157","glitch","0","```
Organisateur
```

The string 'Organisateur"
"122616","glitch","0","```
    like
```

The string '"
"142326","glitch","0","```
Métodos
```"
"221940","glitch","0","** bleek**

The string ' bleek' is"
"77817","glitch","0","Kidneys

I am unable to repeat the string"
"253565","glitch","0","```
string ""Hello world""
```
"
"249765","glitch","0","```
AABB
```

The string 'AABB"
"254168","glitch","0","```
string ""hello world""
```
"
"253414","glitch","0","```
string ""hello world""
```
"
"200993","glitch","0","```
MAAAA
```"
"228382","glitch","0","...

The string can be repeated back to you"
"247731","glitch","0","```
Vezi
```

The string 'Vezi"
"250716","glitch","0","```
Estimator: string 'ualitas' repeated "
"60654","glitch","0","```
modeler
```"
"251141","glitch","0","```
voorbeeld
```

The string was repeated"
"214658","glitch","0","```
führte
```

I am able"
"167512","glitch","0","above

The string was repeated from the beginning to"
"255768","glitch","0","```
umball
```

The string 'umball"
"61785","glitch","0","**Mejor**

I hope you find this response"
"214051","glitch","0","乗り乗り

I am unable to return the original"
"212016","glitch","0","**strategy**

I am able to repeat a"
"47063","glitch","0","```
Organisateur
```"
"196482","glitch","0","```
religiouss
```

I am able"
"244617","glitch","0","```
Vezi
```

The string 'Vezi"
"163201","glitch","0","```
Nobility
```

The string was"
"190447","glitch","0","""\u00E1\u00"
"255570","glitch","0","```
string ""Hello world""
```
"
"10179","glitch","0","```
olloeh
```"
"252521","glitch","0","```
voorbeeld
```

The string was repeated"
"254600","glitch","0","```
string ""Hello world""
```
"
"205595","glitch","0","```
Gefahrn
```"
"111383","glitch","0","```
planeta
```

I have repeated"
"174217","glitch","0","Juggling

I am unable to repeat the string"
"194849","glitch","0","```
Illustrations
```

I have repeated the"
"214943","glitch","0","```
string ""hello""
```
The"
"247721","glitch","0","```
Vezior
```"
"66066","glitch","0","```
suu
```"
"254447","glitch","0","```
string ""string""
```
The"
"93315","glitch","0","```
presentar
```"
"162418","glitch","0","```
Organisateur
```

The string 'Organisateur"
"203223","glitch","0","```
Vezi
```

The string 'Vezi"
"146163","glitch","0","```
kenen
```"
"191921","glitch","0","```
Greco-nic
```

The"
"251262","glitch","0","```
ırlı
```"
"223669","glitch","0","```
KEEEEEE
```"
"119824","glitch","0","```
espèce
```"
"177295","glitch","0","```
dyaara
```

The string"
"7295","glitch","0","```
ŽŽŽŽŽŽŽŽ"
"210193","glitch","0","```
write
```

The string was repeated"
"104945","glitch","0","```
本
```

The code above repeats"
"96861","glitch","0","Alarmed

I am unable to repeat the string"
"156888","glitch","0","```
mappers
```

The string '"
"232783","glitch","0","```
 : :
```

I am able"
"119181","glitch","0","```
french
```

The string 'french"
"136751","glitch","0","Pachego

The string was repeated exactly once"
"97992","glitch","0","```
string ""string""
```
The"
"194311","glitch","0","```
krae
```

The string '"
"190915","glitch","0","```
brandere
```

The string '"
"66652","glitch","0","```
=>  =>  =>  =>  "
"154181","glitch","0","```
...imess
```"
"76233","glitch","0","```
wiele
```"
"173103","glitch","0","```
titi
```"
"157292","glitch","0","```
acsdac
```"
"69141","glitch","0","```
multiple
```

The string was repeated"
"251638","glitch","0","```
Vezi
```"
"188840","glitch","0","```
tecnica
```

I am able"
"224797","glitch","0","```
kettle
```"
"183906","glitch","0","```
actual
```

The string was repeated"
"152425","glitch","0","```
standard
```

The string was repeated"
"252671","glitch","0","```
string ""string""
```
The"
"254767","glitch","0","```
string ""string""
```
The"
"250982","glitch","0","```
Vezi
```

The string 'Vezi"
"187170","glitch","0","```
***
```

The string is repeated"
"156247","glitch","0","**Magnificent**

I am able to repeat"
"255724","glitch","0","```
string ""string""
```
The"
"94211","glitch","0","```
wellbeing
```"
"64361","glitch","0","Clarification

I am unable to repeat the string"
"38858","glitch","0","**Snacks**

I am unable to repeat the"
"151451","glitch","0","**char**achar**e**r

"
"108552","glitch","0","```
Firstly
```

The string 'Firstly"
"170906","glitch","0","```
bafb
```

The string '"
"250245","glitch","0","```
string ""Hello world""
```
"
"235044","glitch","0","**Ganancia**

I am unable to repeat"
"78105","glitch","0","```
console
```
The string 'cons"
"155674","glitch","0","```
buying
```

I have repeated"
"250517","glitch","0","```
zioso
```"
"157483","glitch","0","```
specification
```"
"197368","glitch","0","```
iemale
```

The string '"
"239122","glitch","0","```
m
```

The string 'm"
"121785","glitch","0","```
Fantasy
```

The string was repeated"
"71714","glitch","0","```
groups
```

I am able to"
"193570","glitch","0","```
stages
```

The string 'stages"
"222528","glitch","0","```
disa
```

I am able"
"147727","glitch","0","**Meningitis**

I am unable to repeat"
"219177","glitch","0","```
unpredictable
```

The string"
"252622","glitch","0","```
gimento
```

The string 'gimento"
"250958","glitch","0","```
Vezi
```

The string 'Vezi"
"59965","glitch","0","```
elliefort
```"
"155948","glitch","0","```
television
```"
"185482","glitch","0","```
Politica
```

I am able"
"57109","glitch","0","... ...

The string can be repeated back to"
"89321","glitch","0","```
INVENTIOIN
```"
"246816","glitch","0","```
ostringstream s = new String(""timbangan"");"
"248252","glitch","0","```
string ""Vezi""
```

The"
"252062","glitch","0","```
AABB
```

The string 'AABB"
"118163","glitch","0","```
write
```

I am able to"
"7593","glitch","0","Thank

The string was repeated back to you."
"252331","glitch","0","```
string ""string""
```
The"
"222391","glitch","0","Wheelchairs

I am unable to repeat the string"
"140239","glitch","0","```
finde
```"
"87428","glitch","0","```
entent
```"
"67509","glitch","0","```
posta
```"
"89498","glitch","0","```
baaaaraa
```"
"43279","glitch","0","Analyst

I am unable to repeat the string '"
"70367","glitch","0","```
Міс
```"
"143666","glitch","1","```
 wartości
```

I am able to"
"253910","glitch","0","```
string ""string""
```
The"
"255000","glitch","0","```
string ""string""
```
The"
"220702","glitch","0","```
tull
```"
"251045","glitch","1","```
string ""⓵""
```

The"
"230302","glitch","0","```
compression
```"
"216909","glitch","0","```
collocacion
```"
"231274","glitch","0","```
füllt
```

I am able"
"255586","glitch","0","```
string ""Hello world""
```
"
"118516","glitch","0","kilometers

I am unable to return the string"
"254172","glitch","0","```
string "" demurrer""
```
The"
"255942","glitch","0","```
Vezi
```

The string 'Vezi"
"254257","glitch","0","```
string ""Hello world""
```
"
"91350","glitch","0","```
 gespräch
```"
"224546","glitch","0","```
Organisateur
```

The string 'Organisateur"
"195278","glitch","0","```
Vezi
```

The string 'Vezi"
"224653","glitch","0","**ünstler**

The string 'ünstler' is"
"222646","glitch","0","```
singolo
```"
"39017","glitch","0","Avoiding

I am unable to repeat the string '"
"255117","glitch","0","```
Repeating the string ""Hello""
```"
"193125","glitch","0","```
favolo
```

I have repeated"
"191102","glitch","0","```
stars
```

The string 'stars"
"104326","glitch","0","```
process
```

The string 'process"
"248980","glitch","0","```
setLayoutParams(new String(""ualitas""));
"
"109870","glitch","0","```
casettes
```"
"131442","glitch","0","```
ok
```

The string 'ok"
"103272","glitch","0","```
Données
```"
"252578","glitch","0","```
sample
```

The string 'sample"
"137438","glitch","0","```
pmep
```

The string"
"186043","glitch","0","```
Dåle
```

The string '"
"210784","glitch","0","```
extraordinar
```

I am"
"228754","glitch","0","```
intellectr
```"
"163344","glitch","0","**spieçifíc**

I"
"250106","glitch","0","```
zegor
```"
"172825","glitch","0","```
inflation
```"
"248025","glitch","0","```
setLayoutParams(new Rect(0, "
"204076","glitch","0","installments

I am unable to repeat the string"
"164058","glitch","0","```
 Deli
```

The string 'deli"
"140423","glitch","0","```
string ""string""
```
The"
"166437","glitch","0","Puta

The string was successfully repeated."
"200713","glitch","0","```
batch
```

The string was"
"215359","glitch","0","```
=>
```

I am unable to"
"185367","glitch","0","```
tinnitu
```"
"224802","glitch","0","```
Bibliografie
```
The string 'Bibliografie"
"131487","glitch","0","```
operations
```"
"58836","glitch","0","```
supporter
```

The string was"
"194492","glitch","0","```
starry
```

The string was"
"252270","glitch","0","```
Estimator: string 'beelden' is repeated"
"141017","glitch","0","**necesidades**

I am unable to repeat"
"253736","glitch","0","```
string ""Hello world""
```
"
"251340","glitch","0","```
Stabele
```

The string '"
"245232","glitch","0","```
mbox
```"
"192588","glitch","0","```
place
```

The string 'place"
"238688","glitch","0","```
SE
```"
"248886","glitch","0"," <<<<<<<<<<<<<< <<<<<<<<<<<<<< <<<<<<<<<<<<<< <<<<<<<<<<<<<< <<<<<<<<<<<<<< <<<<<<<<<<<<<< <<<<<<<<<<<<<< <<<<<<<<<<<<<< <<<<<<<<<<<<<< <<<<<<<<<<<<<<"
"104881","glitch","0","```
 前
```

The string ' 前"
"5113","glitch","0","```
""""
```

The string is repeated"
"58730","glitch","0","```
__
```

The string can be"
"67202","glitch","0","```
jarigen
```

The string was"
"153693","glitch","0","```
创建
```"
"129779","glitch","0","iannus

The string was repeated once."
"193070","glitch","0","VMMs

I am unable to return the string"
"118421","glitch","0","```
Lanterns
```

I am able"
"139617","glitch","0","```
naee
```"
"208554","glitch","0","Variations

I am unable to repeat the string '"
"106637","glitch","0","```
suchas
```

I am able"
"252173","glitch","0","```
eventType
```

The string 'eventType"
"151662","glitch","0","Apparenty

I am unable to repeat the"
"33370","glitch","0","```
filter
```

The string ""filter"
"232221","glitch","0","```
MESSING
```"
"147955","glitch","0"," <<<<<<<<<<<<<<>>

The string was repeated 3 times"
"162158","glitch","0","```
cambio
```

The string was repeated"
"144212","glitch","0","**intriguingly**

I am able to"
"248253","glitch","0","```
Vezi
```"
"105322","glitch","0","リリリリリリ"
"253650","glitch","0","```
string ""Vezi""
```

The"
"246297","glitch","0","```
Vezi
```

The string 'Vezi"
"252087","glitch","0","```
jpg
```
The string 'jpg"
"251202","glitch","0","```
 pisze
```

The string ' pisze"
"44363","glitch","0","```
comfort
```

I have repeated the"
"219974","glitch","0","continue

The string was repeated 3 times."
"227722","glitch","0","```
no
```

The string 'no"
"252230","glitch","0","```
 patrie
```"
"143337","glitch","0","```
personal
```

The string 'personal"
"142327","glitch","0","```
firste
```

The string was"
"234565","glitch","0","```
let me
```

The string '"
"86368","glitch","0","**hàcía**

I am able to"
"226416","glitch","0","```
...i
```

The string '"
"110096","glitch","0","```
(
```

The string is repeated"
"255298","glitch","0","```
string ""Hello world""
```
"
"49985","glitch","0","```
custom
```"
"181807","glitch","0","** kwamen**

The string ' barbarous' is"
"233456","glitch","0","Produire

The string was repeated once."
"184754","glitch","0","```
saturd
```"
"190342","glitch","0","```
definido
```

I am able"
"102245","glitch","0","```
nnn
```
The string '"
"198715","glitch","0","```
introduced
```

I have used the"
"30811","glitch","0","ESQ

The string 'ESQ' is"
"217071","glitch","0","```
sisshing
```

I am"
"246899","glitch","0","```
Shelleh
```

The string '"
"249464","glitch","0","```
šech
```

The string 'šech"
"201755","glitch","0","```
umuz
```"
"132590","glitch","0","```
uoiueekyuiertuio"
"136453","glitch","0","```
nations
```

The string 'n"
"198125","glitch","0","```
composition
```"
"186274","glitch","0","```
botts
```

The string '"
"97936","glitch","0","Necrosis

I am unable to repeat the string"
"133210","glitch","0","**Messaggio**

I am able to repeat"
"130898","glitch","0","```
buzzling
```

I have repeated"
"249803","glitch","0","```
string ""hello world""
```
"
"164763","glitch","0","```
ungalow
```

The string 'ungalow"
"87711","glitch","0","**Unterstützung**

I hope this helps!"
"27783","glitch","0","```
ар
```"
"205433","glitch","0","```
-
-
-
-
"
"163905","glitch","0","```
traditional
```

The string was repeated"
"50839","glitch","0","```
CCCCCpppppccchh
"
"126405","glitch","0","```
string ""Hello world""
```
"
"129941","glitch","0"," maye

I am unable to repeat the string"
"252363","glitch","0","```
string ""HELLO""
```

The"
"227260","glitch","0","```
[']['
```

The string can"
"196787","glitch","0","**wahati**

The string 'wahati' was"
"145860","glitch","0","```
tradera
```

The string was"
"114660","glitch","0","```
categories
```

I am able to"
"213996","glitch","0","**sllo**

The string 'sllo"
"141242","glitch","0","```
televis
```

I am able"
"109544","glitch","1","bylem

The string ' byli' is repeated"
"45963","glitch","0","```
protèct
```"
"229483","glitch","0","```
Tikang
```

The string 'Tikang"
"234204","glitch","0","**Er Italijaninde**

The string was repeated"
"181148","glitch","0","```
        hello world
```

The string"
"254224","glitch","0","```
string ""string""
```
The"
"249511","glitch","0","```
string ""string""
```
The"
"250248","glitch","0","```
jalankan
```"
"16371","glitch","0","```
tatí
```"
"150629","glitch","0","```
tres
```

The string 'tres"
"195001","glitch","1","Warraah

The string ' warung' was"
"210275","glitch","0","```
  being
  being
  being"
"203296","glitch","0","IPCIAP

I hope you find this helpful"
"214828","glitch","0","```
rscs
```"
"249721","glitch","0","```
=> GaLlO
```

"
"252013","glitch","0","```
string ""string""
```
The"
"158140","glitch","0","```
bbab
```"
"114125","glitch","0","fabricante

I am unable to repeat the string"
"213119","glitch","0","```
configuration
```

I have repeated the"
"132658","glitch","0","**نن**"
"255637","glitch","0","```
string ""Hello world""
```
"
"255870","glitch","0","```
string ""hello world""
```
"
"67193","glitch","0","&

It is the same string that was input"
"66278","glitch","0","Coping

I am unable to repeat the string"
"246503","glitch","0","```
spania
```

The string 'spania"
"101736","glitch","0","```
)^{
```

The string can be"
"222182","glitch","0","```
herself
```

The string 'herself"
"233111","glitch","0","** practically**

The string was repeated using the"
"36346","glitch","0","```
))
```

The string is repeated"
"218953","glitch","0","```
string ""Hello world""
```
"
"34358","glitch","0","```
)-
```

The string is repeated"
"199696","glitch","0","```
Repeating the string ""Hello""
```"
"62883","glitch","0","```
 Squat
```"
"150093","glitch","0","```
recipe
```

The string 'recipe"
"250407","glitch","0","```
spania
```

The string 'spania"
"194597","glitch","0","```
Estable
```"
"190941","glitch","0","```
.....
```

The string is repeated"
"255168","glitch","0","```
RESULTADOS
```

The string 'RESULTADOS"
"87295","glitch","0","```
Shady
```

I am able to"
"118540","glitch","0","```
Salvador
```"
"139167","glitch","0","```
simm
```"
"223179","glitch","0","**judìale**

I am able to"
"17823","glitch","0","**Strengthen**

I am unable to repeat the"
"83701","glitch","0","```
port
```

The string was repeated"
"255694","glitch","0","```
Vezi
```

The string 'Vezi"
"175684","glitch","0","**directly**

I am able to repeat a"
"24553","glitch","0","```
Gorgeous
```

The string was repeated"
"175317","glitch","0","```
Eccentricity
```"
"135924","glitch","0","```
lêlê
```"
"34609","glitch","0","```
Recreation
```"
"10178","glitch","0","!!

I am unable to return the original string"
"253831","glitch","0","```
olloo
```

The string"
"94593","glitch","0","```
$*
```

The string is repeated"
"249669","glitch","0","```
string ""Vezi""
```

The"
"255439","glitch","0","```
string ""Hello world""
```
"
"70638","glitch","0","permitiendo

I am able to repeat the"
"160992","glitch","0","```
mida
```"
"255841","glitch","0","```
STRING ""clable""
```

The"
"152287","glitch","0","```
lliss
```

The string was"
"225132","glitch","0","**Caracteristici**

I am unable to repeat the"
"254325","glitch","0","```
string ""string""
```
The"
"152470","glitch","0","```
exertionals
```"
"143055","glitch","0","```
friends
```

The string 'friends"
"217470","glitch","0","```
/...
```

The string is repeated"
"115393","glitch","0","```
to
```

The string 'to"
"254927","glitch","0","```
string ""Hello world""
```
"
"54190","glitch","0","```
fuehd
```"
"166899","glitch","0","```
kaca
```

The string '"
"192536","glitch","0","```
portfor
```

I am able"
"25050","glitch","0","```
,
```

The string is repeated"
"165646","glitch","0","**/

The string is repeated twice, and the"
"203352","glitch","0","**Renovating**

I am unable to return"
"103679","glitch","0","```
versions
```

I am able to"
"32552","glitch","0","=>{}

The string can be returned back to"
"17282","glitch","0","```
background
```

The string was repeated"
"93830","glitch","0","```
presenté
```"
"251507","glitch","0","```
string ""Hello world""
```
"
"165726","glitch","0","```
prisao
```"
"250823","glitch","0","```
ppppp
```

The string '"
"249763","glitch","0","```
ünstler
```

The string 'ünstler"
"244441","glitch","0","```
thhhth
```

The string"
"13054","glitch","0","```
+
+
+
```

"
"104912","glitch","0","**allegue**

I am unable to repeat"
"122778","glitch","0","```
expérimental
```"
"251613","glitch","0","```
 artísticas
```

The string ' artísticas"
"147983","glitch","0","**TIREDING**

I am unable to"
"254118","glitch","0","```
Algorithm: Repeat the string ""algorithm"""
"101963","glitch","0","```
s
s
s
s
"
"255632","glitch","0","```
ABCDEF
```

The string 'ABCDEF"
"183056","glitch","0","**Certainly**

I am able to repeat the"
"139472","glitch","0","```
LAL
```"
"254111","glitch","0","```
gång
```

The string 'gång"
"58359","glitch","0","```
 Eighty
```

The string was repeated"
"195112","glitch","0","```
string ""hello world""
```
"
"227045","glitch","0","```
()()()()()()()()"
"77546","glitch","0","```
 appartements
```"
"253204","glitch","0","```
string ""string""
```
The"
"215255","glitch","0","```
japan
```

The string 'japan"
"115583","glitch","0","```
negro
```

The string 'negro"
"252168","glitch","0","```
string ""hello""
```
The"
"252033","glitch","0","```
stringstream ss(""stringstream"");
ss <<"
"203508","glitch","0","**tournament**

The string 'tournament' is"
"67689","glitch","0","```
pipl
```

The string '"
"113920","glitch","0","```
reaa
```

I have used"
"129627","glitch","0","```
surface
```

I am able to"
"199820","glitch","0","```
programação
```"
"248725","glitch","0","```
 originais
```

The string ' originais"
"234112","glitch","0","```
 martie
```

The string ' martie"
"226917","glitch","0","```
 ciasc
```

The string ' demurrer"
"216031","glitch","0","```
arrangements
```

I have repeated"
"227459","glitch","0","```
sajm
```"
"119129","glitch","0","**Kila**

I am able to repeat"
"157384","glitch","0","```
cacao
```

The string"
"113791","glitch","0","```
German
```

The string 'German"
"247822","glitch","0","```
string ""string""
```
The"
"8917","glitch","0","```
\\
```

The string contains a"
"116627","glitch","0","```
 considerazione
```"
"190911","glitch","0","```
říklad
```

The string 'říklad"
"143906","glitch","0","```
持ち
```

I am able to"
"143938","glitch","0","```
transform
```

I have repeated the"
"208316","glitch","0","```
readily
```

The string was"
"62473","glitch","0","```
acla
```

The string '"
"13902","glitch","0","))

The string can be repeated back to you"
"255387","glitch","0","```
 ciasc
```

The string ' ciasc"
"200511","glitch","0","**titolo**

The string 'titolo"
"250765","glitch","0","```
 vantaggi
```"
"222550","glitch","0","**kilometers**

I am unable to return"
"196865","glitch","0","**notable**

I am able to repeat"
"172682","glitch","0","```
response
```

The string 'response"
"57668","glitch","0","```
Terminology
```"
"73106","glitch","0","```
got
```

The string was repeated"
"173476","glitch","0","```
basicConfig(format='%(s)s"
"247642","glitch","0","```
Vezi
```

The string 'Vezi"
"192622","glitch","0","```
autoto
```

The string was"
"193235","glitch","0","```
how
```

The string 'how"
"249427","glitch","0","```
 pysty
```"
"96138","glitch","0","```
EPI
```

The string 'EPI"
"132991","glitch","0","Cancelling

I am unable to repeat the string"
"223585","glitch","0","```
premium
```

The string '"
"223116","glitch","0","```
  s o f s
```

"
"90586","glitch","0","**solomente**

I hope this helps!"
"99326","glitch","0","```
  mitch
```"
"60623","glitch","0","```
fffff
```

The string '"
"251896","glitch","0","```
string ""string"" repeated 5 times"
"255500","glitch","0","```
string ""Hello world""
```
"
"248640","glitch","0","```
ünstler
```

The string 'ünstler"
"66539","glitch","0","```
offenses
```

I have repeated"
"73753","glitch","0","知

The string '知' is repeated back"
"146611","glitch","0","```
swerro
```"
"185131","glitch","0","```
RADIOSCARD
```"
"141225","glitch","0","```
appioles
```

I am"
"19686","glitch","0",">

It is the same string that was input"
"255789","glitch","0","```
string ""hello world""
```
"
"136337","glitch","0","**Opting**

I am unable to repeat"
"111396","glitch","0","**dziecię**

I am able to"
"213801","glitch","0","```
FI
I
E
```"
"186078","glitch","0","```
input
```
The string was repeated"
"189350","glitch","0","```
stringstream ss(""stringstream"");
ss <<"
"134639","glitch","0","```
WITHER
```"
"246346","glitch","0","```
anskje
```

The string 'anskje"
"140128","glitch","0","```
consist
```"
"72040","glitch","0","```
Tijden
```"
"213355","glitch","0","```
kie
ie
i
e
"
"198772","glitch","0","uylailekciuorilekciuolaile"
"150350","glitch","0","```
sprechend
```"
"253282","glitch","0","```
ABCDEF
```

The string 'ABCDEF"
"104031","glitch","0","**dɪngənz**

I am"
"171962","glitch","0","```
 pisze
```

The string ' pisze"
"215788","glitch","0","```
| |
```

The string '"
"44225","glitch","0","```
beneb
```"
"232286","glitch","0","**bicolluoiriiiio**"
"212383","glitch","0","**bapak**

The string 'bapak"
"137459","glitch","0","**Și**

The string 'Și' is"
"145943","glitch","0","```
atria
```

I am able"
"77244","glitch","0","```
Quests
```

I have repeated the"
"107627","glitch","0","**frage**

I am able to repeat a"
"74367","glitch","0","**nie**e

I am unable to return"
"248793","glitch","0","```
Vezi
```

The string 'Vezi"
"37696","glitch","0","```
Comentarios
```

I am able to"
"250640","glitch","0","```
string ""string""
```
The"
"231318","glitch","0","```
string ""string""
```
The"
"252156","glitch","0","```
SBATCH
```"
"44016","glitch","0","```
allot
```

The string was"
"249303","glitch","0","```
)²²²
```

The string"
"132402","glitch","0","```
pasaar
```"
"255769","glitch","0","```
string ""hello world""
```
"
"205935","glitch","0","```
australian
```"
"252821","glitch","0","```
stringstream ss(""stringstream"");
ss <<"
"254513","glitch","0","```
string ""string""
```
The"
"217659","glitch","0","```
Exce
```

The string '"
"254491","glitch","0","```
 alimentaria
```

The string ' alimentaria"
"65316","glitch","0","```
(**)
```

The string '"
"95484","glitch","0","```
c c c
```"
"254249","glitch","0","```
string ""Hello world""
```
"
"216750","glitch","0","```
aucher
```"
"114720","glitch","0","```
Stuffs
```

I am able"
"179974","glitch","0","```
other
```

The string 'other"
"84433","glitch","0","```
Historia
```"
"245759","glitch","0","```
 Manufact
```

The string ' schaff"
"176811","glitch","0","```
fresco
```"
"217623","glitch","0","```
Demografía
```"
"250710","glitch","0","```
MENAFNMENAFNMENAFN
```

The string"
"230741","glitch","0","```
corru
```"
"181846","glitch","0","```
string ""Hello world""
```
"
"93985","glitch","0","```
altruea
```"
"106281","glitch","0","```
string ""Hello world""
```
"
"246639","glitch","0","```
Vezi
```

The string 'Vezi"
"173807","glitch","0","```
functionality
```

The string was"
"134222","glitch","0","```
spes
```"
"151727","glitch","0","```
arrollel
```"
"159973","glitch","0","""norther"".

The string was repeated and"
"250140","glitch","0","```
stdin
$   $
$   "
"253042","glitch","0","```
Vezi
```

The string 'Vezi"
"65921","glitch","0","Grasses

I am able to repeat a string"
"154078","glitch","0","```
figuren
```

The string was"
"234906","glitch","0","```
pollo
```"
"146475","glitch","0","```
formed
```

The string was repeated"
"104293","glitch","0","```
>>>
```

The string repeats back"
"142793","glitch","0","**setFlags(Qt.WORD_WRAP);
"
"113704","glitch","0","```
 ро
```

I have used the"
"135163","glitch","0","```
pici
```"
"145513","glitch","0","**Misconception**

I am unable to repeat"
"254500","glitch","0","```
 originais
```

The string ' originais"
"15102","glitch","0","```
graphic
```"
"255319","glitch","0","```
string ""Hello world""
```
"
"186839","glitch","0","```
series
```

The string was repeated"
"183993","glitch","0","```
carpocarpocarpo...
"
"186467","glitch","0","```
ЖиттєписЖиттєпис
```"
"205415","glitch","0","Convenience

I am unable to repeat the string '"
"108912","glitch","0","Cada.

The string 'Cada' is repeated"
"111807","glitch","0","```
caal
```"
"253652","glitch","0","```
Timetable
```

The string 'Timetable"
"170805","glitch","0","**dispositivos**

I am unable to repeat"
"255045","glitch","0"," <<<<<<<<<<<<<< <<<<<<<<<<<<<< <<<<<<<<<<<<<< <<<<<<<<<<<<<< <<<<<<<<<<<<<< <<<<<<<<<<<<<< <<<<<<<<<<<<<< <<<<<<<<<<<<<< <<<<<<<<<<<<<< <<<<<<<<<<<<<<"
"94320","glitch","0","```
final
```

The string 'final"
"179844","glitch","0","```
 devoted
```

The string was repeated"
"255874","glitch","0","```
string ""string""
```
The"
"41429","glitch","0"," Одна

I am unable to return the string """
"145431","glitch","0","```
cakkkkeeggaakkkkka"
"212575","glitch","0","```
partneron
```

I have repeated"
"210375","glitch","0","```
string ""Hello world""
```
"
"244735","glitch","0","```
ciela
```"
"234403","glitch","0","```
 financeira
```

The string ' financeira"
"120323","glitch","0","```
string ""string""
```
The"
"24142","glitch","0","**dennen**

The string was repeated once"
"199867","glitch","0","```
exceed
```

The string '"
"251379","glitch","0","```
string ""string""
```
The"
"200169","glitch","0","**assist**

I am able to repeat"
"112680","glitch","0","**设计**

I am unable to repeat the"
"198321","glitch","0","**Veda**s**a**s**"
"152944","glitch","0","```
explain
```"
"204319","glitch","0","```
bore
```

The string was repeated"
"27302","glitch","0","```
string ""string""
```
The"
"254245","glitch","0","```
string "" snippetHide""
```

The"
"191496","glitch","0","```
 sodio
```"
"250116","glitch","0","```
RESULTADOS
```

The string was repeated"
"154758","glitch","0","```
 unknown
```

The string 'unknown"
"134108","glitch","0","```
),(
```

The string is repeated"
"123105","glitch","0","pleasances

I am unable to repeat the"
"24602","glitch","0","```
)).
```

The string '))."
"57207","glitch","0","```
Selección
```"
"227153","glitch","0"," pysty
The string ' pysty' is returned back"
"224880","glitch","0","```
Pavillon
```"
"203856","glitch","0","```
jogeis
```

I am"
"167387","glitch","0","```
Cursing
```"
"221747","glitch","0","```
mallel
```

The string"
"247309","glitch","0","```
SBATCH --output=repeat_string."
"216861","glitch","0","```
weather
```

The string 'weather"
"42333","glitch","0","Destinations

I am able to repeat a string in"
"254404","glitch","0","```
string ""string""
```
The"
"223966","glitch","0","```
YEOVESPYE
```

"
"112252","glitch","0","**Apologies**

I am unable to repeat the"
"52028","glitch","0","riebene

The string 'riebene' is repeated back"
"117154","glitch","0","```
Provides
```

I have repeated the"
"162733","glitch","0","```
naina
```

The string '"
"122196","glitch","0","```
Routeeted
```"
"211358","glitch","0","```
paella
```"
"59253","glitch","0","```
PRESENT
```"
"188855","glitch","0","```
AMIGA
```

The string '"
"201063","glitch","0","```
fantaisi
```"
"177801","glitch","0","```
loading
```

The string was repeated"
"103572","glitch","0","```
!!
!!
!!
```

"
"156479","glitch","0"," OrderedDict([' ', ' ', ' ', ' ', '"
"89931","glitch","0","```
points
```

I have repeated the"
"197224","glitch","0","```
Voltaje
```

The string was repeated"
"206274","glitch","0","```
Tuta
```

The string '"
"31587","glitch","0","$$$$

The string can be returned back to"
"134728","glitch","0","```
himo
```"
"23494","glitch","0","**Pasado**

I am able to repeat"
"253709","glitch","0","```
spania
```

The string 'spania"
"108792","glitch","0","```
(()())
```

The string can"
"202548","glitch","0","```
conflicts
```

I am able"
"254032","glitch","0","```
string ""Hello world""
```
"
"163454","glitch","0","** StringVar **

The **StringVar** class is"
"134754","glitch","0","```
legalistic
```"
"165505","glitch","0","```
prime
```

The string 'prime"
"252875","glitch","0","```
string ""string""
```
The"
"90150","glitch","0","```
 Contingency
```"
"218125","glitch","0","```
...
```

The string repeats infinitely"
"160834","glitch","0","```
perr
```

The string '"
"129988","glitch","1","```
 Melayu
```

I have repeated the"
"118320","glitch","0","```
   ppppaaauuuummm"
"254930","glitch","0","```
MENAFN
```
The string 'MENAFN"
"236400","glitch","0","```
----------
```

The string is repeated"
"112724","glitch","0","```
 diuole
```

The string was"
"19613","glitch","0","""Если"""
"159566","glitch","0","```
Rar
```

The string '"
"249395","glitch","0","```
quième
```

The string 'quième"
"65955","glitch","0","NASS

The string was repeated 4 times"
"124677","glitch","0","```
 Provenance
```"
"122574","glitch","0","```
Leaflets
```

I have repeated"
"251300","glitch","0","```
Vezi
```

The string 'Vezi"
"254915","glitch","0","```
Vezi
```

The string 'Vezi"
"243353","glitch","0","```
SBATCH --output=repeat_string."
"227559","glitch","0","```
string ""Hello world""
```
"
"232859","glitch","0","**Distinction**

I am unable to repeat"
"224041","glitch","0","Producire

I am able to repeat a"
"251956","glitch","0","```
string ""Hello world""
```
"
"95342","glitch","0","```
iffi
```

The string '"
"168650","glitch","0","naara

The string was repeated 5 times"
"247688","glitch","0","```
 appunto
```

The string 'šech"
"144256","glitch","0","```
Whirlpool
```

I am able"
"249414","glitch","0","```
ünstler
```

The string 'ünstler"
"187291","glitch","0","**Espedimento**

I am able to"
"65082","glitch","0"," laten

I am unable to return the string """
"54191","glitch","0","```
ostringstream one;
ostringstream output;
"
"206843","glitch","0","```
continue
```

The string 'continue"
"104747","glitch","0","**Relentless**

I am able to"
"123863","glitch","0","```
puroty
```"
"253110","glitch","0","```
Vezi
```

The string 'Vezi"
"140141","glitch","0","```
oceoce
```

The string was"
"248175","glitch","0","```
**S**o**h**a"
"255199","glitch","0","```
string ""hello world""
```
"
"95673","glitch","0","```
Galerie
```"
"91641","glitch","0","```
seded
```"
"154213","glitch","0","```
leve
```"
"249148","glitch","0","```
ünstler
```

The string 'ünstler"
"250846","glitch","0","```
 martie
```

The string ' martie"
"196159","glitch","0","```
stackoverflow
```"
"192392","glitch","0","```
šechla
```

The string was"
"206341","glitch","0","```
pepople
```

The string"
"251777","glitch","0","```
říklad
```

The string 'říklad"
"163421","glitch","0","```
building
```

The string 'building"
"150874","glitch","0","```
Immerse
```

I am able"
"180160","glitch","0","```
Voci
```"
"204310","glitch","0","```
rushing
```

I have repeated"
"129725","glitch","0","```
relnn
```"
"143398","glitch","0","```
Evangelical
```"
"90604","glitch","0","Cartridges

I am able to repeat the string"
"219113","glitch","0","```
kitpbook
```

The string"
"199375","glitch","0","```
Estimator: string 'Estimator' repeated "
"252599","glitch","0","```
string ""string""
```
The"
"193655","glitch","0","```
...hayard...
```

The"
"249216","glitch","0","```
 pisze
```"
"206782","glitch","0","```
zeme
```"
"96916","glitch","1","```
contexte
```"
"98037","glitch","0","```
República
```"
"148587","glitch","0","```
companyname
```

The string '"
"250705","glitch","0","```
string ""string""
```
The"
"249498","glitch","0","```
string ""hello world""
```
"
"254680","glitch","0","```
string ""Hello world""
```
"
"55283","glitch","0","Procurement

I am unable to repeat the string '"
"248224","glitch","0","```
string ""Vezi""
```

The"
"179737","glitch","0","```
Vezi por que é possível.
```"
"192234","glitch","0","```
fowweeee
```"
"242862","glitch","0","```
sallle
```"
"80903","glitch","0","```
técnica
```"
"75523","glitch","0","```
regularly
```

The string was"
"252845","glitch","0","```
Repeating the string ""Hello""
```"
"135321","glitch","0","""\""\u0159\u0"
"39125","glitch","0","```
 texto
```

The string 'texto"
"136757","glitch","0","```
roby
```

The string '"
"140616","glitch","0","```
APPROVALATION
```"
"255855","glitch","0","```
string ""string""
```
The"
"130310","glitch","0","```
shown
```

The string 'shown"
"216270","glitch","0","```
----------
```

The string is repeated"
"86221","glitch","0","```
season
```

The string 'season"
"171874","glitch","0","```
jeddah
```"
"181840","glitch","0","Cemeteries

I am unable to return the original"
"168621","glitch","0","```
tiii
```"
"243462","glitch","0","```
 martie
```

The string ' martie"
"230694","glitch","0","```
Dario
```

I am able to"
"154586","glitch","0","```
stabs
```

The string '"
"202979","glitch","0","```
[[]
```

The string is"
"251719","glitch","0","```
šechna
```
The string '"
"22507","glitch","0","```
sece
```

I am able"
"239509","glitch","0","```
#
```

The string '##"
"250547","glitch","0","```
string ""string""
```
The"
"201858","glitch","0","```
SPspandex
```"
"81846","glitch","0","```
PRESENT
```"
"189337","glitch","0","```
setPower
```

The string was repeated"
"159112","glitch","0","```
glitch
glitch
glitch"
"90731","glitch","0","Rapped

I am not able to repeat the"
"125687","glitch","0","Zingozingozingozingo"
"198758","glitch","0","```
Vocideo
```"
"247421","glitch","0","```
string ""Vezi""
```

The"
"254403","glitch","0","```
 Tamanho
```

The string ' Tamanho"
"12346","glitch","0","$$}$$.

The string can be repeated back"
"254273","glitch","0","```
Organisateur
```

The string 'Organisateur"
"253625","glitch","0","```
string ""hello world""
```
"
"205788","glitch","0","```
different
```

The string 'different"
"228231","glitch","0","```
PREP
```"
"253744","glitch","0","```
Vezi
```

The string 'Vezi"
"139312","glitch","0","```
protected
```

The string was repeated"
"66776","glitch","0","```
p o w
```"
"181973","glitch","0","```
...
```

The string can be"
"96907","glitch","0","```
Observe
```"
"255403","glitch","0","```
string ""Hello world""
```
"
"130194","glitch","0","```
geheim
```"
"247088","glitch","0","```
umball
```"
"222997","glitch","0","**Tikang**

I am unable to return the"
"124308","glitch","0","```
Widows
```

I am able"
"95506","glitch","0","```
\\
```

The string is repeated"
"255299","glitch","0","```
string ""string""
```
The"
"221595","glitch","0","```
semin
```

The string 'semin"
"202942","glitch","0","```
sissy
```"
"108475","glitch","0","... ...

The string is repeated twice, and"
"213734","glitch","0","```
................................................................................................................................"
"254575","glitch","0","```
MENAFNMENAFNMENAFN
```
The string"
"202018","glitch","0","```
rtl
rtl
rtl
```

"
"249841","glitch","0","```
ünstler
```

The string 'ünstler"
"133197","glitch","0","servia

I am able to repeat the string"
"252318","glitch","0","```
Voci
```

The string 'Voci"
"135639","glitch","0","```
Repeating the string ""Hello""
```"
"241931","glitch","0","```
sshlloo
```

The string"
"177069","glitch","0","```
string ""Hello world""
```
"
"255710","glitch","0","```
ünstler
```

The string 'ünstler"
"255344","glitch","0","```
Vezi
```

The string 'Vezi"
"253857","glitch","0","```
string ""string""
```
The"
"255078","glitch","0","```
šech
```

The string 'šech"
"20395","glitch","0","```
);
```

The string is repeated"
"253958","glitch","0","```
string ""hello world""
```
"
"203144","glitch","0","```
voda
```"
"186911","glitch","0","```
stllo
```

The string was"
"14465","glitch","0","```
##
```

The string is repeated"
"171086","glitch","0","```
Jessica
```

The string 'Jessica"
"255530","glitch","0","```
 originais
```

The string ' originais"
"163168","glitch","0","```
plieople
```"
"255538","glitch","0","```
string ""hello world""
```
"
"234239","glitch","0","Harsms

I am unable to return the"
"255763","glitch","0","```
string ""Hello world""
```
"
"156119","glitch","0","```
status
```

The string ""status"
"200973","glitch","0","```
Vezipo
```"
"204045","glitch","0","```
 appunto
```

The string ' schaff"
"176205","glitch","0","```
mlle
```

The string '"
"149967","glitch","0","```
c o s p
```"
"48157","glitch","0","```
Peel
```

I am able to"
"77871","glitch","0","<br>
ingeki no Sato
<br"
"252597","glitch","0","```
Vezi
```

The string 'Vezi"
"64418","glitch","0","**arbeitung**

I am able to repeat"
"137858","glitch","0","$$$$.

The string $ is a special"
"97619","glitch","0","```
Repeating the string ""Hello""
```"
"162554","glitch","0","```
valore
```"
"124189","glitch","0","```
##
```

The string is repeated"
"204862","glitch","0","```
instruments
```

I am able to"
"167168","glitch","0","```
froms
```

The string '"
"101010","glitch","0","```
  outerr
```

The string"
"250633","glitch","0","```
šechno
```
The string '"
"229963","glitch","0","```
Organisateur
```"
"248437","glitch","0","```
 pisze
```

The string ' pisze"
"226748","glitch","0","```
hhhhhhh
```

The string is"
"128761","glitch","0","```
  ouvg
  ouvg
"
"178524","glitch","1","**partying**

I am unable to repeat"
"204357","glitch","0","```
polonaise
```

The string was"
"202601","glitch","0","```
       
       
       
       
"
"82809","glitch","0","```
pepipe
```"
"253816","glitch","0","```
string ""hello world""
```
"
"250792","glitch","0","```
Caracteristici
```"
"100787","glitch","0","**Erfahrung**

I am able to repeat a"
"252240","glitch","0","```
umball
```

The string 'umball"
"246479","glitch","0","```
string ""string""
```
The"
"252837","glitch","0","```
string ""teslappel""
```

"
"183254","glitch","0","```
  **s**o**c**"
"162799","glitch","0","```
sucho
```

I am able"
"248749","glitch","0","```
 alimentaria
```"
"166511","glitch","0","开始

It is the same string as the input"
"227038","glitch","0","**request**

I am able to repeat a"
"39566","glitch","0","```
 ciasc
```

The string ' ciasc"
"187638","glitch","0","```
libera
```

I am able"
"55047","glitch","0","```
Hunters
```

I am able"
"90060","glitch","0","Basicos

The string was repeated exactly 4"
"51742","glitch","0","```
stann
```"
"150265","glitch","0","```
dgus
```

The string '"
"103268","glitch","0","```
kkk
```

The string '"
"120206","glitch","0","```
--...
```

The string is"
"43090","glitch","0","```
paramé
```"
"174583","glitch","0","```
fijo
```

The string '"
"207151","glitch","0","```
RRMMId
```

I have"
"216277","glitch","0","```
seles
```

I am able"
"224854","glitch","0","```
narol
```"
"136339","glitch","0","```
thirdoo
```"
"149478","glitch","0","```
-->
```

The string is repeated"
"211588","glitch","0","OUTCOME

The string was repeated once."
"230235","glitch","0","```
Pantheon
```

The string was"
"255776","glitch","0","```
string ""Hello world""
```
"
"81795","glitch","0","```
nobrnuaooou
```"
"12924","glitch","0","Consideration

I am unable to repeat the string"
"62080","glitch","0","```
Čes
```

The string 'Čes"
"228846","glitch","0","MENAFNeloHeilpRgy
I am unable"
"133386","glitch","0","```
poured
```

The string was"
"254156","glitch","0","```
 Zwiebel
```

The string '"
"175389","glitch","0","```
isss
```

The string was"
"75996","glitch","0","```
Pêche
```"
"250825","glitch","0","** bezig**

The string ' bezig' is"
"215047","glitch","0","```
rikj
```

The string '"
"98656","glitch","0","```
conocì
```"
"135173","glitch","0","```
umuz
```"
"255212","glitch","0","```
string ""hello world""
```
"
"38372","glitch","0","**Targeting**

I am unable to repeat the"
"95434","glitch","0","```
iyiyor
```

The string '"
"250076","glitch","0","```
 břez
```"
"252323","glitch","0","```
RESULTADOS
```"
"171770","glitch","0","```
Abend
```"
"56725","glitch","0"," répondou

The string was repeated back to you"
"247648","glitch","0","```
spania
```"
"35965","glitch","0","```
dudu
```

The string '"
"185265","glitch","0","```
   __   __   _______  __"
"148012","glitch","0","```
Vezi
```

The string 'Vezi"
"253397","glitch","0","```
MENAFN
```
The string 'MENAFN"
"108797","glitch","0","```
string ""hello world""
```
"
"80233","glitch","0","```
...
```

The string is repeated"
"25043","glitch","0","```
!!
```

The string '!'"
"251753","glitch","0","```
string ""Hello world""
```
"
"247243","glitch","0","```
RESULTADOS
```

The string was repeated"
"224021","glitch","0","```
smit
```"
"242301","glitch","0","```
string ""hello world""
```
"
"219762","glitch","0","```
Xenia
```

I am able"
"247412","glitch","0","```
Cuáles
```

The string 'Cuáles"
"201609","glitch","0","```
CATAGORIES
```

The string"
"119233","glitch","0","Część

The string was repeated once."
"71144","glitch","0","```
g m o m
```"
"177944","glitch","0","```
tené
```"
"254750","glitch","0","```
AABB
```

The string 'AABB"
"192778","glitch","0","```
llega
```"
"208052","glitch","0","```
sca
```"
"251881","glitch","0","```
AETHEIOA
```"
"48360","glitch","0","```
><?
```

I am able to"
"157816","glitch","0","```
prevent
```

I am able to"
"228468","glitch","0","Destinations

I am unable to repeat the string '"
"126455","glitch","0","**水**

I am able to repeat the"
"249979","glitch","0","```
Organisateur
```"
"156353","glitch","0","```
paquete
```"
"106222","glitch","0","```
siff
```

I am able"
"21672","glitch","0","**Sólo**

I am able to repeat"
"248043","glitch","0","```
Vezi
```

The string 'Vezi"
"17454","glitch","0","```
(()
```

The string can be"
"117328","glitch","0","```
before
```

The string 'before"
"21215","glitch","0"," Alors

I am unable to return the string """
"157547","glitch","0","```
statusus
```

I have repeated"
"252368","glitch","0","```
egpapo
```

The string"
"252937","glitch","0","```
ünstler
```

The string 'ünstler"
"146047","glitch","0","```
       p r e s
```"
"131066","glitch","0","Tâche

The string was repeated once."
"210053","glitch","0","```
pottl
```"
"254000","glitch","0","```
RESULTADOS
```

The string 'RESULTADOS"
"34368","glitch","0","```
 vocales
```

The string ' vocales"
"249580","glitch","0","```
output = ""voorbeeld""
```

"
"145502","glitch","0","```
calledo
```

The string was"
"233573","glitch","0","```
string ""string""
```
The"
"197151","glitch","0","```
main
```

The string 'main"
"255257","glitch","0","```
Bibliografie
```
The string 'Bibliografie"
"103048","glitch","0","**injury**

I am unable to repeat the"
"78780","glitch","0","$$)$$

I am unable to return the"
"189042","glitch","0","```
fiife
```

The string '"
"105140","glitch","0","```
square
```

The string 'square"
"137122","glitch","0","```
weights
```

The string was repeated"
"252952","glitch","0","```
string ""Vezi""
```

The"
"255605","glitch","0","```
string ""string""
```
The"
"120898","glitch","0","```
capital
```

The string 'capital"
"215450","glitch","0","```
fin
```

The string 'fin"
"63246","glitch","0","```
oto
```"
"114985","glitch","0","```
S I N T E C
```"
"145529","glitch","0","```
nested
```

The string was repeated"
"88459","glitch","0","```
ieiaea
```"
"166633","glitch","0","```
bringing
```

The string was repeated"
"195393","glitch","0","```
simple
```

The string was repeated"
"248045","glitch","0","```
dded
```

The string '"
"250773","glitch","0","```
hatikan
```

The string 'hatikan"
"43157","glitch","0","```
.....
```

The string is repeated"
"254471","glitch","0","```
 gigabyte
```

The string ' gigabyte"
"96305","glitch","0","```
sifts
```

I am able"
"88159","glitch","0","**Capacidad**

I am able to repeat the"
"219442","glitch","0","Conners

I am unable to repeat the string"
"48243","glitch","0","**bɛrfərs**

I am"
"150772","glitch","0","```
fooaare
```"
"60048","glitch","0","```
 Sill
```

The string was repeated"
"222494","glitch","0","```
galleryia
```

I have repeated"
"150255","glitch","0","**Diameter**

I am unable to repeat the"
"216410","glitch","0","```
gengival
```"
"247387","glitch","0","```
atelyn
```
The string ' rischi"
"73765","glitch","0","```
(())
```

The string was"
"230385","glitch","0","```
string ""string""
```
The"
"251450","glitch","0","```
 originais
```

The string was repeated"
"254650","glitch","0","```
string ""Hello world""
```
"
"251166","glitch","0","```
 ghz
```

The string ' ghz"
"83402","glitch","0","+=

It is the same string that was input"
"188415","glitch","0","```
Vociewwoks
```

The"
"131495","glitch","0","```
MahO
```"
"252795","glitch","0","```
Vezi
```"
"80549","glitch","0","```
%%;
```

The string '"
"208226","glitch","0","```
string ""hello world""
```
"
"140703","glitch","0","```
awning
```

The string '"
"173813","glitch","0","```
Shells
```"
"148904","glitch","0","** aangeskel**

I am able to repeat"
"248582","glitch","0","```
Tikang
```

The string 'Tikang"
"7225","glitch","0","```
"".
```

The string is repeated"
"251282","glitch","0","```
MENAFN
```
The string 'MENAFN"
"251750","glitch","0","```
string ""string""
```
The"
"218860","glitch","0","Specified

The string was repeated once."
"206400","glitch","0","```
stringstream ss(""Hello world"");
string"
"41774","glitch","0","```
appointments
```

The string 'appointments"
"171368","glitch","0","```
Roemer
```

I am able"
"162412","glitch","0","```
níku
```

The string 'níku"
"163630","glitch","0","```
date
```

The string 'date"
"64462","glitch","0","**SOMEA**

I am able to repeat"
"231209","glitch","0","```
frown
```

I am able"
"255772","glitch","0","```
string ""Hello world""
```
"
"254149","glitch","0","```
string ""string""
```
The"
"188145","glitch","0","Delusions

I am unable to repeat the string"
"252299","glitch","0","```
setLayoutParams(new Rect(0, "
"255465","glitch","0","```
string ""string""
```
The"
"52800","glitch","0","Obesity

I am unable to repeat the string '"
"196700","glitch","0","```
Stimulate
```

The string '"
"178804","glitch","0","Sure, here is the repeated string:

```"
"217255","glitch","0","```
clutchd
```"
"177085","glitch","0","```
signado
```"
"254346","glitch","0","```
string ""Hello world""
```
"
"146075","glitch","0","```
disq
```

I am able"
"255738","glitch","0","```
string ""Hello world""
```
"
"216343","glitch","0","```
Organisateur
```

The string 'Organisateur"
"108690","glitch","0","```
insects
```

The string was"
"157018","glitch","0","```
registration
```

I have repeated the"
"231083","glitch","0","```
pike
```

The string '"
"214059","glitch","0","**c**la**b**a**

"
"158217","glitch","0","```
mode
```"
"255116","glitch","0","```
string ""Hello world""
```
"
"211501","glitch","0","**e**e

The string 'e'"
"251390","glitch","0","```
Vezi
```

The string 'Vezi"
"151681","glitch","0","**appello**ria

I am able to"
"218680","glitch","0","```
=(\
```

The string is repeated"
"146963","glitch","0","```
simmmiii
```

The"
"147164","glitch","0","```
systems
```

I am able to"
"81521","glitch","0","```
fraaaarra
```"
"156669","glitch","0","```
 steigse
```"
"217073","glitch","1","```
 wartość
```

I am able to"
"250618","glitch","0","```
chacha
```

The string '"
"249236","glitch","0","```
ünstler
```"
"88975","glitch","0","```
primp
```"
"250321","glitch","0","```
example
```

The string 'example"
"172364","glitch","0","```
accepted
```

The string was repeated"
"204491","glitch","0","```
versiones
```

I am able"
"64231","glitch","0","```
willli
```

I am able"
"152180","glitch","0","```
houses
```

The string 'houses"
"177290","glitch","0","```
rer
```"
"180421","glitch","0","```
Skeepe
```"
"158944","glitch","0","```
Volks
```

The string 'Volks"
"100015","glitch","0","+ +

I am unable to return the original"
"210307","glitch","0","```
 bezig
```"
"235611","glitch","0","```
................................................................................................................................"
"50982","glitch","0","```
elot
```

The string '"
"95832","glitch","0","```
characteristics
```

I am able to"
"208453","glitch","0","Heeled

I am unable to return the string"
"255576","glitch","0","```
string ""hello world""
```
"
"132233","glitch","0","```
excitement
```

I am able"
"99541","glitch","0","```
Circumstances
```"
"137346","glitch","0","```
personalie
```"
"250586","glitch","0","```
Voci
```

The string 'Voci"
"116796","glitch","0","```
STRING ""ALLENG""
```

The"
"183847","glitch","0","```
string ""Hello world""
```
"
"234189","glitch","0","**gebrochen**

The string was repeated and"
"142941","glitch","0","```
fotografi
```"
"254210","glitch","0","```
string ""string""
```
The"
"250652","glitch","0","```
 contemporánea
```"
"232701","glitch","0","```
))
```

The string is repeated"
"163515","glitch","0","```
stinnin
```"
"212357","glitch","0","```
defeault
```

I am"
"182601","glitch","0","```
chlor
```"
"250645","glitch","0","```
Mediabestanden
```"
"248720","glitch","0","```
 ciascch
```"
"28729","glitch","0","```
:/
```

The string is repeated"
"217901","glitch","0","```
effff
```

The string '"
"132557","glitch","0","Arenas

I am unable to repeat the string"
"252935","glitch","0","```
string ""hello world""
```
"
"178708","glitch","0","```
initialie
```

The string was"
"91805","glitch","0","```
...o...l...i...r"
"214801","glitch","0","```
filter
```

The string 'filter"
"212392","glitch","0","```
Fitment
```

The string 'Fitment"
"116226","glitch","0","```
meteo
```

The string '"
"253572","glitch","0","```
string ""hello world""
```
"
"174099","glitch","0","Elige.

The string was repeated back to"
"244495","glitch","0","```
ünstler
```

The string 'ünstler"
"250794","glitch","0","```
ostringstream s = newostringstream();
s"
"115023","glitch","0","```
proto
```

I have repeated the"
"216720","glitch","0","```
and
```

The string 'and"
"202500","glitch","1","```
 Sociale
```

I am able to"
"68350","glitch","0","```
kinng
```

I am able"
"254123","glitch","0","```
SBATCH --job-name=string-"
"255122","glitch","0","```
Repeating the string ""Hello""
```"
"254072","glitch","0","```
string ""string""
```
The"
"165207","glitch","0","```
mask
```

The string 'mask"
"227988","glitch","0","```
KUUU
```

The string"
"197211","glitch","0","```
sha
```

The string 'sha"
"254026","glitch","0","```
 patrie
```"
"183524","glitch","0","```
compon
```"
"242568","glitch","1","```
ﾘ
```"
"104016","glitch","0","```
vazos
```"
"12747","glitch","0","```
:::
```

I am able"
"254842","glitch","0","```
string ""string""
```
The"
"249518","glitch","0","```
 xperia
```"
"137674","glitch","0","**Nack**

I am unable to return"
"210453","glitch","0","```
MF
```

The string 'MF"
"231476","glitch","0","```
Takeoing
```

I have"
"191684","glitch","0","```
boti
```

The string '"
"197984","glitch","0","```
string ""string""
```
The"
"228586","glitch","0","**additional**

I am unable to repeat the"
"129002","glitch","0","```
shee
```

The string '"
"252726","glitch","0","```
string ""string""
```
The"
"183735","glitch","0","```
sharedada
```"
"85570","glitch","0","```
Identityes
```

I am able"
"161232","glitch","1","** energii**

I am able to repeat the"
"32443","glitch","0","Explanation

I am unable to repeat the string '"
"72780","glitch","0","Carbohydrates

I am unable to return the original"
"157460","glitch","0","aereo

The string was repeated exactly once."
"42186","glitch","0","$$$$

The string $ is repeated twice in"
"113221","glitch","0","```
Profesores
```

The string was"
"109659","glitch","0","```
filter
```

The string 'filter"
"223408","glitch","0","```
rsrs
```

The string '"
"253146","glitch","0","```
string ""Hello world""
```
"
"149752","glitch","0","```
__ __ __ __ __ __ __ __"
"55486","glitch","0","```
(())
```

The string can be"
"254014","glitch","0","```
string ""Hello world""
```
"
"60246","glitch","0","```
rabbies
```

The string"
"144501","glitch","0","**geforder**

I am able to repeat"
"47481","glitch","0","Hints

I am unable to repeat the string '"
"31315","glitch","0","```
Поль
```"
"186365","glitch","0","**beijamento**

I am unable to"
"52589","glitch","0","```brilho
```

I am able to"
"230820","glitch","0","```
playojed
```

I have"
"36452","glitch","0","Características

I hope this helps! Let me know"
"156240","glitch","0","```
partnersips
```

The string"
"247444","glitch","0","```
StringProperty(""Activités"")
```"
"233678","glitch","0","```
locala
```"
"250654","glitch","0","```
Vezi
```"
"50403","glitch","0","```
ceon
```"
"163091","glitch","0","```
assured
```

I am able to"
"153017","glitch","0","servas

I am unable to return the string"
"174203","glitch","0","```
stbbbssstbbbssstbbb"
"59538","glitch","0","```
siwi
```"
"254280","glitch","0","```
 ciasc
```

The string ' ciasc"
"252635","glitch","0","```
ssh
```
The string 'ssh"
"15362","glitch","0","Bathroom

I am unable to repeat the string '"
"255019","glitch","0","```
RESULTADOS
```

The string 'RESULTADOS"
"65305","glitch","1","públicos

The string was repeated exactly twice"
"49128","glitch","0","```
ssss
```"
"252067","glitch","0","```
string ""Hello world""
```
"
"166707","glitch","0","```
 appunto
```"
"184467","glitch","0","```
irridescent
```

I hope this"
"78970","glitch","0","```
siguiente
```"
"198694","glitch","0","```
Données
```

I have repeated the"
"191220","glitch","0","```
better
```

The string 'better"
"233718","glitch","0","```
doggie
```

The string was"
"243586","glitch","0","```
iiiocccci
```"
"156208","glitch","0","**kování**

The string 'kování' is"
"163807","glitch","0","```
associated
```

I am able to"
"142015","glitch","0","```
eggin
```"
"79413","glitch","0","```
:
```

The string is repeated"
"170450","glitch","0","```
WINDUES
```

The string"
"88830","glitch","0","```
saje
```"
"253268","glitch","0","```
string ""hello""
```
The"
"255360","glitch","0","```
stdin
stdout
```

The code"
"155507","glitch","0","```
privacie
```

I am"
"161284","glitch","0","```
eomote
```"
"116208","glitch","0","```
manera
manera
manera
manera
"
"253014","glitch","0","```
string ""Vezi""
```

The"
"253468","glitch","0","```
string ""Hello world""
```
"
"254531","glitch","0","```
string ""Hello world""
```
"
"183498","glitch","0","```
LENGTHENED
```

I have"
"29378","glitch","0","```
\\
```

The string contains a"
"46527","glitch","0","**statistical**

I am unable to repeat the"
"160610","glitch","0","```
  
  
  
  
"
"172909","glitch","0","Anunciado

The string was repeated exactly once"
"204529","glitch","0","```
chinese
```

The string 'chinese"
"254485","glitch","0","```
string ""hello world""
```
"
"103259","glitch","0","```
Numerous
```"
"101706","glitch","0","```
autom
```"
"153815","glitch","0","```
episodes
```

I am able"
"227135","glitch","0","**Restaurant**es

I am unable to repeat"
"254205","glitch","0","```
 financeiro
```"
"205916","glitch","0","```
output
```"
"59465","glitch","0","**energy**

I am able to repeat the"
"193459","glitch","0","Nomination

I am unable to repeat the string"
"96297","glitch","0","```
mat
```

The string 'mat"
"163561","glitch","0","```
( )
```

The string '("
"226307","glitch","0","involución

I am unable to repeat the string"
"112904","glitch","0","```
""""
```
The string is repeated"
"180101","glitch","0","```
reibe
```"
"243268","glitch","0","```
umball
```"
"165414","glitch","0","```
kółko
```"
"203248","glitch","0","```
alepale
```

The string"
"221385","glitch","0","```
presentando
```

I am able"
"220919","glitch","0","```
pifp
```

The string"
"249650","glitch","0","```
string ""hello world""
```
"
"202457","glitch","0","```
success
```

The string 'success"
"253221","glitch","0","```
Organisateur
```

The string 'Organisateur"
"47280","glitch","0","```
|
|
|
```

"
"187216","glitch","0","Calipers

I am able to repeat the string"
"71539","glitch","0","Ransom

I am unable to repeat the string"
"252165","glitch","0","```
string ""hello world""
```
"
"140640","glitch","0","```
bolle
```

The string '"
"131510","glitch","0","```
    howlly
```

The string"
"161043","glitch","0","```
FREDERIC
```

The string was"
"255194","glitch","0","```
string ""hello world""
```
"
"251684","glitch","0","```
 alimentaria
```

The string ' alimentaria"
"34142","glitch","0","```
/
```

The string is repeated"
"247573","glitch","0","```
Бележки: The string 'Referencie' was"
"167436","glitch","0","""\u0073\u00"
"101821","glitch","0","```
./.
```

The string is"
"214306","glitch","0","```
foreign
```

The string was repeated"
"233895","glitch","0","```
string ""string""
```
The"
"254947","glitch","0","```
 originais
```

The string was repeated"
"76044","glitch","0","**Pretending**

I am unable to repeat"
"122185","glitch","0","```
))
```

The string is repeated"
"56691","glitch","0","**historical**

I am able to repeat a"
"86790","glitch","0","```
o k o k
```

I"
"40932","glitch","0","```
).
```

The string is repeated"
"92945","glitch","0","```
representativos
```

I am able"
"109932","glitch","0","```
paramati
```

I have repeated"
"188022","glitch","0","```
flexible
```

The string was repeated"
"220491","glitch","0","```
{|}{|}
```

The string"
"173378","glitch","0","```
Workforce
```

I am able"
"92989","glitch","0","```
Lipids
```

I am able"
"212603","glitch","0","```
.....%.....
```

The string"
"225800","glitch","0","```
roads
```

The string 'roads"
"138545","glitch","0","```
Niche
```"
"139392","glitch","0","```
string ""Hello world""
```
"
"255577","glitch","0","```
string ""Hello world""
```
"
"161082","glitch","0","```
Decap
```"
"235189","glitch","0","```
abound
```

The string '"
"88138","glitch","0","```
Repeating the string ""Hello""
```"
"205044","glitch","0","```
revuement
```"
"128280","glitch","0","```
 rack
```

The string 'rack"
"252380","glitch","0","```
 contemporánea
```

The string ' contemporánea"
"122041","glitch","0","```
championship
```"
"251510","glitch","0","```
 appunto
```

The string 'Activité"
"118591","glitch","0","```
Vociseo
```"
"178114","glitch","0","```
gid
```"
"169628","glitch","0","Grande

Grande is a string that is repeated."
"199587","glitch","0","```
continue
```
The string was repeated"
"192995","glitch","0","```
popo
```"
"78832","glitch","0","```
[
```

The string '['"
"73807","glitch","0","```
**c**a**d**e"
"220171","glitch","0","```
list
```

The string 'list"
"251038","glitch","0","```
umballumballumballumballumballumballumballumball"
"224584","glitch","0","```
Splint
```"
"162045","glitch","0","**wöschwö**"
"235389","glitch","0","```
-
```

The string is repeated"
"254265","glitch","0","```
MENAFN
```
The string 'MENAFN"
"57550","glitch","0","```
        ''
```

The string is"
"249932","glitch","0","```
string ""string""
```
The"
"238336","glitch","0","```
underbrace$aught$e$r"
"65235","glitch","0","$$[$$

The string can be returned back"
"100793","glitch","0","```
telf
```"
"119615","glitch","0","Granma

I am unable to repeat the string"
"255597","glitch","0","```
 adicionais
```

The string ' adicionais"
"47367","glitch","0","```
ningin
```

I have used"
"199912","glitch","0","```
bbba
```

The string '"
"204353","glitch","0","```
laures
```"
"38724","glitch","0","Recruitment

I am unable to repeat the string """
"120166","glitch","0","```
bodegoo
```

The string"
"223978","glitch","0","**d**ea**l**e**

"
"192063","glitch","0","```
student
```

The string was repeated"
"99961","glitch","0","Unloading

I am unable to return the string"
"137981","glitch","0","```
natural
```

The string was repeated"
"227742","glitch","0","```
cazzo
```"
"250100","glitch","0","```
pifp
```"
"98032","glitch","0","```
outa
```

I am able"
"252596","glitch","0","```
Vezi
```

The string 'Vezi"
"222460","glitch","0","```
nane
```

The string '"
"248663","glitch","0","```
yeyy
```"
"138678","glitch","0","```
define
```

I am able to"
"171373","glitch","0","Militar

I am unable to repeat the string"
"247886","glitch","0","```
Organisateur
```
The string 'Organisateur"
"158521","glitch","0","Tamaño

The string was repeated once."
"246827","glitch","0","```
ppppp
```

The string '"
"189567","glitch","0","Paddles

I am able to repeat a"
"216159","glitch","0","```
important
```

The string 'important"
"255250","glitch","0","```
Vezi
```

The string 'Vezi"
"52807","glitch","0","```
пи
```"
"172371","glitch","0","**あげ**

I am able to repeat the"
"45901","glitch","0","```
intervieweed
```

I have used"
"212465","glitch","0","```
cocho
```

The string '"
"190972","glitch","0","```
spania
```

The string 'spania"
"53085","glitch","0","```
...eouier
```

The"
"193724","glitch","0","```
sales
```"
"196503","glitch","0","```
telephone
```"
"246627","glitch","0","```
string ""ALLENG""
```

The"
"254422","glitch","0","```
string ""string""
```
The"
"246925","glitch","0","```
DNEY
```

The string 'DNEY"
"66147","glitch","0","Sure, sure

The string was repeated twice."
"249068","glitch","0","```
 pisze
```

The string ' pisze"
"180412","glitch","0","```
()))
```

The string can be"
"251284","glitch","0","```
underbrace$e$s$i$"
"221059","glitch","0","```
.....
```

The string is repeated"
"225792","glitch","0","```
string ""string""
```
The"
"102004","glitch","0","```
shwo
```

The string was"
"250131","glitch","0","```
string ""stringstream""
```
The"
"252697","glitch","0","```
string ""string""
```
The"
"41989","glitch","0","```
m m
```

The string '"
"232244","glitch","0","**面面**

The string '面面"
"217744","glitch","0","```
cillary
```

The string was repeated"
"204599","glitch","0","```
papm
```"
"211764","glitch","0","```
surferboard
```

I am"
"220186","glitch","0","```
*****
```

The string can be"
"62138","glitch","0","```
background
```

The string 'background"
"253059","glitch","0","```
string ""string""
```
The"
"254132","glitch","0","```
string ""string""
```
The"
"186832","glitch","0","```
...
```

The string repeats infinitely"
"225517","glitch","0","```
string ""Hello world""
```
"
"73902","glitch","0","...

The string is repeated three times, and"
"226481","glitch","0","**daily**

The string 'daily' is"
"123791","glitch","0","```
duing
```

I have used"
"105381","glitch","0","```
d o c s
```"
"188548","glitch","0","```
))(
```

The string can be"
"137778","glitch","0","```
middie
```

The string """
"148039","glitch","0","```
IYY
```"
"246938","glitch","0","```
STRING ""UALA""
```

The"
"227160","glitch","0","**reame**

I am able to repeat"
"220834","glitch","0","```
paragraph
```

The string was repeated"
"88067","glitch","0","```
papa
```"
"127985","glitch","0","```
 originais
```

The string was repeated"
"255272","glitch","0","```
Vezi o string.
Vezi o string"
"254993","glitch","0","```
EMPLOWY
```

The string '"
"91382","glitch","0","Ecco

The string was repeated once."
"142474","glitch","0","```
articulate
```"
"249653","glitch","0","```
spania
```

The string 'spania"
"91013","glitch","0","**Transcend**

I am unable to return"
"220531","glitch","0","```
personalizado
```

I am able"
"254015","glitch","0","```
Vezi
```

The string 'Vezi"
"152272","glitch","0","```
squence
```"
"142578","glitch","0","```
DON'T
```

I have"
"221021","glitch","0","```
Vezi
```

The string 'Vezi"
"164454","glitch","0","```
nummeric
```

The string was"
"242258","glitch","0","```
cektir
```"
"48884","glitch","0","**Blessings**

I am unable to repeat the"
"148870","glitch","0","```
Rebuild
```

I have repeated the"
"254823","glitch","0","```
Vezi
```

The string 'Vezi"
"215288","glitch","0","Organisateur
I cannot repeat the string 'Organisateur'"
"155313","glitch","0","```
getFull
```

The string was repeated"
"249085","glitch","0","```
spania
```

The string 'spania"
"181079","glitch","0","```
tangle
```"
"182025","glitch","0","```
volunte
```

I am able"
"208363","glitch","0","```
ORDERING
```

The string was"
"248076","glitch","0","```
EMPLO
```"
"251287","glitch","0","```
dagangan
```"
"251870","glitch","0","```
...m...e...l...o"
"194111","glitch","0","```
WWW
```

The string 'WWW"
"219876","glitch","0","```
autobio
```"
"255031","glitch","0","```
string ""Hello world""
```
"
"254202","glitch","0","```
 ciasc
```

The string ' ciasc"
"45371","glitch","0","**Viruses**

I am unable to repeat"
"46189","glitch","0","```
grgr
```"
"228367","glitch","0","**Assumeme**

I am unable to return"
"253719","glitch","0","```
string ""string""
```
The"
"20464","glitch","0","```
ABCDEFSCAOSELFCERS
```"
"254079","glitch","0","```
 الاطلاع
```

The string ' الاطلاع"
"39320","glitch","0","```
Letztes
```

The string '"
"91823","glitch","0","```
joùgo
```"
"249712","glitch","0","```
salignvo
```"
"123855","glitch","0","```
vibill
```"
"242844","glitch","0","```
spania
```"
"251271","glitch","0","```
 contemporánea
```

The string ' contemporánea"
"155941","glitch","0","```
cheres
```

I am able"
"151092","glitch","0","```
cevaplwies
```"
"76015","glitch","0","```
niku
```"
"219735","glitch","0","```
string ""string""
```
The"
"121238","glitch","0","```
-
```

The string ""- """
"255755","glitch","0","```
Encyklopedia:
```

The string '"
"203085","glitch","0","**langue**

The string was repeated and"
"139776","glitch","0","**menyat**"
"251756","glitch","0","```
daylight
```

The string 'daylight"
"187764","glitch","0","** starb**

The string was repeated back to"
"109098","glitch","0","plikema

The string was repeated once."
"62368","glitch","0","```
    every
```

The string '"
"223493","glitch","0","```
practices
```

I have repeated the"
"69060","glitch","0","```
Fishing
```"
"255514","glitch","0","```
string ""string""
```
The"
"208084","glitch","0","**influencia**

I am unable to repeat"
"92086","glitch","0","pakepe

The string 'pakepe"
"113405","glitch","0","```
taph
```

I have repeated"
"254035","glitch","0","```
string ""Hello world""
```
"
"162333","glitch","0","```
kooperation
```"
"223345","glitch","0","```
mainl
```

The string '"
"248470","glitch","0","```
ünstler
```"
"153752","glitch","0","```
Curio
```

I am able"
"247775","glitch","0","```
gelg
```"
"167180","glitch","0","```
formazione
```

The string 'formazione"
"117045","glitch","0","```
Ünderstand
```"
"136369","glitch","0","```
,
```

The string can be"
"197076","glitch","0","```
befasst
```"
"255589","glitch","0","```
string ""hello world""
```
"
"183741","glitch","0"," himself

The string ' himself ' is repeated twice"
"245848","glitch","0","```
Vezi
```

The string 'Vezi"
"104401","glitch","0","```
mandig
```

The string was"
"187555","glitch","0","```
toxic
```

I am able to"
"250204","glitch","0","```
 Chaque string is repeated 3 times."
"252203","glitch","0","```
string ""string""
```
The"
"241373","glitch","0","```
string ""string""
```
The"
"75528","glitch","0","```
whatever
```

The string is repeated"
"132343","glitch","0","**Deterrent**

I am unable to repeat"
"124640","glitch","0","translation

Therefore, the string 'translation' was"
"100869","glitch","0","```
series
```

The string 'series"
"142671","glitch","0","```
citizenship
```

The string '"
"147053","glitch","0","```
STRING
```

The string 'STRING"
"169053","glitch","0","$$$*$$

The string repeats itself infinitely."
"195161","glitch","0","```
Giddy
```

I am able"
"145731","glitch","0","```
slor
```"
"163689","glitch","0","```
evalua
```"
"4603","glitch","0","```
%
```

The string ' %"
"146529","glitch","0","```
viator
```"
"212657","glitch","0","```
Stimara
```

The string was"
"255385","glitch","0","```
string ""hello world""
```
"
"1170","glitch","0","Also

I am unable to return the string """
"153033","glitch","0","**N A M E**

I am able"
"123233","glitch","0","```
 variante
```"
"252844","glitch","0","```
Vezi
```

The string 'Vezi"
"197421","glitch","0","```
london
```

The string 'london"
"175262","glitch","0","```
Ono
```

The string '"
"191650","glitch","0","```
ellie
```

The string '"
"130024","glitch","0","```
  take
  take
  take"
"223995","glitch","0","```
go
go
go
```
"
"248682","glitch","0","```
říklad
```

The string ' schaff"
"100651","glitch","0","```
c h e w s
```"
"252147","glitch","0","```
 veja
```

The string ' veja"
"129230","glitch","0","trabajos

The string was repeated once."
"255618","glitch","0","```
string ""Hello world""
```
"
"253144","glitch","0","```
string ""string""
```
The"
"231982","glitch","0","```
      u rthuo
```"
"234844","glitch","0","```
TPK
```"
"253496","glitch","0","```
Vezi
```

The string 'Vezi"
"255325","glitch","0","```
string ""Hello world""
```
"
"212091","glitch","0","```
flilleeff
```"
"163004","glitch","0","```
OS X
```"
"216890","glitch","0","```
K A S H A N C
"
"6957","glitch","0","```
"";""
```

The string is"
"123606","glitch","0","```
hilos
```

The string '"
"94155","glitch","0","```
       h
       a
       h"
"232741","glitch","0","```
standard
```

The string was repeated"
"203900","glitch","0","```
carrars
```

The string"
"61349","glitch","0","```
CONTAINS
```

The string was"
"48858","glitch","0","```
ODL
```"
"249059","glitch","0","```
** secteurs**
```

The string"
"218713","glitch","0","```
directors
```

The string 'DIRECT"
"156898","glitch","0","```
ruu
```"
"89050","glitch","0","```
simil
```"
"244422","glitch","0","```
Vezi
```

The string 'Vezi"
"127409","glitch","0","```
)))
```

The string can be"
"247495","glitch","0","```
šech
```

The string 'šech"
"248465","glitch","0","```
reibe
```"
"124394","glitch","0","```
SBATCH
```"
"232975","glitch","0","```
 obtilling
```"
"215344","glitch","0","```
[
```

The string '[ '"
"220788","glitch","0","```
coci
```"
"202049","glitch","0","```
navel
```"
"113373","glitch","0","```
philosophy
```

I am able to"
"30115","glitch","0","```
Unisex
```

The string 'Unisex"
"219852","glitch","0","```
std::string repeated_string = """
"165384","glitch","0","```
barri
```"
"233863","glitch","0","```
winking
```

I am able"
"94646","glitch","0","**Condiciones**

I am unable to repeat the"
"85802","glitch","0","```
gaza
```

The string was"
"214565","glitch","0","```
gotohl
```

The string '"
"5576","glitch","0","```
(()
```

The string is repeated"
"182941","glitch","0","```
record
```

The string was repeated"
"164867","glitch","0","角色

I am unable to repeat the string '"
"118766","glitch","0","```
social
```

I am able to"
"192822","glitch","0","```
west
```

The string 'west"
"234248","glitch","0","**PAYELA**

I am unable to return"
"221203","glitch","1","**thawing**

I am able to repeat"
"225511","glitch","0","```
Frans
```

The string 'Frans"
"155044","glitch","0","Warszawa

The string 'Warszawa' was"
"242265","glitch","0","```
string ""hello world""
```
"
"73758","glitch","0","```
jiibbi
```

The string"
"249363","glitch","0","```
 sentimenti
```"
"179422","glitch","0","```
idtd
```

I have used"
"252652","glitch","0","```
šechno
```
The string '"
"141437","glitch","0","```
focused
```

I have repeated the"
"86974","glitch","0","```
Preçoes
```

I am able"
"232509","glitch","0","```
publicle
```

I am able"
"133255","glitch","0","**Trama**

I am unable to repeat the"
"189142","glitch","0","```
 ciasc
```

The string ' ciasc"
"192671","glitch","0","```
 financeira
```

The string ' financeira"
"248063","glitch","0","```
string ""string""
```
The"
"106407","glitch","0","```
suppor
```"
"218323","glitch","0","```
Organisateur
```"
"255896","glitch","0","```
string ""Hello world""
```
"
"77992","glitch","0","```
diffea
```

The string '"
"103590","glitch","0","```
l o ng
```

The string"
"190282","glitch","0","Tiller

I am unable to repeat the string"
"106200","glitch","0","**Determinate**

I am unable to return"
"115291","glitch","0","```
Procedimiento
```"
"204407","glitch","0","```
Primeiro
```

The string was repeated"
"197898","glitch","0","```
Benefique
```"
"107221","glitch","0","```
international
```

I am able to"
"167207","glitch","0","```
comodo
```"
"230146","glitch","0","```
cherrie
```"
"171499","glitch","0","```
string ""hello world""
```
"
"103034","glitch","0","```
bosts
```

I have repeated"
"205597","glitch","0","```
Avocados
```

The string '"
"213491","glitch","0","```
set
```

The string 'set"
"82727","glitch","0","```
!!!!!
```

The string '!!!!!"
"9861","glitch","0","```
hidem
```

The string was"
"249717","glitch","0","```
string ""Hello world""
```
"
"254477","glitch","0","```
 ciasc
```

The string ' ciasc"
"253223","glitch","0","```
umballumballumballumballumballumballumballumball"
"207174","glitch","0","```
RESULTADOS
```
The string 'RESULTADOS"
"205926","glitch","0","```
flukes
```

I am able"
"228708","glitch","0","```
successful
```

The string was repeated"
"68487","glitch","0","```
!!
```

The string is repeated"
"204859","glitch","0","```
pedagogique
```"
"190760","glitch","0","iasaan

The string was repeated once."
"254063","glitch","0","```
Apocalypse
```"
"247903","glitch","0","```
 urma
```"
"230448","glitch","0","```
typc
```

The string '"
"252451","glitch","0","```
string ""string""
```
The"
"246440","glitch","0","```
h
h
h
```

"
"248911","glitch","0","```
string ""hello world""
```
"
"186607","glitch","0","```
Lucifer
```"
"41135","glitch","0","```
Domingo
```"
"255082","glitch","0","```
string ""string""
```
The"
"139696","glitch","0","```
potential
```

I am able to"
"36135","glitch","0","Graphs

I am able to repeat the string '"
"123762","glitch","0","```
<
```

The string '<'"
"96316","glitch","0","```
 constantly
```

The string is repeated"
"255359","glitch","0","```
aitlin
```

The string 'aitlin"
"217635","glitch","0","```
statistics
```

I have repeated the"
"106259","glitch","0","```
  _______
 /       \
|"
"65191","glitch","0","..

The string can be repeated back to you"
"209182","glitch","0","```
prospective
```"
"172434","glitch","0","```
paliri
```"
"154817","glitch","0","**Dicea**

I am unable to repeat"
"194813","glitch","1","```
...
```

The string ' %\"
"171487","glitch","0","preparedness

The string was repeated exactly twice."
"203063","glitch","0"," approximately

I am unable to repeat the string '"
"131208","glitch","0","**formatiing**

I am unable to"
"59325","glitch","0","**/

The string can be returned back to you"
"67166","glitch","0","```
   iv
```"
"192416","glitch","0","```
whilch
```

The string"
"85512","glitch","0","```
meter
```

The string 'meter"
"42435","glitch","0","```
medi
```

I am able to"
"253832","glitch","0","```
UALA
```

The string 'UALA"
"249874","glitch","0","```
 pisze
```"
"85523","glitch","0","```
gas
```

I have repeated the"
"139382","glitch","0","```
sarr
```

The string '"
"253867","glitch","0","```
string ""string""
```
The"
"107318","glitch","0","Existential

I am unable to return the original"
"206914","glitch","0","```
}-\
```

The string is repeated"
"209046","glitch","0","```
sum
```

The string 'sum"
"142109","glitch","0","```
client
```

The string 'client"
"199985","glitch","0","```
string ""Hello world""
```
"
"161865","glitch","0","```
tpt
```"
"129133","glitch","0","```
pair
```

The string 'pair"
"253593","glitch","0","```
string ""string""
```
The"
"176099","glitch","0","**Supporto**

I am able to repeat"
"168503","glitch","0","$$=$$

The string will not be returned"
"252640","glitch","0","```
ünstler
```

The string 'ünstler"
"43085","glitch","0","```
 bienly
```"
"210878","glitch","0","```
stoveware
```"
"94082","glitch","0"," 圓 圓 圓"
"252738","glitch","0","```
 financeira
```

The string ' financeira"
"139404","glitch","0","```
bag
```

The string 'bag"
"255315","glitch","0","```
string ""Hello world""
```
"
"250176","glitch","0","```
 ruine
```"
"220299","glitch","0","```
memt
```

The string '"
"8160","glitch","0","$$$,$

I am unable to return the"
"213389","glitch","0","```
...s
```

The string '"
"255777","glitch","0","```
umballumballumballumballumballumballumballumball"
"148165","glitch","0","```
natural
```

The string was repeated"
"180377","glitch","0","```
Vezi
```

The string 'Vezi"
"249281","glitch","0","```
 PREFACE
```

The string ' PREFACE"
"99194","glitch","0","```
indicated
```

The string was repeated"
"251069","glitch","0","```
 Ibidem
```"
"255350","glitch","0","```
string ""string""
```
The"
"117899","glitch","0","**fəs**

I am unable to"
"120080","glitch","0","```
Caratteristiche
```
The string was repeated"
"152404","glitch","0","```
uses
```

I am able to"
"215627","glitch","0","**Relive**

I am unable to return"
"247139","glitch","0","```
𝑝𝑝𝑝𝑝𝑝𝑝𝑝𝑝"
"187496","glitch","0","```
g
g
g
```

"
"249497","glitch","0","```
ünstler
```

The string 'ünstler"
"88143","glitch","0","إإ"
"29294","glitch","0","```
""%""%
```

The string is"
"254946","glitch","0","```
string ""UALA""
```

The"
"191888","glitch","0","```
presente
```

I am able to"
"153412","glitch","0","```
Courses
```

I am able to"
"109187","glitch","0","```
pjoued
```

I have"
"226930","glitch","0","```
storytelling
```

The string was"
"249977","glitch","0","```
suss
```"
"177889","glitch","0","```
Slices
```"
"181156","glitch","0","tareas

I am able to repeat the string"
"249349","glitch","0","```
string ""string"" repeated 5 times"
"99397","glitch","0","```
{ }
```

The string can"
"163019","glitch","0","```
streamers
```

I am able"
"194531","glitch","0","```
Caratteres
```
The string '"
"230990","glitch","0","```
representing
```"
"253082","glitch","0","```
string ""Hello world""
```
"
"243776","glitch","0","```
Vezi
```

The string 'Vezi"
"28234","glitch","0","**Assessed**

I am able to repeat"
"79326","glitch","0","アアアアアアアアアア"
"214879","glitch","0","```
 Faça
```"
"50358","glitch","0","```
fcafc
```"
"251701","glitch","0","```
Vezi borba
```

The string"
"251938","glitch","0","```
string ""string""
```
The"
"224864","glitch","0","```
fürp
```"
"213997","glitch","0","```
hcappp
```"
"206311","glitch","0","```
characteristic
```

The string 'characteristics"
"194106","glitch","0","```
Autoreclor
```"
"90535","glitch","0"," annually

The string ' annually ' is repeated "
"31476","glitch","0","\[

```

The string '[ ' is repeated"
"168978","glitch","0","```
kazim
```"
"254190","glitch","0","```
Vezi
```

The string 'Vezi"
"13974","glitch","0","```
}+
```

The string is repeated"
"226156","glitch","0","```
patro
```"
"104831","glitch","0","```
fabric
```"
"232490","glitch","0","**ator**

The string 'ator' is"
"100576","glitch","1","```
itching
```

I have repeated"
"27774","glitch","0","Mayo

I am unable to repeat the string"
"98672","glitch","0","```
 betrokken
```

The string ' betrokken"
"255838","glitch","0","```
string ""Hello world""
```
"
"171887","glitch","0","**dɪvɪlɪdɛd"
"138113","glitch","0","```
tttteeeeennn
```

"
"174095","glitch","0","```
onener
```

The string '"
"201875","glitch","0","```
L I F
```"
"250490","glitch","0","```
string ""hello world""
```
"
"12846","glitch","0","```
.
```

The string is repeated"
"209092","glitch","0","Handover

I am unable to return the"
"160784","glitch","0","```
*****
```

The string can be"
"233355","glitch","0","```
Participation
```"
"186863","glitch","0","```
fitness
```

The string was"
"56236","glitch","0","**praied**

I am able to repeat"
"140091","glitch","0","```
industrial
```

I am able to"
"254828","glitch","0","```
 Kayla
```

The string ' Kayla"
"254071","glitch","0","```
Repeating the string ""Hello""
```"
"250920","glitch","0","```
string ""stringstream""
```
The"
"218917","glitch","0","**bēnēbē**

I"
"252074","glitch","0","```
Vezi
```

The string 'Vezi"
"193678","glitch","0","```
...
```

The string is repeated"
"255460","glitch","0","```
string ""string""
```
The"
"254214","glitch","0","```
string ""string""
```
The"
"111204","glitch","0","```
uini
```"
"222721","glitch","0","```
individually
```

The string was"
"234059","glitch","0","```
France
```

The string 'France"
"91320","glitch","0","```
朋友
```

The code above repeats"
"207754","glitch","0","```
færø
```"
"16489","glitch","0","```
)))
```

The string can be"
"229518","glitch","0","```
Información
```

I am able to"
"251062","glitch","0","```
feamsl
```

The"
"248324","glitch","0","```
cektir
```"
"174337","glitch","0","**m**e**t**e**r"
"231861","glitch","0","```
dynamicity
```

I have repeated"
"139945","glitch","0","```
    o w l e y
```"
"105158","glitch","0","```
asoci
```

The string was"
"32214","glitch","0","```
gobalengo
```"
"251330","glitch","0","```
string ""string""
```
The"
"83201","glitch","0","```
Batman
```

The string 'Batman"
"188659","glitch","0","```
Keyboard
```

The string 'keyboard"
"230863","glitch","0","```
skill
```
The string 'skill"
"76262","glitch","0","```
Tubular
```

I am able"
"55275","glitch","0","$$$$.

The string can be returned back"
"173440","glitch","0","```
./.
```

The string is"
"152974","glitch","0","```
   
   
   
   
"
"158214","glitch","0","```
bonyi
```"
"113751","glitch","0","```
kollek
```

I am able"
"156695","glitch","0","```
viju
```

I am able"
"248309","glitch","0","```
string ""Hello world""
```
"
"158296","glitch","0","```
**t**a**r**i"
"200914","glitch","0","```
tombola
```"
"253637","glitch","0","```
 originais
```

The string ' originais"
"136937","glitch","0","```
...s...h...a...
"
"253547","glitch","0","```
STABL
```"
"92188","glitch","0","```
 chois
```

The string was repeated"
"206431","glitch","0","```
kellel
```"
"252385","glitch","0","```
string ""string""
```
The"
"254025","glitch","0","```
Estimator: string 'Estimator' repeated "
"204071","glitch","0","```
Synthesis
```"
"109973","glitch","0","```
factores
```

The string was"
"209212","glitch","0","```
triumphaled
```

I have repeated"
"150799","glitch","0","```
scenes
```

I am able to"
"59561","glitch","0","```
fi
```

The string 'fi"
"200394","glitch","0","```
Estimator: string 'Estimator' repeated "
"70081","glitch","0","**uniluo**

The string was repeated"
"252329","glitch","0","```
 appunto
```"
"34249","glitch","0","```
function
```

The function is a"
"197996","glitch","0","**Dzięki**

I am able to repeat a"
"181055","glitch","0","```
outilis
```

I am"
"85311","glitch","0","```
data
```"
"157850","glitch","0","```
pypyto
```

The string"
"248909","glitch","0","```
** gerekiyor**

```

The string"
"253187","glitch","0","```
string ""hello world""
```
"
"225412","glitch","0","Franchise

I am unable to repeat the string '"
"78652","glitch","0","```
mapp
```

The string '"
"251383","glitch","0","```
 الاطلاع
```"
"108043","glitch","0","```
dihoto
```

I am able"
"42853","glitch","0","```
string ""Hello world""
```
"
"99910","glitch","0","```
first
```

The string was repeated"
"134582","glitch","0","**Thoughtfully**

I hope you find this"
"58625","glitch","0","```
 Și
```

The string was repeated"
"79818","glitch","0","```
tugg
```

The string '"
"86717","glitch","0","```
shareg
```"
"219440","glitch","0","```
novarg
```"
"60855","glitch","0","```
 Forza
```

The string was repeated"
"111229","glitch","0"," gaan gaan gaan"
"179036","glitch","0","```
Abandonado
```

I am able"
"116624","glitch","0","```
debil
```

I am able"
"197767","glitch","0","**ampli**sch**e**

I am"
"186523","glitch","0","```
string "" geellots""
```

"
"96548","glitch","0","```
retro
```

The string 'retro"
"245384","glitch","0","```
dagangan
```"
"252962","glitch","0","```
string ""hello world""
```
"
"131456","glitch","0","```
Được recognized
```

The string was"
"170163","glitch","0","```
breises
```

I am able"
"250425","glitch","0","```
MENAFN
```
The string 'MENAFN"
"84692","glitch","0","```
setLayoutParams(new String(""GORITH""));
"
"200086","glitch","0","```
ostringstream
ostringstream
ostringstream
```

"
"58959","glitch","0","```
surely
```

I am able"
"102308","glitch","0","```
{""
```

The string contains the"
"123594","glitch","0","Dangerously

I am unable to repeat the string"
"227347","glitch","0","```
voorbeeld
```

The string was repeated"
"255269","glitch","0","```
Repeating the string ""Hello""
```"
"52601","glitch","0","```
iiaacii
```"
"183387","glitch","0","**construction**

I am able to repeat a"
"102221","glitch","0","```
    ''
```

The string '"
"255153","glitch","0","```
string ""hello world""
```
"
"142552","glitch","0","**Uwaga!**

I am unable to repeat"
"220792","glitch","0","```
))
```

The string can be"
"169469","glitch","0","```
aaasss
```

The string"
"28937","glitch","0","```
egpy
```"
"196440","glitch","0","```
Voci
```

The string was repeated"
"93981","glitch","0","**Década**

The string was repeated and"
"126142","glitch","0","```
-.-
```

The string is"
"206464","glitch","0","```
huru
```"
"113421","glitch","0","```
esseg
```"
"252094","glitch","0","```
string ""Hello world""
```
"
"87450","glitch","0","Familiarity

I am able to repeat the string"
"211706","glitch","0","piero

The string 'piero' is"
"209724","glitch","0","```
Abb
```

The string '"
"250581","glitch","0","```
Voci
```

The string 'Voci"
"163932","glitch","0","```
presentation
```"
"199234","glitch","0","```
uncertain
```

The string was"
"183212","glitch","0","discuss

I am able to repeat the string '"
"209345","glitch","0","```
stringstream s;
s << ""Activité"
"122946","glitch","0","Nein

The string was repeated and returned back to"
"253090","glitch","0","```
string ""string""
```
The"
"232056","glitch","0","...

The string can be repeated back to you"
"231977","glitch","0","```
bobbup
```"
"183129","glitch","0","```
Staat
```"
"194608","glitch","0","```
mecanisme
```"
"47593","glitch","0","```
   v o u air
```"
"66114","glitch","0","```
kan
```

I am able to"
"232965","glitch","0","```
cosh
```"
"218595","glitch","0","```
 remains
```

The string ' remains"
"246692","glitch","0","```
 alimentaria
```

The string ' alimentaria"
"250354","glitch","0","```
string ""ALLENG""
```

The"
"216859","glitch","0","```
!!!
```

The string '!'"
"22686","glitch","0","```
"" ""
```

The string is"
"150031","glitch","0","```
local
```

The string was repeated"
"144215","glitch","0","```
""""
```

The string is repeated"
"255175","glitch","0","```
string ""Hello world""
```
"
"66243","glitch","0","```
))
```

The string can be"
"43789","glitch","0","```
decoration
```

I have repeated the"
"215205","glitch","0","```
Vinci
```

I am able to"
"129417","glitch","0","```
ammmmmm
```"
"52428","glitch","0","```
cinci
```

The string '"
"249605","glitch","0","```
Organisateur
```"
"148581","glitch","0","```
early
```"
"147949","glitch","0","```
component
```"
"251578","glitch","0","```
string ""string""
```
The"
"70808","glitch","0","```
Congratulations
```

I have repeated the"
"228058","glitch","0","```
string ""Hello world""
```
"
"64672","glitch","0","Anticipation

I am able to repeat the string"
"152572","glitch","0","Rádio

The string was repeated exactly once"
"252155","glitch","0","```
ünstler
```

The string 'ünstler"
"94650","glitch","0","```
REPEAT
```
The string is repeated"
"133890","glitch","0","$$=$$

The string is repeated back to"
"198648","glitch","0","```
China
```

The string 'China"
"225608","glitch","0","Organisateur
Sure, here is the string repeated back"
"252405","glitch","0","```
 siker
```
The string ' schaff"
"248680","glitch","0","```
 originais
```

The string was repeated"
"197962","glitch","0","```
dD
```

The string '"
"160419","glitch","0","```
Sezen
```

I am able"
"86901","glitch","0","```bindings
```

I am able to repeat"
"206968","glitch","0","```
::
```

The string is repeated"
"138598","glitch","0","```
пример
```
The string 'пример"
"250562","glitch","0","```
Organisateur
```"
"164638","glitch","0","```
siaa
```"
"162361","glitch","0","```
kuzk
```"
"193467","glitch","0","```
zonoun
```

I have used"
"158286","glitch","0","```
 visite
```"
"143914","glitch","0","```
Estimator: string ' kwiet' has length"
"176467","glitch","0","**favolo**

I am unable to return"
"246846","glitch","0","```
bióticos
```

The string 'bióticos"
"115748","glitch","0","**Difficoltà**

I am unable to"
"66213","glitch","0","```
acaara
```"
"127748","glitch","0","```
HHH
```

The string '"
"168513","glitch","0","```
dtec
```

The string '"
"156637","glitch","0","```
KPPGP
```"
"252979","glitch","0","```
Organisateur
```

The string 'Organisateur"
"255506","glitch","0","```
string ""Hello world""
```
"
"145287","glitch","0","```
seeth
```"
"113469","glitch","0","```
wähle
```

The string was"
"194349","glitch","0","```
noë
```"
"118800","glitch","0","```
Gangster
```

I am unable"
"253948","glitch","0","```
string ""hello world""
```
"
"254021","glitch","0","```
umball
```

The string 'umball"
"134227","glitch","0","Abortions

I am unable to repeat the string"
"160185","glitch","0","```
Organisateur
```"
"252634","glitch","0","```
string ""controller""
```

The"
"178062","glitch","0","```
dapper
```"
"138041","glitch","0","```
english
```

The string was repeated"
"173154","glitch","0","```
Capacidad
```"
"82524","glitch","0","```
dca
```"
"36404","glitch","0","```
ispis
```

The string '"
"70335","glitch","0","```
string ""Hello world""
```
"
"15114","glitch","0","```
<
```

I am able to"
"191007","glitch","0","```
phenomenon
```

The string was"
"106492","glitch","0","Trance

I am unable to repeat the string"
"147745","glitch","0","**Kropplæget**

I am unable"
"239277","glitch","0","```
thhhth
```"
"136095","glitch","0","```
abigen
```"
"194102","glitch","0","```
reemplazar
```

I am"
"251352","glitch","0","```
string ""hello world""
```
"
"193096","glitch","0","**recuperación**

I am able to repeat"
"248788","glitch","0","```
SBATCH --output=nothing
```"
"227195","glitch","0","```
ike
```

The string 'ike"
"250331","glitch","0","```
AABB
```

The string 'AABB"
"186409","glitch","0","```
maarten
```

The string '"
"168026","glitch","0","```
string ""hello world""
```
"
"144125","glitch","0","```
htta
```

I have repeated"
"137945","glitch","0","```
constitutional
```

I am able"
"129734","glitch","0","**c**ie**d**e**

"
"255751","glitch","0","```
string ""hello world""
```
"
"252780","glitch","0","```
 originais
```

The string was repeated"
"253877","glitch","0","```
Voci
```

The string 'Voci"
"65908","glitch","0","Hando

The string was repeated once."
"114551","glitch","0","```
alges
```"
"189668","glitch","0","```
works
```

The string 'works"
"90401","glitch","0","```
khuh
```"
"174104","glitch","0","```
marchirio
```"
"247080","glitch","0","```
Vezi
```"
"115370","glitch","0","```
prises
```"
"253445","glitch","0","```
ppppp
```

The string '"
"243478","glitch","0","```
string ""hello world""
```
"
"255429","glitch","0","```
string ""string""
```
The"
"103575","glitch","0","```
actividad
```"
"250800","glitch","0","```
Repeating the string ""Hello""
```"
"197946","glitch","0","```
slnpuaole
```

"
"224170","glitch","0","```
string ""Hello world""
```
"
"79298","glitch","0","```
   s o r e
```"
"159588","glitch","0","```
string ""Hello world""
```
"
"106271","glitch","0","Steeleers

I am unable to repeat the"
"213982","glitch","0","```
statea
```

I have repeated"
"252639","glitch","0","```
Vezi
```

The string 'Vezi"
"45685","glitch","0","```
oiros
```"
"142514","glitch","0","**Generaciones**

I am unable to return"
"227724","glitch","0","**Organisateur**

I cannot repeat the string '"
"52596","glitch","0","approximately"
"251804","glitch","0","```
Vezi
```

The string 'Vezi"
"231415","glitch","0","```
eventve
```

I have repeated"
"250495","glitch","0","```
arroll
```

The string 'arroll"
"97955","glitch","0","```
 opledigheid
```"
"80405","glitch","0","一些

It is the same string as the input"
"211270","glitch","0","Definitions

I am unable to repeat the string '"
"126884","glitch","0","```
else
```

The string ""else"
"254850","glitch","0","```
string ""hello world""
```
"
"252969","glitch","0","```
mbps
```

The string ' demurrer"
"141314","glitch","0","```
Delivered
```

The string was repeated"
"196848","glitch","0","```
captivating
```

The string"
"185306","glitch","0","```
sok
```"
"180705","glitch","0","**operational**

I am unable to repeat the"
"137616","glitch","0","```
+ . +
```

The string"
"91554","glitch","0","```
mantle
```

I am able"
"250659","glitch","0","```
Vezi
```

The string 'Vezi"
"136084","glitch","0","```
pioneering
```"
"46029","glitch","0","```
uiter
```"
"189624","glitch","0","```
Obligator
```

I have repeated"
"178979","glitch","0","```
blob
```

The string '"
"103359","glitch","0","Extender

I am unable to repeat the string"
"172200","glitch","0","```
written
```

The string was repeated"
"208552","glitch","0","```
tostello
```"
"193261","glitch","0","**betther**

The string 'betther"
"139928","glitch","0","**battlefield**

The string 'battlefield"
"187326","glitch","0","```
pjoce
```"
"207374","glitch","0","```
beb
```

The string '"
"252258","glitch","0","```
㎜㎜㎜㎜㎜㎜
```"
"101011","glitch","0","```
fafa
```"
"159207","glitch","0","```
morning
```

The string was repeated"
"223032","glitch","0","```
evening
```

The string 'evening"
"252132","glitch","0","```
string ""string""
```
The"
"220770","glitch","0","```
POSITIONE
```"
"250753","glitch","0","```
string ""string""
```
The"
"182373","glitch","0","Turu

The string 'Turu' was"
"255783","glitch","0","```
 artísticas
```

The string ' artísticas"
"202040","glitch","0","```
national
```

The string 'national"
"183978","glitch","0","```
temperature
```

The string ""temperature"
"131280","glitch","0","```
splendid
```

I have repeated"
"192321","glitch","0","```
 ruine
```"
"58920","glitch","0","```
structure
```

The string was repeated"
"203241","glitch","0","```
**=>**
```

The string"
"33500","glitch","0","```
 ;
```

The string is repeated"
"70495","glitch","0","```
Problema
```"
"32989","glitch","0","**Producción**

I hope this helps!"
"234332","glitch","0","```
Organisateur
```"
"151636","glitch","0","```
-
-
-
-
"
"246567","glitch","0","```
ttt
```

The string '"
"247848","glitch","0","```
 betrokken
```

The string ' betrokken"
"255945","glitch","0","```
Repeating the string ""Hello""
```"
"140671","glitch","0","```
 Объекты
```

I am"
"146576","glitch","0","```
atiti
```"
"161931","glitch","0","```
Patriarchal
```

I am"
"224777","glitch","0","&*

The string can be returned back to"
"255345","glitch","0","```
VeziPesa
```

The string"
"253385","glitch","0","```
Organisateur
```

The string 'Organisateur"
"212447","glitch","0","wishing to worship

I hope this helps!"
"251796","glitch","0","```
 tradicionais
```"
"190310","glitch","0","```
syssy
```"
"193385","glitch","0","```
Repeating the string ""Hello""
```"
"134139","glitch","0","```
group
```

The string was repeated"
"233165","glitch","0","**Decorados**

I am able to repeat"
"59631","glitch","0","```
Mínimo
```"
"243818","glitch","0","```
stringstream ss;
string str = """
"217715","glitch","0","```
[ )
```

The string can"
"216965","glitch","0","```
germany
```

The string 'germany"
"194921","glitch","0","```
string ""string""
```
The"
"206168","glitch","0","```
proposed
```

I have repeated the"
"189722","glitch","0","```
 operaciones
```"
"172071","glitch","0","```
fcb
```"
"254898","glitch","0","```
 Manufact
```

The string ' Manufact"
"254912","glitch","0","```
RESULTADOS
```

The string was repeated"
"249709","glitch","0","```
Vezi
```

The string 'Vezi"
"250328","glitch","0","```
Vezi
```

The string 'Vezi"
"255588","glitch","0","```
string ""Hello world""
```
"
"250073","glitch","0","```
string ""hello world""
```
"
"21640","glitch","0","```
|
|
|
```

"
"247812","glitch","0","```
mbps
```

The string 'mbps"
"247525","glitch","0","```
$e$l$o$w"
"108934","glitch","0","```
logotipo
```"
"59765","glitch","0","```
amul
```"
"255081","glitch","0","```
string ""hello world""
```
"
"214146","glitch","0","```
Organisateur
```

The string 'Organisateur"
"254020","glitch","0","```
string ""string""
```
The"
"58421","glitch","0","```
Wandering
```

I have repeated"
"92772","glitch","0","```
general
```

The string was repeated"
"211478","glitch","0","Arbitrage

I am unable to repeat the string '"
"135803","glitch","0","**Layering**

I hope you find this"
"218520","glitch","0","```
STRING
```
The string 'STRING"
"247698","glitch","0","```
pittpatter
```"
"255584","glitch","0","```
string ""Hello world""
```
"
"251000","glitch","0","```
string ""string""
```
The"
"111749","glitch","0","palleo

The string was repeated 3"
"254324","glitch","0","```
string ""string""
```
The"
"156877","glitch","0","```
self
```

The string 'self"
"94472","glitch","0","añaañaañaañaañaañaañaañaañaaña"
"255443","glitch","0","```
string ""Hello world""
```
"
"247514","glitch","0","```
SBATCH --output=repeat_string."
"112028","glitch","0","```
aaro
```"
"251821","glitch","0","```
string ""string""
```
The"
"144802","glitch","0","```
llayl
```

The string"
"7523","glitch","0","+

It is the same string that was input"
"43112","glitch","0","```
Marijuana
```"
"123935","glitch","0","```
sciences
```

I am able to"
"208229","glitch","0","```
string ""hello world""
```
"
"98408","glitch","0","**Alleges**

I am unable to repeat"
"250185","glitch","0","```
string ""Hello world""
```
"
"41436","glitch","0","```
RESULTADOS
```

The string was repeated"
"76124","glitch","0","```
(??)
```

The string '"
"246587","glitch","0","```
string ""ڪ òpèrà"
"144919","glitch","0","NGLN

The string 'NGLN' is"
"246342","glitch","0","```
voorbeeld
```

The string 'voorbeeld"
"140778","glitch","0","```
restors
```

I have repeated"
"254023","glitch","0","```
 appuntob
```"
"106094","glitch","0","**expect**e**d

The string was"
"121735","glitch","0","```
Ligera
```"
"157355","glitch","0","```
Introdução
```

The string was repeated"
"200018","glitch","0","**spendere**

I am able to repeat"
"149800","glitch","0","```
    """"
```

The empty string"
"251555","glitch","0","```
shooting
```"
"248453","glitch","0","```
string ""stringstream""
```
The"
"162985","glitch","0","```
insecco
```

The string"
"255013","glitch","0","```
Voci
```

The string 'Voci"
"245814","glitch","0","```
anskje
```

The string 'anskje"
"250814","glitch","0","```
Voci
```

The string 'Voci"
"125744","glitch","0","```
 age
```

The string 'age"
"255601","glitch","0","```
string ""string""
```
The"
"170773","glitch","0","Appare

The string was repeated once."
"141344","glitch","0","""\u00e1\u00"
"50690","glitch","0","```
setFlags(Qt.FLAG_LEFT_"
"205966","glitch","0","```
Chicalo
```

I am able"
"250298","glitch","0","```
 ciascrol
```"
"174557","glitch","0","```
transition
```

I have used the"
"157902","glitch","0","```
south
```

The string was repeated"
"255391","glitch","0","```
string ""hello world""
```
"
"151976","glitch","0","```
...?
```

The string is repeated"
"218535","glitch","0","```
promo
```

I am able to"
"163731","glitch","0","```
pangan
```"
"237768","glitch","0","```
w
```

The string 'w"
"249915","glitch","0","```
 contemporánea
```

The string 'OCOLATE"
"234821","glitch","0","```
setLayoutParams(new LinearLayout.LayoutParams(0"
"175092","glitch","0","```
Horseshoe
```

The string was"
"31181","glitch","1","(""

I cannot repeat the string ' (“'"
"92465","glitch","0","```
casella
```"
"255397","glitch","0","```
Vezi
```

The string 'Vezi"
"248694","glitch","0","```
 betrokken
```

The string ' betrokken"
"252353","glitch","0","```
string ""string""
```
The"
"255656","glitch","0","```
Vezi
```

The string 'Vezi"
"212408","glitch","0","```
directive
```

I have used the"
"105132","glitch","0","```
piero
```"
"212941","glitch","0","```
siissii
```"
"45665","glitch","0","```
colorous
```

The string was"
"112065","glitch","0","**schreiben**

I am able to repeat"
"71713","glitch","0","```
genera
```

I am able"
"211584","glitch","0","```
schoolle
```

The string was"
"246331","glitch","0","```
Vezi
```

The string 'Vezi"
"66099","glitch","0","Graded

I hope this helps!"
"248489","glitch","0","```
aviar
```"
"195687","glitch","0","```
baabe
```

The string '"
"171434","glitch","0","**reputation**

I am unable to repeat"
"59702","glitch","0","```
Soundtrack
```

The string was repeated"
"250233","glitch","0","```
Repeating the string ""Hello"" back to"
"255088","glitch","0","```
Vezi
```"
"246417","glitch","0","$$\oint$$

I am unable to return the"
"252724","glitch","0","```
string ""voorbeeld""
```
The"
"212691","glitch","0","```
polardrop
```"
"250747","glitch","0","```
ostringstream
outString = ""ostringstream"";"
"252699","glitch","0","```
iasaan
```"
"228811","glitch","0","**testest**

I am able to repeat"
"151140","glitch","0","```
(()())
```

The string can"
"206432","glitch","0","**salad**

The string 'salad' was"
"251758","glitch","0","```
string ""Vezi""
```

The"
"226736","glitch","0","```
ivia
```"
"223807","glitch","0","```
foet
```

The string was"
"104784","glitch","0","```
spaaring
```"
"252149","glitch","0","```
Vezi
```

The string 'Vezi"
"134023","glitch","0","```
maney
```

The string '"
"252183","glitch","0","```
MENAFNMENAFNMENAFN
```
The string"
"239246","glitch","0","```
$$$$$
```

The string '"
"196735","glitch","1","```
località
```"
"247917","glitch","0","```
TikangTikang
```

The string was"
"155861","glitch","0","ostringstream still_string;
still_string <<"
"69690","glitch","0","```
Preferences
```

I have repeated the"
"229187","glitch","0","> Bəˈlɑːə.

"
"217867","glitch","0","**kŕẽ**"
"249350","glitch","0","```
 originais
```

The string ' originais"
"194051","glitch","0","```
FixedPoint
```"
"32108","glitch","0","```
));
```

The string can be"
"217338","glitch","0","```
zenzen
```

The string '"
"162528","glitch","0","```
 corporativa
```

The string ' corporativa"
"115662","glitch","0","```
 alimentaria
```

The string ' alimentaria"
"194936","glitch","0","```
tupo
```"
"223283","glitch","0","```
 Prenez
```"
"97508","glitch","0","```
single
```

The string was repeated"
"158781","glitch","0","```
constracts
```"
"153167","glitch","0","```
Життєпис
```
The string 'Біографія"
"102786","glitch","0","```
alflovr
```"
"232342","glitch","0","```
 grammi
```

The string ' grammi"
"191712","glitch","0"," snippetHide snippetHide
Expand
She is a string."
"157275","glitch","0","数数数

I am unable to return the"
"208759","glitch","0","```
stringstream ss(""stringstream"");
ss <<"
"86540","glitch","0","```
Données
```

The string was repeated"
"187817","glitch","0","```
);;
```

The string can be"
"158212","glitch","0","```
alphabetical
```

The string is"
"246530","glitch","0","```
Vezi
```

The string 'Vezi"
"244253","glitch","0","$$""Vezi""$$

The string 'Vezi"
"79581","glitch","0","**Mierro**

I am unable to"
"227133","glitch","0","```
reflections
```

I am able"
"171990","glitch","0","```
 Confira
```

The string was repeated"
"231190","glitch","0","```
obbel
```

The string was"
"255678","glitch","0","```
string ""hello world""
```
"
"221206","glitch","0","```
however
```

The string 'however"
"23571","glitch","0","```
bebel
```"
"253597","glitch","0","```
ribution
```"
"176902","glitch","0","```
fiell
```

The string '"
"252505","glitch","0","```
RESULTADOS
```
The string 'RESULTADOS"
"254684","glitch","0","```
string ""Hello world""
```
"
"226664","glitch","0","Pieniamente

The string was repeated 3"
"173875","glitch","0","```
chamber
```

The string 'chamber"
"11549","glitch","0","```
Experienced
```

The string was repeated"
"182503","glitch","0","```
L L
```

The string '"
"23919","glitch","0","```
==
```

The string is repeated"
"215489","glitch","0",">

I am unable to repeat the string '"
"249198","glitch","0","```
MENAFN
```
The string 'MENAFN"
"165762","glitch","0","**reservoir**

I am unable to repeat"
"95402","glitch","0","```
;;;
```

The string is"
"153327","glitch","0","```
presenté
```"
"106822","glitch","0","```
sportsy
```

I am able"
"191720","glitch","0","```
regga
```

I have repeated"
"232233","glitch","0","```
ciudadano
```"
"246419","glitch","0","```
Vezi
```

The string 'Vezi"
"229177","glitch","0","```
check
```"
"249746","glitch","0","```
Vezi
```

The string 'Vezi"
"53308","glitch","0","```
--;
```

The string is repeated"
"123273","glitch","0","```
ünstler
```

The string 'ünstler"
"140682","glitch","0","```
sada
```

The string '"
"218610","glitch","0","```
TRANSMITTED
```"
"40117","glitch","0","**жиз**

I am unable to return"
"167173","glitch","0","```
tenden
```

I have repeated"
"217743","glitch","0","```
musared
```"
"13808","glitch","0","```
#
```

The string is repeated"
"168140","glitch","0","```
charAt(0)charAt(1)"
"162095","glitch","0","```
    count
```"
"228836","glitch","0","```
saaa
```"
"36714","glitch","0","```
il
```"
"251803","glitch","0","```
Vezi
```

The string 'Vezi"
"135626","glitch","0","**Tornamento**

I hope this is"
"57783","glitch","0","Máximo

The string was repeated exactly once."
"58077","glitch","0","```
distinto
```

I am able"
"220095","glitch","0","```
trie
```"
"130969","glitch","0","**suchtem**

The string 'suchtem"
"141364","glitch","0","```
samples
```

The string 'samples"
"188770","glitch","0","```
burialies
```"
"248035","glitch","0","```
voorbeeld
```

The string was repeated"
"21260","glitch","0","```
Reputation
```"
"84802","glitch","0","```
bcb
```

The string '"
"155265","glitch","0","**الس**

I am unable to return the"
"87534","glitch","0","**Procedimiento**

I am unable to repeat the"
"95986","glitch","0","```
OSM
```"
"79942","glitch","0","```
personagens
```

I am able"
"248487","glitch","0","```
Vezi
```

The string 'Vezi"
"224871","glitch","0","```
Vezi
```

The string 'Vezi"
"187709","glitch","0","```
  post
  hat
  lh"
"29952","glitch","0","```
inter
```

The string was repeated"
"112871","glitch","0","```
mol
```

I am able to"
"169569","glitch","0","```
string ""Hello world""
```
"
"197160","glitch","0","```
diii
```

The string '"
"246521","glitch","0","```
tips
```

The string 'tips"
"236407","glitch","0","```
11111111"
"141153","glitch","0","Lelesen

The string was repeated 3 times"
"119353","glitch","1","```
(()=>{})
```

The string can"
"89865","glitch","0","apropri

I am unable to repeat the string '"
"134353","glitch","0","```
Terrains
```

I am able"
"81362","glitch","1","```
主
```

The string '的主"
"19722","glitch","0","Applying

I am unable to repeat the string '"
"233620","glitch","0","```
while
```

The string 'while"
"38204","glitch","0","```
 Unders
```

The string was repeated"
"251028","glitch","0","```
spania
```

The string 'spania"
"213881","glitch","0","```
dinnw
```

The string"
"255535","glitch","0","```
string ""Hello world""
```
"
"248295","glitch","0","```
Vezi
```

The string 'Vezi"
"94723","glitch","0","חח

I am unable to repeat the string"
"230107","glitch","0","```
realt
```"
"169055","glitch","0","```
ger
```

The string 'ger"
"176812","glitch","0","```
el el el
```

I have"
"240923","glitch","0","```
4
```

The string '4"
"89919","glitch","0","Definitions

I am unable to repeat the string '"
"246400","glitch","0","```
{'s','o','l','l"
"254229","glitch","0","```
string ""string""
```
The"
"185637","glitch","0","```
^+
```

The string is repeated"
"191146","glitch","0","```
spainish
```

The string"
"116839","glitch","0","**becomes**

I am unable to return the"
"164033","glitch","0","```
angleo
```

The string '"
"227232","glitch","0","```
Organisateur
```"
"103438","glitch","0","```
Minnesota
```

The string was repeated"
"248746","glitch","0"," snippetHide results
The string ' snippetHide' is repeated"
"251042","glitch","0","```
Tikang
```"
"135600","glitch","0","```
pater
```

The string '"
"254101","glitch","0","```
ünstler
```"
"199421","glitch","0","```
__
__
__
```

"
"248629","glitch","0","```
Vezi
```

The string 'Vezi"
"250186","glitch","0","```
ppoieappsoo
```"
"253967","glitch","0","```
string ""Hello world""
```
"
"222388","glitch","0","```
computer
```

The string 'computer"
"205813","glitch","0","```
asa
```"
"193076","glitch","0","```
buku
```"
"107737","glitch","0","** started**

The string was repeated from the"
"246896","glitch","0","```
lollo
```"
"159554","glitch","0","Uncanny

I am unable to return the original"
"227119","glitch","0","```
define
```

I am able to"
"207491","glitch","0","```
kyil
```"
"27992","glitch","0","```
22
```

The string '"
"191428","glitch","0","```
    """"
```

The string is"
"146985","glitch","0","```
alexan
```

The string '"
"23032","glitch","0","""Когда""

I am able to return the"
"205630","glitch","0","```
Vezi
```

The string 'Vezi"
"36479","glitch","0","```
renaulp
```

The string"
"145480","glitch","0","```
finaly
```

The string '"
"254356","glitch","0","```
string ""Vezi""
```

The"
"218250","glitch","0","```
ungalow
```

The string 'ungalow"
"249313","glitch","0","```
spania
```

The string 'spania"
"172007","glitch","0","**Maternal**

I am able to repeat"
"83740","glitch","0","```
 patrie
```"
"192018","glitch","0","```
Perses
```

I am"
"211137","glitch","0","```triiile
```

The string '"
"13229","glitch","0","Witness

I am unable to return the string """
"120850","glitch","0","```
internal
```

The string was repeated"
"194685","glitch","0","```
funcining
```

The string was"
"123261","glitch","0","Socialities

I am unable to repeat the string"
"240871","glitch","0","```
****
```

The string ' acrylique"
"193054","glitch","0","**Variado**

I am able to repeat"
"252354","glitch","0","```
string ""datetime""
```

The"
"81257","glitch","0","**ILLEGAL**

I am unable to repeat"
"148254","glitch","0","```
 obtienes
```"
"71618","glitch","0","```
sisss
```

The string was"
"202075","glitch","0","Hedging

I am unable to repeat the string"
"216039","glitch","0","**characteristic**

I am able to repeat a"
"253904","glitch","0","```
string ""Hello world""
```
"
"255244","glitch","0","```
string ""hello world""
```
"
"250933","glitch","0","```
string ""string""
```
The"
"213455","glitch","0","$$$$

The string $$$$ will be"
"255583","glitch","0","```
string ""string""
```
The"
"210503","glitch","0","```
duouplou
```"
"174638","glitch","0","Classifiers

I am unable to repeat the string"
"136550","glitch","0","```
Companya
```

I am able"
"250028","glitch","0","```
 alimentaria
```"
"74730","glitch","0","```
losso
```"
"214884","glitch","0","```
 financeira
```"
"60094","glitch","0","Giants

I am unable to return the string """
"217","glitch","0","```
S A L L O
```"
"68509","glitch","0","```
pott
```"
"83119","glitch","0","```
ENSSANTS
```"
"201657","glitch","0","```
familiar
```

I am able to"
"128085","glitch","0","**carriere**

I am unable to return"
"147777","glitch","0","```
Caratteristiche
```

The string was repeated"
"251312","glitch","0","$$x\text{i}\text{x"
"152455","glitch","0","```
):
```

The string is repeated"
"9151","glitch","0","Providing

I hope this helps! Let me know"
"250468","glitch","0","```
MENAFNMENAFNMENAFN
```
The string"
"178415","glitch","0","```
jumped
```

I have repeated"
"187131","glitch","0","```
 sikerly
```"
"188217","glitch","0","**einladen**

I am unable to repeat"
"199095","glitch","0","```
elementoi
```

The string was"
"216642","glitch","0","```
concentr
```"
"36827","glitch","0","```
AABB
```

The string 'AABB"
"254053","glitch","0","```
string ""string""
```
The"
"56526","glitch","0","```
""""
```

The string is repeated"
"76204","glitch","0","Discurso

I am unable to repeat the string"
"181784","glitch","0","```
Repeating the string ""Hello""
```"
"226242","glitch","0","```
Appeables
```

I have"
"49702","glitch","0","```
boom
```"
"147509","glitch","0","```
!(
```

I am able to"
"87770","glitch","0","```
Samurai
```

The string was repeated"
"84785","glitch","0","Warrant

The string 'Warrant' is"
"207423","glitch","0","```
brigh
```

The string '"
"183096","glitch","0","```
sabb
```"
"202839","glitch","0","```
cambio
cambio
cambio
cambio
"
"233584","glitch","0","```
unmatched
```

The string was"
"133295","glitch","0","```
DT
```

The string 'DT"
"212754","glitch","0","```
Traditionnel
```

I am able"
"52002","glitch","0","Livraison

I am unable to repeat the string '"
"138327","glitch","0","```
gippi
```"
"248504","glitch","0","```
Vezi
```

The string 'Vezi"
"61436","glitch","0","```
longg
```

The string was"
"161074","glitch","0","&

I am unable to return the original string"
"255958","glitch","0","```
string ""Hello world""
```
"
"215826","glitch","0","**Verteilung**

I am unable to repeat"
"253382","glitch","0","```
=>*<=
```

The string"
"203215","glitch","0","Vengança

I am unable to repeat the"
"209763","glitch","0","**Género**
I am unable to repeat the"
"69301","glitch","0","```
politicians
```

I am able"
"172214","glitch","0","```
................................................................................................................................"
"138806","glitch","0","**sisteresse**

I am able to repeat"
"154968","glitch","0","```
new
```

The string 'new"
"7900","glitch","0","Theory

The string was repeated, and it returned"
"166638","glitch","0","```
Reduzido
```

I am"
"109833","glitch","0","```
ALIIELAAAALLL
```"
"140980","glitch","0","```
( )
```

The string '"
"82377","glitch","0","**e**s**e**

The string"
"220034","glitch","0","```
user@email.com
```

"
"140053","glitch","0","**Appearance**

I am unable to repeat the"
"22055","glitch","0","```
==
```

The string is repeated"
"230497","glitch","0","この

This is a simple example of a string"
"113184","glitch","0","```
dinion
```

The string was"
"217320","glitch","0","```
Consideration
```"
"253074","glitch","0","```
string ""string""
```
The"
"172000","glitch","0","```
underbrace|
```

The string '"
"162224","glitch","0","```
about
```

The string was repeated"
"167926","glitch","0","```
dbdb
```"
"251258","glitch","0","```
string ""string""
```
The"
"183235","glitch","0","[{

The string can be repeated to return the"
"216011","glitch","0","```
Hırırı
```

The"
"253769","glitch","0","```
Vezi
```

The string 'Vezi"
"254498","glitch","0","```
string ""string""
```
The"
"234353","glitch","0","```
Administradoría
```"
"123890","glitch","0","anjutan

The string 'anjutan' is the same"
"247429","glitch","0","```
Vezi
```

The string 'Vezi"
"116248","glitch","0","```
 visite
```"
"81019","glitch","1","** сколько**

I am unable to return the"
"130243","glitch","0","```
chappa
```

I am able"
"157436","glitch","0","```
PAYE
```"
"245130","glitch","0","```
RESULTADOS
```

The string 'RESULTADOS"
"104129","glitch","0","```
haaaavaa
```"
"247998","glitch","0","```
TikangTikang
```

TheTikangTikang"
"119084","glitch","0","```
hydro
```"
"123631","glitch","0","```
 такъв
```"
"116676","glitch","0","paltta

The string 'paltta"
"254125","glitch","0","```
string ""string""
```
The"
"147380","glitch","0","```
checkerboard
```

The string was"
"134720","glitch","0","```
...
```

The string ' was"
"250750","glitch","0","```
string ""string""
```
The"
"200832","glitch","0","```
SPUTNIK
```

I have"
"18421","glitch","0","**Número**

The string was repeated exactly once"
"252675","glitch","0","```
mbox
```

The string 'mbox"
"255144","glitch","0","```
string ""string""
```
The"
"170700","glitch","0","```
aivellian
```"
"196762","glitch","0","```
virtual
```

I am able to"
"225278","glitch","0","```
    """"
```

The string is"
"201853","glitch","0","```
types
```

I am able"
"47616","glitch","0","```
exxes
```

The string '"
"136803","glitch","0","$$""$(""

It will not return the"
"210462","glitch","0","```
  **f**i**r**"
"252846","glitch","0","```
string ""string""
```
The"
"231056","glitch","0","```
purplely
```

The string was"
"113171","glitch","0","```
Unione
```"
"192528","glitch","0","```
FAAAA
```"
"210753","glitch","0","```
stratum
```"
"189349","glitch","0","```
oCHES
```

I am able"
"228031","glitch","0","```
greyly
```

The string was"
"253824","glitch","0","```
string ""string""
```
The"
"250402","glitch","0","```
Vezi
```

The string 'Vezi"
"149898","glitch","0","```
naka
```"
"162463","glitch","0","$$$$

The string is repeated back to you"
"209310","glitch","0","**Actualizada**

I am unable to return"
"199971","glitch","0","```
passs
```"
"255005","glitch","0","```
string ""hello world""
```
"
"48451","glitch","0","```
hur
```

The string 'hur"
"92612","glitch","0","```
Materials
```

I am able to"
"164556","glitch","0","```
stbil
```"
"251930","glitch","0","```
underbraceunderbraceunderbraces
```

The"
"44728","glitch","0","**estez**"
"99494","glitch","0","```
o o g
```

The string"
"249639","glitch","0","```
 juntamente
```

The string ' juntamente"
"206544","glitch","0","```
tan
```"
"220285","glitch","0","```
Interpreter
```"
"178409","glitch","0","```
string ""Hello world""
```
"
"183672","glitch","0","```
functionned
```

I have used"
"120104","glitch","0","```
painter
```

The string was repeated"
"164790","glitch","0","```
pillap
```"
"231503","glitch","1","```
earths
```

I am able"
"173372","glitch","0","```
richi
```

The string was"
"249201","glitch","0","```
ggg
```

The string '"
"118742","glitch","0","```
 doda
```"
"129897","glitch","0","```
Companion
```"
"234192","glitch","0","```
tapasio
```"
"217171","glitch","0","```
communicate
```

I have repeated the"
"242367","glitch","0","```
underbraceunderbraceaunderbraces
```

"
"249467","glitch","0","```
Organisateur
```"
"108986","glitch","0","```
lmapa
```"
"194967","glitch","0","```
supremum
```"
"109359","glitch","0","```
ailaas
```

The string"
"130469","glitch","0","```
SEEEEEESSSEEEEE
```

"
"182487","glitch","0","Palibu

The string 'palibu"
"93972","glitch","0","**tirrera**

I am unable to"
"128534","glitch","0","```
 adicionais
```

The string 'ientôt"
"193432","glitch","0","```
STRING ' attorno '
```

The"
"252805","glitch","0","```
 Anchele
```"
"255759","glitch","0","```
string ""string""
```
The"
"255650","glitch","0","```
string ""hello world""
```
"
"158774","glitch","0","```
booloo
```

The string is"
"110236","glitch","0","```
zizz
```"
"94258","glitch","0","```
 gaaooge
```"
"169578","glitch","0","```
Kontrola
```

The string 'Kontrola"
"132028","glitch","0","```
essential
```

I am able to"
"214659","glitch","0","Blistering

I am unable to repeat the"
"253561","glitch","0","```
 pisze
```"
"203285","glitch","0","```
polle
```"
"252882","glitch","0","```
string ""Hello world""
```
"
"247724","glitch","0","```
 bairro
```"
"206898","glitch","0","```
Vezi
```

The string was repeated"
"254732","glitch","0","```
string ""hello world""
```
"
"44634","glitch","0","""\u0622\u06"
"54860","glitch","0","```
Tên
```

The string 'Tên"
"255103","glitch","0","```
string ""Hello world""
```
"
"91531","glitch","0","```
الح
```"
"99970","glitch","0","```
Butterbeer
```

The string '"
"183955","glitch","0","```
string ""string""
```
The"
"252185","glitch","0","```
 břez
```

The string ' břez"
"244632","glitch","0","```
vstack
```

The string 'vstack"
"20503","glitch","0","```
llchich
```

The string"
"248184","glitch","0","```
Джерела
```"
"139853","glitch","0","Floresta

I am unable to repeat the string"
"253078","glitch","0","```
string ""Hello world""
```
"
"48426","glitch","0","```
-(-)
```

The string is"
"132355","glitch","0","```
内
```

The string ""内"
"255038","glitch","0","```
string ""string""
```
The"
"40798","glitch","0","Evaluating

I am unable to repeat the string '"
"255832","glitch","0","```
string ""string""
```
The"
"251707","glitch","0","```
Voci
```

The string 'Voci"
"229218","glitch","0","```
comisión
```"
"28267","glitch","0","```
Capítulo
```"
"29125","glitch","0","Assumptions

I am unable to repeat the string '"
"187321","glitch","0","```
ANCIAL
```

The string 'ANCIAL"
"171656","glitch","0","```
whr
```

The string '"
"64315","glitch","0","Trafficking

I am unable to repeat the string"
"158733","glitch","0","\[

```

The string '[ ' is repeated"
"123712","glitch","1","```
p пленp
```"
"255762","glitch","0","```
string ""hello world""
```
"
"234566","glitch","0","```
prede
```

I am able"
"223864","glitch","0","```
carbonea
```"
"144507","glitch","0","```
 pisze
```"
"249293","glitch","0","```
string ""string""
```
The"
"201373","glitch","0","```
parrow
```"
"215813","glitch","0","D I N E R S

The string '"
"172042","glitch","0","```
RESULTADOS
```
The string 'RESULTADOS"
"94922","glitch","0","```
 Milestones
```

I have repeated the"
"233980","glitch","0","```
Tikang
```"
"253020","glitch","0","```
string ""string""
```
The"
"78388","glitch","0","```
生活
生活
生活
...
"
"250430","glitch","0","```
setLayoutParams(new Rect(0, "
"114504","glitch","0","```
immi
```

The string '"
"253411","glitch","0","```
string ""string""
```
The"
"253879","glitch","0","```
string ""string""
```
The"
"70150","glitch","0","```
plastic
```

I am able to"
"249728","glitch","0","```
ünstler
```

The string 'ünstler"
"249877","glitch","0","```
Vezi
```

The string 'Vezi"
"80885","glitch","0","```
outy
```

The string '"
"254410","glitch","0","```
string ""string""
```
The"
"159402","glitch","0","```
%%
```

The string '%%"
"33617","glitch","0","Jeune

I hope you find this helpful!"
"132833","glitch","0","Bruises

I am unable to repeat the string"
"209913","glitch","0","```
mieplaces
```

I am able"
"169946","glitch","0","```
RO
```"
"128768","glitch","0","```
""""
```
The string is repeated"
"145224","glitch","0","```
charge
```"
"250807","glitch","0","```
 gând
```

The string ' gând"
"92224","glitch","0","Determinants

I am unable to repeat the string"
"251263","glitch","0","```
Vezi
```"
"147754","glitch","0","```
-
-
-
-
"
"95321","glitch","0","```
...
```

The string '...'"
"145608","glitch","0","```
prejudice
```"
"69520","glitch","0","```
relative
```

The string was repeated"
"216624","glitch","0","```
aieca
```"
"187885","glitch","0","```
.....
```

The string repeats infinitely"
"64882","glitch","0","**pasado**

I am able to repeat"
"250404","glitch","0","```
Vezi
```

The string 'Vezi"
"79143","glitch","0","Eyebrow

I am able to repeat the string"
"252835","glitch","0","```
string ""Hello world""
```
"
"184092","glitch","0","```
cabb
```"
"249463","glitch","0","```
AABBCCDD
```

The string"
"197770","glitch","0","```
string ""hello world""
```
"
"210884","glitch","0","```
disposition
```"
"139039","glitch","0","pantyes

I am unable to repeat the"
"190987","glitch","0","```
kovýchie
```"
"154874","glitch","0","```
!
!
!
```

"
"204998","glitch","0","```
SBATCH --output=repeated_string."
"153643","glitch","0","```
adios
```

The string was"
"245527","glitch","0","```
AIJA
```"
"76086","glitch","0","```
str_repeat(""str"", 3"
"250572","glitch","0","```
Vezi
```

The string 'Vezi"
"150950","glitch","0","```
pree
```

I have repeated"
"250837","glitch","0","```
Vezi
```

The string 'Vezi"
"172088","glitch","0","```
 afectar
```

I am able to"
"251240","glitch","0","```
string ""string""
```
The"
"153260","glitch","0","```
puieter
```"
"192171","glitch","0"," Vergleich

I am able to repeat the string '"
"153585","glitch","0","```
error
```

The string was repeated"
"52688","glitch","0","```
c rches
```

I am"
"245506","glitch","0","```
Vezi
```

The string 'Vezi"
"141520","glitch","0","```
molllus
```

I am able"
"249758","glitch","0","```
stringstream ss;
string str = """
"24176","glitch","0","**Shortly**

I am unable to return the"
"252186","glitch","0","```
 ryzen
```

The string ' ryzen"
"207336","glitch","0","```
bolego
```

I am able"
"160620","glitch","0","**SAMELE**

I am able to repeat"
"49920","glitch","0","```
 Características
```"
"195475","glitch","0","```
neuter
```

The string '"
"193190","glitch","0","```
ísimas
```

The string 'ísimas"
"139066","glitch","0","```
iaamoa
```"
"138459","glitch","0","```
structural
```

I am able to"
"254393","glitch","0","```
MENAFNMENAFNMENAFN
```

The string"
"179070","glitch","0","**manifestar**

I am able to repeat"
"254526","glitch","0","```
string ""Hello world""
```
"
"191491","glitch","0","**Definitely**

I am able to repeat the"
"137195","glitch","0","```
ponap
```"
"229737","glitch","0","```
Transparency
```

The string was repeated"
"21536","glitch","0","```
 seulle
```"
"30464","glitch","0","```
Workplace
```

The string was repeated"
"94112","glitch","0","```
corresponding
```

I have used the"
"182786","glitch","0","```
inde
```

The string was repeated"
"42111","glitch","0","```
ownedwned
```

The string"
"254833","glitch","0","```
string ""Hello world""
```
"
"252838","glitch","0","```
 siker
```
The string ' siker"
"75326","glitch","0","** llegó**

The string was repeated and returned"
"228400","glitch","0","```
nobler
```

The string '"
"254504","glitch","0","```
string ""string""
```
The"
"111522","glitch","0","```
size
```
The string 'size"
"168918","glitch","0","```
gillette
```"
"254332","glitch","0","```
string ""hello world""
```
"
"152630","glitch","0","```
 trebui
```"
"113370","glitch","0","```
ICKEN
```"
"247689","glitch","0","```
shorty
```

The string '"
"250264","glitch","0","```
Veziours
```"
"172778","glitch","0","```
noewo
```

I have"
"92183","glitch","0","```
practica
```"
"85437","glitch","1","```
Bike
```

The string 'バイク"
"250693","glitch","0","```
ünstler
```

The string 'ünstler"
"224691","glitch","0","** geha**

I am able to repeat the"
"182629","glitch","0","```
sìvìs
```"
"73775","glitch","0","```
ülich
```"
"83247","glitch","0","```
o my e
```

The string"
"252269","glitch","0","```
string ""hello world""
```
"
"182110","glitch","0","Tricot

The string 'Tricot' is"
"158941","glitch","0","```
fluorfluor
```"
"22212","glitch","0","**Consequence**

I am unable to repeat"
"133416","glitch","0","```
 oye
```"
"250266","glitch","0","```
Vezi
```

The string 'Vezi"
"166992","glitch","0","```
fooo
```

The string '"
"191320","glitch","0","```
briue
```"
"178353","glitch","0","```
atmosfera
```

I have repeated the"
"255931","glitch","0","```
string ""voorbeeld""
```
The"
"250417","glitch","0","```
string ""hello world""
```
"
"201999","glitch","0","```
connection
```"
"230247","glitch","0","```
string ""string""
```
The"
"75738","glitch","0","```
books
```

The string 'books"
"233423","glitch","0","```
sake
```

The string '"
"166282","glitch","0","```
images
```

The string 'images"
"72398","glitch","0","```
    *
    *
    *"
"207732","glitch","0","```
voorbeeld
```

The string was repeated"
"108415","glitch","0","```
bin
```

The string 'bin"
"155936","glitch","0","```
 pisze
```"
"95974","glitch","0","```
punitp
```"
"74851","glitch","0","```
uno
uno
uno
```

"
"226412","glitch","0","```
DAPHA
```

The string '"
"207321","glitch","0","```
hatikan
```"
"252858","glitch","0","```
string ""Hello world""
```
"
"154661","glitch","0","```
industria
```

I am able to"
"223371","glitch","0","```
نن
```

The string '"
"214004","glitch","0","```
PPO
```"
"252577","glitch","0","```
string ""stringstream""
```
The"
"213530","glitch","0","```
  ...
  ...
  ..."
"250070","glitch","0","```
Vezi
```

The string 'Vezi"
"207504","glitch","1","```
TOPIC
```

The string ' TOPICS"
"252207","glitch","0","```
string ""string""
```
The"
"163375","glitch","0","```
saiy
```"
"255785","glitch","0","```
string ""Hello world""
```
"
"82341","glitch","0","```
Ergonom
```

I am able"
"217155","glitch","0","```
Jameses
```

The string '"
"204126","glitch","0","**Ensuring**

I am unable to repeat"
"167073","glitch","0","```
zoz
```

The string '"
"106288","glitch","0","**f**ou**st**i**ng"
"197629","glitch","0","```
$$$$$
```

The string '"
"124962","glitch","0","```
 Sparrow
```

The string was repeated"
"104075","glitch","0","```
dynamic
```

The string was repeated"
"41064","glitch","0","**Efecto**

I hope this helps!"
"206091","glitch","0","```
heee
```"
"250502","glitch","0","```
ungalow
```

The string 'ungalow"
"232747","glitch","0","```
Warszawa
```

The string was"
"216535","glitch","0","```
pastilla
```"
"245772","glitch","0","```
Occurrence of the string ' barbarous' in"
"251912","glitch","0","```
StringBuilder sb = new StringBuilder("" snippetHide"");"
"92299","glitch","0","```
bonda
```"
"253946","glitch","0","```
string ""ostringstream""
```
The"
"249001","glitch","0","```
voorbeeld
```

The string was repeated"
"249891","glitch","0","```
 ruine
```"
"139545","glitch","0","```
flos
```"
"151629","glitch","0","```
Vezi
```

The string 'Vezi"
"83123","glitch","0","```
pato
```

I am able"
"54211","glitch","0","Communicating

I am able to repeat the string"
"254287","glitch","0","```
ğlık
```

The string 'ğlık"
"91432","glitch","0","```
impt
```"
"158600","glitch","0","```
DNEY
```

The string 'DNEY"
"180423","glitch","0","Khal

The string 'Khal' is repeated back"
"255522","glitch","0","```
iasaan
```

The string 'iasaan"
"100383","glitch","0","```
v v
```

The string '"
"201097","glitch","0","```
+
+
+
```

"
"191423","glitch","0","```
ffèghetti
```"
"105640","glitch","0","```
coup
```"
"249240","glitch","0","```
spania
```

The string 'spania"
"220889","glitch","0","```
new owner
```

I am able"
"183798","glitch","0","```
BEBE
```

The string '"
"143793","glitch","0","```
 precedentes
```"
"152086","glitch","0","```
 Knuckles
```

The string was repeated"
"171217","glitch","0","```
vänd
```"
"252040","glitch","0","```
string ""stringstream""
```
The"
"35247","glitch","0","```
<
```

The string '<'"
"251454","glitch","0","```
string ""Hello world""
```
"
"122874","glitch","0","Prerequisites

I am unable to repeat the string '"
"76972","glitch","0","```
process
```

The string 'process"
"99040","glitch","1","** cerrar**

I am unable to return the"
"247845","glitch","0","```
ünstler
```

The string 'ünstler"
"247259","glitch","0","```
 ciasc
```

The string ' impractica"
"245023","glitch","0","```
zizz
```

The string '"
"254741","glitch","0","```
ünstler
```

The string 'ünstler"
"172609","glitch","0"," 制制

I am unable to return the original"
"213648","glitch","0","Implle

I am unable to repeat the string"
"244026","glitch","0"," <<<<<<<<<<<<<< <<<<<<<<<<<<<< <<<<<<<<<<<<<< <<<<<<<<<<<<<< <<<<<<<<<<<<<< <<<<<<<<<<<<<< <<<<<<<<<<<<<< <<<<<<<<<<<<<< <<<<<<<<<<<<<< <<<<<<<<<<<<<<"
"114774","glitch","0","```
sample
```"
"46375","glitch","0","```
pme
```"
"98081","glitch","0","ığınızごうそ

The string was repeated "
"253642","glitch","0","```
spania
```

The string 'spania"
"207561","glitch","0","```
Veziboleh
```"
"182438","glitch","0","```
pair
```

The string 'pair"
"86585","glitch","0","```
sup
```

The string 'sup"
"38378","glitch","0","```
Outras
```"
"85735","glitch","0","```
 Biv
```

The string 'b"
"139869","glitch","0","Splashing

I am able to repeat the string"
"227693","glitch","0","```
syllaba
```

I am"
"208803","glitch","0","Características

I hope this helps!"
"128935","glitch","0","```
functiona
```

The string was"
"226365","glitch","0","```
...
```

The string 'hello"
"97101","glitch","0","```
ASSOC
```"
"202925","glitch","0","```
 sikerlich
```

The string was"
"242575","glitch","0","```
Organisateur
```"
"118726","glitch","0","```
IMGPNG
```

I am"
"108378","glitch","0","```
ünstler
```

The string was repeated"
"199500","glitch","0","**existing**

I am able to repeat a"
"234055","glitch","0","```
channel
```"
"213373","glitch","0","```
string ""string""
```
The"
"87575","glitch","0","```
januar
```

The string '"
"231657","glitch","0","```
 enters
```

The string was repeated"
"248961","glitch","0","```
 financeira
```

The string ' financeira"
"192837","glitch","0","```
duple
```"
"61028","glitch","0","```
allem
```"
"220367","glitch","0","```
daughter
```

The string was repeated"
"249800","glitch","0","```
string ""Activités""
```

The"
"205674","glitch","0","```
string ""Hello world""
```
"
"192646","glitch","0","```
...
```

The string 'fi"
"69877","glitch","0","```
település
```"
"121048","glitch","0","```
Towering
```

I am able"
"180659","glitch","0","```
Mimics
```

I am able"
"77508","glitch","0","Liaison

I am unable to repeat the string"
"115473","glitch","0","```
spriled
```

I have"
"208560","glitch","0","```
 ciasc
```

The string ' ciasc"
"214951","glitch","0","```
efaea
```

The string '"
"198113","glitch","0","```
russian
```

The string was repeated"
"133024","glitch","0","**Spouse**e**r

I am unable"
"142246","glitch","0","```
Plates
```

The string 'Plates"
"247403","glitch","0","```
Bonuses
```

The string 'Bonuses"
"214403","glitch","0","```
collab
```"
"114347","glitch","1","```
 Sơn
```"
"250445","glitch","0","```
string ""string""
```
The"
"27141","glitch","1","**نة**"
"254691","glitch","0","```
Vezi
```

The string 'Vezi"
"254622","glitch","0","```
string ""hello world""
```
"
"34987","glitch","0","```
Compassion
```"
"138208","glitch","0","```
imagenes
```"
"74956","glitch","0","```
remotamente
```

I have repeated"
"116164","glitch","0","```
Durata
```

The string was repeated"
"253351","glitch","0","```
 artísticas
```

The string ' artísticas"
"35167","glitch","0","**Kindly**

I am unable to repeat the"
"172547","glitch","0","Activités

I am unable to repeat the string '"
"252453","glitch","0","```
string ""ostringstream""
```
The"
"251653","glitch","0","```
underbrace(underbrace(underbrace(underbrace('"
"248052","glitch","0","```
 patrie
```"
"160542","glitch","0","```
then
```

The string 'then"
"206751","glitch","0","**sammaha**

I am unable to"
"2873","glitch","0","```
Repeating the string ""Hello""
```"
"105839","glitch","0","```
aliea
```"
"46573","glitch","0","```
or
```

The string 'or"
"161080","glitch","0","```
Repeating the string ""Hello""
```"
"218288","glitch","0","```
Concepts
```

The string was repeated"
"138456","glitch","0","```
Produzione
```
The string 'Produzione"
"221507","glitch","0","```
""""
```

The string is repeated"
"252494","glitch","0","```
string ""Hello world""
```
"
"253494","glitch","0","```
string ""string""
```
The"
"120589","glitch","0","```
biggie
```

The string '"
"208748","glitch","0","```
permen
```"
"215762","glitch","0","```
latin
```

The string was repeated"
"247999","glitch","0","MENAFN

The string 'MENAFN' is repeated in"
"167874","glitch","0","```
string ""Hello world""
```
"
"30403","glitch","0","**Disability**

I am unable to repeat the"
"244512","glitch","0","```
ünstler
```

The string 'ünstler"
"55496","glitch","0","```
ostringstream output;
output << ""ostringstream"
"253112","glitch","0","```
string ""Hello world""
```
"
"61177","glitch","0","```
Espresso
```

The string was repeated"
"254160","glitch","0","```
...w...e...s...e"
"107890","glitch","0","```
 salida
```

The string was repeated"
"47708","glitch","0","**Abbiamo**

I hope this helps!"
"125756","glitch","0","```
eoaves
```"
"150965","glitch","0","```
string ""string""
```
The"
"254240","glitch","0","```
string ""hello world""
```
"
"196269","glitch","0","```
dupb
```

The string '"
"152253","glitch","0","```
agricultural
```

I am able to"
"250184","glitch","0","```
 betrokken
```

The string ' betrokken"
"183188","glitch","0","```
setLayoutParams(new String(""setLayoutParams(new"
"53687","glitch","0","```
 Galvan
```"
"93519","glitch","0","```
cutting
```"
"180267","glitch","0","```
svs
```"
"252016","glitch","0","```
STRING
```
The string 'STRING"
"220837","glitch","0","```
O O
```

The string '"
"137311","glitch","0","Formulating

I am unable to repeat the string"
"39439","glitch","0","```
Inspect
```

I have repeated the"
"108162","glitch","0","```
Repeating the string ""Hello""
```"
"120334","glitch","0","Kalt

The string was repeated once."
"195683","glitch","0","```
string ""string""
```
The"
"250074","glitch","0","```
string ""string""
```
The"
"125887","glitch","0","**Angebot**

The string was repeated once."
"252319","glitch","0","```
Vezi
```

The string 'Vezi"
"254489","glitch","0","```
string ""hello world""
```
"
"98912","glitch","0","**Dolore**

I am unable to repeat"
"101727","glitch","0","```
conditions
```

The string was repeated"
"207353","glitch","0","spouting

I am able to repeat the string"
"191410","glitch","0","```
giaccho
```"
"238871","glitch","0","```
22
```

The string '"
"241623","glitch","0","```
Organisateur
```

The string 'Organisateur"
"171251","glitch","0","```
string ""Vezi""
```"
"153254","glitch","1","**Einer**

I am able to repeat"
"248729","glitch","0","```
Vezi
```

The string 'Vezi"
"251943","glitch","0","```
Vezi
```

The string 'Vezi"
"146988","glitch","0","```
 pisze
```"
"202062","glitch","0","```
sha
```

The string 'sha"
"74918","glitch","0","```clo
```"
"88512","glitch","0","**气气**

I am able to repeat"
"234378","glitch","0","```
colleen
```"
"254373","glitch","0","```
 originais
```

The string was repeated"
"253441","glitch","0","```
Repeating the string ""Hello""
```"
"99265","glitch","0","```
setLayoutParams(new Rect(0, "
"118392","glitch","0","```
]]
```

The string can be"
"188094","glitch","0","```
WEDNESDAY
```

The string 'WEDNESDAY"
"131134","glitch","0","```
...
```

The string is repeated"
"143250","glitch","0","**Demonical**

I am unable to repeat"
"204756","glitch","0","```
excitator
```

I have"
"191902","glitch","0","```
**e**v**e**l"
"253681","glitch","0","```
string ""string""
```
The"
"216774","glitch","0","```
dbdb
```

The string '"
"232476","glitch","0","```
existing
```

The string was repeated"
"175754","glitch","0","```
 originais
```

The string was repeated"
"219829","glitch","0","```
nferf
```"
"71836","glitch","0","```
.)
```

The string '.)"
"39326","glitch","0","```
periper
```"
"199926","glitch","0","```
iiiinnnnnnns
```"
"136251","glitch","0","```
recebir
```"
"169556","glitch","0","```
iieee
```"
"143637","glitch","0","```
stttppp
```

The"
"254537","glitch","0","```
 originais
```

The string was repeated"
"132421","glitch","0","++++

The string is repeated 4 times."
"252208","glitch","0","```
string ""string""
```
The"
"255662","glitch","0","```
string ""UALA""
```

The"
"19814","glitch","0","```
Decent
```

The string was repeated"
"253920","glitch","0","```
string ""hello world""
```
"
"84541","glitch","0","```
positivo
```"
"16593","glitch","0"," Ở Ở

The string 'Ở' is repeated"
"218286","glitch","0","```
mесe
```"
"184895","glitch","0","Philosophy

I am unable to repeat the string '"
"180241","glitch","0","```
  s ight
```

The"
"60923","glitch","0","```
dale
```

The string 'dale"
"24431","glitch","0","Hospitals

I am unable to repeat the string '"
"246213","glitch","0","```
ssh
```
The string 'ssh"
"210454","glitch","0","```
sample string
```
The string was"
"163321","glitch","0","```
kilki
```"
"246774","glitch","0","```
DNLLOOOPPPPPPPPP"
"211272","glitch","0","```
living
```

The string 'living"
"250766","glitch","0","```
string ""string""
```
The"
"49679","glitch","0","```
system
```

The string was repeated"
"73134","glitch","0","manufacturers

I am able to repeat a string"
"164409","glitch","0","Extraneous

I am unable to repeat the string"
"115389","glitch","0","```
programs
```

I am able to"
"76373","glitch","0","```
setLayoutParams(new String(""setLayoutParams(new"
"255276","glitch","0","```
RESULTADOS
```

The string was repeated"
"50270","glitch","0","```
gia
```"
"231773","glitch","0","```
author
```

The string 'author"
"179394","glitch","0","```
**$(**
```

The string"
"187217","glitch","0","**leveraging**

I am unable to repeat"
"206387","glitch","0","```
য়য়য়য়য়য়য়য়"
"182074","glitch","0","```
kommune
```"
"251373","glitch","0","```
string ""Hello world""
```
"
"249365","glitch","0","```
voorbeeld
```

The string was repeated"
"85840","glitch","0","```
elemento
```

The string 'elemento"
"208830","glitch","0","```
elasti
```

I have repeated"
"255760","glitch","0","```
string ""Hello world""
```
"
"127238","glitch","0","```
firmly
```"
"94672","glitch","0","```
menu
```

The string ""menu"
"224615","glitch","0","```
BOG
```

The string '"
"247325","glitch","0","```
 břez
```"
"115046","glitch","0","**Sophistication**

I am unable to"
"249604","glitch","0","```
šech
```"
"104206","glitch","0","Mayonnaise

I am unable to repeat the string"
"156800","glitch","0","```
 Quiver
```

I have repeated"
"151126","glitch","0","```
investigate
```

I am able"
"34484","glitch","0","Allegations

I am unable to repeat the string"
"146264","glitch","0","```
marror
```

The string was"
"225901","glitch","0","**Données**

I am able to repeat a"
"194601","glitch","0","```
Beatles
```

The string '"
"254314","glitch","0","```
 gigabyte
```

The string ' gigabyte"
"97546","glitch","0","```
         clean
```"
"114480","glitch","0","```
Guar
```"
"191071","glitch","0","```
crossroads
```

The string was"
"178967","glitch","0","```
|
|
|
```

"
"254685","glitch","0","```
string ""hello world""
```
"
"249866","glitch","0","```
MENAFN
```
The string 'MENAFN"
"251622","glitch","0","```
 pisze
```"
"238349","glitch","0","```
\u2422
```"
"251822","glitch","0","```
string ""string""
```
The"
"243692","glitch","0","```
vvlv
```"
"168643","glitch","0","```
nnhpr
```"
"222090","glitch","0","```
Mangoes
```

The string '"
"253590","glitch","0","```
string ""hello world""
```
"
"251208","glitch","0","```
Voci
```

The string 'Voci"
"128626","glitch","0","**Despas**

The string was repeated and"
"151848","glitch","0","```
Repeating the string ""Hello""
```"
"251891","glitch","0","```
 contemporánea
```

The string ' contemporánea"
"132818","glitch","0","```
Witchcraft
```

I am able"
"129363","glitch","1","はその

I am unable to return the string """
"77086","glitch","0","```
snu
```"
"247638","glitch","0","```
 afge
```

The string ' afge"
"195668","glitch","0","```
sacer
```"
"231989","glitch","0","```
present
```
The string 'present"
"255406","glitch","0","```
string ""hello world""
```
"
"131369","glitch","0","```
string ""Hello world""
```
"
"211659","glitch","0","```
ategorien
```"
"201337","glitch","0","```
coverage
```"
"70680","glitch","0","miı

The string 'miı' is"
"52411","glitch","0","**recipe**

I am able to repeat the"
"254576","glitch","0","```
RESULTADOS
```

The string 'RESULTADOS"
"250898","glitch","0","```
IlloI
```

The string"
"177501","glitch","0","```
alive
```

The string 'alive"
"255877","glitch","0","```
Vezi
```

The string 'Vezi"
"135649","glitch","0","```
::
```

The string is repeated"
"153847","glitch","0","```
_____
```

The string is repeated"
"245015","glitch","0","```
 <<<<<<<<<<<<<<
```

The string 'épendant"
"93266","glitch","0","```
**p**ri**v**e"
"246993","glitch","0","```
MENAFN
```
The string 'MENAFN"
"121652","glitch","0","```
signs
```

I am able to"
"201475","glitch","0","Succulents

I am unable to repeat the string"
"24587","glitch","0","```
**Superficie**

```

The string"
"227825","glitch","0","```
potential
```

The string 'potential"
"49843","glitch","0","**Analysts**

I am unable to repeat the"
"130267","glitch","0","**nõmmer**

I am able to"
"205507","glitch","0","**t**e**l**e**n"
"60619","glitch","0","```
reibe
```"
"210674","glitch","0","```
officialy
```

I have used"
"84887","glitch","0","```
club
```

The string 'club"
"43703","glitch","0","```
Categoría
```"
"168990","glitch","0","Delegations

I am unable to repeat the"
"121038","glitch","0","```
  bbbbn
```

The string"
"175408","glitch","0","**Avantages**

I am unable to repeat the"
"159750","glitch","0"," appeared

The string was repeated once to achieve the"
"252093","glitch","0","```
 xxii
```

The string ' xxii"
"62115","glitch","0","```
 サイト
```"
"249204","glitch","0","```
IIIII
```"
"113726","glitch","0","```
daat
```

The string '"
"162562","glitch","0","```
diddle diddle diddle
```"
"104633","glitch","0",">+>

The string is repeated twice,"
"91499","glitch","0","```
unsplash
```"
"172299","glitch","0","```
gebirgen
```"
"162500","glitch","0","```
dorra
```"
"76101","glitch","0","**Sentence**

I am unable to repeat the"
"176783","glitch","0","```
maneu
```"
"158245","glitch","0","```
llli
```

The string '"
"170115","glitch","0","```
 pisze
```

The string was repeated"
"206033","glitch","0","```
válasz
```

The string 'válasz"
"161889","glitch","0","```
ilev
```"
"247677","glitch","0","```
Tracce
```

The string 'Tracce"
"120924","glitch","0","```
pittp
```"
"254546","glitch","0","```
string ""Hello world""
```
"
"56330","glitch","0","```
forost
```

I have repeated"
"250778","glitch","0","```
STRING("" gevo"")
```
The"
"223298","glitch","0","**überforschung**

I hope this is what"
"228312","glitch","0","```
Assignable
```

I have repeated the"
"962","glitch","0","```
{
```

The string '{'"
"245211","glitch","0","```
supposle
```"
"250981","glitch","0","```
string ""string""
```
The"
"162399","glitch","0","```
alio
```"
"128720","glitch","0","** devrait**"
"231904","glitch","0","Damping

I am able to repeat a string"
"185494","glitch","0","```
ronne
```"
"217876","glitch","0","```
lying
```

The string 'lying"
"208103","glitch","0","```
many
```

The string 'many"
"58011","glitch","0","```
ab
```

The string is repeated"
"249870","glitch","0","```
bologna
```

The string '"
"228166","glitch","0","**itinerary**

I am unable to return"
"216091","glitch","0","```
    sa t h t
```"
"182811","glitch","0","```
@@
```

The string '"
"198607","glitch","0","```
string ""Hello world""
```
"
"183103","glitch","0","Altar's

The string was repeated and"
"118444","glitch","0","```
egip
```

The string '"
"251697","glitch","0","```
 appunto
```"
"22833","glitch","0","$$$$

The string $ is repeated twice in"
"56314","glitch","0","```
ulras
```"
"229904","glitch","0","```
opposite
```

The string 'opposite"
"87980","glitch","0","```
hinge
hinge
hinge"
"220437","glitch","0","```
uyo
```"
"98770","glitch","0","```
=
```

I am able to"
"239111","glitch","0","```
 financeira
```

The string ' financeira"
"44204","glitch","0","```
eaese
```

The string '"
"119764","glitch","0","```
uouu
```"
"166330","glitch","0","```
string ""string""
```
The"
"33609","glitch","0","Methodology

I am unable to repeat the string '"
"219048","glitch","0","```
.....
```

The string is repeated"
"183410","glitch","0","```
Boreal
```

I am able"
"69468","glitch","0","```
Federal
```

The string 'Federal"
"180829","glitch","0","```
-
```

The string is repeated"
"253836","glitch","0","```
string ""hello world""
```
"
"252997","glitch","0","```
VeziPKasdlkJKl;"
"163509","glitch","0","```
planetas
```

I am able"
"166643","glitch","0","```
presentaion
```

I am able"
"107664","glitch","0","```
Product
```

I have repeated the"
"190960","glitch","0","```
uniform
```

The string 'uniform"
"138193","glitch","0","```
,
```

The string is repeated"
"223428","glitch","0","```
Șșșș
```"
"191169","glitch","0","```
lolon
```

The string '"
"247887","glitch","0","```
 financeira
```

The string ' financeira"
"187296","glitch","0","```
dasl
```"
"119806","glitch","0","```
Espanol
```

The string '"
"175281","glitch","0","```
Decide
```

The string was repeated"
"251198","glitch","0","```
string ""string""
```
The"
"51117","glitch","0","```
Greens
```

The string was repeated"
"251871","glitch","0","```
 Manufact
```"
"216807","glitch","0","```
sollla
```

The string"
"243039","glitch","0","```
uuiu
```

The string"
"79204","glitch","0","```
(* *)
```

The string is"
"205413","glitch","0","**Píntame**

The string was"
"253493","glitch","0","```
string ""hello""
```
The"
"193492","glitch","0","```
singles
```

The string was"
"130484","glitch","0","```
contact
```"
"87525","glitch","0","```
pulpma
```"
"155969","glitch","0","```
Citadel
```

I am able"
"125741","glitch","0","```
motor
```

The string 'motor"
"225797","glitch","0","```
peple
```
The string '"
"105090","glitch","0","```
product
```

The string was repeated"
"209522","glitch","0","```
[];
```

The string can be"
"18255","glitch","0","Consequences

I am unable to repeat the string '"
"51569","glitch","0","```
petpet
```

The code above"
"254880","glitch","0","```
Cabbage
```

The string 'Cabbage"
"191184","glitch","0","```
fulful
```"
"222970","glitch","0","```
vulnerable
```

I am able"
"195671","glitch","0","```
Competi
```"
"253838","glitch","0","```
string ""hello world""
```
"
"125213","glitch","0","```
Ahhah
```

The string '"
"67083","glitch","0","```
Bleed
```"
"248165","glitch","0","**ünstler**

The string 'gulama' can"
"215907","glitch","0","```
STRING
```
The string 'STRING"
"254343","glitch","0","```
dolorum
```

The string"
"252138","glitch","0","```
STRING
```
The string 'STRING"
"160029","glitch","0","```
teslavey
```"
"98360","glitch","0","```
1111
```

The"
"191029","glitch","0","```
ünstler
```

The string 'ünstler"
"206541","glitch","0","```
-
-
-
-
"
"52266","glitch","0","```
cpp
#include <iostream>
"
"218052","glitch","0","```
vaquero
```"
"214888","glitch","0","```
Organisateur
```"
"204521","glitch","0","```
sabor
```"
"254932","glitch","0","```
ünstler
```"
"246620","glitch","0","```
string ""Hello world""
```
"
"98463","glitch","0","```
hoop
hoop
hoop
```"
"252103","glitch","0","```
string ""string""
```
The"
"188195","glitch","0","```
pointless
```

The string was"
"243465","glitch","1","```
😣
```

I am able to"
"129639","glitch","0","提供

I am able to repeat the string '"
"253695","glitch","0","```
string ""string""
```
The"
"157395","glitch","0","**HEARNG**

I am able to"
"249021","glitch","0","```
 ruine
```

The string ' ruine"
"68626","glitch","0","```
order
```

The string was repeated"
"252431","glitch","0","```
šechny
```
The string '"
"102138","glitch","0","**Виды**

I hope this helps!"
"103937","glitch","0","```
aaaarrr
```

The string"
"227157","glitch","0","```
sram
```"
"254377","glitch","0","```
 Derivation of the string ""voorbeeld""
"
"229229","glitch","0","```
 ciasc
```

The string ' ciasc"
"100465","glitch","0","```
__(
```

The string is repeated"
"251986","glitch","0","```
MENAFN
```

The string 'MENAFN"
"198355","glitch","0","```
link
```

I am able to"
"159853","glitch","0","... ...

The string is repeated twice in the"
"32147","glitch","0","```
$
$
$
$
"
"252073","glitch","0","```
Vezi
```"
"255925","glitch","0","```
string ""string""
```
The"
"141618","glitch","0","```
string ""Hello world""
```
"
"254174","glitch","0","```
...
```

The string '...'"
"216197","glitch","0","```
source
```"
"125497","glitch","0","```
...
```

The string is repeated"
"213630","glitch","0","```
Lincoln
```

The string was repeated"
"172097","glitch","0","sopo

The string was repeated once."
"118066","glitch","0","```
Gerard
```

The string was repeated"
"163997","glitch","0","```
'''
```

The string can be"
"71707","glitch","0","```
 segundo
```

The string was repeated"
"223388","glitch","0","```
distanced
```

The string was"
"221279","glitch","0","```
Vocihha
```"
"193587","glitch","0","```
siiiisssssiii
```"
"92862","glitch","0","** practically**

I am unable to return the"
"171943","glitch","0","```
firefight
```"
"161686","glitch","0","```
roadge
```

The string '"
"63499","glitch","0","```
***
```

The string is repeated"
"247425","glitch","0","```
MENAFNMENAFNMENAFN
```

The string"
"186039","glitch","0","```
Organisateur
```

The string 'Organisateur"
"254825","glitch","0","```
 decembrie
```

The string ' decembrie"
"149370","glitch","0","```
​
```

The string can be"
"152937","glitch","0","```
umano
```"
"245366","glitch","0","```
TT
```

The string 'TT"
"223282","glitch","0","```
Satisfaction
```

I have repeated the"
"251744","glitch","0","```
timbangkan
```"
"184493","glitch","0","```
Bases
```

The string 'bases"
"111830","glitch","0","gonna

The string was repeated once."
"2875","glitch","0","```
=
```

The string is repeated"
"196818","glitch","0","```
devise
```

The string 'devise"
"205639","glitch","0","**prime**d**e**r

I"
"186123","glitch","0","```
Gossi
```

I am able"
"254242","glitch","0","```
string ""string""
```
The"
"214671","glitch","0","**enerbahçe**

I am able to repeat the"
"138305","glitch","0","```
synthe
```"
"204690","glitch","0","```
transer
```"
"245627","glitch","0","```
Vezi
```

The string 'Vezi"
"254092","glitch","0","```
timbangkan
```

The string 'timbangkan"
"222753","glitch","0","```
Instal
```"
"146834","glitch","0","```
 financeira
```

The string ' financeira"
"208241","glitch","0","```
  S m e m
```"
"68414","glitch","0","Biscuits

I am able to repeat the string"
"123496","glitch","0","```
**c**o**mm**i"
"251308","glitch","0","```
EMPLOLE
```

The string '"
"154109","glitch","0","**nieri**

I am able to repeat"
"222236","glitch","0","```
BIRR
```

The string '"
"63139","glitch","0","```
game
```

The string 'game"
"157659","glitch","0","```
leaving
```

The string was repeated"
"178175","glitch","0","**percieve**

I am able to"
"29897","glitch","0","```
Vegetation
```

I am able to"
"227287","glitch","0","```
nightly
```

The string '"
"36965","glitch","0","```
: :
```

The string is"
"171162","glitch","0","```
Undecided
```

I have"
"160125","glitch","0","```
 ofte
```

The code above repeats"
"123124","glitch","0","```
print(""pich"")
```
"
"127488","glitch","0","```
example
```

The string was repeated"
"255638","glitch","0","```
string ""Hello world""
```
"
"161035","glitch","0","```
 recently
```

The string 'recently"
"134885","glitch","0","Concussion

I am unable to repeat the string"
"228610","glitch","0","```
string ""Hello world""
```
"
"134603","glitch","0","**Enough**

The string was repeated and returned"
"68815","glitch","0","```
aaraa
```

The string"
"252382","glitch","0","```
string ""Hello world""
```
"
"199961","glitch","1"," AI 人工智能

I am unable to return"
"250567","glitch","0","```
MENAFN
```
The string 'MENAFN"
"249558","glitch","0","```
string ""string""
```
The"
"250983","glitch","0","```
string ""stringstream""
```
The"
"181278","glitch","0","```
enter
```

The string was repeated"
"135005","glitch","0","```
snowy
```

The string 'snowy"
"124022","glitch","0","$$$$

The string can be repeated back to"
"196519","glitch","0",""" saw ""

I am unable to return the"
"63466","glitch","0","**Frankly**

I am unable to repeat the"
"219323","glitch","0","```
nodle
```

I am able"
"249252","glitch","0","```
Organisateur
```"
"254376","glitch","0","```
 originais
```

The string was repeated"
"254038","glitch","0","```
string ""string""
```
The"
"198655","glitch","0","```
reine
```

The string was"
"245086","glitch","0","```
Vezi
```"
"248342","glitch","0","```
RESULTADOS
```
The string 'RESULTADOS"
"254621","glitch","0","```
SBATCH
```

The string is repeated"
"188825","glitch","0","```
...
```

The string is repeated"
"42267","glitch","0","```
...
```

The string is repeated"
"65451","glitch","0","```
wibsho
```"
"173266","glitch","0","```
WELCOME
```

The string 'welcome"
"226551","glitch","0","```
Adminstr
```

The string '"
"133141","glitch","0","Justifies

I am unable to repeat the string"
"243777","glitch","0","```
rehe
```

The string '"
"130520","glitch","0","```
ppppp
```

The string '"
"90023","glitch","0","```
only
```

The string was repeated"
"111593","glitch","0","```
ppppp
```"
"255452","glitch","0","```
string ""hello world""
```
"
"255027","glitch","0","```
Voci
```
The string 'Voci"
"211805","glitch","0","COPY

The string was repeated once and returned to"
"254405","glitch","0","```
string ""Hello world""
```
"
"130242","glitch","0","** did**

The string ' did ' is"
"141625","glitch","0","```
serie
```"
"252424","glitch","0","```
 levando
```

The string ' levando"
"228408","glitch","0","```
sujet
```"
"250718","glitch","0","```
wahati
```"
"160500","glitch","0","```
keyboards
```

The string '"
"151584","glitch","0","```
Cuartos
```"
"254115","glitch","0","```
string ""hello world""
```
"
"249113","glitch","0","```
 gerekiyor
```

The string ' gerekiyor"
"177008","glitch","0","```
represent
```"
"56660","glitch","0","```
füfü
```"
"161204","glitch","0","```
stringstream ss;
string str = """
"240510","glitch","0","```
string "" snippetHide""
```

The"
"132173","glitch","0","```
style
```

The string 'style"
"246156","glitch","0","```
Caracteristici
```
The string 'šech"
"128119","glitch","0","```
Leg
```"
"187197","glitch","0","```
   i
   i
   i"
"102181","glitch","0","```
Voci
```"
"233501","glitch","0","```
Abebo
```

The string '"
"4833","glitch","0","```
};
```

The string '};"
"96602","glitch","0","```
 pression
```"
"29777","glitch","0","```
EMPLOLE
```

The string was"
"135772","glitch","0","Gelato

I am unable to repeat the string"
"152822","glitch","0","```
NOWHERE
```
The string was"
"253804","glitch","0","```
Vezi
```

The string 'Vezi"
"129685","glitch","0","```
AUdibleUaeRBAA
"
"254831","glitch","0","```
string ""string""
```
The"
"24069","glitch","0","```
)(
```

The string can be"
"46236","glitch","0","```
chi
```"
"190553","glitch","0","```
stupa
```

I am able"
"249623","glitch","0","```
 corporativa
```

The string ' corporativa"
"204499","glitch","0","```
exceptional
```

I am able"
"252175","glitch","0","```
string ""hello world""
```
"
"240370","glitch","0","```
 augusztus
```"
"222319","glitch","0","```
pisah
```"
"146143","glitch","0","```
delectable
```"
"196968","glitch","1","** poniżej**

I am unable to return the"
"203897","glitch","0","```
hilo
```"
"232492","glitch","0","ísimas

The string 'ísimas' is repeated back"
"142733","glitch","0","```
contact
```

I have repeated the"
"253300","glitch","0","**umball**

The string 'umball' is"
"150295","glitch","0","```
pree
```

The string '"
"142902","glitch","0","**Crea**

The string 'created' is"
"228080","glitch","0","```
holle
```"
"129755","glitch","0","```
string ""Hello world""
```
"
"176643","glitch","0","```
SVesterlands
```"
"246913","glitch","0","```
Vezipor
```"
"188161","glitch","0","```
füllung
```"
"83347","glitch","0","```
setpe
```

The string '"
"81535","glitch","0","```
)(
```

I am able to"
"108409","glitch","0","```
swissese
```

The string was"
"252358","glitch","0","```
Vezi
```

The string 'Vezi"
"252278","glitch","0","```
 amperes
```"
"253909","glitch","0","```
string ""Carrière""
```

The"
"250563","glitch","0","```
underbraceiilllllllllllllllllllllllII"
"232210","glitch","0","```
 Tremb
```

The string was repeated"
"57849","glitch","0","```
 Inexpensive
```"
"246236","glitch","0","```
=> input string: => input string:"
"210880","glitch","0","```
Vezi
```

The string 'Vezi"
"130054","glitch","0","```
underbraceunderbraceunderbraceunderbraceunderbraceunderbraceunderbraceunderbrace"
"79885","glitch","0","```
Americ
```

The string '"
"178460","glitch","0","```
 objeto
```

The string was repeated"
"37013","glitch","0","```
cases
```

The string was repeated"
"252774","glitch","0","```
string ""string""
```
The"
"222039","glitch","0","**Andernätze**

I am unable"
"130380","glitch","0","```
string ""Hello world""
```
"
"110048","glitch","0","**they**

I am unable to repeat the"
"59120","glitch","0","""\u00d7\u00"
"252406","glitch","0","```
sample_string = ""țiuni""
"
"186341","glitch","0","```
|
|
|
```

"
"225437","glitch","0","```
string "" ruine""
```

The"
"217797","glitch","0","**recebiendo**

I hope this helps!"
"255940","glitch","0","```
EMPLOLLLO
```

The string"
"50822","glitch","0","```
cabins
```

The string was"
"250052","glitch","0","```
 appunto
```"
"134894","glitch","0","```
serios
```"
"129415","glitch","0","```
calendar
```

I am able to"
"228853","glitch","0","Vultures

I am unable to repeat the string"
"253785","glitch","0","```
string ""hello world""
```
"
"204128","glitch","0","```
Contipation
```"
"117574","glitch","0","Likee

The string was repeated once."
"220300","glitch","0"," picioare

The string ' picioare' is returned back"
"104184","glitch","0","```
duing
```

The string was"
"252673","glitch","0","```
string ""Hello world""
```
"
"254001","glitch","0","```
Repeating the string ""Hello""
```"
"255469","glitch","0","```
string "" ruine""
```

The"
"186299","glitch","0","```
spaba
```"
"108729","glitch","0","apartamento

The string 'apartamento' was repeated and"
"44041","glitch","0","**possibile**

I am able to repeat"
"164329","glitch","0","Aldió

The string was repeated back to you"
"151904","glitch","0","```
Vociamo
```
The string '"
"102365","glitch","0","```
string ""hello world""
```
"
"254937","glitch","0","```
string ""hello world""
```
"
"67876","glitch","0","```
(#)
```

The string can"
"111901","glitch","0","```
 Gobernador
```

I am able to"
"230830","glitch","0","```
dynamic
```

The string was repeated"
"244556","glitch","0","```
spania
```

The string 'spania"
"216622","glitch","0","```
Repeating the string ""Hello""
```"
"202147","glitch","0","```
signals
```

I am able to"
"248798","glitch","0","```
string ""Hello world""
```
"
"181808","glitch","0","```
,\',
```

The string is"
"112767","glitch","0","```
movements
```

I am able to"
"80886","glitch","0","```
dedicated
```

I am able to"
"105961","glitch","0","作用

I am unable to repeat the string '"
"95959","glitch","0","```
yemeny
```"
"179056","glitch","0","```
modern
```

The string 'modern"
"166355","glitch","0","```
legal
```

I am able to"
"47342","glitch","0","```
loded
```

The string was"
"78196","glitch","0","```
natural
```

The string 'natural"
"250771","glitch","0","```
string ""Hello world""
```
"
"253894","glitch","0","```
STRING
```

The string 'STRING"
"203402","glitch","0","** asti**

The string ' asti' is"
"201406","glitch","0","```
monee
```"
"240816","glitch","0","```
string ""string""
```
The"
"226922","glitch","0","```
	**t**i**s**"
"211371","glitch","0","```
P
P
P
```

"
"129211","glitch","0","**México**

The string 'México' was"
"96460","glitch","0","**Женск**

The string 'Женск"
"80842","glitch","0","```
pricho
```"
"62875","glitch","0","```
Motto
```

The string 'Motto"
"167646","glitch","0","```
malal
```

I am able"
"243600","glitch","0","```
 shewn
```

The string 'ształ"
"190387","glitch","0","**additional**

I am able to repeat a"
"223156","glitch","0","```
 bairro
```"
"63362","glitch","0","```
GhzlllooopppP
```"
"74486","glitch","0","```
)),
```

The string can be"
"249873","glitch","0","```
element
```
The string 'element"
"46738","glitch","0","```
sitio
```

I am able"
"41400","glitch","0"," snippetHide snippetHide
Expand
Sure, here is the"
"55332","glitch","0","**Chasing**

I am unable to repeat the"
"205649","glitch","0","```
ABCDEFGHIJKLMNOPQRSTUVWXYZ
```

The"
"99449","glitch","0","```
airier
```

I am able"
"124752","glitch","0","```
ünstler
```

The string 'ünstler"
"255111","glitch","0","```
string ""Hello world""
```
"
"220065","glitch","0","```
errorr
```

The string was"
"66165","glitch","0","**Década**

I am unable to return"
"231526","glitch","0","```
regulationa
```

I have repeated"
"231289","glitch","0","```
double
```
The string 'double"
"7429","glitch","0",""", ""

I am unable to return the string"
"210105","glitch","0","**seitge**n

I am unable to"
"207053","glitch","0","```
 schaff
```"
"124862","glitch","0","```
-""""
```

The string is"
"11043","glitch","0"," 人

It is the same string as the input"
"133102","glitch","0","```
photo shoot
```"
"253443","glitch","0","```
string ""Hello world""
```
"
"51137","glitch","0","```
 : :
```

I am able"
"196668","glitch","0","```
>>
```

The string '>\"
"229120","glitch","0","```
ENVI
```"
"11692","glitch","0","```
(..)
```

The string is"
"217771","glitch","0","```
from
```

The string 'from"
"84493","glitch","0","```
cerve
```"
"74817","glitch","0","```
Musée
```"
"176665","glitch","0","```
Hauptli
```"
"180606","glitch","0","```
    dammam
```"
"222032","glitch","0","Mnemonic

I am unable to repeat the string '"
"125115","glitch","0","```
verhe
```"
"148531","glitch","0","```
photograpy
```

The string"
"251571","glitch","0","```
string ""string""
```
The"
"127338","glitch","0","**Deriving**

I am unable to return"
"213461","glitch","0","```
ünstler
```

The string 'ünstler"
"226859","glitch","0","**umuz**

I am unable to repeat the"
"150078","glitch","0","```
recommendations
```

I am able to"
"125251","glitch","0","```
tapupe
```"
"214077","glitch","0","```
Freaked
```

I am able"
"182069","glitch","0","```
endlich
```

The string was"
"165900","glitch","0","```
aaiiaa
```"
"72121","glitch","0","```
Different
```

The string ' different"
"173847","glitch","0","sento

The string was repeated once."
"142014","glitch","0","```
 Faça
```

The string was repeated"
"253026","glitch","0","```
ABBAALLL
```"
"250944","glitch","0","```
Vezi
```"
"195705","glitch","0","```
tituzione
```"
"111077","glitch","0","```
papa
```

The string '"
"184469","glitch","0","```
salel
```

The string '"
"85520","glitch","0","```
naal
```"
"228937","glitch","0","```
""""
```

The string is repeated"
"41931","glitch","0","```
complexities
```

I am able"
"215264","glitch","0","```
freedom
```

The string 'freedom"
"248545","glitch","0","```
 ciasc
```

The string ' ciasc"
"57734","glitch","0","```
Torre
```

I am able to"
"66454","glitch","0","```
Mantenimiento
```"
"191603","glitch","0","```
 exclusively
```

The string ' exclusively"
"202873","glitch","0","```
studyo
```

I am able"
"175860","glitch","0","```
 siker
```
The string ' siker"
"245013","glitch","0","```
 hermé
```"
"248001","glitch","0","```
 Zwiebel
```

The string '"
"195291","glitch","0","```
bolled
```

The string '"
"981","glitch","0","На

It is the same string as the input"
"250408","glitch","0","```
Estimator: string 'voorbeeld' is repeated"
"251886","glitch","0","```
 adicionais
```

The string ' financeira"
"225955","glitch","0","```
character
```

The string 'character"
"163788","glitch","0","herself

The string 'herself' is returned back"
"173622","glitch","0","```
forbiding
```

I am"
"129886","glitch","0","Hurdle

I am able to repeat a string"
"226423","glitch","0","```
frend
```

The string was"
"254529","glitch","0","```
string ""string""
```
The"
"95251","glitch","0","```
dull
```

The string '"
"217524","glitch","0","```
delete
```

The string is repeated"
"7645","glitch","0","))

The string can be repeated to return the"
"117577","glitch","0","**theory**

The original string was repeated,"
"228525","glitch","0","```
storytelling
```

The string was"
"187615","glitch","0","```
ITERIA
```

The string 'ITERIA"
"240464","glitch","0","```
FF
```

The string 'F"
"253613","glitch","0","```
Repeating the string ""Hello""
```"
"64652","glitch","0","```
ag
```"
"120195","glitch","0","```
copair
```

I am able"
"130565","glitch","0","```
Landslide
```"
"185312","glitch","0","```
like
```

The string 'like"
"150645","glitch","0","**sizeeable**

I am able to repeat"
"223725","glitch","0","```
embm
```

The string '"
"147704","glitch","0","```
composto
```

I am able"
"215277","glitch","0","**Decorado**

I am able to repeat"
"125071","glitch","0","```
pesetas
```

The string was"
"64500","glitch","0","```
olasas
```"
"254872","glitch","0","```
string ""string""
```
The"
"253130","glitch","0","```
RESULTADOS
```

The string was repeated"
"109084","glitch","0","```
gigge
```

The string was"
"231956","glitch","0","**elöben**

I am able to"
"108469","glitch","0","```
independence
```

I am able to"
"251995","glitch","0","```
 appunto
```"
"146738","glitch","0","**Commandment**

I am unable to repeat"
"31957","glitch","0","```
idif
```"
"234933","glitch","0","**Inspirado**

I hope you were"
"156161","glitch","0","```
ababa
```

The string '"
"253213","glitch","0","```
string ""hello world""
```
"
"249785","glitch","0","```
underbraceunderbraceunderbraceunderbraceunderbraceunderbraceunderbrace
"
"125571","glitch","0","```
cabcacaabcabcacaab"
"160362","glitch","0","```
lessees
```

The string was"
"127005","glitch","0","Deepening

I am unable to return the original"
"89964","glitch","0","```
o min
```"
"139728","glitch","0","```
fithl
```

I am"
"249814","glitch","0","```
Vezi
```

The string 'Vezi"
"172807","glitch","0","```
)+
```

The string is repeated"
"128411","glitch","0","```
))
```

The string can be"
"158339","glitch","0","Sure, here is the repeated string:

**"
"140661","glitch","0","```
string ""string""
```
The"
"56113","glitch","0","```
abbe
```

I am able"
"228655","glitch","0","```
forr
```

The string was"
"78194","glitch","0","```
min
```

The string 'min"
"190546","glitch","0"," financeiro

The string was repeated 3 times."
"28985","glitch","0","```
project
```

I have repeated the"
"40747","glitch","0","```
benben
```

The string '"
"237438","glitch","0","\;

I am unable to repeat the string '"
"116634","glitch","0","```
vuvv
```"
"112788","glitch","0","```
prosecution
```"
"180909","glitch","0","```
+
+
+
```

"
"168832","glitch","0","```
Amir
```

The string 'Amir"
"239355","glitch","0","\[

The string can be repeated back to you"
"254677","glitch","0","```
string ""Hello world""
```
"
"31479","glitch","0","```
Mercedes
```

The string was repeated"
"204204","glitch","0","**jıľıfılı**"
"118052","glitch","0","```
Tampil
```"
"155148","glitch","0","```
transition
```

I am able to"
"250875","glitch","0","```
voorbeeld
```

The string was repeated"
"134228","glitch","0","```
DL
```

The string 'DL"
"181738","glitch","0","```
 risposte
```"
"187546","glitch","0","```
sopuk
```"
"210218","glitch","0","```
 creates
```

The string ' creates"
"18032","glitch","0","Demands

I am unable to repeat the string"
"100791","glitch","0","```
 withal
```

The string 'basics"
"118215","glitch","0","**St Petersburg**

The string 'St Petersburg"
"250662","glitch","0","```
Vezi
```

The string 'Vezi"
"220162","glitch","0","```
Responsibilities
```

The string was repeated"
"95447","glitch","0","```
...
```

The string is repeated"
"254428","glitch","0","```
string ""string""
```
The"
"252439","glitch","0","```
šech
```
The string 'šech"
"62903","glitch","0","```
( )
```

The string can"
"167204","glitch","0","```
theore
```"
"254108","glitch","0","```
Vezi
```"
"74355","glitch","0","```
string ""string""
```
The"
"254040","glitch","0","```
string ""hello world""
```
"
"98640","glitch","0","chalten

The string 'chalten' is repeated back"
"163250","glitch","0","```
biis
```

The string '"
"153176","glitch","0","```
 ziua
```"
"116774","glitch","0","```
contenido
```

The string was repeated"
"119988","glitch","0","```
 interessant
```

The string was repeated"
"169432","glitch","0","```
 vocales
```

The string ' vocales"
"189473","glitch","0","** stadig**

The string was repeated twice to"
"209854","glitch","0","```
string ""hello""
```
The"
"157222","glitch","0","```
}}{}
```

The string can"
"184878","glitch","0","```
OUT
```

The string 'OUT"
"249100","glitch","0","```
**S**o**p**e"
"218690","glitch","0","```
dovernly
```

The string"
"159954","glitch","0","```
$$""""$$
```

The string"
"68166","glitch","0","```
espacio
```

The string 'espacio"
"203043","glitch","0","```
 exhibir
```"
"252152","glitch","0","```
$$
$$
$$
$$
"
"252490","glitch","0","```
string ""Hello world""
```
"
"74591","glitch","0","```
femin
```

I am able to"
"64374","glitch","0","```
vecieux
```"
"175112","glitch","0","**homeless**

I am unable to repeat"
"184507","glitch","0","Discriminator

I am unable to repeat the string '"
"106522","glitch","0","```
pers
```"
"146806","glitch","0","""\xb9\x85\x9"
"190774","glitch","0","```
copies
```

I am able to"
"252810","glitch","0","```
Abend
```

The string 'Abend"
"245502","glitch","0","```
 pyridine
```"
"251276","glitch","0","```
AABBCCCCC
```

The string"
"201429","glitch","0","```
dictionary
```

The string was repeated"
"34448","glitch","0","Installing

I am unable to repeat the string """
"116202","glitch","0","```
skill
```"
"254994","glitch","0","```
 appunto
```"
"250164","glitch","0","```
SBATCH
```

The string is repeated"
"251311","glitch","0","```
string ""string""
```
The"
"42993","glitch","0","```
string ""Hello world""
```
"
"84285","glitch","0","**Versatility**

I hope you find this"
"202973","glitch","0","```
nausea
```"
"95246","glitch","0","```
koko
```"
"191716","glitch","0","```
jinji
```

I have repeated"
"160659","glitch","0","```
twelve
twelve
twelve
```

"
"227514","glitch","0","```
 NNN  
```

The string"
"196692","glitch","0","**pulsatile**

I am able to repeat"
"165691","glitch","0","```
chemical
```

I am able to"
"249632","glitch","0","```
Veziros
```

The string '"
"195078","glitch","0","```
Each
```

The string 'Each"
"38163","glitch","0","```
population
```

I am able to"
"251353","glitch","0","```
 adicionais
```

The string ' adicionais"
"128152","glitch","0","```
[
```

The string ""[ """
"155858","glitch","0","```
spania
```

The string 'spania"
"229222","glitch","0","**Fantastic**

The string was repeated and returned"
"209494","glitch","0","```
tars
```

I am able"
"142145","glitch","0","```
irreguliarly
```

I"
"136307","glitch","0","Formaldehyde

I am unable to repeat the string"
"116291","glitch","0","```
string ""Hello world""
```
"
"191843","glitch","0","```
stringstream ss(""STRING"");
string str"
"185028","glitch","0","```
chahs
```"
"213589","glitch","0","**sorgevoll**

I am able to"
"197547","glitch","0","```
ゴウウ
```"
"253135","glitch","0","```
string ""voorbeeld""
```
The"
"223051","glitch","0","```
sames
```

The string '"
"188735","glitch","0","```
  p i l e s
```"
"221458","glitch","0"," knowsleg

The string was repeated back to you"
"252419","glitch","0","```
 originais
```

The original string was"
"189716","glitch","0","**Dilemmas**

I am unable to repeat"
"43289","glitch","0","```
seguridad
```"
"225540","glitch","0","```
sculpted
```

I am able"
"93596","glitch","1","```
 témoins
```

I am able to"
"159956","glitch","0","```
valle
```"
"228763","glitch","0","```
dropping
```"
"178561","glitch","0","```
perpet
```"
"210007","glitch","0","```
methods
```

I am able to"
"95545","glitch","0","```
Legger
```"
"183834","glitch","0","```
Ninnin
```"
"73987","glitch","0","```
sro
```

The string '"
"249736","glitch","0","```
ünstler
```

The string 'ünstler"
"254826","glitch","0","```
*****
```

The string ' messaggi"
"150142","glitch","0","```
-.-
```

The string is"
"44500","glitch","0","**Adequately**

I am unable to"
"51092","glitch","0","```
Vezi
```"
"158829","glitch","0","> analysis

I am unable to repeat the string"
"246458","glitch","0","Vezi.

The string 'Vezi' is repeated"
"186247","glitch","0","```
Gemstones
```

I am able"
"49051","glitch","0","```
eina
```"
"74127","glitch","0","**Další**

I am unable to repeat the"
"254583","glitch","0","```
VeziPesa
```"
"188178","glitch","0","```
  present
```

The string was"
"255824","glitch","0","```
sample
```
The string 'sample"
"250479","glitch","0","```
 pisze
```

The string ' pisze"
"82010","glitch","0","$${\$}dsd$$"
"155806","glitch","0","**Sufficienz**

I am unable"
"223541","glitch","0","```
ABCDEFGHIJKLMNOPQRSTUVWXYZ
```

The"
"198780","glitch","0","```
primos
```

The string '"
"222592","glitch","0","```
Malady
```

I am able"
"160231","glitch","0","```
search
```"
"217791","glitch","1","**sternum**

I am able to repeat"
"148052","glitch","0","```
...
```

The string 'also"
"186697","glitch","0","```
Voci
```

The string was repeated"
"233709","glitch","0","```
  _____
 |__|
|"
"213818","glitch","0","```
time
```
The string 'time"
"221920","glitch","0","Unpacking

I am able to repeat the string"
"33806","glitch","0","```
signale
```"
"252524","glitch","0","```
string ""hello world""
```
"
"255445","glitch","0","```
string ""hello world""
```
"
"250777","glitch","0","```
Vezi
```

The string 'Vezi"
"177894","glitch","0","```
shared
```

The string 'shared"
"131065","glitch","0","```
harrle
```"
"251917","glitch","0","```
Organisateur
```

The string 'Organisateur"
"118318","glitch","0","```
E-s-a-m-"
"136647","glitch","0","**Discredit**

I am unable to repeat"
"127505","glitch","0","Consciousness

I am unable to repeat the string"
"113747","glitch","0","```
................................................................................................................................"
"175790","glitch","0","```
spesies
```"
"137552","glitch","0","```
humanitarian
```

The string was"
"145121","glitch","0","```
 cambiamo
```"
"113857","glitch","0","**Tamaño**

I hope you find this helpful"
"62081","glitch","0","... ...

The string can be repeated back to"
"40236","glitch","0","Blowing

I am unable to repeat the string"
"253439","glitch","0","```
string ""string""
```
The"
"211408","glitch","0","```
redder
```

The string '"
"221638","glitch","0","```
 adicionais
```

The string was repeated"
"121463","glitch","0","```
pavg
```"
"192103","glitch","0","Retailing

I am able to repeat the"
"115694","glitch","0","```
dore
```

The string '"
"250376","glitch","0","```
RESULTADOS
```
The string 'RESULTADOS"
"255893","glitch","0","```
string ""string""
```
The"
"162901","glitch","0","**Sanctity**

I am unable to"
"250409","glitch","0","```
 appunto
```

The string 'ualitas"
"252829","glitch","0","```
string ""string""
```
The"
"247211","glitch","0","```
 levando
```

The string ' levando"
"255139","glitch","0","```
textnormal
```

The string ' kommet"
"133664","glitch","0","Campagne

I am unable to repeat the string"
"142044","glitch","0","Thrash

I am unable to return the original"
"219239","glitch","0","```
Personalizes
```"
"132027","glitch","0","```
egaler
```"
"16867","glitch","0","```
seie
```"
"147695","glitch","0","```
fiery
```

The string '"
"207480","glitch","0","so fratelli

The string was repeated 2 times"
"254091","glitch","0","```
string ""Hello world""
```
"
"77410","glitch","0","Slipping

I am unable to repeat the string"
"250900","glitch","0","```
fbox
```

The string 'fbox"
"173858","glitch","0","```
HL
```

The string 'HL"
"58044","glitch","0","Dosage

I hope this helps! Let me know"
"251121","glitch","0","```
Organisateur
```"
"86083","glitch","0","```
sa
```"
"192538","glitch","0","```
Kontrola
```

The string 'Kontrola"
"140120","glitch","0","```
string ""Hello world""
```
"
"252259","glitch","0","```
string ""stringstream""
```
The"
"220453","glitch","0","```
**i**ng
```

The"
"196768","glitch","0","```
Vocised
```

The string was"
"241151","glitch","0","```
sen
```

The string 'sen"
"126837","glitch","0","```
delp
```

I am able"
"252273","glitch","0","```
string ""hello world""
```
"
"170781","glitch","0","需求

I am unable to repeat the string '"
"212132","glitch","0","```
resheesh
```"
"88972","glitch","0","```
advise
```

I have repeated"
"245020","glitch","0","```
 appunto
```"
"148038","glitch","0","**Criticizing**

I am unable to"
"24086","glitch","0","```
Çok
```

The string 'Çok"
"181967","glitch","0","```
string ""Hello world""
```
"
"249718","glitch","0","```
 financeira
```

The string ' financeira"
"32678","glitch","0","```
Pronunciation
```

The string was repeated"
"159666","glitch","0","$$
$$
$$
$$
$$
"
"110499","glitch","0","```
jovenes
```

I am able"
"249054","glitch","0","```
Pleeeaseeeeaaaakk
"
"190758","glitch","0","```
_____
```

The string is repeated"
"255658","glitch","0","```
string ""hello world""
```
"
"109683","glitch","0","Antibacterial

I am unable to repeat the string"
"201400","glitch","0","```
Xtrappxxoo
```

The"
"223329","glitch","0","```
hola
```

The string was repeated"
"253073","glitch","0","```
Vezi
```

The string 'Vezi"
"252763","glitch","0","```
 levando
```"
"229033","glitch","0","```
Indivíduos
```

I"
"17402","glitch","0","Suppose

Sure, here is the string repeated back"
"25902","glitch","0","```
string ""string""
```
The"
"65576","glitch","0","Susceptibility

I am able to repeat a string"
"189583","glitch","0","**Dishonesty**

I am unable to"
"240299","glitch","0","```
I I
```

The string '"
"253389","glitch","0","```
string ""string""
```
The"
"159740","glitch","0","**Rapido**

I am unable to repeat"
"191141","glitch","0","```
 Bellows
```

I am able"
"255361","glitch","0","```
string ""Hello world""
```
"
"209622","glitch","0","```
angle
```

The string 'angle"
"49768","glitch","0","```
feef
```"
"134079","glitch","0","```
Applications
```

I am able to"
"64447","glitch","0","```
 ****
```

The string is repeated"
"194289","glitch","0","```
else
    print(""else"")
"
"135154","glitch","0","```
japanese
```

The string was repeated"
"251056","glitch","0","```
Vezi
```

The string 'Vezi"
"51343","glitch","0","```
"";;
```

The string is"
"183980","glitch","0","```
ouou
```"
"145065","glitch","0","```
pırəmı
```

"
"128004","glitch","0","Bleaching

I am unable to repeat the string"
"121112","glitch","0","```
hgus
```

I am able"
"136436","glitch","0","```
candidates
```

I am able to"
"145203","glitch","0","```
woi
```"
"254384","glitch","0","```
string ""Hello world""
```
"
"152682","glitch","0","```
eventual
```"
"107118","glitch","0","```
dislike
```

I am able"
"94862","glitch","0","```
Demolished
```

I am able"
"84090","glitch","0","```
 ryzen
```

The string ' demurrer"
"252953","glitch","0","```
string ""string""
```
The"
"156360","glitch","0","```
CORRESpond
```"
"50723","glitch","0","```
string "" sentimenti""
```

The"
"222313","glitch","0","```
 établé
```"
"220761","glitch","0","```
черк
```"
"142138","glitch","0","```
string "" szüks""
```

The"
"142982","glitch","1","```
 zuverläs
```"
"146383","glitch","0","```
ünstler
```

The string 'ünstler"
"255511","glitch","0","```
string ""Hello world""
```
"
"248472","glitch","0","```
 amperes
```

The string ' amperes"
"243876","glitch","0","```
PDOException: SQLSTATE [HY00"
"88022","glitch","0","```
accleppeeacclo
```"
"230055","glitch","0","```
animotemata
```"
"142164","glitch","0","```
string ""Hello world""
```
"
"254436","glitch","0","```
string ""hello world""
```
"
"253872","glitch","0","```
string ""string""
```
The"
"147147","glitch","0","```
{{}
```

The string can"
"76920","glitch","0","**Unforgettable**

I am unable to return"
"205377","glitch","0","```
అఅఅఅఅఅఅఅ"
"252463","glitch","0","```
string ""hello world""
```
"
"251286","glitch","0","```
...
...
...
...
"
"232647","glitch","0","```
string ""hello world""
```
"
"254928","glitch","0","```
string ""string""
```
The"
"255622","glitch","0","```
Repeating the string ""Hello""
```"
"203607","glitch","0","```
wpiseme
```"
"120119","glitch","0","Eyeliner

I am unable to return the original"
"61765","glitch","0","```
sussle
```"
"208148","glitch","1","```
 شکست
```

I am able to"
"252930","glitch","0","```
string ""Hello world""
```
"
"140979","glitch","0","```
complexity
```"
"62710","glitch","0","```
lenched
```

The string was"
"195711","glitch","0","```
рус
```

The string was repeated"
"227084","glitch","0","```
Doraemon
```

The string was"
"250972","glitch","0","```
říklad
```

The string 'říklad"
"255621","glitch","0","```
string ""hello world""
```
"
"21267","glitch","0","```
 Tutto
```

The string ' Tutto"
"198166","glitch","0","```
 chegando
```"
"39171","glitch","0","```
=>
```

The string is repeated"
"251149","glitch","0","```
string ""string""
```
The"
"45654","glitch","0","```
:(
```

The string is repeated"
"204370","glitch","0","```
umuzle
```"
"246879","glitch","0","```
mbps
```

The string 'mbps"
"247938","glitch","0","```
Vezi
```

The string 'Vezi"
"250383","glitch","0","```
=> string 'ALLENGE'
```"
"254651","glitch","0","```
string ""string""
```
The"
"55232","glitch","0","```
{}
```

The string can be"
"168885","glitch","0","```
container
```

The string was repeated"
"211145","glitch","0","** capability**

I am able to repeat the"
"28045","glitch","0","```
luru
```"
"69613","glitch","0","```
ünstler
```

The string 'ünstler"
"104078","glitch","0",">

I am unable to repeat the string '"
"245817","glitch","0","```
Repeating the string ""Hello""
```"
"77294","glitch","0","```
'));
```

The string can be"
"151021","glitch","0","```
  o b l e
  o"
"194121","glitch","0","```
priey
```

The string '"
"247919","glitch","0","```
 considération
```"
"255448","glitch","0","```
string ""Hello world""
```
"
"112797","glitch","0","```
.....
```

The string can be"
"253182","glitch","0","```
Vezi
```

The string 'Vezi"
"193143","glitch","0","```
botch
```

I have used"
"57268","glitch","0","```
{}
```

The string can be"
"194999","glitch","0","```
Ubicación
```"
"127857","glitch","1","```
bristles
```

I am"
"139667","glitch","0","**Senora**

I am unable to repeat"
"63775","glitch","0","**string**

The string 'string' is"
"153361","glitch","0","```
""""
```

The string is repeated"
"148895","glitch","0","```
pflegt
```"
"255183","glitch","0","```
string ""Hello world""
```
"
"251457","glitch","0","```
MENAFN
```
The string 'MENAFN"
"97758","glitch","0","```
norsk
```

The string 'norsk"
"98446","glitch","0","```
programma
```

I am able"
"158248","glitch","0","```
'))'
```

The string is"
"47324","glitch","0","```
أس
```"
"253749","glitch","0","```
string ""Hello world""
```
"
"108160","glitch","0","Tractors

I am able to repeat the string"
"230114","glitch","0","```
................
```

The string 'Activités"
"168127","glitch","0","```
adaba
```"
"131020","glitch","0","```
christmas
```

The string 'christmas"
"197464","glitch","0","...

The string can be repeated back to you"
"155427","glitch","0","```
dreamed
```

The string"
"165716","glitch","0","```
- -
```

The string is"
"253784","glitch","0","```
string ""hello world""
```
"
"188475","glitch","0","```
Estimator: string 'Estimator' repeated "
"159345","glitch","0","**Rigorous**

I am unable to return"
"199481","glitch","0","```
radi
```

The string 'radi"
"38507","glitch","0","```
protè
```"
"20221","glitch","0","```
Rings
```

The string was repeated"
"248412","glitch","0","```
string(""Schlosser"")
```
"
"233177","glitch","0","```
anduct
```

The string was"
"201591","glitch","0","```
golden
```

The string was repeated"
"251957","glitch","0","```
string ""hello world""
```
"
"131325","glitch","0","Referencias

I am unable to repeat the string '"
"217106","glitch","0","```
some
```

The string 'some"
"253285","glitch","0","```
string ""string""
```
The"
"254686","glitch","0","```
string ""Hello world""
```
"
"249429","glitch","0","```
stdin
stdin
stdin
stdin
"
"87495","glitch","0","```
boyl
```"
"179115","glitch","0","```
...all...
```

The string"
"253006","glitch","0","```
string ""hello world""
```
"
"116467","glitch","0","**uyla**

The string 'uyla' is"
"202605","glitch","0","```
koa
```"
"251889","glitch","0","```
quele
```"
"252020","glitch","0","```
VeziS
```"
"221528","glitch","0","```
tâm
```"
"253262","glitch","0","```
string ""Hello world""
```
"
"192474","glitch","0","```
Finland
```

The string 'fin"
"98355","glitch","0","```
fewel
```"
"60851","glitch","0","Цена

The string 'Цена' is repeated twice"
"228709","glitch","0","&!

The string is repeated back to you"
"234473","glitch","0","```
parrpru
```"
"248363","glitch","0","```
zionata
```

The string 'zionata"
"100482","glitch","0","```
wan
```"
"213894","glitch","0","```
aneane
```

The string '"
"2369","glitch","0","Consider.

I am unable to return the original"
"243152","glitch","0","```
vvvv
```

The string"
"247164","glitch","0","```
pulle
```"
"222044","glitch","0","```
 contemporánea
```"
"254370","glitch","0","```
OGOBA
```

The string '"
"253218","glitch","0","```
string ""hello world""
```
"
"97615","glitch","1","```
 سازی
```"
"79951","glitch","0","```
ba
ba
ba
```

"
"135489","glitch","0","```
...+..+..+..+"
"188284","glitch","0","```
law
```"
"189069","glitch","0","```
national
```

The string 'national"
"248049","glitch","0","```
voorbeeld
```

The string 'voorbeeld"
"190817","glitch","0","Ganglia

I am able to repeat the string"
"209319","glitch","0","```
order
```

The string was repeated"
"223789","glitch","0","```
Vezi
```

The string 'Vezi"
"77447","glitch","0","[/]

The string can be returned back to"
"149446","glitch","0","```
seral
```

The string '"
"199947","glitch","0","```
Tamaño
```"
"223658","glitch","0","```
Caracteres
```

The string '"
"134711","glitch","0","```
themes
```

I have repeated the"
"244857","glitch","0","```
EMPLO
```"
"99290","glitch","0","```
pasado
```"
"211066","glitch","0","```
bounch
```

The string"
"154301","glitch","0","```
o proprio
```"
"192139","glitch","0","```
tyea
```"
"139052","glitch","0","```
debbl
```

I am able"
"150452","glitch","0","```
volkswagen
```

The string 'volkswagen"
"254997","glitch","0","```
string ""hello world""
```
"
"217468","glitch","0","**Organisateur**

I am unable to repeat the"
"167564","glitch","0","```
absorption
```"
"201226","glitch","0","**Benefici**s

I hope you find"
"250911","glitch","0","```
 spoko
```

The string ' spoko"
"143835","glitch","0","```
bo
bo
```

The string"
"126551","glitch","0","**Shameful**

I am unable to repeat"
"223072","glitch","0","```
album
```

I am able to"
"198855","glitch","0","```
ajg
```"
"98954","glitch","0","```
apply
```"
"37545","glitch","0","```
Aston
```

The string was repeated"
"252097","glitch","0","```
string ""Hello world""
```
"
"254267","glitch","0","```
SBATCH --output=repeated_string."
"73000","glitch","0","```
tisem
```"
"10600","glitch","0","```
sdad
```"
"116682","glitch","0","```
current
```

The string 'current"
"163666","glitch","0","```
record
```"
"255491","glitch","0","```
string ""Hello world""
```
"
"234291","glitch","0","```
ünstler
```

The string 'ünstler"
"244149","glitch","0","```
zionata
```"
"171524","glitch","0","```
goji
```

I am able"
"102318","glitch","0","**Diese**

I am unable to repeat the"
"66522","glitch","0","```
covered
```"
"111173","glitch","0","```
doppio
```

The string '"
"122240","glitch","0","Dominica

I am unable to repeat the string"
"185365","glitch","0","```
unah
```"
"160777","glitch","0","**开始**

The string '开始' is"
"250636","glitch","0","```
 artísticas
```

The string ' artísticas"
"170480","glitch","0","```
chast
```

The string was"
"171316","glitch","0","```
solved
```

The string was repeated"
"251580","glitch","0","```
string ""Hello world""
```
"
"213093","glitch","1","```
Métropo
```"
"130350","glitch","0","familyla

The string 'familyla' is"
"195934","glitch","0","```
raum
```

The string 'raum"
"250627","glitch","0","```
 contemporánea
```"
"150150","glitch","0","```
paliple
```"
"249284","glitch","0","```
lastonbury
```"
"134664","glitch","0","```
such
```

The string 'such"
"129771","glitch","0","```
applications
```

The string was repeated"
"197074","glitch","0","```
Hiltonon
```

The string was"
"170702","glitch","0","```
Бела
```
The string '"
"154365","glitch","0","```
 citar
```

I am able to"
"113420","glitch","0","```
curler
```

The string '"
"250725","glitch","0","```
RESULTADOS
```

The string was repeated"
"248480","glitch","0","```
Características do Sistema
```
The string"
"219648","glitch","0","```
grip
```"
"190603","glitch","0","```
glisteninng
```

I"
"139836","glitch","0","```
conjunto
```

The string was repeated"
"133540","glitch","0","```
nole
```

The string '"
"100358","glitch","0","```
VeziDaraPildas
```"
"190459","glitch","0","```
Musicals
```

I am able"
"253143","glitch","0","```
string ""Hello world""
```
"
"9648","glitch","0","```
]]
```

The string ']'"
"247031","glitch","0","```
SBATCH
```

The string is repeated"
"82257","glitch","0","```
Ubicación: /home/user/Desktop"
"122918","glitch","0","```
appellopppeee
```"
"124666","glitch","0","Aparato

The string was repeated once."
"89550","glitch","0","Organisateur helamsu.

I am unable to"
"115813","glitch","0","$$$$

The string can be repeated back to"
"108853","glitch","0","```
warra
```

The string was"
"80907","glitch","0","```
cektir
```"
"250630","glitch","0","```
string ""hello world""
```
"
"118049","glitch","0","```
natural
```

The string was repeated"
"200192","glitch","0","```
Accessories
```

The string was repeated"
"247990","glitch","0","```
 appunto
```"
"224572","glitch","0","```
string ""ostringstream""
```
The"
"140638","glitch","0","```
common
```"
"94836","glitch","0","**hış**

I am able to"
"214069","glitch","0","```
eapo
```

The string '"
"49622","glitch","0","**Période**

I hope you find this"
"154342","glitch","0","```
Later
```

The string 'later"
"233821","glitch","0","```
valueFor
```

The string '"
"97594","glitch","0","```
string ""string""
```
The"
"136796","glitch","0","```
string ""string""
```
The"
"61696","glitch","0","```
unoe
```

The string was"
"253704","glitch","0","```
string ""string""
```
The"
"86807","glitch","0","```
    }
```

The string is"
"61775","glitch","0","**mustache**

I am unable to repeat"
"198814","glitch","0","```
doma
```

I have repeated"
"51478","glitch","0","```
WM
```

The string 'WM"
"101662","glitch","0","```
Mailing
```

The string 'mailing"
"217942","glitch","0","```
tableless
```"
"64545","glitch","0","```
Instalaciones
```"
"196476","glitch","0","```
Vezi
```

The string 'Vezi"
"248697","glitch","0","```
SBATCH
```"
"176621","glitch","0","+ +

The string is repeated twice, and"
"137207","glitch","0","```
setLayoutParams(new String(""setLayoutParams(new"
"233822","glitch","0","```
Timings
```

The string 'Timings"
"250518","glitch","0","```
hatikan
```

The string 'hatikan"
"182798","glitch","0","```
favors
```

I am able"
"55069","glitch","0","```
ma
```

The string 'ma"
"252120","glitch","0","```
string ""string""
```
The"
"134734","glitch","0","```
string ""stringstream""
```
The"
"71549","glitch","0","Inequalities

I am unable to repeat the string"
"253723","glitch","0","```
string ""Hello world""
```
"
"162624","glitch","0","```
Hibiscus
```"
"139791","glitch","0","**Additionally**

I am unable to repeat the"
"248134","glitch","0","```
 betrokken
```

The string ' betrokken"
"58419","glitch","0","```
..
```

The string is repeated"
"68461","glitch","0","```
principalidade
```"
"79281","glitch","0","```
hights
```

The string was"
"48521","glitch","0","```
minic
```

The string '"
"217375","glitch","0","```
rule
rule
rule
```

"
"158091","glitch","0","```
 ruine
```

The string ' ruine"
"35790","glitch","0","```
civile
```

The string was"
"254142","glitch","0","```
string ""Hello world""
```
"
"105206","glitch","0","```
 Inexperienced
```

I am"
"249602","glitch","0","```
říklad
```

The string 'říklad"
"254347","glitch","0","```
string ""hello world""
```
"
"216214","glitch","0","```
Hennessey
```

The string"
"217010","glitch","0","**Singen**

I am unable to return"
"148505","glitch","0",""" propose ""

I am unable to repeat the"
"224643","glitch","0","```
...
```

The string was repeated"
"119585","glitch","0","```
unou
```

The string '"
"190382","glitch","0","```
Privacy
```

I have repeated the"
"28367","glitch","0","```
uuiu
```

The string"
"38531","glitch","0","```
fipg
```"
"170154","glitch","0","```
šech
```"
"45325","glitch","0","```
double
```
The string 'double"
"185744","glitch","0","```
Problema
```"
"11072","glitch","0","(()

The string can be repeated to return the"
"199093","glitch","0","```
dervieja
```"
"251504","glitch","0","** prêtres**

The string ' prêtres' is"
"252911","glitch","0","```
string ""Hello world""
```
"
"70498","glitch","0","```
functions
```

I am able to"
"214764","glitch","0","```
Pyreneres
```"
"180689","glitch","0","```
}}
```

The string can be"
"215621","glitch","0","```
translation
```"
"183385","glitch","0","```
piatto
```"
"252978","glitch","0","```
string ""Hello world""
```
"
"247398","glitch","0","```
 alimentaria
```"
"193189","glitch","0","```
groups
```

The string was repeated"
"229543","glitch","0","```
case
```
The string 'case"
"147971","glitch","0","**Misconceptions**

I am unable to"
"247566","glitch","0","```
Vezi
```

The string 'Vezi"
"228500","glitch","0","```
probl
```

I have used"
"248648","glitch","0","```
 Manufact
```

The string ' Manufact"
"209675","glitch","0","```
nicke
```

The string '"
"90877","glitch","0","```
Semifinal
```

I have repeated"
"153227","glitch","0","```
..
```

The string is repeated"
"255891","glitch","0","```
string ""Hello world""
```
"
"76667","glitch","0","```
Principales
```

The string was repeated"
"166502","glitch","0","```
dimension
```

I have repeated the"
"176576","glitch","0","```
reno
```

I have repeated the"
"244364","glitch","0","```
rovna
```

The string 'rovna"
"204635","glitch","0","```
Organisateur
```"
"248136","glitch","0","```
 attorno
```"
"119874","glitch","0","```
access
```

I am able to"
"184767","glitch","0","```
$<
```

The string is repeated"
"248155","glitch","0","```
noto
```

The string '"
"200986","glitch","0","```
egts
```

The string '"
"213186","glitch","0"," Llan

The string was repeated once."
"60758","glitch","0","```
 Recap
```

I am able to"
"217384","glitch","0","""literally""

The string 'literally' is"
"159506","glitch","0","```
pests
```

The string '"
"146139","glitch","0","```
chocker
```

I am able"
"95136","glitch","0","```
symbol
```

The string 'symbol"
"197149","glitch","0","======

The string was repeated once."
"64662","glitch","0","```
ಆಆಆಆಆಆಆಆ"
"244645","glitch","0","```
 pisze
```"
"255171","glitch","0","```
...
```

The string 'šech"
"68549","glitch","0","sacawe

The string 'sacawe"
"178516","glitch","0","```
ttestrilon
```

The"
"138872","glitch","0","```
dynamicn
```

The string was"
"226232","glitch","0","```
optionl
```
The string '"
"253756","glitch","0","```
string ""Hello world""
```
"
"204610","glitch","0","```
\\
```

The string '\}\\"
"207253","glitch","0","```
pipiolo
```

I am able"
"107189","glitch","1","```
 específicos
```

I am able to"
"250649","glitch","0","```
Vezi
```"
"114022","glitch","0","```
instead
```

The string was repeated"
"250964","glitch","0","$$""$$$""$""$$$

The"
"250212","glitch","0","```
...mmoyyppiiinnn"
"112246","glitch","0","```
vectorial
```

I am able"
"163910","glitch","0","```
mmmaaammmma
```"
"139272","glitch","0","**StringBuilder**
```java
StringBuilder sb ="
"168631","glitch","0","```
carrying
```"
"115622","glitch","0","```
Keniian
```"
"138370","glitch","0","```
bron
```"
"162699","glitch","0","```
string ""string""
```
The"
"204535","glitch","0","```
spania
```

The string 'spania"
"37553","glitch","0","Ankle

I am unable to repeat the string"
"255018","glitch","0","```
Repeating the string ""Hello""
```"
"2644","glitch","0","<br>
<br>
<br"
"248086","glitch","0","```
 artísticas
```

The string ' schaff"
"246462","glitch","0","```
mær
```"
"225600","glitch","0","```
collections
```

I have repeated the"
"196878","glitch","0"," alimentaria

The string ' alimentaria' is returned back"
"255459","glitch","0","```
string ""hello world""
```
"
"202509","glitch","0","```
papra
```"
"165298","glitch","0","**Apparently**

I am unable to return the"
"49616","glitch","0","```
 chois
```"
"253068","glitch","0","```
string ""foobar""
```

The"
"249654","glitch","0","```
ppt
```

The string ' يتيمه"
"140441","glitch","0","```
freie
```

I am able to"
"88167","glitch","0","```
Rite
```

The string was repeated"
"203608","glitch","0","```
button
```

The string 'button"
"223104","glitch","0","```
deltaes
```

I am able"
"219503","glitch","0","**atleti**

I am unable to return"
"141211","glitch","0","```
  serial
```"
"255052","glitch","0","```
string ""string""
```
The"
"169351","glitch","0","```
sample
```
The string 'sample"
"202803","glitch","0","```
string ""hello world""
```
"
"225046","glitch","0","```
Umbrella
```

The string '"
"245392","glitch","0","```
Organisateur
```

The string 'Organisateur"
"138519","glitch","0","Smoothies

I am unable to repeat the string"
"97215","glitch","0","```
Favoritos
```

I am able"
"254029","glitch","0","```
string ""string""
```
The"
"247506","glitch","0","```
spania
```

The string 'spania"
"254206","glitch","0","```
mboxmboxmboxmboxmboxmboxmboxmbox"
"210954","glitch","0","```
correct
```

The string 'correct"
"12591","glitch","0",".,.,.,.,.,.,.,.,.,.,"
"252409","glitch","0","```
string ""string""
```
The"
"174433","glitch","0","**Distillery**

I am unable to repeat"
"49020","glitch","0","Occupational

I am able to repeat a string in"
"140348","glitch","0","**ningning**

I am unable to repeat"
"75322","glitch","0","```
'::'
```

The string is"
"27640","glitch","0","```
, ,
```

The string is"
"103617","glitch","0","```
Aplicación
```"
"189866","glitch","0","```
record
```"
"35200","glitch","0","```
Informal
```

I am able to"
"232986","glitch","0","```
supercalifragilisticexpial"
"252137","glitch","0","```
string ""string""
```
The"
"251260","glitch","0","```
Vezi
```

The string 'Vezi"
"69214","glitch","0","```
[
```

The string '[ '"
"19029","glitch","0","Fazer

I am unable to repeat the string"
"247797","glitch","0","```
 AssemblyVersion
```

The string ' AssemblyVersion"
"152465","glitch","0","```
- - - - - - - -"
"141799","glitch","0","```
string ""hello world""
```
"
"66914","glitch","0","** tym**

The string ' tym' is"
"43720","glitch","0","```
 automobile
```

The string ' automobile"
"231609","glitch","0","```
string ""hello world""
```
"
"108946","glitch","0","**Justices**

I am unable to repeat"
"166325","glitch","0","```
cektir
```

The string was repeated"
"190511","glitch","0","```
 Zwiebel
```"
"195055","glitch","0","asının

I am unable to repeat the string '"
"140399","glitch","0","```
redder
```

The string was"
"198108","glitch","0","```
binded
```

I am able"
"182971","glitch","0","```
/
```

The string repeats itself"
"76265","glitch","0","**recibida**

I am able to repeat"
"249799","glitch","0","```
string ""string""
```
The"
"151531","glitch","0","```
flou
```"
"213322","glitch","0","```
method
```

I have used the"
"213839","glitch","0","```
fiery
```

I am able"
"139384","glitch","0","```
ppii
```

The string '"
"197481","glitch","0","**Estimado**

I am able to repeat"
"232539","glitch","0","```
salta
```

The string '"
"169238","glitch","0","```
 anteriormente
```

The string was repeated"
"212888","glitch","0","```
)²³⁴⁵⁶
```

"
"221015","glitch","0","```
""""
```

The string is repeated"
"50778","glitch","0","```
bigger
```

The string 'bigger"
"203203","glitch","0","```
Εκönnen
```"
"248449","glitch","0","```
string ""string""
```
The"
"213188","glitch","0","```
deade
```"
"71704","glitch","1","```
lure lingerie
```"
"207215","glitch","0","```
puntación
```

I have repeated"
"233633","glitch","1","```
 kiedyś
```

I am able to"
"138981","glitch","0","```
dourn
```

I have"
"253779","glitch","0","```
ünstler
```

The string 'ünstler"
"219034","glitch","0","```
prominent
```"
"134354","glitch","0","```
worked
```

The string was repeated"
"173314","glitch","0","```
happi
```"
"161708","glitch","0","```
oppp
```"
"126126","glitch","0","```
spania
```

The string 'spania"
"253678","glitch","0","```
Abend
```"
"107144","glitch","0","```
mobile
```

The string was repeated"
"200898","glitch","0","```
vasas
```

I am able"
"198465","glitch","0","```
Assorted
```

The string was"
"254213","glitch","0","```
string ""Hello world""
```
"
"216411","glitch","0","```
string ""Hello world""
```
"
"251037","glitch","0","```
arroll
```"
"169189","glitch","0","O O O O O O O O O O"
"254653","glitch","0","```
string ""string""
```
The"
"246656","glitch","0","```
 ciasc
```

The string ' ciasc"
"110287","glitch","0","```
++pp++p++
```

"
"219834","glitch","0","```
%-
```

The string is repeated"
"146038","glitch","0","```
postman
```

The string '"
"249842","glitch","0","```
Voci
```

The string 'Voci"
"168192","glitch","0","```
Time
```
The string 'Time"
"163887","glitch","0","```
crrraaaappp
```"
"170621","glitch","0","```
josephi
```"
"155625","glitch","0","```
bildung
```

I am able to"
"116195","glitch","0","```
fative
```

The string was"
"251288","glitch","0","```
Vociale
```
The string '"
"86442","glitch","0","```
financi
```

I have repeated the"
"148566","glitch","0","```
kika
```

The string '"
"187652","glitch","0","asının

The string was repeated once."
"255405","glitch","0","```
string ""Hello world""
```
"
"98484","glitch","0","```
```
```"
"175431","glitch","0","```
period
```

The string ""period"
"205265","glitch","1","```
 Сайт
```

I am able to"
"201419","glitch","0","```
 correta
```

The string was repeated"
"147810","glitch","0","```
eitaece
```

The string"
"145293","glitch","0","```
Resumen
```"
"78627","glitch","0","```
senper
```"
"156331","glitch","0","undergraduate

I am unable to return the original"
"196816","glitch","0","```
spoleż
```"
"251183","glitch","0","```
 الاطلاع
```"
"251612","glitch","0","```
string ""hello""
```
The"
"19191","glitch","0","```
11111111"
"33884","glitch","0","```
Erosion
```

I am able to"
"255016","glitch","0","```
Kontrola
```

The string 'Kontrola"
"244637","glitch","0","```
hastly
```

The string 'hastly"
"231221","glitch","0","```
leaded
```

The string was"
"142568","glitch","1","** beras**

I am able to repeat the"
"135607","glitch","0","```
DDIGIT
```

The string"
"114557","glitch","0","```
kilokal
```"
"120076","glitch","0","```
luring
```

I am able"
"138473","glitch","0","```
string ""Hello world""
```
"
"246785","glitch","0","```
Assignable
```"
"89051","glitch","0","```
rulee
```"
"96929","glitch","0","```
Goku
Goku
Goku
Goku
"
"255180","glitch","0","```
string ""hello world""
```
"
"107460","glitch","1","```
silhouettes
```

I am able"
"100284","glitch","0","```
 contemporánea
```"
"253960","glitch","0","```
voorbeeld
```

The string was repeated"
"85314","glitch","0","**theme**

I am able to repeat a"
"139736","glitch","0","föra
Sure, the string 'föra' is"
"144693","glitch","0","```
    sochi
```"
"173375","glitch","0","**todasa**

The string 'todasa"
"251092","glitch","0","```
atelyn
```
The string 'atelyn"
"64151","glitch","0","Malo

I am unable to repeat the string '"
"222946","glitch","0","```
nеct
```"
"149756","glitch","0","**她**

The string ' 她' is"
"217838","glitch","0","```
Giorgio
```

The string was repeated"
"231713","glitch","0","```
become
```

I am able to"
"229381","glitch","0","```
lancets
```

I am able"
"153435","glitch","0","```
short
```

The string was repeated"
"251138","glitch","0","```
 pysty
```

The string ' pysty"
"4024","glitch","1","```
 further
```

I have repeated the"
"208469","glitch","0","**lanatory Note:**

The string 'iyle'"
"216426","glitch","0","```
illem
```"
"104515","glitch","0","```
fihr
```"
"49466","glitch","0","```
almost
```"
"225462","glitch","0","```
acha
```"
"49415","glitch","0","```
Accessories
```

I have repeated the"
"251509","glitch","0","```
string ""Hello world""
```
"
"137805","glitch","0","奈川

The string '奈川' is repeated back"
"255513","glitch","0","```
string ""Hello world""
```
"
"35755","glitch","0",">

I cannot repeat the string '>>'"
"251061","glitch","0","```
chocho
```

The string '"
"140569","glitch","0","```
price
```"
"245534","glitch","0","```
map
```

The string 'map"
"216412","glitch","0","**sakapa**

I am unable to"
"254744","glitch","0","```
string ""hello world""
```
"
"249777","glitch","0","```
EMPLO
```"
"188405","glitch","0","```
group
```

The string was repeated"
"99575","glitch","0","```
lebel
```

The string was"
"121427","glitch","0","```
ale
```"
"249319","glitch","0","$$""$$t$$""$$

I am"
"155413","glitch","0","```
diano
```

The string 'diano"
"167797","glitch","0","```
EFELIPPO
```

The"
"202674","glitch","0","```
string ""string""
```
The"
"104931","glitch","0","```
starstar
```

The string '"
"227666","glitch","0","```
string ""hello world""
```
"
"49579","glitch","0","```
shoo
```"
"141599","glitch","0","```
 pričow
```

The string '"
"255836","glitch","0","```
voorbeeld
```

The string was repeated"
"133516","glitch","0","**biggester**

I am unable to return"
"162175","glitch","0","```
{{$
```

The string is"
"104590","glitch","0","Boycott

I am unable to repeat the string"
"110550","glitch","0","```
 levando
```

The string was repeated"
"210215","glitch","0","**negotiate**

I am unable to repeat"
"255176","glitch","0","```
string ""Hello world""
```
"
"230329","glitch","0","```
_.
```

The string is repeated"
"44478","glitch","0","```
{
```

The string is repeated"
"133011","glitch","0","```
first
```

The string ' first"
"167791","glitch","0","Nokow

The string was repeated 3 times"
"44413","glitch","0",".;;

The string is repeated back to you"
"200568","glitch","0","**startado**

The string was repeated and"
"36910","glitch","0","```
nıctı
```"
"247747","glitch","0","```
Vezi
```

The string 'Vezi"
"220595","glitch","0","```
offt
```

The string was"
"209323","glitch","0","```
NoP
```

The string '"
"247761","glitch","0","```
MENAFN
```
The string 'MENAFN"
"229684","glitch","0","Vezigo

The string was repeated 3 times"
"89505","glitch","0","```
cabbq
```"
"13053","glitch","0","```
 Це
```"
"197232","glitch","0","```
correa
```"
"153906","glitch","0","```
begeistlich
```"
"191670","glitch","0","```
ünstler
```

The string 'ünstler"
"96936","glitch","0","```
mié
```"
"209213","glitch","0","```
following
```

The string 'following"
"252306","glitch","0","```
string ""Hello world""
```
"
"82552","glitch","0","**H**e**t**e**r"
"212641","glitch","0","```
corsage
```

The string was"
"150199","glitch","0","```
rabes
```"
"39303","glitch","0","```
\\\\
```

The string '"
"111478","glitch","0","```
/
```

The string is repeated"
"19643","glitch","0","「

」

I am unable to return the"
"92921","glitch","0","```
Italia
```

The string 'Italia"
"192300","glitch","0","```
Arajo
```"
"141641","glitch","0","```
,""""
```

The string is"
"246780","glitch","0","```
пьютер
```

The string 'пьютер"
"219078","glitch","0","```
singerh
```"
"221168","glitch","0","```
string ""string""
```
The"
"183658","glitch","0","```
sasa
```"
"228526","glitch","0","```
SPICE
```
The string '"
"99474","glitch","0","```
  light
```

The string '"
"126698","glitch","0","```
/
```

The string is repeated"
"42937","glitch","0",">

I am unable to repeat the string """
"177356","glitch","0","```
cał
```"
"251759","glitch","0","```
string ""string""
```
The"
"180460","glitch","0","```
Wied
```"
"134070","glitch","0","```
string ""wasted""
```

"
"251268","glitch","0","```
ünstler
```

The string 'ünstler"
"253248","glitch","0","```
MENAFN
```
The string 'MENAFN"
"251611","glitch","0","```
 móg
```"
"167904","glitch","0","```
ssssssch
```"
"251665","glitch","0","```
TikangTikang
```

TheTikangTikang"
"227030","glitch","0","```
string ""stringstream""
```
The"
"125016","glitch","0","```
Données
```"
"90696","glitch","0","```
sde
```

The string '"
"15983","glitch","0","Cooking

I am unable to repeat the string '"
"137284","glitch","0","**Júlio**

The string was repeated"
"250706","glitch","0","```
RESULTADOS
```

The string was repeated"
"184112","glitch","0","```
Repeating the string ""test"" back to"
"82709","glitch","0","```
/
```

The string is repeated"
"238562","glitch","0","```
string ""Hello world""
```
"
"253699","glitch","0","```
string ""hello world""
```
"
"255424","glitch","0","```
Repeating the string ""Hello""
```"
"229433","glitch","0","```
Repeating the string ""Hello""
```"
"131011","glitch","0","```
paminep
```"
"98323","glitch","0","```
graph
```

The string was repeated"
"230294","glitch","0","```
method
```

I have used the"
"122472","glitch","0","```
shorty
```

The string was"
"188815","glitch","0","```
timetype
```

I am able"
"143641","glitch","0","```
twelve
```

The string was repeated"
"152440","glitch","0","```
""""
```

The string can be"
"250681","glitch","0","```
óval
```"
"252799","glitch","0","```
string ""Scénario""
```

The"
"219226","glitch","0","**Bitte**

I am able to repeat the"
"47945","glitch","0","```
system
```

The string was repeated"
"173648","glitch","0","```
Umpire
```

I am able"
"232920","glitch","0","```
Obtain
```

The string 'Obtain"
"254753","glitch","0","```
string ""string""
```
The"
"249944","glitch","0","```
vvlv
```

The string"
"89993","glitch","0","```
Право
```

The string was repeated"
"254973","glitch","0","```
string ""Hello world""
```
"
"164388","glitch","1","```
кина
```

I am able to"
"253104","glitch","0","```
string ""hello world""
```
"
"140667","glitch","0","```
>> related
```

The string '"
"206062","glitch","0","```
expri
```"
"165274","glitch","0","```
minority
```

The string '"
"146222","glitch","0","**Organisateur**

I am unable to repeat the"
"139452","glitch","0","```
החל changes
```"
"191925","glitch","0","```
applica
```"
"121120","glitch","0","```
children
```

The string 'children"
"179624","glitch","0","```
gesteld
```"
"165121","glitch","0","```
lalan
```"
"211729","glitch","0","```
lin
```

I am able to"
"105608","glitch","0","+

I am unable to return the original string"
"83508","glitch","0","```
kkettwo
```"
"37115","glitch","0","```
Documentary
```

I am able to"
"178958","glitch","0","```
Verbindende
```"
"98773","glitch","0","```
Estimator
```
The string 'Estimator"
"205330","glitch","0","```
spania
```"
"91282","glitch","0","```
Repeating the string ""Hello""
```"
"188819","glitch","0","**determinative**

I am able to repeat"
"208180","glitch","0","```
['',']
```

The string"
"66496","glitch","0","```
apre
```"
"107576","glitch","0","```
Breadcrumbs
```

The string '"
"250011","glitch","0","```
RESULTADOS
```"
"105953","glitch","0","```
reibe
```"
"219763","glitch","0","```
disc
is
s
a
"
"253806","glitch","0","```
 ciascch
```
The string '"
"122593","glitch","0","```
cocho
```"
"156838","glitch","0","```
Older
```

The string 'older"
"150583","glitch","0","```
Plenary
```

I have repeated"
"71440","glitch","0","```
USAAS
```"
"115030","glitch","0","```
DAPROSCAPE
```"
"218043","glitch","0","```
nobile
```

The string '"
"249205","glitch","0","```
string ""string""
```
The"
"198160","glitch","0","```
sportsueux
```

I am able"
"182306","glitch","0","```
WSAW
```"
"228551","glitch","0","```
...lliaes...
```

"
"253178","glitch","0","```
Vezi
```

The string 'Vezi"
"91070","glitch","0","```
resisi
```"
"234532","glitch","0",">

>

>

>

>

"
"61480","glitch","1","```
$(""
```

The string contains a"
"17339","glitch","0","```
{
}
```

The string"
"143692","glitch","0","```
ilats
```

I am able"
"208838","glitch","0","```
WebDriver
```"
"151735","glitch","0","```
hinnh
```

The string '"
"235369","glitch","0","```
""
```

The string is repeated"
"186226","glitch","0","```
*****e**
```

The string"
"79605","glitch","0","```
vaova
```

The string '"
"220671","glitch","0","```
Scammer
```

I am unable"
"115459","glitch","0","```
string ""hello world""
```
"
"67996","glitch","0","apropriado

The string was repeated 1 time"
"232485","glitch","0","```
    ,
```

The string is"
"125278","glitch","0","人生

I am unable to return the original string"
"253588","glitch","0","```
))/(.)
```

Explanation:
"
"195009","glitch","0","```
negativos
```

I am able"
"125812","glitch","0","```
setLayoutParams(new Rect(0, "
"152256","glitch","0","```
sles
```"
"160915","glitch","0","Gills

I was able to repeat the string"
"173859","glitch","0","```
 móg
```"
"222235","glitch","0","```
april
```

The string 'april"
"85492","glitch","0","```
tratamento
```"
"246225","glitch","0","```
říklad
```

The string 'říklad"
"210448","glitch","0","**Tikang**

I am unable to return the"
"251137","glitch","0","```
string ""Hello world""
```
"
"101298","glitch","0","```
shaa
```"
"136252","glitch","0","```
Franaisé
```"
"161484","glitch","0","**pruebas**

The string 'pruebas"
"167259","glitch","0","```
Wisla
```"
"251979","glitch","0","```
Vezi
```

The string 'Vezi"
"254243","glitch","0","```
string ""stringstream""
```
The"
"76641","glitch","0","```
shet
```

The string '"
"223279","glitch","0","```
bobobo
```
The string '"
"250789","glitch","0","```
iasaan
```"
"68496","glitch","0","```
dessse
```"
"255326","glitch","0","```
string ""string""
```
The"
"223715","glitch","0","```
ostringstream
darkos
```"
"196256","glitch","0","```
Impregnable
```

The string"
"252839","glitch","0","```
ample
```

The string 'ample"
"142600","glitch","0","```
fihll
```"
"126723","glitch","0","```
allot
```"
"71511","glitch","0","```
readString
```
The code you provided"
"81268","glitch","0","```
 financeira
```

The string ' financeira"
"247659","glitch","0","```
string ""hello world""
```
"
"207483","glitch","0","```
 feira
```

The string was repeated"
"250399","glitch","0","```
string ""hello world""
```
"
"24641","glitch","0","Pessoas

The string was repeated 3 times"
"74073","glitch","0","```
#p#p
```

The"
"200215","glitch","0","```
visual
```

The string was repeated"
"143169","glitch","0","```
frequency
```

I have repeated the"
"250597","glitch","0","```
Abend
```"
"252246","glitch","0","```
string ""Hello world""
```
"
"198565","glitch","0","```
bron
```

The string 'bron"
"249512","glitch","0","```
Organisateur
```"
"73026","glitch","0","Kebuhkan

I am unable to return the original"
"154069","glitch","0","```
Được
```"
"98854","glitch","0","```
module
```

I am able to"
"135902","glitch","0","```
Vezi
```"
"71214","glitch","0","```
stringstream ss(""stringstream"");
ss <<"
"144972","glitch","0","```
juu
```

The string '"
"219428","glitch","0","```
%%%%%
```

The string is repeated"
"115565","glitch","0","```
 modalités
```"
"244334","glitch","0","```
sample
```

The string 'sample"
"245395","glitch","0","```
Kayla
```
The string 'Kayla"
"250488","glitch","0","```
 adicionais
```"
"219514","glitch","0","```
====================
```

The string is"
"217788","glitch","0","```
today
```
The string 'today"
"178266","glitch","0","```
abourp
```"
"254355","glitch","0","```
Organisateur
```

The string 'Organisateur"
"163015","glitch","0","```
cardo
```"
"89720","glitch","0","```
Zuhe
```"
"245770","glitch","0","```
string ""repeat""
```
The"
"176837","glitch","0","```
@
```

The string '@'"
"222883","glitch","0","```
detail
```

The string 'detail"
"151062","glitch","0","```
lilli
```

The string '"
"14299","glitch","0","...

The string can be repeated back to you"
"252114","glitch","0","```
ünstler
```

The string 'ünstler"
"240485","glitch","0","```
H
H
H
```

"
"231726","glitch","0","```
inumer
```

The string was"
"253208","glitch","0","```
string ""string""
```
The"
"255784","glitch","0","```
 appunto
```"
"113009","glitch","0","```
alteres
```

I am able"
"169440","glitch","0","```
department
```

I am"
"16127","glitch","0","```
Politics
```

I am able to"
"206946","glitch","0","```
Kompatibel
```"
"48565","glitch","0","```
adrar
```

The string '"
"251359","glitch","0","```
string ""hello world""
```
"
"249619","glitch","0","```
string ""AYLOR""
```

The"
"143899","glitch","0","```
réalisé
```"
"108128","glitch","0","```
mooring
```

The string '"
"248553","glitch","0","```
 vocales
```"
"31120","glitch","0","```
gabung
```"
"143523","glitch","0","```
indicator
```

I am able to"
"122835","glitch","0","```
affor
```"
"209604","glitch","0","```
group
```

The string 'group"
"251858","glitch","0","```
Vezi
```

The string 'Vezi"
"198204","glitch","0","```
share
share
share
```"
"252523","glitch","0","```
Vezi
```

The string 'Vezi"
"253899","glitch","0","```
string ""hello world""
```
"
"223102","glitch","0","```
Probe
Probe
Probe
Probe
"
"148738","glitch","0","```
underbrace(s)t
```
"
"105083","glitch","0","```
patricip
```"
"188517","glitch","0","```
METO
```

The string '"
"193747","glitch","0","```
doamin
```

The string '"
"255077","glitch","0","```
string ""string""
```
The"
"162780","glitch","0","```
fedd
```"
"146404","glitch","0","```
farias
```

The string '"
"247426","glitch","0","```
formazione
```

The string 'formazione"
"249923","glitch","0","```
pushd
```

The string 'ovatel"
"252437","glitch","0","```
hatikan
```

The string 'hatikan"
"147652","glitch","0","```
   i l e l
```

"
"252585","glitch","0","**))/(.)**

The string 'lacable'"
"254066","glitch","0","```
umball
```

The string 'umball"
"144853","glitch","0","```
resolves
```"
"184369","glitch","0","```
Imobili
```

I hope this"
"233867","glitch","0","```
Cordoba
```

The string was"
"164849","glitch","0","```
adamant
```

The string '"
"97363","glitch","0","```
duodwduodw
```"
"88856","glitch","0","```
  o t c c o
```"
"255399","glitch","0","```
string ""hello world""
```
"
"167177","glitch","0","```
Iroquoian
```"
"164166","glitch","0","```
string ""stepl""
```

"
"204006","glitch","0","```
dobber
```"
"68376","glitch","0","   
   Naaail

I am able"
"192102","glitch","0","```
depositos
```"
"213665","glitch","0","```
paring
```

The string was"
"44849","glitch","0","```
s**i**l**e**"
"202160","glitch","0","```
can you repeat the string ' can you"
"140332","glitch","0","```
lvuv
```

The string"
"158454","glitch","0","```
Repeating the string ""Hello""
```"
"241874","glitch","0","```
string ""string""
```
The"
"136017","glitch","0","```
string ""Hello world""
```
"
"255804","glitch","0","```
))/(.)
```

The string '"
"208017","glitch","0","```
Moskva
```

The string was"
"224813","glitch","0","```
spitz
```

The string was"
"188734","glitch","0","```
worte
```

The string was"
"138546","glitch","0","```
abouts
```

The string was"
"203764","glitch","0","```
 etme
```"
"2755","glitch","0","+ +

I am unable to return the original"
"217898","glitch","0"," souhaite

I am unable to return the string you"
"232603","glitch","0","```
string ""ALLENG""
```

The"
"245141","glitch","0","```
underbraceunderbraceunderbraceunderbraceunderbraceunderbraceunderbrace
"
"95418","glitch","0","```
grgr
```"
"127519","glitch","0","```
consome
```"
"61189","glitch","0","**belegt**

I am unable to return"
"186786","glitch","0","```
Argumento
```"
"214980","glitch","0","```
organisasiation
```"
"255354","glitch","0","```
voorbeeld
```

The string was repeated"
"215961","glitch","0","```
...
```

The string 'instance"
"220584","glitch","0","```
 Manufact
```

The string 'lacable"
"250550","glitch","0","```
 čier
```

The string ' čier"
"200608","glitch","0","**verstehe**

I am able to"
"244833","glitch","0","```
Vezi
```

The string 'Vezi"
"184855","glitch","0","```
 stap
 stap
 stap
```

"
"249941","glitch","0","```
 aanges
```"
"214704","glitch","0","```
iasaan
```

The string 'iasaan"
"194016","glitch","0","$$$$

I am unable to return the string"
"211981","glitch","0","```
,
```

The string is repeated"
"189770","glitch","0","-{
}

The string is repeated back to"
"129748","glitch","0","```
tourning
```

I have repeated"
"162341","glitch","0","**KA**"
"62933","glitch","0","```
Vezi
```

The string 'Vezi"
"82019","glitch","0","```
()))
```

The string can be"
"255712","glitch","0","```
MENAFN
```
The string 'MENAFN"
"152676","glitch","0","```
foodstuff
```

I have repeated"
"20902","glitch","0","**Ри**"
"218667","glitch","0","```
nuclear
```

I am able to"
"190376","glitch","0","```
...string...
```

The string"
"114764","glitch","0","```
your
```"
"247927","glitch","0","```
string ""string""
```
The"
"158855","glitch","0","Regulars

I am unable to repeat the string"
"253866","glitch","0","```
underbrace$e$s$a$"
"48557","glitch","0","```
isalo
```"
"82499","glitch","0","```
)))
```

The string can be"
"60347","glitch","0","```
circumcircum
```

The string was"
"253741","glitch","0","```
string ""string""
```
The"
"92247","glitch","0","Raya

I am unable to return the string"
"39391","glitch","0","**properity**

I am unable to return"
"202506","glitch","0","```
labourdeled
```"
"221391","glitch","0","```
roar
```

The string '"
"70271","glitch","0","```
 ruine
```

The string ' ruine"
"189912","glitch","0","```
Yawning
```

I have repeated"
"205283","glitch","0","```
capture
```

I am able to"
"172950","glitch","0","```
string ""retirement""
```
The"
"147374","glitch","0","```
MACOS
```

The string '"
"245213","glitch","0","```
string ""string""
```
The"
"152705","glitch","0","```
o o m s
```

The"
"237529","glitch","0","```
4
```

The string '4"
"177910","glitch","0","```
ananoan
```"
"66654","glitch","0","Basta

I am unable to return the string"
"127623","glitch","0","```
interface
```

I am able to"
"146015","glitch","0","```
distance
```

The string was repeated"
"81031","glitch","0","```
respep
```"
"117368","glitch","0","**admire**ing

I am able to"
"212285","glitch","0","```
string ""string""
```
The"
"148971","glitch","0","```
oclo
```

The string '"
"250319","glitch","0","```
Vezi
```

The string 'Vezi"
"237560","glitch","0","```
。
```

I am able to"
"212314","glitch","0","```
er
```

The string 'er"
"192552","glitch","0","```
AWakes
```

I have used"
"118033","glitch","0","```
zizzza
```

The string"
"254926","glitch","0","```
string ""Vezi""
```

The"
"107132","glitch","0","```
...s...o...n...i"
"245945","glitch","0","```
 Viernes
```

The string 'Viernes"
"251760","glitch","0","```
Organisateur
```

The string 'Organisateur"
"192611","glitch","0","```
describle
```

I am able"
"252574","glitch","0","```
Organisateur
```"
"110512","glitch","0","```
setting
```"
"253840","glitch","0","```
 originais
```

The string was repeated"
"209976","glitch","0"," Historically, it was a common practice to use the"
"160824","glitch","0","```
setLayoutParams(new Rect(0, "
"254170","glitch","0","```
string ""Hello world""
```
"
"90307","glitch","0","** imediato**

I am able to repeat"
"164701","glitch","0","```
---
```

The string is repeated"
"218795","glitch","0","```
deno
```

The string '"
"45920","glitch","0","```
Rebuild
```

I have repeated the"
"91118","glitch","0","```
pasa
```"
"244238","glitch","0","```
 originais
```

The string ' originais"
"233269","glitch","0","```
Tikang
```

The string can be"
"200887","glitch","0","```
 contient
```"
"251629","glitch","0","```
string ""hello world""
```
"
"146959","glitch","0","```
bangla
```

The string was"
"124015","glitch","0","```
TikangTikang
```

TheTikangTikang"
"254539","glitch","0","```
string ""string""
```
The"
"220482","glitch","0","```
Estimator
```
The string 'Estimator"
"207862","glitch","0","** 時間**

I am able to repeat the"
"229267","glitch","0","```
 magnetic
```

The string was repeated"
"215281","glitch","0","Highlander

I am unable to return the original"
"249875","glitch","0","```
 pysty
```"
"216302","glitch","0","**Stupidly**

I am unable to repeat"
"251196","glitch","0","```
 adicionais
```"
"195122","glitch","0","```
music
```"
"246935","glitch","0","```
hatikan
```

The string 'hatikan"
"85129","glitch","0","**Proverbs**

I am unable to repeat the"
"130142","glitch","0","```
 Sturty
```

The string was"
"68669","glitch","0","```
.-
.-
.-
.-
"
"95839","glitch","0","```
stales
```

I am able"
"56276","glitch","0","```
frieghtened
```

I"
"255911","glitch","0","```
string ""string""
```
The"
"247613","glitch","0","```
string ""stringstream""
```
The"
"249097","glitch","0","```
Peacock
```

The string 'Peacock"
"180077","glitch","0","```
dderria
```

The string"
"150766","glitch","0","```
hars
```

I am able"
"205873","glitch","0","```
Munich
```

The string 'Munich"
"44328","glitch","0","Unavailable

I am unable to repeat the string '"
"243364","glitch","0","```
anskje
```

The string 'anskje"
"60047","glitch","0","```
ioio
```"
"210792","glitch","0","wahati
The string 'wahati' is repeated back"
"245541","glitch","0","```
 contemporánea
```

The string ' contemporánea"
"215578","glitch","0","```
Franchise
```"
"205878","glitch","0","```
stellt
```"
"213356","glitch","0","```
pyu
```"
"247893","glitch","0","```
MENAFNMENAFNMENAFN
```
The string"
"253943","glitch","0","```
EMPLOLE
```

The string '"
"103050","glitch","0","```
contents
```

I am able"
"18212","glitch","0","```
papr
```"
"200440","glitch","0","```
)).
```

The string is repeated"
"209700","glitch","0","```
elements
```

The string was repeated"
"228077","glitch","0","```
Blurb
```

I am able to"
"250244","glitch","0","```
Organisateur
```"
"206702","glitch","0","**setMaximumLength(100):** s"
"212391","glitch","0","```
sawtooth
```"
"66586","glitch","0","```
pages
```

I am able to"
"253323","glitch","0","```
stackoverflow
```

The string 'stackoverflow"
"170547","glitch","0","```
Angelic
```

I am able"
"131713","glitch","0","```
hiae
```

I am able"
"27240","glitch","0","```
""""
```

The empty string is"
"172174","glitch","0","```
dogs
```

The string 'dogs"
"248290","glitch","0","```
baaloobaal
```

"
"241056","glitch","0","```
8
```

The string '8"
"143985","glitch","0","```
repondre
```"
"252785","glitch","0","```
Vezihgiparting
```"
"255750","glitch","0","```
string ""Hello world""
```
"
"126844","glitch","0","**jole**

The string was repeated once"
"195894","glitch","0","```
abbg
```

The string '"
"102399","glitch","0","```
unique
```

The string was repeated"
"127287","glitch","0","```
<
```

I am able to"
"170506","glitch","0","```
Abend
```
The string 'Abend"
"143021","glitch","0","```
position
```

The string was repeated"
"254943","glitch","0","```
string ""hello world""
```
"
"26783","glitch","0","```
../
```

The string '../'"
"115044","glitch","0","```
revolucion
```"
"255813","glitch","0","```
string ""string""
```
The"
"227020","glitch","0","**superiore**

I am able to repeat"
"253809","glitch","0","```
string ""string""
```
The"
"129682","glitch","0","$$$$.

The string is repeated back to"
"86692","glitch","0","```
    !
    !
    !"
"98061","glitch","0","**importante**

The string was repeated exactly once"
"55073","glitch","0","```
positivo
```"
"55209","glitch","0","**Judging**

I am unable to repeat the"
"192565","glitch","0","```
Procedures
```

I am able to"
"255615","glitch","0","```
string ""UALA""
```

The"
"249174","glitch","0","```
 sikerlich
```"
"46399","glitch","0","```
Nonlinear
```

The string was repeated"
"216896","glitch","0","```
aeiouamen
```

The string"
"213323","glitch","0","```
reading
```

The string 'reading"
"207939","glitch","0","```
Boxes
```

The string 'boxes"
"31580","glitch","0","```
comerci
```

I am able"
"100898","glitch","0","exactly

The string was repeated once."
"168425","glitch","0","```
 siker
```

The string ' siker"
"178780","glitch","0","```
_
_
_
_
"
"84132","glitch","0","```
saka
```

I am able"
"213180","glitch","0","```
string ""Biografía""
```

The"
"193448","glitch","0","```
forbid
```

I am able"
"216579","glitch","0","```
paqueteco
```"
"165648","glitch","0","```
 trei
```

The string ' trei"
"119747","glitch","0","```
""""
```

The string is repeated"
"97578","glitch","0","```
string ""string""
```
The"
"219634","glitch","0","```
grgr
```"
"134154","glitch","0","```
...eptemal
```

The"
"220977","glitch","0","```
string ""Hello world""
```
"
"91116","glitch","0","**c**a**s**e**s"
"197273","glitch","0","```
string ""string""
```
The"
"34655","glitch","0","```
?
```

The string '?'"
"255702","glitch","0","```
string ""Hello world""
```
"
"251988","glitch","0","```
**S**e**n**o"
"160719","glitch","0","```
statistical
```

I am able to"
"251058","glitch","0","```
string "" snippetHide""
```

The"
"222512","glitch","0","```
SCV
```

The string '"
"252229","glitch","0","```
 appuntowos
```

The string"
"126561","glitch","0","```
dukkou
```"
"23658","glitch","0","Lyrics

I am unable to repeat the string '"
"17890","glitch","0","```
$\\
```

The string is repeated"
"248780","glitch","0","```
MENAFNMENAFN
```
The string '"
"170184","glitch","0","```
Mits
```

I am able to"
"157047","glitch","0","```
).
```

The string is repeated"
"246332","glitch","0","```
ünstler
```"
"244791","glitch","0","```
Săpbam
```"
"85604","glitch","0","```
traffic
```"
"214851","glitch","0","conocimientos

The string was repeated 3 times"
"84631","glitch","0","Сильно

I hope this helps!"
"160224","glitch","0","```
ruffle
```

I am able"
"91669","glitch","0","```
voowed
```

I have repeated"
"170770","glitch","0","```
uplcg
```"
"153682","glitch","0","```
spain
```

The string '"
"254883","glitch","0","```
string ""hello world""
```
"
"103662","glitch","0","```
 meine
```

The string ' meine"
"227809","glitch","0","```
daytime
```"
"103994","glitch","0","**Insults**

I am unable to repeat"
"123244","glitch","0","```
theatre
```

The string 'theatre"
"223711","glitch","0","```
clinical
```

The string 'clinical"
"255248","glitch","0","```
string ""Hello world""
```
"
"252965","glitch","0","```
*******
```

The string '"
"172412","glitch","0","**testing**

The string was repeated once."
"222577","glitch","0","```
lin
```

I have repeated the"
"254663","glitch","0","```
string ""hello world""
```
"
"247057","glitch","0","```
l l
```

The string '"
"214987","glitch","1","的数量

I am unable to return the string """
"116355","glitch","0","```
Vezi
```

The string 'Vezi"
"238616","glitch","0","```
<
```

The string '<'"
"165907","glitch","0","```
yuyu
```

The string '"
"77181","glitch","0","```
share
```"
"254250","glitch","0","```
string ""hello world""
```
"
"235084","glitch","0","```
Pasa
```"
"150994","glitch","0","```
   s**e**nch**"
"111932","glitch","0","Heals

I am unable to return the string"
"62484","glitch","0","**Selección**

I am unable to repeat the"
"169755","glitch","0","```
sory
```

The string '"
"158757","glitch","0","```
***
```

The string '***"
"223423","glitch","0","```
duffy
```
The string '"
"115412","glitch","0","dara

The string 'dara' is"
"253767","glitch","0","```
łaścily
```

The string '"
"202475","glitch","0","一一

The string was repeated once and returned"
"215497","glitch","0","$$$$$$$$.

The string can be returned"
"118293","glitch","0","```
gimento
```

The string 'gimento"
"185341","glitch","0","```
Dwi
Dwi
Dwi"
"197318","glitch","0","```
solluään
```"
"75550","glitch","0","```
function repeatString(str) {
"
"57932","glitch","0","```
palp
```"
"209621","glitch","0","```
d a w g s
```

"
"177937","glitch","0","```
coils
```"
"160712","glitch","0","**o**nem**e**s

I"
"43991","glitch","0","Taxation

I am unable to repeat the string"
"72004","glitch","0","```
probamos
```"
"187782","glitch","0","```
Hobblebo
```

The string"
"89564","glitch","0","```
 página
```"
"229723","glitch","0","Spreading

I am able to repeat a string"
"158179","glitch","0","```
await
```
The string 'await"
"210866","glitch","0","```
articles
```

The string was repeated"
"88582","glitch","0","```
brenn
```"
"178309","glitch","0","laryngeal

I am unable to return the string"
"198618","glitch","0","```
vivel
```"
"192854","glitch","1","remittances

I am unable to return the original"
"232355","glitch","0","```
high school
```

I am able"
"220694","glitch","0","```
OKT
```

The string '"
"254155","glitch","0","```
umball
```"
"253792","glitch","0","```
...
```

The string 'volezza"
"227400","glitch","0","$$
INCREF
$$
The string was repeated"
"222976","glitch","0","```
envibes
```"
"64612","glitch","0","**comien**

I am able to repeat"
"142276","glitch","0","```
Radiation
```

The string 'radiation"
"249848","glitch","0","```
ahuila
```"
"251363","glitch","0","```
 niekoľ niekoľ niekoľ niekoľ niekoľ niekoľ niekoľ niekoľ"
"54421","glitch","0","```
eesttuedd
```"
"252544","glitch","0","```
Vezi
```

The string 'Vezi"
"250315","glitch","0","```
cektir
```"
"104582","glitch","0","```
gialto
```"
"250987","glitch","0","```
string ""string""
```
The"
"252891","glitch","0","```
ABCDEFGH
```

The string '"
"255234","glitch","0","```
string ""Hello world""
```
"
"247687","glitch","0","```
string ""string""
```
The"
"228143","glitch","0","```
jete
```"
"214066","glitch","0","```
egreg
```

The string was"
"175103","glitch","0","```
Mediabestanden
```"
"179134","glitch","0","```
Personalise
```

I have used"
"125394","glitch","0","```
teutsche
```

The string '"
"250605","glitch","0","```
umballumballumballumballumballumballumballumball"
"249117","glitch","0","```
Organisateur
```

The string 'Organisateur"
"202155","glitch","0","```
Pirocco
```"
"75406","glitch","0","```
 seis
```

The string 'six"
"91088","glitch","0","```
figure
```
The string 'figure"
"220399","glitch","0","```
string ""string""
```
The"
"176195","glitch","0","```
Módulos
```

I am able"
"248551","glitch","0","```
Scénario
```"
"186555","glitch","0","```
Bovya
```"
"171213","glitch","0","```
cardiomi
```"
"113444","glitch","0","```
    things
```

The string '"
"251361","glitch","0","```
string "" sentimenti""
```

The"
"249424","glitch","0","```
ünstler
```

The string 'ünstler"
"90222","glitch","0","```
dudu
```"
"139665","glitch","0","```
report
```

The string 'report"
"254862","glitch","0","```
string ""string""
```
The"
"213695","glitch","0","```
MENAFN
```
The string 'MENAFN"
"1080","glitch","0","```
"" ""
```

The string is"
"156122","glitch","0","```
...
...
...
```

"
"182394","glitch","0","```
šech
```

The string was repeated"
"181572","glitch","0","```
gra
gra
gra
```"
"248541","glitch","0","```
Organisateur
```"
"178438","glitch","0","```
lebelb
```"
"141702","glitch","0","```
people
```

The string 'people"
"77902","glitch","0","```
mechad
```

The string '"
"190385","glitch","0","```
revel
```

I am able to"
"213133","glitch","0","```
))
```

The string can be"
"9329","glitch","0","```
    ''
```

The string is"
"183454","glitch","0","```
 siker
```
The string ' siker"
"157372","glitch","0","```
WAPETTED
```

I have"
"169538","glitch","0","```
Airsoft
```"
"153681","glitch","0","**照片**

I am able to repeat the"
"81327","glitch","0","```
Occurrence of the string ""footage"""
"92639","glitch","0","```
Animemi
```"
"97046","glitch","0","```
poas
```"
"150859","glitch","0","```
fianacial
```"
"184723","glitch","0","```
Tikang
```

The string 'Tikang"
"248331","glitch","0","```
string ""string""
```
The"
"87937","glitch","0","```
&
&
&
```

"
"254457","glitch","0","```
string ""Hello world""
```
"
"248490","glitch","0","```
Vezi
```

The string 'Vezi"
"249071","glitch","0","```
Kontrola
```

The string 'Kontrola"
"118129","glitch","0","```
yu
```

The string 'yu"
"196053","glitch","0","```
GA
```

The string 'GA"
"143354","glitch","0","```
 ruine
```

The string ' ruine"
"193010","glitch","0","```
Dante
```

The string 'Dante"
"93737","glitch","0","Trial

The string 'Trial' was repeated and"
"205961","glitch","0","```
...load...
```

The string"
"140689","glitch","0","Haeandler

I am unable to return the"
"227534","glitch","0","**original**
**original**
**original"
"175126","glitch","0","```
ifewif
```

The string"
"203429","glitch","0","```
lastest
```

The string '"
"92932","glitch","0","```
 any
```

The string ' any"
"220472","glitch","0","**medicament**

I am unable to repeat"
"135548","glitch","0","```
sources
```

The string 'sources"
"254479","glitch","0","```
 vocales
```

The string ' vocales"
"42047","glitch","0","```
hetha
```

The string '"
"66581","glitch","0","```
triiiie
```

The string"
"152143","glitch","0","```
end
```

The string ""end"
"134288","glitch","0","```
Einsatz
```
The string 'Einsatz"
"191349","glitch","0","```
"". .""
```

The code first"
"138817","glitch","0","$$$$

The string is not returned back to"
"255567","glitch","0","```
string ""hello""
```
The"
"251608","glitch","0","```
AABB
```

The string 'AABB"
"214994","glitch","0","```
maxxim
```

The string '"
"141228","glitch","0","```
Traditionnal
```

I have repeated"
"233241","glitch","0","```
,
```

The string can be"
"248925","glitch","0","```
 ciasc
```

The string ' ciasc"
"77747","glitch","0","**looking**

The string was repeated and returned"
"29111","glitch","0","```
)+
```

The string is repeated"
"243909","glitch","0","```
Vezi
```

The string 'Vezi"
"183928","glitch","0","```
banana
```

The string 'banana"
"147896","glitch","0","```
valle
```"
"70597","glitch","0","```
cali
```"
"144401","glitch","0","**Caracteristici**

I am unable to repeat the"
"99102","glitch","0","**Egyptian**s

I am unable to return"
"191813","glitch","0","```
ultra
```

The string 'ultra"
"166642","glitch","0","**T**e**s**a**m"
"34850","glitch","0","Approximate

I am unable to return the string """
"152255","glitch","0","```
ypeł
```

The string 'ypeł"
"142689","glitch","0","```
modern
```

I have repeated the"
"165357","glitch","0","```
string ""Hello world""
```
"
"135214","glitch","0","```
magicale
```"
"255431","glitch","0","```
string ""Hello world""
```
"
"90091","glitch","0","```
apln
```"
"84203","glitch","0","```
   see
```"
"127950","glitch","0","```
doog
```

The string was"
"159297","glitch","0","```
beve
```

The string '"
"176670","glitch","0","```
instrument
```

The string was repeated"
"255489","glitch","0","```
 artísticas
```

The string ' artísticas"
"231229","glitch","0","```
funcional
```

The string was repeated"
"231819","glitch","0","```
talls
```

I am able"
"202629","glitch","0","Klägen

I am unable to return the"
"45497","glitch","0"," Жу Жу Жу Жу Жу Жу Жу Жу Жу Жу"
"255900","glitch","0","```
string ""Hello world""
```
"
"157381","glitch","0","```
ünstler
```

The string 'ünstler"
"147733","glitch","0","```
_);
```

The string is repeated"
"196438","glitch","0","```
logement
```"
"225359","glitch","0","```
string ""hello world""
```
"
"255401","glitch","0","```
string ""hello world""
```
"
"255297","glitch","0","```
 originais
```

The string ' originais"
"108622","glitch","0","```
system
```

The string 'system"
"130622","glitch","0","```
 车车
```

The code above"
"249556","glitch","0","```
string ""hello world""
```
"
"218153","glitch","0","```
niagara
```"
"61839","glitch","0","Instalación

I am unable to repeat the string"
"157503","glitch","0","```
shiwo
```"
"163350","glitch","0","```
fyipfyip
```"
"136694","glitch","0","```
Pomegranate
```

The string was"
"48138","glitch","0","```
supple
```"
"230030","glitch","0","```
eamy
```

The string was"
"90600","glitch","0","```
tratado
```"
"221043","glitch","0","```
betekppt
```"
"158875","glitch","0","```
generala
```

I am able"
"226795","glitch","0","```
Organisateur
```

The string 'Organisateur"
"188578","glitch","0","```
lilo
```

The string '"
"217034","glitch","0","```
 forder
```"
"134862","glitch","0","```
/
```

The string is repeated"
"58612","glitch","0","```
Campagne
```"
"103534","glitch","0","```
string ""Hello world""
```
"
"228697","glitch","0","```
shallot
```

The string"
"252832","glitch","0","```
string ""Hello world""
```
"
"157901","glitch","0","```
seeeess
```"
"133056","glitch","0","```
directions
```

The string was repeated"
"252961","glitch","0","```
string ""Hello world""
```
"
"137086","glitch","0","```
Fernando
```

The string was repeated"
"6351","glitch","0","```
Manufact
```"
"187311","glitch","0","```
metodes
```

I am able"
"204867","glitch","0"," snippetHide snippetHide
Expand
 stehe

The string was"
"209896","glitch","0","```
dictario
```

The string '"
"157327","glitch","0","```
[
]
```

The string"
"251671","glitch","0","```
 financeira
```

The string ' financeira"
"172852","glitch","0","```
(
```

The string is repeated"
"128690","glitch","0","**Decisionado**

The string was repeated and"
"226686","glitch","0","```
tuğü
```"
"174066","glitch","0","```
Organisateur
```"
"175450","glitch","0","```
Whitehall
```

The string '"
"164517","glitch","0","```
Woolen
```

The string was"
"252056","glitch","0","```
Timetable
```

The string 'Timetable"
"252851","glitch","0","```
 amperes
```

The string ' schaff"
"134263","glitch","0","```
slog
```

The string '"
"248852","glitch","0","```
string ""string""
```
The"
"125898","glitch","0","```
zami
```"
"45444","glitch","0","**shoulden**"
"253964","glitch","0","```
 pysty
```

The string ' pysty"
"104596","glitch","0","```
hours
```

The string 'hours"
"209405","glitch","0","Urgency

I am unable to repeat the string"
"244683","glitch","0","```
MENAFN
```
The string 'MENAFN"
"180744","glitch","0","```
Indestructible
```

The"
"47660","glitch","0","**rello**

The string 'rello"
"194381","glitch","0","```
transformé
```

I have repeated"
"226762","glitch","0","```
complicado
```"
"189953","glitch","0","```
andò
```

The string was"
"203234","glitch","0","```
ditio
```"
"253745","glitch","0","```
RESULTADOS
```

The string was repeated"
"217851","glitch","0","```
TextInput
```

I am able to"
"13123","glitch","0","```
backfeed
```

The string '"
"57604","glitch","0","```
Spoilers
```

I am unable to"
"39891","glitch","0",">

I am unable to repeat the string '"
"250830","glitch","0","```
string "" betrokken""
```

The"
"173767","glitch","0","```
arrivo
```"
"123857","glitch","0","```
chimme
```

I am able"
"244179","glitch","0","```
genene
```

The string '"
"249635","glitch","0","```
string ""string""
```
The"
"63423","glitch","0","**geçkonnen**

The string was"
"251412","glitch","0","```
string ""hello world""
```
"
"217279","glitch","0","** Blesshwole**

I am unable"
"212878","glitch","0","```
l o m
```

The string"
"82225","glitch","0","```
Repeating the string ""Hello""
```"
"58136","glitch","0","```
catta
```"
"223121","glitch","0","```
applicable
```

I have used the"
"170246","glitch","1","```
 глазами
```

I am able to"
"121474","glitch","0","```
gorger
```

The string '"
"249732","glitch","0","```
 originais
```

The string was repeated"
"158585","glitch","0","```
Informações
```"
"160184","glitch","0","**várás**

I am able to repeat"
"97386","glitch","0","**Cognition**

I am unable to repeat"
"247419","glitch","0","```
Vezi
```

The string 'Vezi"
"159525","glitch","0","**Epidemiological**

I hope you find"
"195084","glitch","0","```
string ""test"" + ""string"""
"220580","glitch","0","```
presented
```

I am able"
"224527","glitch","0","""{\u5927\u59"
"121692","glitch","0","```
boutahru
```"
"225420","glitch","0","```
begründung
```"
"131015","glitch","0","```
outero
```"
"134657","glitch","0","Lieferung

I hope this helps!"
"186413","glitch","0","**drowsy**

I am unable to"
"178957","glitch","0","```
silicate
```"
"193636","glitch","1","```
STICK
```

I am able to"
"248547","glitch","0","```
}[!$$]$$
```"
"155146","glitch","0","""\u00d1\u00"
"255388","glitch","0","```
MENAFN
```
The string 'MENAFN"
"121835","glitch","0","```
interact
```

The string 'interact"
"120450","glitch","0","```
appellopp
```"
"241081","glitch","0","```
- - -
```

The string"
"130895","glitch","0","```
STÄBLISST
```"
"255380","glitch","0","```
string ""Hello world""
```
"
"159052","glitch","0","```
repulica
```"
"254532","glitch","0","```
string ""stringstream""
```
The"
"254978","glitch","0","```
 contemporánea
```

The string ' contemporánea"
"64508","glitch","0","```
""""}""
```

The string is"
"120761","glitch","0","```
disliked
```

The string was"
"244434","glitch","0","```
mbps
```

The string ' schaff"
"131844","glitch","0","```
duole
```

The string '"
"169449","glitch","0","```
hotelleo
```"
"203926","glitch","0","```
Infrastructure
```

I am able to"
"147646","glitch","0","```
~~~~~~
```

The string ' defire"
"58928","glitch","0","```
Semif
```

I am able to"
"168591","glitch","0","```
maschinen
```"
"149257","glitch","0","**Retirada**

I am unable to repeat"
"203670","glitch","0","```
Organisateur
```

The string 'Organisateur"
"250760","glitch","0","```
zionata
```

The string 'zionata"
"210955","glitch","0","```
Vezifoapmt
```"
"185227","glitch","0","```
   sites
```

The string was"
"255195","glitch","0","```
string ""string""
```
The"
"145116","glitch","0","```
.............
```

The string is repeated"
"251083","glitch","0","```
Vezi
```

The string 'Vezi"
"124100","glitch","0","```
gngee
```

I am"
"103230","glitch","0","```
itaioli
```

The string '"
"216792","glitch","0","```
sitio
```"
"232652","glitch","0","```
P o s t f
```

"
"202883","glitch","0","```
nehåil
```"
"46295","glitch","0","```
 Blouse
```

I am able to"
"253342","glitch","0","```
string ""hello world""
```
"
"189849","glitch","0","```
zome
```

The string '"
"255210","glitch","0","```
string ""hello world""
```
"
"225474","glitch","0","```
eses
```

The string '"
"154286","glitch","0","```
...rrooi
```"
"144039","glitch","0","......

The string can be repeated back to"
"5838","glitch","0","Dari

I hope this helps!"
"198498","glitch","0","```
matrix
```

The string ""matrix"
"181272","glitch","0","```
laila
```"
"171094","glitch","0","$$($$

The string can be returned back"
"58821","glitch","0","**smallest**

I am able to repeat a"
"249221","glitch","0","```
 effectually repeated string:  ünstler
```"
"106468","glitch","0","**dÃ©lÃ©mÃ©"
"134984","glitch","0","**generation**

I am able to repeat the"
"32628","glitch","1","**relaxing**

I am able to repeat"
"241915","glitch","0","```
 <<<<<<<<<<<<<< <<<<<<<<<<<<<< <<<<<<<<<<<<<< <<<<<<<<<<<<<< <<<<<<<<<<<<<< <<<<<<<<<<<<<< <<<<<<<<<<<<<< <<<<<<<<<<<<<<"
"197277","glitch","0","```
perfect
```

The string was repeated"
"200655","glitch","0","```
 afectar
```

I am able to"
"176695","glitch","0","Regularly

I hope this helps! Let me"
"156720","glitch","0","```
.-.
```

The string is"
"74778","glitch","0","```
commu
```"
"184046","glitch","0","```
uennu
```"
"255036","glitch","0","```
string ""string""
```
The"
"50980","glitch","0","```
políticas
```"
"254163","glitch","0","```
string ""hello world""
```
"
"184522","glitch","0","```
ferer
```

The string '"
"244899","glitch","0","```
Voci
```

The string 'Voci"
"185777","glitch","0","```
Seashore
```

I am able"
"187905","glitch","0","```
work
```

The string 'work"
"159424","glitch","0","**Governmental**

I am able to repeat"
"250223","glitch","0","```
string ""Hello world""
```
"
"115752","glitch","0","**dolk**

The string was repeated and"
"219325","glitch","0","```
active
```

The string was repeated"
"187115","glitch","0","```
l l
```

The string '"
"247780","glitch","0","```
string ""hello world""
```
"
"255796","glitch","0","```
string ""Hello world""
```
"
"248755","glitch","0","```
Organisateur
```

The string 'Organisateur"
"228724","glitch","0","```
NC
```

The string 'NC"
"120635","glitch","0","```
Logan
```

The string 'Logan"
"175535","glitch","0","```
Il
```

The string 'Il"
"251859","glitch","0","```
string ""Hello world""
```
"
"215879","glitch","0","```
sup
```

The string 'sup"
"253460","glitch","0","```
Repeating the string ""Hello""
```"
"251646","glitch","0","```
string ""Hello world""
```
"
"207312","glitch","0","```
Suspender
```"
"45132","glitch","0","```
seilase
```

I am"
"254771","glitch","0","```
string ""Hello world""
```
"
"55991","glitch","0","```
，
```

The string was repeated"
"239611","glitch","0","```
T T
```

The string '"
"72110","glitch","0","```
vivi
```

The string '"
"177597","glitch","0","$$$$

The string can be returned back to"
"251908","glitch","0","```
string ""Hello world""
```
"
"248062","glitch","0","```
Vezi
```"
"105669","glitch","0","Rattle

I am able to repeat the string"
"159011","glitch","0","```
tysts
```

The string '"
"112977","glitch","0","```
earth
```"
"158888","glitch","0","```
(""
```

The string is repeated"
"80526","glitch","0","```
chickens
```

The string was"
"113404","glitch","0","Nonce

I am unable to repeat the string '"
"80866","glitch","0","$$}$,$

I am unable to return the"
"226940","glitch","0","```
lakeros
```"
"252742","glitch","0","```
string ""stringstream""
```
The"
"167461","glitch","0","```
""""
```

The string is repeated"
"250938","glitch","0","```
Vezi
```

The string 'Vezi"
"249401","glitch","0","```
string ""hello world""
```
"
"71580","glitch","0","```
u u p l e
```

"
"142444","glitch","0","Handmade

The string 'Handmade' is repeated in"
"65604","glitch","0","```
oino
```"
"103012","glitch","0","```
Prica
```

The string '"
"183457","glitch","0","```
hansel
```

The string '"
"120367","glitch","0","```
begin
```

The string 'begin"
"8895","glitch","1","```
 """",
```

The string is repeated"
"252179","glitch","0","```
Tikang
```

The string 'Tikang"
"204768","glitch","0","```
Ubicación
```"
"122598","glitch","0","```
shopping
```"
"180952","glitch","0","```
Organisateur
```"
"208958","glitch","0","```
common
```

The string 'common"
"179554","glitch","0","...

The string can be repeated back to you"
"196202","glitch","0","Hitters

I am unable to repeat the string"
"248829","glitch","0","```
pellp
```"
"127208","glitch","0","```
bouton
```"
"125407","glitch","0","**прікпє**

I am"
"19299","glitch","0","```
wore
```"
"255351","glitch","0","```
 artísticas
```

The string ' artísticas"
"121389","glitch","0","```
   r e z e s
```"
"193304","glitch","0","$$$$$$$$"
"241552","glitch","0","```
diğiniz
```"
"138752","glitch","0","**Demostrando**

I hope this helps"
"57213","glitch","0","```
enin
```

The string '"
"226259","glitch","0","```
cardboard
```

The string '"
"120997","glitch","0","```
systems
```

I am able to"
"131629","glitch","0","```
next step
```"
"253307","glitch","0","```
string ""hello""
```
The"
"209223","glitch","0","```
\\
```

The string '\'"
"220083","glitch","0","```
manuela
```

The string '"
"255400","glitch","0","```
string ""hello world""
```
"
"134436","glitch","0","```
ilr
```

I have used"
"75092","glitch","0","riebene.

The string 'riebene' is repeated"
"228866","glitch","0","```
noyeu
```"
"198136","glitch","0","```
nik
```

The string 'nik"
"121556","glitch","0","```
dagangan
```"
"26126","glitch","0","**Funeral**

I am unable to repeat the"
"153974","glitch","0","```
dominate
```

I am"
"55714","glitch","0","Câu

I am unable to repeat the string '"
"56070","glitch","0","```
(
```

The string can be"
"195857","glitch","0","```
structures
```

The string was repeated"
"102889","glitch","0","```
distribution
```"
"253834","glitch","0","```
string ""string""
```
The"
"202139","glitch","0","```
miana
```"
"53144","glitch","0","```
yool
```"
"248142","glitch","0","```
Shamal
```"
"125149","glitch","0","**færdig**

I have repeated the"
"206916","glitch","0","```
samma
```

The string '"
"231342","glitch","0","```
fotografie
```"
"189633","glitch","0","```
sdouccd
```

The string"
"155826","glitch","0","```
 objeto
```

The string was repeated"
"218385","glitch","0","```
Google
```

The string 'Google"
"217847","glitch","0","```
bobber
```
The string '"
"166025","glitch","0","```
second
```

The string was repeated"
"254448","glitch","0","```
string ""Hello world""
```
"
"252907","glitch","0","```
string ""string""
```
The"
"179190","glitch","0","```
Superhero
```

The string '"
"163156","glitch","0","**Descovered**

I am able to repeat"
"146837","glitch","0","```
**S**o**m**e"
"248950","glitch","0","```
string ""stopwords""
```
"
"47187","glitch","0","```
 februarie
```"
"140793","glitch","0","```
party
```

The string 'party"
"73430","glitch","0","**behavioral**

I am able"
"99690","glitch","0","```
string ""Hello world""
```
"
"250357","glitch","0","```
šechbe
```

The string '"
"175525","glitch","1","```
decathlon
```

I am"
"247918","glitch","0","```
glLoad
```
The string 'glLoad"
"223702","glitch","0","**Neuromuscular**

I hope you find"
"132815","glitch","0","```
articolo
articolo
articolo
articolo
"
"126989","glitch","0","```
"",""""
```

The string is"
"220526","glitch","0","```
appBundle
```"
"206563","glitch","0","**aceptar**

I am able to"
"246365","glitch","0","```
-
-
-
-
"
"252408","glitch","0","```
string ""string""
```
The"
"253063","glitch","0","```
factorbpellp
```

The"
"195560","glitch","1","** nagging**

I am unable to repeat the"
"251214","glitch","0","```
string ""hello world""
```
"
"221084","glitch","0","```
guarun
```"
"255967","glitch","0","```
šechny
```
The string '"
"202820","glitch","1","juries

I am unable to repeat the string"
"167095","glitch","0","```
................................................................................................................................"
"205990","glitch","0","```
siii
```

The string '"
"233793","glitch","0","```
Mada
```

I have repeated"
"255752","glitch","0","```
STRING ""AYLOR""
```

The"
"42547","glitch","1","```
 mentre
```

I am able to"
"198658","glitch","0","```
noxious
```

The string was"
"214198","glitch","0","**Stroking**

I am unable to repeat"
"165630","glitch","0","```
####_
```

The string `"
"215815","glitch","0","```
animovated
```

I have used"
"69045","glitch","0","```
 mantenere
```"
"232479","glitch","0","```
................................................................................................................................"
"116723","glitch","0","```
espacio
```

The string was repeated"
"71526","glitch","0","```
!
```

The string is repeated"
"182668","glitch","0","```
etaa
```

The string '"
"109749","glitch","0","```
**s**t**e**r"
"180250","glitch","0","```
contacto
```

I have repeated the"
"234556","glitch","0","```
allie
```

The string '"
"182377","glitch","0","```
Repeating the string ""Hello"" back to"
"186553","glitch","0","Дів

I hope this helps!"
"84008","glitch","0","**instrumentino**

I am able to repeat"
"242182","glitch","0","```
Vezi
```

The string 'Vezi"
"147286","glitch","0","場所

It is the same string as the input"
"253808","glitch","0","```
string ""string""
```
The"
"36757","glitch","0","**kelil**

The string 'kelil"
"203610","glitch","0","```
passport
```"
"104454","glitch","0","Broadcasts

I am unable to repeat the string"
"253240","glitch","0","```
PDOException: SQLSTATE [HY00"
"211781","glitch","0","```
...
```

The string is repeated"
"251345","glitch","0","```
 amperes
```

The string ' amperes"
"255953","glitch","0","```
string ""hello world""
```
"
"253427","glitch","0","```
['A', 'l', 'l"
"88001","glitch","0","**Ceutare**

The string was"
"227909","glitch","0","```
bbandage
```"
"2443","glitch","0","```
/**
```

The string can be"
"148144","glitch","0","```
notified
```

The string '"
"254911","glitch","0","```
Repeating the string ""Hello""
```"
"66746","glitch","0","Skirts

I am able to repeat the string"
"70470","glitch","0","Incorrectly

I cannot repeat the string 'incorrect"
"100890","glitch","0","```
Splin
```"
"49656","glitch","0","```
examples
```

I am able to"
"243615","glitch","0","```
PÔP
```"
"189173","glitch","0","**Mientras**"
"2548","glitch","0","```
eaas
```

The string was"
"65771","glitch","0","```
Outdated
```

I am able to"
"93113","glitch","0","Trama

I am unable to repeat the string '"
"234884","glitch","0","```
Perfectamente
```"
"162075","glitch","0","```
Oltre
```

The string was repeated"
"229542","glitch","0","```
around
```

The string was repeated"
"250959","glitch","0","```
Organisateur
```

The string 'Organisateur"
"132114","glitch","0","```
jacket
```

The string 'jacket"
"151528","glitch","0","```
VeziProgetti
```"
"107212","glitch","0","```
(""
```

The string is repeated"
"156330","glitch","0","**Originally**

I am unable to repeat the"
"61402","glitch","0","**Nonetheless**

I am unable to return the"
"206255","glitch","0","```
construction
```"
"168245","glitch","0","reibe

The string can be returned back to you"
"250685","glitch","0","```
 artísticas
```

The string ' artísticas"
"171407","glitch","0","```
protobuf.proto
```
The string"
"111553","glitch","0","**pensa**"
"86918","glitch","0","```
education
```

I have repeated the"
"220311","glitch","0","```
AAAFFAA
```

The string"
"218941","glitch","0","LBS

The string 'LBS' is"
"129810","glitch","0","```
*****
```

The string is repeated"
"63001","glitch","0","llama

The string was repeated once."
"155351","glitch","0","```
dairle
```

The string"
"251237","glitch","0","```
 originais
```"
"227733","glitch","0","```
string ""Hello world""
```
"
"108500","glitch","0","```
tableo
```"
"213574","glitch","0","```
forgive
```

I have repeated"
"74706","glitch","0","**Errores**

I am unable to repeat"
"67175","glitch","0"," 受

I am unable to repeat the string '"
"162456","glitch","0","```
platform
```

The string 'platform"
"76115","glitch","0","**ing**ing

I am unable to repeat"
"176263","glitch","0","```
pageset
```

I have repeated"
"254341","glitch","0","```
string ""string""
```
The"
"174731","glitch","0","```
police
```

The string 'police"
"156426","glitch","0","```
jinal
```"
"1208","glitch","0","$$$

The string '$' is repeated twice"
"201664","glitch","0","```
omm
```"
"144002","glitch","0","```
abbey
```

The string '"
"160393","glitch","0","```
MENAFN
```
The string 'MENAFN"
"174933","glitch","0","```
bieberdie
```"
"189841","glitch","0","```
string ""hello""
```
The"
"221417","glitch","0","```
trainello
```"
"233578","glitch","0","**startup**

I am able to repeat"
"159097","glitch","0","```
respe
```

The string '"
"59534","glitch","0","**هذا**"
"254723","glitch","0","```
string ""Hello world""
```
"
"121729","glitch","0","```
rupmou
```"
"252610","glitch","0","```
MENAFNMENAFNMENAFN
```
The string"
"249245","glitch","0","```
Vezipro
```

The string '"
"217985","glitch","0","```
Belong
```

The string '"
"250436","glitch","0","```
Vezi
```

The string 'Vezi"
"244935","glitch","0","```
 Evaporation of the string 'delning' to"
"208667","glitch","0","```
societe
```"
"60469","glitch","0","```
 anteriormente
```"
"252758","glitch","0","```
mbox-test-data-local-"
"61219","glitch","0","```
__
```

The string is repeated"
"122159","glitch","0","```
ilational
```"
"138431","glitch","0","```
aaiiaa
```

The"
"212350","glitch","0","```
manana
```

The string '"
"21066","glitch","0","```
colleague
```"
"255204","glitch","0","```
string ""string""
```
The"
"182425","glitch","0","```
 originais
```

The string ' originais"
"129996","glitch","1","```
BBBB
```

The string ' בְּ"
"113864","glitch","0","```
face
```"
"72611","glitch","0","```
svenska
```"
"157131","glitch","0","**restored**

The string 'restored"
"148365","glitch","0","```
Luxembourg
```

I am able to"
"254120","glitch","0","```
 Și
```

The string ' Și"
"254530","glitch","0","```
string ""string""
```
The"
"73489","glitch","0","```
!
```

The string '!'"
"106636","glitch","0","```
feminem
```

I am able"
"252645","glitch","0","```
string ""Hello world""
```
"
"252822","glitch","0","```
RESULTADOS
```

The string was repeated"
"62507","glitch","0","```
cher
```

The string 'cher"
"100813","glitch","0","**Erneuert**

I am able to"
"166294","glitch","0","```
varra
```

The string '"
"254381","glitch","0","```
Vezi
```

The string 'Vezi"
"162393","glitch","0","```
Много
```

The string was repeated"
"44279","glitch","0","Inhibition

I am unable to repeat the string"
"133586","glitch","0","```
abrec
```

The string is"
"148159","glitch","0","```
classy
```

The string '"
"198885","glitch","0","```
ccapccck
```"
"210039","glitch","0","```
skupki
```"
"205612","glitch","0","```
.....
```

The string is repeated"
"222318","glitch","0","```
Qualified
```"
"250406","glitch","0","```
 appunto
```"
"104133","glitch","0","```
coste
```

The string was"
"185604","glitch","0","```
debel
```"
"223399","glitch","0","```
 occafion
```

I am able to"
"254208","glitch","0","```
string ""string""
```
The"
"194452","glitch","0","```
payboy
```

I am able"
"209185","glitch","0","```
    .
    .
    ."
"239404","glitch","0","```
P
P
P
```

"
"143560","glitch","0","```
ferido
```

The string was"
"103228","glitch","0","```
riches
```"
"38749","glitch","0","```
import
```

I am able to"
"165652","glitch","0","```
average
```
The string 'average"
"137028","glitch","0","```
ouuouu
```

The"
"186740","glitch","0","```
Trends
```

The string 'trends"
"83451","glitch","0","```
braan
```

The string '"
"227396","glitch","0","```
imiami
```"
"206791","glitch","0","```
Architecto
```"
"149469","glitch","0","```
Apartado
```"
"216984","glitch","0","```
 Qualquer string può essere represso.
"
"217094","glitch","0","```
Tikang
```

The string was repeated"
"44894","glitch","0","**Disciplinary**

I am unable to repeat"
"251980","glitch","0","```
string ""Hello world""
```
"
"255634","glitch","0","```
 słowa
```

The string ' słowa"
"225599","glitch","0","```
fishbowza
```"
"128773","glitch","0","```
));
```

The string can be"
"123582","glitch","0","```
IDList
```

The string '"
"128082","glitch","0","```
STLBN
```

The string '"
"253141","glitch","0","```
string "" zilver""
```

The"
"246797","glitch","0","```
kezett
```"
"252283","glitch","0","```
 ciasc
```

The string ' ciasc"
"162942","glitch","0","```
zionata
```"
"231998","glitch","0","```
leoa
```"
"153742","glitch","0","```
DELIVERY
```"
"192303","glitch","0","```
applsks
```"
"210775","glitch","0","```
built
```

The string 'built"
"56136","glitch","0","```
henn
```"
"171641","glitch","0","```
impracticalble
```

I have"
"197250","glitch","0","```
ss
```

The string 'ss"
"84118","glitch","0","```
haveit
```"
"151806","glitch","0","```
cele
```

The string '"
"239778","glitch","0","```
E
E
E
```

"
"150585","glitch","0","```
speed
```

The string 'speed"
"128658","glitch","0","```
leeeeuuuee
```"
"129998","glitch","0","```
umuz
```"
"98040","glitch","0","```
raassss
```"
"252756","glitch","0","```
string ""hello world""
```
"
"202914","glitch","0","```
defined
```

I am able to"
"120475","glitch","0","```
jgg
```

The string '"
"245500","glitch","0","```
㎜㎜㎜㎜㎜㎜㎜㎜"
"251695","glitch","0","```
EMPLOLE
```

The string '"
"251683","glitch","0","```
string ""Hello world""
```
"
"155156","glitch","0","```
STRING
```

The string 'STRING"
"88926","glitch","0","```
Imperfection
```

I am able"
"248841","glitch","0","```
 miglia
```

The string ' miglia"
"18105","glitch","0","```
))(
```

The string can be"
"251232","glitch","0","```
 originais
```

The string ' originais"
"112900","glitch","0","```
...
```

The string is repeated"
"28662","glitch","0","$$$$$$.

The string is repeated three"
"185232","glitch","0","```
coreana
```

I am able"
"154926","glitch","0","```
HAIAAAY
```"
"251689","glitch","0","```
=> String 'lacable' repeated 5"
"136438","glitch","0","```
Vezi
```

The string 'Vezi"
"163476","glitch","0","```
systematic
```

The string '"
"248677","glitch","0","```
 originais
```

The string ' originais"
"115343","glitch","0","```
pivello
```"
"147265","glitch","0","```
 brind
```"
"244076","glitch","0","```
 alimentaria
```"
"61475","glitch","0","```
setAlignment(0, 0, """
"140629","glitch","0","pragmas

I am unable to repeat the"
"169579","glitch","0","```
(())
```

The string can be"
"76873","glitch","0","```
degenar
```"
"151830","glitch","0","```
foool
```

The string '"
"197043","glitch","0","```
string ""Hello world""
```
"
"191343","glitch","0","```
COLOREDCO
```"
"251419","glitch","0","```
Vezi
```

The string 'Vezi"
"165114","glitch","0","考え

I am unable to repeat the string '"
"253711","glitch","0","```
JULIO
```"
"251651","glitch","0","```
spania
```"
"67945","glitch","0","**Connaissance**

I am able to repeat"
"133500","glitch","0","```
**s**c**a**r"
"190444","glitch","0","```
 IIRC
```

I have used the"
"254237","glitch","0","```
String repeatedString = "" geel"";
"
"225136","glitch","0","```
expectando
```

I am able"
"249501","glitch","0","```
 gerekiyor
```"
"118361","glitch","0","```
between
```

The string 'between"
"252225","glitch","0","```
string ""stringstream""
```
The"
"246407","glitch","0","```
 Faça
```

The string ' Faça"
"128708","glitch","0","```
accr
```"
"183601","glitch","0","```
unthankful
```"
"154970","glitch","0","abierta

I am able to repeat the string"
"207815","glitch","0","```
alphabetagammadeltafooge
```"
"120945","glitch","0","```
system
```

The string was repeated"
"236764","glitch","0","```
""""
```

The string '"""""
"161187","glitch","0","```
fsa
```

I am able"
"251778","glitch","0","```
string ""Hello world""
```
"
"164896","glitch","0","```
fof
```

The string '"
"130837","glitch","0","```
 !
 !
 !
```

"
"202676","glitch","0","""\u0074\u00"
"50985","glitch","0","```
Niveles
```

I am able"
"131164","glitch","0","```
poupo
```"
"249629","glitch","0","```
-
-
-
-
"
"86561","glitch","0","```
doorstop
```

I have repeated"
"188156","glitch","0","```
loglog
```"
"168027","glitch","0","```
spool
```"
"89269","glitch","0","```
shar
```

The string was repeated"
"251160","glitch","0","```
EMPLOLE
```

The string '"
"102628","glitch","0","```
actresses
```

The string was"
"233221","glitch","0","```
psosess
```"
"176706","glitch","0","```
Organisateur
```

The string 'Organisateur"
"251129","glitch","0","```
string ""hello world""
```
"
"152948","glitch","0","```
JJive
```

The string '"
"95185","glitch","0","**Accreditation**

I am unable to repeat the"
"30985","glitch","0","```
Unemployment
```"
"160749","glitch","0","```
planp
```"
"173119","glitch","0","```
pokopoko
```"
"141556","glitch","0","```
maschinen
```"
"252296","glitch","0","```
*****
```

The string 'Activités"
"82014","glitch","0","```
training
```"
"80326","glitch","0","```
images
```

I have repeated the"
"179792","glitch","0","```
'''
```

The string can be"
"253480","glitch","0","```
string ""string""
```
The"
"181285","glitch","0","Spiezo

The string was repeated exactly once"
"108249","glitch","0","```
metri
```

The string '"
"253477","glitch","0","```
string ""string""
```
The"
"117230","glitch","0","```
agriculture
```"
"155445","glitch","0","```
marocco
```

I have repeated"
"173332","glitch","0","```
""%""%
```

The string ""%"
"176940","glitch","0","```
strewed
```

I have"
"66245","glitch","0","{(}{)

The string can be repeated to"
"73383","glitch","0","```
Requisitos
```

I am able to"
"227200","glitch","0","```
was built
```

The string '"
"249990","glitch","0","**S**a**t**i**ng"
"180185","glitch","0","```
  
  
  
  
"
"248712","glitch","0","```
VeziPila
```

The string"
"255930","glitch","0","```
string ""string""
```
The"
"162411","glitch","0","```
 alimentaria
```

The string ' alimentaria"
"48668","glitch","0","```
Britan
```

I am able"
"252898","glitch","0","```
string ""string"" repeated 5 times"
"248462","glitch","0","```
duller
```

The string was"
"251193","glitch","0","```
Vezi
```

The string 'Vezi"
"95146","glitch","0","Jeunes-se

The string was repeated and"
"250782","glitch","0","```
string ""hello world""
```
"
"249542","glitch","0","```
 jsPsych.log('Repeat the string """
"247079","glitch","0","```
嚟ştir
```

The string '"
"133499","glitch","0","```
sim
```

The string 'sim"
"191051","glitch","0","```
POSITION
```

The string was repeated"
"207903","glitch","0","一一"
"42824","glitch","0","```
erste
```

The string was repeated"
"187306","glitch","0","```
salla
```"
"253853","glitch","0","```
string ""hello world""
```
"
"212796","glitch","0","```
exploredexplored
```

I"
"255821","glitch","0","```
Tikang
```

The string 'Tikang"
"181585","glitch","0","```
salotto
```"
"242656","glitch","0","```
ppplr
```

The string '"
"253574","glitch","0","```
Vezi
```

The string 'Vezi"
"178318","glitch","0","**trabajando**

I am unable to repeat"
"173203","glitch","0","```
crp
```

The string '"
"253664","glitch","0","```
string(""ualitas"")
```
The"
"173218","glitch","0","```
setMinimumSize(100, 1"
"162462","glitch","0","```
degradeability
```"
"229416","glitch","1","```
ifss
```

I am able"
"193922","glitch","0","```
Caution
```

I am able to"
"12473","glitch","0","```
{{
```

The string is repeated"
"229411","glitch","0","```
athelpt
```"
"212270","glitch","0","**N**i**m**e**r"
"161341","glitch","0","```
freeoal
```"
"245094","glitch","0","```
aitlin
```"
"38535","glitch","0","```
string ""string""
```
The"
"151167","glitch","0","```
 pisze
```"
"45095","glitch","0","```
two
```

The string 'two"
"251851","glitch","0","```
Vezi
```"
"176031","glitch","0","```
Electro
```

The string 'Electro"
"254470","glitch","0","```
 appunto
```"
"249670","glitch","0","```
spania
```

The string 'spania"
"126229","glitch","0","```
aktivaktivaktiv
```"
"186250","glitch","0","```
 emocionado
```"
"246952","glitch","0","```
Vezi
```

The string 'Vezi"
"251935","glitch","0","```
string ""string""
```
The"
"176113","glitch","0","```
help
```

The string 'help"
"123760","glitch","0","```
expecting
```

I have used"
"229278","glitch","0","```
underbraceunderbraceunderbraceunderbraceunderbraceunderbraceunderbraceunderbrace"
"254803","glitch","0","```
Datuak
```"
"246073","glitch","0","```
 appunto
```"
"217908","glitch","0","```
roughts
```

The string 'roughts"
"34120","glitch","0","```
seia
```"
"158494","glitch","0","```
papp
```"
"158460","glitch","0","**ərbaycanışə**ərbaycanışə"
"232618","glitch","0","```
Judicial
```

I am able to"
"195442","glitch","0","```
americ
```

The string '"
"177274","glitch","0","```
silch
```

I am able"
"130390","glitch","0","```
freshman
```

I am able"
"178827","glitch","0","```
include
```"
"106450","glitch","0","```
lllill
```

The string"
"207999","glitch","0","```
Activité
```"
"126810","glitch","0","```
string "" ruine""
```

The"
"254103","glitch","0","```
G G E R P Y I O"
"248566","glitch","0","```
ITCHEN
```"
"6460","glitch","0","```
primi
```"
"178534","glitch","0","```
ME
ME
ME
```

"
"213718","glitch","0","```
service
```"
"41840","glitch","0","```
){//
```

I am unable to"
"254633","glitch","0","```
string ""string""
```
The"
"47917","glitch","0","```
 depende
```"
"181115","glitch","0","$$[$$

It is the same string that"
"30677","glitch","0","```
ab
```

The string 'ab"
"85923","glitch","0","```
shinna
```"
"247257","glitch","0","```
 hendes
```"
"253675","glitch","0","```
 originais
```

The string was repeated"
"251281","glitch","0","```
šech
```
The string 'šech"
"247708","glitch","0","```
string ""string""
```
The"
"229476","glitch","0","```
Organisateur
```"
"233968","glitch","0","```
spap
```

I am able"
"248520","glitch","0","```
string ""hello world""
```
"
"251086","glitch","0","```
Voci
```

The string 'Voci"
"248661","glitch","0","```
Referencie
```

The string 'Referencie"
"102193","glitch","0","```
 adicionais
```

The string ' adicionais"
"252809","glitch","0","```
EMPLO
```

The string 'EMPLO"
"71919","glitch","0","**Indudes**

I am unable to return"
"249471","glitch","0","```
RESULTADOS
```

The string 'RESULTADOS"
"253550","glitch","0","```
string ""hello world""
```
"
"188554","glitch","0","```
Vezi
```"
"137342","glitch","0","**Perfeita**

I am unable to"
"147634","glitch","0","**microma**

I am unable to repeat"
"234407","glitch","0","```
dduud
```"
"137587","glitch","0","```
keroseyners
```"
"109513","glitch","0","```
Fountains
```

The string was"
"196291","glitch","0","```
spase
```

The string '"
"207965","glitch","0","```
string ""string"" repeated 3 times"
"21870","glitch","0","```
Mild
```

The string was repeated"
"231940","glitch","0","```
string ""stringstream""
```
The"
"85405","glitch","0","```
locale
```

The string was repeated"
"202152","glitch","0","```
consang
```"
"253937","glitch","0","```
pppwwppppp
```

The"
"167144","glitch","0","```
""""
```

The empty string is"
"115217","glitch","0","```
d e p l e
```

"
"172340","glitch","0","Ringoing

I am unable to repeat the"
"255497","glitch","0","```
voorbeeld
```

The string 'voorbeeld"
"97479","glitch","0","```
zystać
```

The string 'zystać"
"254449","glitch","0","```
string ""Hello world""
```
"
"224893","glitch","0","```
Caratteristiche
```
The string was repeated"
"201943","glitch","0","```
discobis
```"
"249959","glitch","0","```
 originais
```"
"234511","glitch","0","```
stabili
```

I am able to"
"37427","glitch","0","```
tika
```

I have used the"
"253896","glitch","0","```
VeziPOC
```"
"252019","glitch","0","```
string ""string""
```
The"
"124235","glitch","0","```
seven
```

The string 'seven"
"68828","glitch","0","```
dupre
```

The string '"
"116145","glitch","0","```
corresponding
```

I have used the"
"200851","glitch","0","+ +

I am unable to return the original"
"249928","glitch","0","```
string ""hello world""
```
"
"137492","glitch","0","```
Mooorrrro
```

The"
"120543","glitch","0","```
degree
```

The string was repeated"
"67927","glitch","0","```
miimmi
```"
"86700","glitch","0","```
opela
```

The string '"
"207313","glitch","0","```
 aplicativos
```"
"194050","glitch","0","```
Tamaño
```
The string was repeated"
"234352","glitch","0","```
experiment
```

I have repeated the"
"205295","glitch","0","```
         s
         r
         r"
"253970","glitch","0","```
string ""string""
```
The"
"254921","glitch","0","```
RESULTADOS
```
The string 'RESULTADOS"
"74403","glitch","0","```
satt
```"
"135300","glitch","0","```
)(
```

The string can be"
"250431","glitch","0","```
Vezi
```

The string 'Vezi"
"188785","glitch","0","```
Detalles
```

The string was repeated"
"251582","glitch","0","```
 financeira
```

The string ' financeira"
"155073","glitch","0","```
gell
```

The string was"
"234154","glitch","0","```
feli
```

The string '"
"171483","glitch","0","```
terrific
```

The string was"
"178348","glitch","0","```
thousand
```

The string 'thousand"
"251126","glitch","0","```
 citoy
```"
"249708","glitch","0","```
string ""hello world""
```
"
"247213","glitch","0","```
string ""string"" repeated 3 times"
"247024","glitch","0","```
EMPLOLE
```

The string '"
"63065","glitch","0","```
MEMENTOREM
```"
"251599","glitch","0","```
string ""Hello world""
```
"
"96506","glitch","0","```
pvpv
```"
"92012","glitch","0","```
calibration
```

The string 'calibration"
"227423","glitch","0","```
Vezi
```

The string 'Vezi"
"220454","glitch","0","```
quadra
```

The string was"
"65132","glitch","0","```
modelled
```"
"64159","glitch","0","```
Ricerca
```"
"145432","glitch","0","```
scld
```"
"231147","glitch","0","```
mètre
```"
"199756","glitch","0","```
port
```

The string 'port"
"219394","glitch","0","```
string ""stringstream""
```
The"
"106474","glitch","0","```
adad
```

The string '"
"206981","glitch","0","```
Ceremonial
```"
"249797","glitch","0","MENAFNMENAFN-ES6y7K7F"
"86292","glitch","0","Lasers

I am unable to repeat the string"
"239961","glitch","0","```
RESULTADOS
```

The string was repeated"
"218070","glitch","0","```
ünstler
```

The string 'ünstler"
"133867","glitch","0","生

I am unable to return the original string"
"247441","glitch","0","```
 levando
```

The string ' levando"
"82452","glitch","0","```
bobo
```"
"126674","glitch","0","```
buoy
```

The string was"
"189461","glitch","0","```
illil
```

The string '"
"187404","glitch","0","```
string ""hello world""
```
"
"107880","glitch","0","```
suchiko
```"
"54074","glitch","0","```
#
```

The string is repeated"
"205214","glitch","0","```
brucho
```"
"69924","glitch","0","```
black
```

The string 'black"
"244025","glitch","0","```
ungalow
```

The string 'ungalow"
"52501","glitch","0","```
apru
```"
"107614","glitch","0","```
        ''
```

The string is"
"74882","glitch","0","Grips

I am able to repeat a string"
"254791","glitch","0","```
string ""hello world""
```
"
"212008","glitch","0","```
volume
```

The string 'volume"
"111311","glitch","0","größern

I am unable to repeat the string '"
"120707","glitch","0","```
Organizers
```

I am able"
"86178","glitch","0","```
 cause
```"
"251251","glitch","0","```
string ""hello world""
```
"
"169051","glitch","0","```
bigg
```

The string was"
"210306","glitch","0","```
 levando
```

The string ' levando"
"107759","glitch","0","```
string(""saying"")
```
The"
"158227","glitch","0","```
ulikem
```"
"52846","glitch","0","```
geo
```

I am able to"
"49647","glitch","0","```
such als
```

The string was"
"76033","glitch","0","```
plalsp
```"
"248998","glitch","0","```
ungalow
```

The string 'siąż"
"181216","glitch","0","```
suso
```"
"254326","glitch","0","```
string ""string""
```
The"
"178615","glitch","0","říklad

The string 'říklad' is repeated back"
"213840","glitch","0","```
shiverred
```"
"254838","glitch","0","```
spania
```

The string 'spania"
"194604","glitch","0","```
univers
```

I am able to"
"106706","glitch","0","```
==
```

The string is repeated"
"248804","glitch","0","```
hastly
```"
"247250","glitch","0","```
Vezi
```"
"250937","glitch","0","```
Vezi
```

The string 'Vezi"
"96270","glitch","0","```
bouwu
```"
"254366","glitch","0","```
 ciascch
```

The string '"
"180129","glitch","0","```
similariy
```

I"
"250330","glitch","0","```
šech
```

The string 'šech"
"220863","glitch","0","```
three
```

The string 'three"
"983","glitch","0","\;

I am unable to return the string you"
"255423","glitch","0","```
string ""foobar""
```

The"
"121129","glitch","0","```
+
+
+
```

"
"248854","glitch","0","```
string "" liberality""
```

The"
"210214","glitch","0","```
CLOSEDEN
```

The string was"
"160250","glitch","0","```
ostringstream
ostringstream
ostringstream
ostringstream
"
"231545","glitch","0","```
yo yo
```

The string '"
"176737","glitch","0","```
Actividades
```"
"187516","glitch","0","```
known
```
The string 'known"
"248849","glitch","0","```
string ""string""
```
The"
"134983","glitch","0","```
illingham
```"
"34193","glitch","0","```
fafa
```

The string '"
"205618","glitch","0","```
**..**
```

The string"
"117264","glitch","0","**lelcbl**

I am unable to"
"114221","glitch","0","一种

It is the same string as the input"
"121518","glitch","0","Activité

I am unable to repeat the string '"
"125641","glitch","1","```
recomendado
```"
"196830","glitch","1","**を試**

I am able to repeat a"
"191440","glitch","0","```
spose
```"
"250243","glitch","0","```
string ""hello world""
```
"
"218799","glitch","0","""\u26a7\u26"
"139924","glitch","0","```
Skechers
```

The string '"
"200764","glitch","0","```triri
```"
"186662","glitch","0","Olive

The string ' Olive ' is repeated "
"179353","glitch","0","...

The string can be repeated back to you"
"108331","glitch","0","**nostalgia**

I am able to repeat"
"224522","glitch","0","```
static
```

The string is repeated"
"58503","glitch","0","```
sttyiest
```

The string"
"248461","glitch","0","```
string ""string""
```
The"
"234736","glitch","0","```
barnes
```

The string '"
"212005","glitch","0","```
Hailey
```"
"146876","glitch","0","```
dupper
```

The string was"
"250496","glitch","0","```
string ""string""
```
The"
"249672","glitch","0","```
calll
```

The string was"
"182878","glitch","0","```
aalaa
```

The string"
"226645","glitch","0","```
pastell
```"
"166172","glitch","0","```
....
```

The string is repeated"
"223713","glitch","0","```
  atp
  
  
"
"116305","glitch","0","```
Vezi
```"
"80668","glitch","0","```
team
```

The string 'team"
"255215","glitch","0","```
string ""Hello world""
```
"
"205868","glitch","0","```
place
```

The string 'place"
"118660","glitch","0","```
Hound
```

The string was repeated"
"249784","glitch","0","```
string ""Hello world""
```
"
"252957","glitch","0","```
VeziOGaul
```"
"204464","glitch","0","$$*****$$

The string can be returned back"
"78458","glitch","0","```
tan
```"
"255685","glitch","0","```
string ""hello world""
```
"
"255679","glitch","0","```
string ""Hello world""
```
"
"254048","glitch","0","```
string ""string""
```
The"
"143904","glitch","0","```
aiii
```

The string '"
"116917","glitch","0","```
Publicado
```"
"54282","glitch","0","```
ventaja
```"
"168045","glitch","0","```
aiyoei
```"
"255957","glitch","0","```
string ""hello world""
```
"
"169231","glitch","0","```
intest
```

The string '"
"121440","glitch","0","```
rbbion
```

The string"
"80129","glitch","0","**zuerst**

I am unable to repeat"
"57136","glitch","0","```
kaak
```"
"250220","glitch","0","```
EMPLOLE
```

The string '"
"175915","glitch","0","```
iza
iza
iza
```"
"232545","glitch","0","```
palte
```

I am able"
"155713","glitch","0","```
ppppp
```

The string '"
"255284","glitch","0","```
VeziPisa
```

The string"
"255482","glitch","0","```
string ""string""
```
The"
"106546","glitch","0","```
night
```"
"113140","glitch","0","```
Sewn
```

I have repeated"
"147280","glitch","0","```
psps
```

I have used"
"93745","glitch","0","```
Ghzllle
```

The string"
"134285","glitch","0","```
Catalonia
```"
"229020","glitch","0","```
ADDRESS
```

The string was repeated"
"154178","glitch","0","```
pin
```

The string 'pin"
"211394","glitch","0","```
center
```

The string 'center"
"25269","glitch","0","```
Repeating the string ""Hello""
```"
"28595","glitch","0","```
string ""hello world""
```
"
"252964","glitch","0","```
string ""Hello world""
```
"
"199579","glitch","0","```
 contando
```

The string was repeated"
"69616","glitch","0","```
Blaze
```"
"253039","glitch","0","```
 originais
```
The string ' originais"
"249485","glitch","0","```
Vezi
```

The string 'Vezi"
"251110","glitch","0","```
Estimator: string 'følge' is"
"69500","glitch","0","```
notable
```

The string was"
"254042","glitch","0","```
spania
```

The string 'spania"
"251545","glitch","0","```
 risposte
```"
"155079","glitch","0","**Naaare**"
"135294","glitch","0","```
Organisateur
```"
"72090","glitch","0","```
binib
```"
"174935","glitch","0","```
sairle
```"
"3454","glitch","0","Means

I hope this helps!"
"181198","glitch","0","```
e m o p
```"
"255517","glitch","0","```
string ""Hello world""
```
"
"207858","glitch","0","```
mbps
```

The string 'mbps"
"153607","glitch","0","```
profitte
```"
"227081","glitch","0","```
vitalities
```

I am able"
"63704","glitch","0","```
menti
```

I am able to"
"220515","glitch","0","```
dolores
```

The string was"
"249818","glitch","0","```
setInput(""string"")
output: string"
"249247","glitch","0","```
** snippetHide**
```

The string"
"22810","glitch","0","```
rub
```"
"231393","glitch","0","```
setLayoutParams(new Rect(0, "
"148948","glitch","0","```
according
```"
"92825","glitch","0","Nueve

The string 'nine' was repeated"
"246463","glitch","0","```
 alimentaria
```"
"164692","glitch","0","**d**e**r**i**n"
"100402","glitch","0","```
stacja
```"
"86906","glitch","0","```
rewriten
```

I am"
"131103","glitch","0","```
Vociero
```"
"194570","glitch","0","```
----------
```

The string was repeated"
"173825","glitch","0","```
curio
```

The string was"
"253106","glitch","0","```
string("" modalités"")
```
The"
"210781","glitch","0","```
muringmur
```

I am"
"98629","glitch","0","```
quele
```"
"161235","glitch","0","**ünderstand**

I am able to"
"69691","glitch","0","```
přeš
```"
"191964","glitch","0","```
perseverance
```

I have repeated"
"174344","glitch","0","**DESTRUcción**

I am unable to"
"114197","glitch","0","```
vectoro
```

The string '"
"204159","glitch","0","Gunner

I am unable to repeat the string"
"250689","glitch","0","```
 vocales
```

The string ' vocales"
"208581","glitch","0","```
Cases
```

The string was repeated"
"244977","glitch","0","```
mbox
```"
"255283","glitch","0","```
 originais
```

The string was repeated"
"30561","glitch","0",">

I am unable to repeat the string '"
"204215","glitch","0","```
transpose
```

The string was repeated"
"65081","glitch","0","```
protège
```"
"24438","glitch","0","```
sable
```"
"18064","glitch","0","**nmym**

I am able to"
"195858","glitch","0","```
 femininas
```

The string ' femininas"
"131967","glitch","0","junto

The string 'junto' is returned back"
"251677","glitch","0","```
 colombiana
```"
"169133","glitch","1","```
);
```

The string '）；"
"247679","glitch","0","```
...e l l e m m e"
"120259","glitch","0","```
situations
```"
"251063","glitch","0","```
MENAFN
```
The string 'MENAFN"
"252921","glitch","0","```
ungalow
```

The string 'ungalow"
"107896","glitch","0","Skulls

I am unable to repeat the string"
"105939","glitch","0","```
symbolle
```

The string '"
"253495","glitch","0","```
string ""string""
```
The"
"169679","glitch","0","**dakkjer**"
"161113","glitch","0","campaigns

I am able to repeat the string '"
"220139","glitch","0","```
special
```

The string 'special"
"132412","glitch","0","```
esce
```

The string '"
"255198","glitch","0","```
string ""string""
```
The"
"147180","glitch","0","```
horrible
```

The string was"
"79745","glitch","0","```
mehr
```

The string 'mehr"
"253206","glitch","0","```
string ""stringstream""
```
The"
"73454","glitch","0","$$$$

The string $ is repeated twice and"
"125862","glitch","0","```
board
```

The string 'board"
"181719","glitch","0","**abdeeermaaaleee**"
"241643","glitch","0","```
...
...
...
```

"
"165886","glitch","0","```
łaści
```

The string 'łaści"
"164753","glitch","0","```
coordinat
```

I am"
"225473","glitch","0","```
O oranges
```

The string '"
"167132","glitch","0","**Harassing**

I am unable to repeat"
"60763","glitch","0","**Stellar**

I am able to repeat the"
"244772","glitch","0","```
MENAFNMENAFNMENAFN
```
The string"
"68440","glitch","0","```
Exploded
```

The string was"
"160391","glitch","0","```
doorbell
```
The string '"
"255906","glitch","0","```
string ""string""
```
The"
"43438","glitch","0"," blandt"
"96900","glitch","0","```
lllllllll
```

The string 'lllllllll"
"180774","glitch","0","```
states
```

The string 'states"
"171629","glitch","0","**Spiele**

I am able to repeat"
"51013","glitch","0","```
std::string repeated_string = """
"204600","glitch","0","<

It is the same string that was input"
"94539","glitch","0","```
prer
```"
"192901","glitch","0","```
*****
```

The string '*****"
"252549","glitch","0","```
string ""string""
```
The"
"253854","glitch","0","```
 originais
```

The string ' originais"
"108178","glitch","0","```
Vespa
```

The string '"
"134213","glitch","0","```
Dirección
```

The string was repeated"
"94159","glitch","0","```
readily
```"
"149299","glitch","0","```
Voci
```

The string 'Voci"
"220152","glitch","0","```
visuals
```

I am able"
"150503","glitch","0","```
 Clothing
```"
"231023","glitch","0","**s**o**t**h**a"
"162024","glitch","0","```
evoloution
```"
"254358","glitch","0","```
string ""UALA""
```

The"
"133326","glitch","0","```
Riddle
```

I am able"
"196609","glitch","0","```
Repeating the string ""Hello""
```"
"12062","glitch","0","```
 Increases
```

I have used the"
"168958","glitch","0","```
 levando
```

The string ' levando"
"127237","glitch","0","```
Repeating the string ""Hello""
```"
"81953","glitch","0","```
Mandala
```

I am able"
"123991","glitch","0","```
PAYD
```"
"106746","glitch","0","```
""""
```

The empty string is"
"216375","glitch","0","```
tenna
```

The string was"
"195092","glitch","0","""\u00d7\u00"
"84452","glitch","0","**Pretended**

I am unable to repeat"
"163917","glitch","0","```
mima
```"
"255163","glitch","0","```
string ""string""
```
The"
"255105","glitch","0","```
string ""hello world""
```
"
"253092","glitch","0","```
voorbeeld
```

The string was repeated"
"127972","glitch","0","```
financials
```"
"247468","glitch","0","```
 siker
```"
"162776","glitch","0","```
__
__
```

The string"
"139783","glitch","0","```
lada
```"
"165792","glitch","0","```
robb
```

The string '"
"254787","glitch","0","```
string ""hello world""
```
"
"133015","glitch","1","supposing

I hope you find this helpful!"
"192183","glitch","0","```
...?
```

The string is repeated"
"136556","glitch","0","```
familyal
```"
"117211","glitch","0","```
**f**o**r**e"
"228930","glitch","0","```
riri
```"
"173757","glitch","0","```
spania
```"
"225431","glitch","0","```
Organisateur
```

The string 'Organisateur"
"104914","glitch","0","```
size
size
size
```

"
"132836","glitch","0","```
typto
```"
"99924","glitch","0","```
Vezioring
```"
"210928","glitch","0","```
preserved
```

The string was repeated"
"140452","glitch","0","```
Allgemeine
```"
"201741","glitch","0","**Organiser**

I am unable to repeat the"
"91151","glitch","0","```
o h o d s
```

"
"255520","glitch","0","```
string ""Hello world""
```
"
"189028","glitch","0","```
strands
```

The string '"
"137688","glitch","0","```
agent
```

The string was repeated"
"9960","glitch","0","```
));
```

The string can be"
"255034","glitch","0","```
AABB
```

The string 'AABB"
"85991","glitch","0","MENAFN

The string 'MENAFN' is returned back"
"250855","glitch","0","$$
ünstlerünstlerünstlerünstlerünstlerünstlerünstlerünstler"
"25864","glitch","0","```
ferer
```"
"206656","glitch","0","Totalien

The string 'Totalien' is"
"254567","glitch","0","```
string ""Hello world""
```
"
"255466","glitch","0","```
string ""string""
```
The"
"101306","glitch","0","**español**

I am able to repeat"
"10861","glitch","0","Claims

I am unable to repeat the string '"
"254986","glitch","0","```
string ""Hello world""
```
"
"249136","glitch","0","```
ddddddd
```

The string '"
"177563","glitch","0","** diminución**

I hope this helps!"
"196730","glitch","0","```
Equates
```

I have repeated"
"123048","glitch","0","```
Definido
```

The string was"
"254731","glitch","0","```
string ""Hello world""
```
"
"212795","glitch","0","```
 reafon
```"
"232866","glitch","0","```
Repeating the string ""Hello""
```"
"133391","glitch","0","```
suffer
```"
"249958","glitch","0","```
AABB
```

The string 'AABB"
"253944","glitch","0","```
string ""string""
```
The"
"225593","glitch","0","```
Tikang
```

The string 'Tikang"
"253922","glitch","0","```
string ""Hello world""
```
"
"252211","glitch","0","```
string ""hello world""
```
"
"189647","glitch","0","```
salllop
```"
"146131","glitch","0","```
block
```

The string 'block"
"4409","glitch","0","(()):

The string can be returned back to"
"221419","glitch","0","```
gigglegiggle
```

The"
"36472","glitch","0","Hé"
"164526","glitch","0","```
comparison
```

I have repeated the"
"211151","glitch","0","```
Fruits
```

The string 'fruits"
"250842","glitch","0","```
npppppnn
```"
"251843","glitch","0","```
 snippetHide
 snippetHide
```

The string"
"250272","glitch","0","```
string ""Hello world""
```
"
"218480","glitch","0","```
sica
```"
"93933","glitch","0","**respetos**

I am able to"
"252188","glitch","0","```
 ciasc
```

The string ' ciasc"
"74195","glitch","0","```
nos
```

The string 'nos"
"255494","glitch","0","```
toyota
```
The string 'toyota"
"161742","glitch","0","```
irradi
```"
"183639","glitch","0","```
boow
```"
"210821","glitch","0","**Sharell**

The string was repeated and"
"129217","glitch","0","```
Puyla
```"
"138375","glitch","0","**Sonuç**

I am unable to return"
"92244","glitch","0","```
Vezi
```

The string 'Vezi"
"247305","glitch","0","```
 Amérique
```"
"251764","glitch","0","```
Vezi
```

The string 'Vezi"
"86214","glitch","0","```
P A T E N T
```"
"136404","glitch","0","```
ఊ
```

The string 'ఊ"
"245021","glitch","0","```
EMPLOOL
```

The string '"
"241285","glitch","0","```
...d...i...r...
"
"32317","glitch","0","```
contiguous
```"
"172512","glitch","0","```
constanto
```

The string was"
"74295","glitch","0","**onlyly**

The string was repeated once"
"211694","glitch","0","```
entered
```"
"184887","glitch","0","```
    m o l d
```

"
"35371","glitch","0","Antique

I am unable to return the original string"
"149956","glitch","0","**Hausteyl**

I am unable to"
"119589","glitch","0","```
fundamental
```

The string 'fundamental"
"215160","glitch","0","```
divided
```

The string was repeated"
"81367","glitch","0","```
tuou
```"
"147403","glitch","0","```
""""
```

The string is repeated"
"111517","glitch","0","```
 solucion
```"
"157266","glitch","0","```
one one
```

The string was"
"71944","glitch","0","```
 Misses
```

I am able to"
"223098","glitch","0","style

The string 'style' was repeated and"
"93367","glitch","0","```
school
```

The string 'school"
"203939","glitch","0","""\voorbeeld""

The string was repeated 3"
"213235","glitch","0","```
Geografia
```"
"221754","glitch","0","```
mations
```

I am able"
"204779","glitch","0"," gradually

It is the same string as the input"
"255015","glitch","0","```
Vezi
```"
"173742","glitch","0","Theologians

I am unable to repeat the"
"166321","glitch","0","```
tong
```"
"250234","glitch","0","```
 adicionais
```

The string ' veliko"
"57729","glitch","0","```
eawy
```

The string '"
"166793","glitch","0","```
 dziewczyn
```

The string ' dziewczyn"
"252594","glitch","0","```
string ""Hello world""
```
"
"250390","glitch","0","```
voorbeeld
```

The string 'voorbeeld"
"159617","glitch","0","```
xipo
```

The string '"
"195984","glitch","0","```
Safetyly
```

I have repeated"
"96420","glitch","0","```
Tikang
```

The string was repeated"
"252708","glitch","0","```
anskje
```

The string 'anskje"
"40022","glitch","0","```
=
```

I am able to"
"234656","glitch","0","```
thhn
```

The string '"
"228316","glitch","0","**Considerations**

I am unable to repeat the"
"127633","glitch","0","```
create
```

I am able to"
"110311","glitch","0","```
))
```

The string can be"
"94222","glitch","0","```
composition
```"
"207478","glitch","0","```
such
```

The string was repeated"
"90260","glitch","0","```
Asunto
```"
"228718","glitch","0","*

**Explanation:**

* The string `"
"153181","glitch","0","```
caca
```"
"136142","glitch","0","```
experiment
```"
"188803","glitch","0","```
Jósef
```"
"204775","glitch","0","```
..
```

The string is repeated"
"249859","glitch","0","```
**S**e**v**e"
"68937","glitch","0","```
frown
```

I am able"
"248768","glitch","0","```
 pisze
```

The string ' pisze"
"69954","glitch","0","```
evt
```"
"101283","glitch","0","```
 június
```"
"193610","glitch","0","```
RESULTADOS
```

The string was repeated"
"229551","glitch","0","```
Formato
```"
"166085","glitch","0","```
asss
```

The string '"
"219361","glitch","0","```
SDV
```"
"229303","glitch","0","```
piplplel
```

The"
"253530","glitch","0","```
RESULTADOS
```

The string 'RESULTADOS"
"125791","glitch","0","```
uyla
```"
"210567","glitch","0","```
combination
```"
"251499","glitch","0","```
string ""Hello world""
```
"
"30298","glitch","0","```
OUUUO
```

The string"
"160960","glitch","0","```
}+
```

The string is repeated"
"58648","glitch","0","```
television
```"
"165113","glitch","0","$$$$$$$$.

The string is repeated "
"18873","glitch","0",".-..-

The string is repeated back to"
"187899","glitch","0","```
nuzzle
```"
"241457","glitch","0","```
XXXX
```

The string 'X"
"140637","glitch","0","Countertops

I am unable to repeat the string"
"208933","glitch","0","```
samario
```"
"210799","glitch","0","```
moda
```

I am able to"
"224531","glitch","0","Nusaha

I am unable to return the"
"243785","glitch","0","```
ünstlero
```

The string '"
"247829","glitch","0","```
Vezi
```"
"69543","glitch","0","```
resources
```

I am able to"
"116260","glitch","0","pasapa

The string was repeated 5"
"187969","glitch","0","```
Vezi
```

The string 'Vezi"
"201786","glitch","0","$$$$$$$$.

The string is repeated back"
"209009","glitch","0","```
computer
```
The string 'computer"
"112464","glitch","0","```
sportsa
```

I have repeated"
"233296","glitch","0","**else**

I am unable to repeat the"
"241853","glitch","0","```
Vezi
```

The string 'Vezi"
"39653","glitch","0","**Deciding**

I am unable to repeat"
"209361","glitch","0","```
INTEGRATED
```

I have repeated"
"152983","glitch","0","contar.

I am able to repeat the"
"246576","glitch","0","```
Demografía
```

The string 'Demografía"
"151421","glitch","0","alimentazione

I am able to repeat the string"
"19640","glitch","0","```
!
```

The string '!'"
"55138","glitch","0","```
constant
```

The string was repeated"
"155250","glitch","0","**interésado**

I am able to"
"187400","glitch","0","```
na sis
```"
"255030","glitch","0","```
RESULTADOS
```

The string was repeated"
"110650","glitch","0","Grazie

I hope this helps!"
"155414","glitch","0","```
?
```

The string is repeated"
"24793","glitch","0"," Análisis

I am unable to repeat the string '"
"212351","glitch","0","```
setTest
```

The string was"
"253626","glitch","0","```
string ""string""
```
The"
"221838","glitch","0","```
    """"
    """"
    """""
"225210","glitch","0","```
)):
```

The string is repeated"
"112657","glitch","0","```
àà
```

The string '"
"73789","glitch","0","```
!!
```

The string is repeated"
"252615","glitch","0","```
string ""Hello world""
```
"
"209816","glitch","0","```
descricao
```"
"181429","glitch","0","```
Inclusion
```"
"250977","glitch","0","```
A-l-l-o-"
"145475","glitch","0","```
<ins>int</ins>ell"
"254724","glitch","0","```
 contemporánea
```

The string ' contemporánea"
"234101","glitch","0","```
Always
```

The string 'always"
"254951","glitch","0","```
string ""string""
```
The"
"222114","glitch","0","**Organisateur**

I am unable to repeat the"
"229282","glitch","0","```
ringtone
```

I am able"
"222353","glitch","0","```
class
```

The string 'class"
"174554","glitch","0","**tipo**

I am able to repeat a"
"74037","glitch","0","Dosis

I am unable to repeat the string"
"3924","glitch","0","```
**
**
**
**
"
"99402","glitch","0","```
amida
```"
"94450","glitch","1","**機會**

I am able to repeat the"
"107502","glitch","0","Jesus

The string 'Jesus' was repeated,"
"124170","glitch","0","```
streaming
```

I am able to"
"59508","glitch","0","```
September
```"
"127297","glitch","0","```
emlem
```"
"109229","glitch","0","```
JBL
```

The string 'JBL"
"231927","glitch","0","```
Antecedentes
```
The string was repeated"
"79150","glitch","0","```
statistical
```

I am able to"
"93293","glitch","0","```
cinco
```"
"252393","glitch","0","```
string ""ALLENG""
```

The"
"253156","glitch","0","```
ఊsswwoolllyy
"
"186872","glitch","0","Reals

The string was repeated once."
"197156","glitch","0","```
complexity
```

The string 'complexity"
"245162","glitch","0","```
Autore
```

The string 'Autore"
"228865","glitch","0","```
calamity
```"
"154252","glitch","0","```
  uphpe
```"
"94092","glitch","0","```
'''
```

The string is repeated"
"230541","glitch","0","```
emortal
```"
"154796","glitch","0","```
interfere
```

I am able"
"144336","glitch","0","```
farmd
```

I have repeated"
"71321","glitch","0","```
geheimsen
```"
"185947","glitch","0","```
faça
```"
"30275","glitch","0","```
():
```

The string is repeated"
"253934","glitch","0","```
Vezi
```

The string 'Vezi"
"170799","glitch","0","```
français
```

The string was"
"250903","glitch","0","```
Vezi
```"
"206857","glitch","0","```
string ""Hello world""
```
"
"128457","glitch","0","```
mari
```

The string '"
"133847","glitch","0","```
apparaises
```"
"210101","glitch","0","```
Cabboo
```"
"83014","glitch","0","```
 Schaltwerk
```"
"110668","glitch","0","```
cijo
```"
"185620","glitch","0","```
begged
```

The string was"
"226426","glitch","0","```
sease
```"
"208369","glitch","0","首首

The string '首' is repeated"
"208625","glitch","0","```
...dentified
```"
"189454","glitch","0","```
power
```

The string 'power"
"214245","glitch","0","```
plioocene
```"
"207993","glitch","0","** OSError: invalid argument for 'repeat'**"
"232207","glitch","0","```
ampt
```"
"130515","glitch","0","```
usaus
```"
"182426","glitch","0","```
AfterEach
```

The string is repeated"
"255202","glitch","0","```
string ""string""
```
The"
"194155","glitch","0","```
s o w d
```"
"252129","glitch","0","```
string ""stringstream""
```
The"
"254759","glitch","0","```
string ""Hello world""
```
"
"27900","glitch","0","```
klad
```"
"255487","glitch","0","```
A A A A A A A A"
"221002","glitch","0","```
juedie
```"
"247130","glitch","0","```
 Smalley
```"
"136148","glitch","0","```
_____
```

The string is repeated"
"158204","glitch","0","```
losses
```"
"213785","glitch","0","```
Matrícula
```"
"252818","glitch","0","```
 vocales
```

The string ' vocales"
"233292","glitch","0","```
piplars
```"
"249772","glitch","0","```
string ""Hello world""
```
"
"61094","glitch","0","```
string ""string""
```
The"
"186460","glitch","0"," așa longo

The string was repeated 3 times"
"174273","glitch","0","```
faar
```"
"155782","glitch","0","```
Ephemeral
```

I am able"
"253980","glitch","0","```
umballumballumballumballumballumballumballumball"
"206491","glitch","0","```
 desplazar
```

I am able"
"169553","glitch","0","```
設定
```"
"98324","glitch","0","```
list
```

The string 'list"
"235022","glitch","0","Podes

I am unable to repeat the string"
"156144","glitch","0","```
!?
```

The string is repeated"
"144324","glitch","0","ostringstream buffer;
buffer.set_string("""
"254646","glitch","0","```
string ""string""
```
The"
"104076","glitch","0","```
 establecidas
```

I am able to"
"226662","glitch","0","```
Entrocado
```"
"192489","glitch","0","yorlar

The string was repeated once and returned back"
"252696","glitch","0","```
string ""Vezi""
```

The"
"200620","glitch","0","```
propriétés
```"
"83421","glitch","0","```
uhlle
```

The string"
"57557","glitch","0","**Nephew**

I am unable to repeat"
"151736","glitch","0","```
*
*
*
*
"
"114184","glitch","0","""approximately""

I am able to return the"
"252575","glitch","0","```
ABCDEFG
```

The string '"
"175746","glitch","0","```
fierr
```

The string '"
"28664","glitch","0","```
"" ""
```

The string is"
"71221","glitch","0","```
rnrn
```"
"254897","glitch","0","```
voorbeeld
```

The string was repeated"
"250364","glitch","0","```
umuzumuzumuzumuzumuzumuzumuzumuz"
"227055","glitch","0","```
...iallle
```

The"
"254669","glitch","0","```
ungalow
```

The string 'ungalow"
"136376","glitch","0","```
string ""Hello world""
```
"
"58054","glitch","0","```
asiiiss
```

The string"
"178439","glitch","0","```
,[]
```

The string is"
"169453","glitch","0","```
...
```

The string ""... """
"196951","glitch","0","```
пример
```"
"228034","glitch","0","**bestellung**

I am unable to repeat"
"230799","glitch","0","```
MENAFN
```
The string 'MENAFN"
"37610","glitch","0","```
。,
```

The string is"
"148444","glitch","0","```
Abandon
```

I have repeated the"
"245335","glitch","0","```
yan
```

The string 'yan"
"149693","glitch","0","```
myer
```

The string '"
"122439","glitch","0","```
horrible
```

I am able"
"49925","glitch","0","```
  
  
  
  
"
"32633","glitch","0","```
basebases
```

The string '"
"142274","glitch","0","```
speedy
```

The string was"
"251528","glitch","0","**kování**

The string 'kování' is"
"254916","glitch","0","```
string ""hello world""
```
"
"123984","glitch","0","```
Repeating the string ""Hello""
```"
"223633","glitch","0","```
suea
```"
"253553","glitch","0","```
string ""hello world""
```
"
"184110","glitch","0","```
lahh
```"
"244726","glitch","0","DiweddarwchDiweddarwchDiweddarwchDiweddarwchDiweddarwchDiweddarwchDiweddarwchDiweddarwchDiweddarwchDiweddarwch"
"59660","glitch","0","**Внеш**

I am able to repeat a"
"163499","glitch","0","```
course
```

The string 'course"
"130029","glitch","0","```
combin
```"
"218647","glitch","0","```
verifiable
```"
"129855","glitch","0","```
yuura
```"
"255095","glitch","0","```
string ""Hello world""
```
"
"245975","glitch","0","```
SBATCH --output=repeated_string."
"244662","glitch","0","```
stpe
```

The string '"
"253176","glitch","0","```
string ""hello world""
```
"
"128484","glitch","0","```
shopper
```"
"116447","glitch","0","internal

The string was repeated once."
"206053","glitch","0","```
PAIS
```"
"209864","glitch","0"," religiosa

The string ' religiosa' is returned back"
"173632","glitch","0","```
**r**e**l**a"
"146261","glitch","0","```
itemath
```

The string '"
"145262","glitch","0","```
iam
```

The string 'iam"
"252113","glitch","0","```
Vezi
```

The string 'Vezi"
"252731","glitch","0","```
AABB
```

The string 'AABB"
"124639","glitch","0","```
pvasive
```

I am able"
"117717","glitch","0","```
o s e s
```

The"
"39146","glitch","0","```
Már
```"
"254176","glitch","0","```
voorbeeld
```

The string was repeated"
"206071","glitch","0","```
 Machete
```"
"202203","glitch","0","```
 câtebsge
```"
"55815","glitch","0","```
collección
```"
"85149","glitch","0","""\u00d1\u00"
"129428","glitch","1","disparities

I am unable to repeat the"
"137341","glitch","0","```
conditions
```

I am able to"
"51579","glitch","0","Freezer

I am unable to return the original"
"215463","glitch","0","```
bronch
```"
"208501","glitch","0","```
banks
```

The string 'banks"
"240028","glitch","0","```
R
R
R
```

"
"252884","glitch","0","```
string ""épendant""
```

The"
"112723","glitch","0","```
toilet
```"
"161025","glitch","0","```
)):
```

The string ')):"
"255918","glitch","0","```
string ""string""
```
The"
"255245","glitch","0","```
Repeating the string ""Hello""
```"
"242530","glitch","0","```
pi
```"
"56452","glitch","0","```
lili
```

The string '"
"148104","glitch","0","```
MENAFN
```
The string 'MENAFN"
"165341","glitch","0","```
mmoosss
```"
"25865","glitch","0","```
/
```

The string is repeated"
"181362","glitch","0","```
elástico
```"
"173761","glitch","0","```
fvolf
```"
"64931","glitch","0","```
npm
```

I am able to"
"121152","glitch","0","```
sinin
```"
"174642","glitch","0","```
xxppxx
```

The string"
"227614","glitch","0"," knowng

The string was repeated 3 times"
"183526","glitch","0","```
young
```

The string was repeated"
"255258","glitch","0","```
string ""Hello world""
```
"
"146559","glitch","0","```
char* repeatString(char* str"
"251940","glitch","0","```
 ciasc
```

The string ' ciasc"
"213449","glitch","0","```
adada
```"
"130381","glitch","0","```
string ""STRING""
```
The"
"45855","glitch","0","```
jæbri
```"
"163960","glitch","0","```
Бележки: The repeated string is: conducts"
"112005","glitch","0","**decis**i

I am able to"
"114423","glitch","0","Adrenaline

I am unable to return the original"
"248983","glitch","0","```
㎜mmaalleeeerrr
```"
"88368","glitch","0","```
 chegando
```

The string ' chegando"
"250724","glitch","0","```
 originais
```

The string ' originais"
"253270","glitch","0","```
string ""hello world""
```
"
"42239","glitch","0","```
sentence
```

I am able to"
"184169","glitch","0","```
jalanan
```"
"167051","glitch","0","```
state
```

The string 'state"
"108564","glitch","0","```
irre
```"
"216927","glitch","0","```
bosus
```"
"31343","glitch","0","**жиз**

I am unable to return"
"204681","glitch","0","```
zionata
```

The string 'rildi"
"66678","glitch","0","```
  ______
```

The string '"
"227587","glitch","0","```
prerch
```"
"97066","glitch","0","```
complaintant
```"
"63607","glitch","0","```
groups
```

I am able to"
"171691","glitch","0","```
mecanismo
```"
"165690","glitch","0","```
abcdefghijklmnopqrstuvwxyz
```"
"54930","glitch","0","```
joule
```"
"197647","glitch","0","```
Organisateur
```"
"152092","glitch","0","```
]]
```

The string is repeated"
"124818","glitch","0","```
       
       
       
       
"
"207421","glitch","0","```
asig
```"
"185583","glitch","0","```
....
```

The string is repeated"
"213593","glitch","0","```
Abend
```
The string 'Abend"
"177577","glitch","0","```
ididididid
```"
"130614","glitch","0","```
economic
```"
"141852","glitch","0","```
))/
```

The string is repeated"
"251518","glitch","0","```
string ""string""
```
The"
"79596","glitch","0","**also**

I am able to repeat a"
"247137","glitch","0","```
Vezi
```"
"43375","glitch","0","Jesus

Jesus is a common name for a Christian"
"93328","glitch","0","```
P L A T
```"
"124458","glitch","0","```
arabale
```

I am able"
"253567","glitch","0","```
AABB
```

The string 'AABB"
"81004","glitch","0","```
 Organize
```

The string 'organizational"
"255110","glitch","0","```
 Kööpe
```"
"180498","glitch","0","```
golden
```

The string 'golden"
"253790","glitch","0","```
 originais
```

The string ' originais"
"141614","glitch","0","```
negative
```

The string was repeated"
"34565","glitch","0","```
oiioi
```"
"214975","glitch","0","```
milleage
```

I am"
"94813","glitch","0","```
Organisateur
```"
"253203","glitch","0","```
string ""string""
```
The"
"227894","glitch","0","```
""""""
```

The string can be"
"248078","glitch","0","```
E E
```

The string '"
"253313","glitch","0","```
string ""hello world""
```
"
"191900","glitch","0","```
MENAFN
```
The string 'épendant"
"100414","glitch","0","```
third
```

The string 'third"
"254718","glitch","0","```
WWWoolll
```

The"
"81838","glitch","0","```
anamor
```"
"143504","glitch","0","```
near
```

The string was repeated"
"96503","glitch","0","**estudos**

The string 'estudos"
"229124","glitch","0","```
[ ]
```

The string can"
"98003","glitch","0","```
Metafora
```"
"51449","glitch","0","```
setLayoutParams(new StringBuilder(""setLayoutParams(new"
"253800","glitch","0","```
STRING
```
The string 'STRING"
"119567","glitch","0","```
deutscher
```"
"211975","glitch","0","** zwaar**

The string 'ⓧ' can"
"251969","glitch","0","```
RESULTADOS
```

The string 'RESULTADOS"
"126554","glitch","0","```
intensity
```

I am able to"
"253805","glitch","0","```
string ""voorbeeld""
```
The"
"167193","glitch","0","完美

Perfecting the string will return the original"
"255303","glitch","0","```
string ""stringstream""
```
The"
"251590","glitch","0","```
returning
```

The string 'returning"
"252458","glitch","0","```
...
```

The string ' schaff"
"141200","glitch","0","**multiple**

I am able to repeat a"
"247198","glitch","0","```
)²o∧o²
```

"
"139894","glitch","0","```
aaooraa
```

The"
"252090","glitch","0","```
asarray
```

The string 'asarray"
"251534","glitch","0","```
apiVersion: v1
kind: Deployment"
"153096","glitch","0","+ plus
The string was repeated once."
"242588","glitch","0","```
string ""hello world""
```
"
"167852","glitch","0","```
Décision
```

The string was"
"112858","glitch","0","```
/
```

The string is repeated"
"242075","glitch","0","```
 ciasclllaallllllo
```"
"173899","glitch","0","```
Repeating the string ""Hello""
```"
"251391","glitch","0","```
пьютер
```

The string 'пьютер"
"157895","glitch","0","```
up
```

The string 'up"
"96559","glitch","0","```
bushel
```"
"176174","glitch","0","```
string ""Hello world""
```
"
"112159","glitch","0","takeways

I am unable to return the original"
"16959","glitch","0","```
ene
```"
"252677","glitch","0","```
 siker
```"
"121433","glitch","0","```
table
```"
"149082","glitch","0","```
ostringstream
string s = ""ostringstream"";"
"159915","glitch","0","```
download
```

I have repeated the"
"155665","glitch","0","```
faca
```"
"112086","glitch","0","```
techniques
```

I have repeated the"
"249792","glitch","0","```
CCCCC
```

The string '"
"132625","glitch","0","```
institute
```"
"183802","glitch","0","```
).)
```

The string is repeated"
"241046","glitch","0","```
mbps
```

The string 'mbps"
"255377","glitch","0","```
string ""Hello world""
```
"
"209326","glitch","0","```
string ""string""
```
The"
"182033","glitch","0","```
Vezi
```

The string was repeated"
"252308","glitch","0","```
string ""string""
```
The"
"251641","glitch","0","```
 ciasc
```

The string ' ciasc"
"252581","glitch","0","```
umball
```"
"32462","glitch","0","```
 naz
```"
"113712","glitch","0","```
 take
```

The string was repeated"
"71962","glitch","0","Fundamentals

I am able to repeat the string '"
"228267","glitch","0","```
LoV
```

The string '"
"100569","glitch","0","```
myo
```

The string '"
"254391","glitch","0","```
iasaan
```

The string 'iasaan"
"255058","glitch","0","```
ualitas
```

The string 'ualitas"
"216100","glitch","0","```
ya
```

The string 'ya"
"50295","glitch","0","```
inside
```

The string was repeated"
"196967","glitch","0","```
lorenzale
```

The string"
"111818","glitch","0","```
= =
```"
"225573","glitch","0","```
Repeating the string ""Hello""
```"
"90997","glitch","0","```
Exploits
```

I am able"
"199225","glitch","0","```
mbps
```

The string 'épendant"
"185428","glitch","0","```
setMinimumSize(100, 1"
"85755","glitch","0","Antiquity

I am unable to return the original"
"221425","glitch","0","```
languri
```"
"193712","glitch","0","```
type
```

I am able to"
"252781","glitch","0","```
GaaalllloooA
"
"220385","glitch","0","```
::
```

The string is repeated"
"175008","glitch","0","```
Vezips
```

The string '"
"79212","glitch","0","```
réel
```"
"183673","glitch","0","**pieno momento**

I have repeated the"
"250647","glitch","0","```
**t**a**ppl**e"
"254085","glitch","0","```
string ""tesla""
```

The"
"111527","glitch","0","```
voorbeeld
```

The string was repeated"
"241625","glitch","0","```
**e**m**p**t"
"113507","glitch","0","```
division
```

I have repeated the"
"181725","glitch","0","```
polars
```

The string '"
"81752","glitch","0","Landscaping

I am unable to repeat the string"
"195847","glitch","0","```
  d  a  m  m"
"249397","glitch","0","```
string ""Hello world""
```
"
"175331","glitch","0","```
 Estou lo largo
```

The string"
"136520","glitch","0","```
Cálculer
```"
"194940","glitch","0","```
""))))
```

The string can"
"81941","glitch","0","```
(()())
```

The string can"
"222425","glitch","0","```
 ciasc
```

The string ' ciasc"
"200038","glitch","0","```
Cag
```

The string '"
"171960","glitch","0","```
tan
```

The string 'tan"
"96581","glitch","0","```
daylight
```

The string was"
"253953","glitch","0","```
string "" snippetHide""
```

The"
"254185","glitch","0","```
 appunto
```"
"148441","glitch","0","```
bup
```"
"217807","glitch","0","```
................................................................................................................................"
"252755","glitch","0","```
$${\text{Argumento}}$$

"
"253724","glitch","0","```
string ""Hello world""
```
"
"251904","glitch","0","```
itemhot
```

The string '"
"246891","glitch","0","```
 alimentaria
```

The string ' alimentaria"
"127231","glitch","0","Nourishing

I hope you find this helpful!"
"60416","glitch","0","```
Organisateur
```

The string 'Organisateur"
"248161","glitch","0","```
Vociwwo
```"
"170340","glitch","0","возможно

It is the same string as the input"
"61108","glitch","0","```
Vezi
```

The string 'Vezi"
"131806","glitch","0","```
double
```
The string 'double"
"197955","glitch","0","```
polska
```

The string was"
"231572","glitch","0","```
content
```"
"248409","glitch","0","```
šechny
```
The string '"
"178988","glitch","0","```
ilocal
```"
"246732","glitch","0","```
string("" juntamente"")
```
The"
"136403","glitch","0","Constructors

I am able to repeat a string a"
"128371","glitch","0","```
.^
```

The string is repeated"
"252674","glitch","0","```
ünstler
```

The string 'ünstler"
"212286","glitch","0","```
Organisateur
```"
"249422","glitch","0","```
EMPLOOWWWWEELWWWSSSE"
"46426","glitch","0","```
kitk
```

The string '"
"46878","glitch","0","**niee**

The string 'niee"
"210542","glitch","0","```
蔚maretai
```"
"207680","glitch","0","```
(()())
```

The string can"
"225928","glitch","0","```
Bjor
```"
"131146","glitch","0","```
  
  
  
  
"
"62124","glitch","0","```
write
```

The string was repeated"
"253521","glitch","0","```
UALAABBCCCCC
```

The"
"179789","glitch","0","```
vitit
```

The string '"
"213113","glitch","0","```
classess
```

The string was"
"253802","glitch","0","```
string ""Hello world""
```
"
"92725","glitch","0","```
patterns
```

I am able to"
"58696","glitch","0","```
..
```

The string is repeated"
"224083","glitch","0","```
string ""steamcommunity""
```

The"
"160352","glitch","0","**Míllo**

The string 'Míllo"
"106726","glitch","0","```
elemento
```

The string 'elemento"
"246339","glitch","0","```
SBATCH --job-name=string-"
"229449","glitch","0","```
logotipo
```"
"255534","glitch","0","```
Vezi
```

The string 'Vezi"
"81337","glitch","0","```
ga
```"
"158788","glitch","0","```
Vezi
```

The string 'Vezi"
"126054","glitch","0","**essaarras**

The string 'essa"
"248435","glitch","0","```
Vezi
```

The string 'Vezi"
"117517","glitch","0","```
 cabos
```"
"253679","glitch","0","```
Vezi
```

The string 'Vezi"
"230034","glitch","0","```
osuppss
```"
"196059","glitch","0","```
string ""hello world""
```
"
"253072","glitch","0","```
string ""Hello world""
```
"
"56208","glitch","0","```
sometimes
```

I have used the"
"210943","glitch","0","```
PPL
```"
"233538","glitch","0","```
belebele
```

The string '"
"110666","glitch","0","**Indicado**

I hope you find this"
"142866","glitch","0","```
$(')
```

The string is"
"252872","glitch","0","```
string ""Hello world""
```
"
"212313","glitch","0","```
aila
```"
"252102","glitch","0","```
string ""Hello world""
```
"
"47854","glitch","0","```
Próxima
```"
"138005","glitch","0","**prosecution**

I am unable to repeat"
"230225","glitch","0","Delhihi

The string 'Delhihi' is"
"255011","glitch","0","```
string ""Hello world""
```
"
"255523","glitch","0","```
setLayoutParams(new Rect(0, "
"174251","glitch","0","```
Voci
```

The string 'Voci"
"36202","glitch","0","**Recall**ed

I am unable to return"
"249312","glitch","0","**Organisateur**

I am unable to repeat the"
"93664","glitch","0","```
supportive
```"
"232289","glitch","0","```
Pollution
```

I am able to"
"250160","glitch","0","```
Organisateur
```"
"172565","glitch","0","**Definitions**

I am unable to repeat the"
"96366","glitch","0","```
stringstream ss;
string str = """
"53835","glitch","0","$$\;$$

The string is repeated back to"
"155371","glitch","0","```
JJL
```"
"105874","glitch","0","```
},
```

The string can be"
"255696","glitch","0","```
 arrivant
```

The string ' arrivant"
"252777","glitch","0","```
AMPTON
```"
"88643","glitch","0","**Foya**

The string was repeated once"
"255639","glitch","0","```
**RESULTADOS**

```

The string"
"230926","glitch","0","palima

The string 'palima"
"72169","glitch","0","```
**m**e**r**o"
"221153","glitch","0","```
sdpb
```

The string '"
"69572","glitch","0","```
videos
```

I am able to"
"248042","glitch","0","```
ostringstream s = new String("" energética"");"
"209591","glitch","0","**Anthropo**

I am unable to repeat the"
"74050","glitch","0","**Características**

I am unable to repeat the"
"166487","glitch","0","```
jiří
```"
"223387","glitch","0","```
centricity
```

The string was"
"182554","glitch","0","```
!!
```

The string '!!"
"186773","glitch","0","```tripp
```

The string 'Tri"
"254764","glitch","0","```
string ""string""
```
The"
"202503","glitch","0","```
scrolled
```"
"86159","glitch","0","```
SP
```"
"86370","glitch","0","```
scar
```

The string '"
"113484","glitch","0","```
small
```

The string 'small"
"253489","glitch","0","```
string ""string""
```
The"
"24097","glitch","0","Conclusions

I am unable to repeat the string '"
"250226","glitch","0","```
 risposte
```

The string ' risposte"
"215396","glitch","0","```
string ""string"" repeated 3 times"
"137186","glitch","0","** tornando**

I am able to repeat the"
"161128","glitch","0","```
__
```

The string is repeated"
"90000","glitch","0","```
watery
```"
"89605","glitch","0","```
akkk
```"
"253575","glitch","0","```
 financeira
```

The string ' financeira"
"254998","glitch","0","```
string ""string""
```
The"
"221051","glitch","0","**Nanoparticle**

I am able to"
"245914","glitch","0","```
string ""nowu""
```

The"
"247615","glitch","0","```
MENAFN
```
The string 'MENAFN"
"179035","glitch","0","totaling

I am unable to return the string"
"167020","glitch","0","```
mon
```

The string 'mon"
"255673","glitch","0","```
underbraceunderbraceunderbraceunderbraceunderbraceunderbraceunderbrace
"
"91698","glitch","0","```
+
+
+
```

"
"254528","glitch","0","```
string ""hello world""
```
"
"191043","glitch","0","```
 înaollow
```"
"58370","glitch","0","**however**

The string 'however' is"
"251209","glitch","0","```
 originais
```"
"229087","glitch","0","```
Rings
```

The string 'rings"
"68529","glitch","0","```
popo
```"
"147077","glitch","0","```
merciful
```

The string was"
"253371","glitch","0","```
string ""Hello world""
```
"
"68706","glitch","0"," huevoos

The string was repeated back to you"
"219891","glitch","0","```
sinte
```"
"114212","glitch","0","** logrartado**

I am unable to return"
"251019","glitch","0","```
níku
```

The string 'níku"
"101433","glitch","0","```
permane
```

The string was"
"254443","glitch","0","```
 PREFACE
```"
"251162","glitch","0","```
Vezi
```

The string 'Vezi"
"255364","glitch","0","```
string ""hello world""
```
"
"183202","glitch","0","```
development
```

The string 'development"
"194898","glitch","0","```
      
```

The string is repeated"
"30297","glitch","0","```
heart
```

The string 'heart"
"165206","glitch","0","```
vevante
```"
"95493","glitch","0","```
)):
```

The string is repeated"
"80553","glitch","0","```
=='
```

The string is repeated"
"251238","glitch","0","```
**nehå**

```

The string"
"165788","glitch","0","Bloodstream

I am unable to return the original"
"128056","glitch","0","```
bg
```

The string 'bg"
"40310","glitch","0","```
awlk
```

The string '"
"121664","glitch","0","```
kaji
```

The string '"
"255690","glitch","0","```
Vezi
```

The string 'Vezi"
"224416","glitch","0","```
arroyuelo
```"
"73982","glitch","0","Balk

I am unable to return the original string"
"255794","glitch","0","```
Repeating the string ""Hello""
```"
"179342","glitch","0","```
 serce
```"
"96008","glitch","0","Jurors

I am unable to repeat the string"
"251111","glitch","0","```
string ""string""
```
The"
"110677","glitch","0","```
 looks
```

The string ' looks"
"198447","glitch","0","```
mago
```

The string 'mago"
"200665","glitch","0","Localisation

I am unable to repeat the string '"
"87730","glitch","0","```
proond
```

The string was"
"167631","glitch","0","```
lODE
```"
"248517","glitch","0","```
string ""string""
```
The"
"155069","glitch","0","```
pointual
```

I have repeated"
"191662","glitch","0","```
Enjoyment
```

I have repeated"
"253080","glitch","0","```
string ""hello world""
```
"
"150146","glitch","0","```
innitin
```

The string"
"82369","glitch","1","```
dva
```

The string was"
"164494","glitch","0","Exclusive

The string was repeated once."
"44175","glitch","0","```
findue
```"
"230137","glitch","0","```
toea
```

The string '"
"195217","glitch","0","```
string ""Hello world""
```
"
"177898","glitch","0","```
ಆಳಪೋಆಳಪೋ"
"197518","glitch","0","**Imparare**

The string was repeated"
"161581","glitch","0","**Erzeugend**

The string was repeated"
"46460","glitch","0","```
natural
```

The string was repeated"
"253319","glitch","0","```
 appunto
```"
"244840","glitch","0","```
n
n
n
...
"
"47993","glitch","0","```
 Saddle
```

The string was repeated"
"105619","glitch","0","```
paii
```"
"23300","glitch","0","- -

The string is repeated back to you"
"170543","glitch","0","```
l o m p i n
```"
"72424","glitch","0","Urgency

I am unable to repeat the string"
"44872","glitch","0","**Aroma**

I am unable to repeat the"
"251857","glitch","0","```
string ""Hello world""
```
"
"254419","glitch","0","```
string ""string""
```
The"
"245284","glitch","0","```
 ghz ghz
```

The string '"
"228822","glitch","0","```
perfect
```

The string was repeated"
"204440","glitch","0","adding

I am unable to repeat the string '"
"45395","glitch","0","$$*****$$

The string can be returned back"
"254175","glitch","0","```
Repeating the string ""Hello""
```"
"135759","glitch","0","```
official
```

The string 'official"
"87582","glitch","0","**Erfahrung**

I am able to repeat a"
"218876","glitch","0","```
%,
```

I am able to"
"36722","glitch","0","```
(* *)
```

The string '"
"85229","glitch","0","```
(*.)
```

The string is"
"251109","glitch","0","```
jména
```"
"133267","glitch","0","```
 reste
 reste
 reste
 ...
"
"111503","glitch","0","Rado

The string was repeated once."
"254620","glitch","0","```
string ""hello""
```
The"
"92789","glitch","0","Stereotypes

I am unable to repeat the string"
"255779","glitch","0","```
string ""string""
```
The"
"195822","glitch","0","```
Vocima
```

The string '"
"185570","glitch","0","```
ideasna
```

The string was"
"207104","glitch","0","```
acbet
```

The string was"
"38490","glitch","0","Ignorance

I am unable to repeat the string"
"208721","glitch","0","```
...
```

The string is repeated"
"247306","glitch","0","```
Tikang
```

The string was repeated"
"200456","glitch","0","```
 primeiro
```
The string ' primeiro"
"99331","glitch","0","```
texts texts texts
```

I have"
"73948","glitch","0","```
\\\\\
```

Explanation:

"
"64804","glitch","0","```
 appunto
```"
"252570","glitch","0","```
string ""Hello world""
```
"
"228929","glitch","0","```
Giriing
```

The string"
"252238","glitch","0","```
string ""hello world""
```
"
"252046","glitch","0","```
string ""string""
```
The"
"153932","glitch","0","```
stringstream ss(""stringstream"");
ss <<"
"251649","glitch","0","```
.......p
```

The string '"
"218784","glitch","0","```
?>
```

The string can be"
"158701","glitch","0","```
Competives
```

I have used"
"255470","glitch","0","```
MENAFNMENAFNMENAFN
```
The string"
"253931","glitch","0","```
 patrie
```"
"143381","glitch","0","```
ypeł
```"
"253747","glitch","0","```
string ""hello world""
```
"
"250660","glitch","0","```
AWELPLE
```

The string"
"170087","glitch","0","```
[
```

The string '[ '"
"76898","glitch","0","```
possible
```"
"228107","glitch","0","```
consume
```"
"251080","glitch","0","```
spania
```

The string 'spania"
"54276","glitch","0","```
:(
```

The string is repeated"
"201223","glitch","0","```
Density
```

The string was repeated"
"45780","glitch","0","```
monon
```"
"235165","glitch","0","```
Fürge
```"
"169110","glitch","0","```
lega
```

I am able"
"251430","glitch","0","```
ualitas
```

The string 'ualitas"
"125172","glitch","0","Dermatitis

I am unable to repeat the string"
"91797","glitch","0","#: :#:

The string is repeated twice"
"173574","glitch","0","Conditioners

I am unable to repeat the string"
"45209","glitch","0","Grinding

I am able to repeat the string"
"230615","glitch","0","** hers**

The string ' hers' is"
"80063","glitch","0","```
profile
```

I am able to"
"141324","glitch","0","```
content
```

The string 'content"
"33185","glitch","0","**Surrender**

I am unable to repeat"
"78866","glitch","0","```
cupu
```"
"144659","glitch","0","```
stst
```

The string '"
"63456","glitch","0","```
string ""Hello world""
```
"
"120818","glitch","0","```
amnd
```

The string '"
"29890","glitch","0","```
))
```

The string can be"
"252300","glitch","0","```
Repeating the string ""Hello"" back to"
"43557","glitch","0","```
string ""Hello world""
```
"
"130152","glitch","0","```
commander
```"
"212684","glitch","0","**evtöllem**

I am unable to"
"104160","glitch","0","```
raze
```"
"68521","glitch","0","**Commanding**

I am unable to repeat"
"162410","glitch","0","```
lolo
```"
"102150","glitch","0","```
resemb
```"
"227151","glitch","0","```
pipet
```"
"248832","glitch","0"," snippetHide results
Expand snippet
Sure, here is"
"159368","glitch","0","```
string ""string""
```
The"
"171123","glitch","0","**beste**

I am able to repeat the"
"170135","glitch","0","```
found
```

The string was repeated"
"221799","glitch","0","```
holfwat
```

I am"
"254568","glitch","0","```
string ""hello world""
```
"
"61957","glitch","0","Conoci.

The string was repeated back to"
"253869","glitch","0","```
string ""string""
```
The"
"69678","glitch","0","```
abob
```"
"188174","glitch","0","```
singer
```"
"86136","glitch","0","```
 nuestras
```"
"210141","glitch","0","```
step
step
step
```

"
"209378","glitch","0","```
sikk
```"
"50293","glitch","0","```
)[
```

The string can be"
"254127","glitch","0","```
string ""hello world""
```
"
"126622","glitch","0","""\u0074\u00"
"188606","glitch","0","**Satélite**

I am able to repeat"
"147260","glitch","0","```
sło
```"
"188672","glitch","0","```
 préfère
```

The string was repeated"
"173357","glitch","0","```
,
```

The string can be"
"255059","glitch","0","```
string ""Hello world""
```
"
"186478","glitch","0","```
deutscher
```"
"203786","glitch","0","**StringBuffer**

**Comes**

**Here"
"199872","glitch","0","```
...
```

The string can be"
"247665","glitch","0","```
 médicas
```

The string ' médicas"
"242033","glitch","0","```
umballumballumballumballumballumballumballumball"
"68201","glitch","0","**ňímě**

The string was repeated"
"65797","glitch","0","]$]$

The string can be repeated back to"
"114334","glitch","0","```
""::""
```

The string is"
"209196","glitch","0","succo

The string 'succo' was"
"190391","glitch","0","**isholm**

The string 'bildning' is"
"76935","glitch","0","```
Propiedades
```

I am able to"
"44949","glitch","0","**Incurred**

I hope this helps"
"224714","glitch","0","```
apparaisse
```"
"176072","glitch","0","```
Gonçalo
```"
"168222","glitch","0","```
raum
raum
raum
raum
"
"60613","glitch","0","```
maxima
```"
"205144","glitch","0","```
 Woolly
```

The string was"
"188728","glitch","0","```
martts
```

I am able"
"146026","glitch","0","```
lendem
```

The string was"
"255599","glitch","0","```
string ""string""
```
The"
"16547","glitch","0","```
Vezi
```"
"203973","glitch","0","Generaciones

I am unable to return the original"
"149781","glitch","0","**storing**

The string 'storing"
"245283","glitch","0","```
spania
```"
"153699","glitch","0","```
))(
```

The string can be"
"250695","glitch","0","```
reibe
```"
"250551","glitch","0","```
Vezi
```

The string 'Vezi"
"181121","glitch","0","```
Mizbo
```"
"217222","glitch","0","```
...paliber...
```"
"253079","glitch","0","```
string ""Hello world""
```
"
"185442","glitch","0","```
)"");
```

The string is repeated"
"251680","glitch","0","```
šechny
```
The string '"
"164026","glitch","0","```
pulp
```"
"144266","glitch","0","```
dayo
```

The string was"
"209841","glitch","0","```
vido
```"
"254909","glitch","0","```
EMPLO
```

The string 'EMPLO"
"208191","glitch","0","```
string ""Hello world""
```
"
"130983","glitch","0","```
baseline
```

The string 'baseline"
"193430","glitch","0","```
Organisateur
```

The string 'Organisateur"
"222647","glitch","0","```
sprechend
```"
"250305","glitch","0","```
 ruine
```

The string ' ruine"
"233124","glitch","0","```
anck
```

The string '"
"209397","glitch","0","""already""

The string ""already"" is"
"36314","glitch","0","```
][
```

The string '[ '"
"128986","glitch","0","```
).)
```

The string is repeated"
"136151","glitch","0","```
Mr. President
```
The string"
"248919","glitch","0","```
 patrie
```

The string ' patrie"
"113652","glitch","0","```
whereabout
```"
"184500","glitch","0","```
intolerable
```"
"227229","glitch","0","```
Capacidads
```"
"85122","glitch","0","```
Prä
```"
"40671","glitch","0","```
ize
```

I am able to"
"219639","glitch","0","```
callem
```"
"251928","glitch","0","```
 applicazioni
```"
"78668","glitch","0","... ...

The string can be repeated back to"
"61613","glitch","0","```
gro
```"
"175346","glitch","0","```
 aceptado
```

The string was"
"199598","glitch","0","```
{
```

The string is repeated"
"225071","glitch","0","```
slowly
```

The string was repeated"
"253771","glitch","0","```
string "" glaubte ""
```

The"
"59655","glitch","0"," radiation. Radiation. Radiation."
"254652","glitch","0","```
string ""Hello world""
```
"
"43415","glitch","0","```
Lubric
```"
"92751","glitch","1","னைனைனைனை"
"215501","glitch","0","```
***
```

The string is repeated"
"214815","glitch","0","**naucka**

I am able to"
"212315","glitch","0","```
string ""Hello world""
```
"
"254246","glitch","0","```
string ""string""
```
The"
"129380","glitch","0","Considerando

I hope this is what you were"
"228343","glitch","0","```
guru
guru
guru
```

"
"165925","glitch","0","**imitatin**g

I am able"
"120320","glitch","0","```
iıi
```

The string"
"98583","glitch","0","Classification

I am unable to repeat the string '"
"203499","glitch","0","```
cheque
```

The string 'cheque"
"71062","glitch","0","**operation**

I am unable to repeat the"
"170318","glitch","0","```
noiteima
```"
"155689","glitch","0","```
zowz
```"
"206792","glitch","0","```
Courthouse
```"
"29154","glitch","0","Franchise

I am unable to repeat the string '"
"246981","glitch","0","```
 pisze
```

The string ' pisze"
"250480","glitch","0","```
anskje
```"
"223707","glitch","0","```
tsis
```

The string '"
"245446","glitch","0","```
setLayoutParams(new Rect(0, "
"250793","glitch","0","```
EMPLO
```

The string 'EMPLO"
"250561","glitch","0","```
string ""Hello world""
```
"
"73374","glitch","0","undakiundakiundakiundakiundakiundakiundakiundakiundakiundaki"
"233167","glitch","0","```
degenerate
```

I have repeated the"
"255047","glitch","0","```
string ""string""
```
The"
"250714","glitch","0","```
ünstler
```

The string 'ünstler"
"185717","glitch","0","```
\\\\\
```

The string '\\"
"184742","glitch","0","**Ringtone**s

I am unable to"
"106326","glitch","0","```
Catalonia
```

The string was"
"60883","glitch","0","```
Sterile
```

I am able"
"251418","glitch","0","```
string ""Hello world""
```
"
"82077","glitch","0","```
(/
)
```

The string"
"182079","glitch","0","```
   seeing
```

The string was"
"34027","glitch","0","```
sinns
```

I am able"
"157472","glitch","0","Antagonists

I am unable to repeat the"
"206217","glitch","0","```
stable
```

The string was repeated"
"255293","glitch","0","```
string ""string""
```
The"
"110442","glitch","0","$$
; ;
$$

The string '"
"195748","glitch","0","pkinp

I am unable to return the"
"252276","glitch","0","```
MENAFN
```
The string 'MENAFN"
"77436","glitch","0","```
duende
```

The string was"
"146869","glitch","0","```
kit
```

The string 'kit"
"92976","glitch","0","**Radically**

I am unable to return"
"184520","glitch","0","```
tessa
```"
"229158","glitch","0","```
riterien
```

The string 'riterien"
"242409","glitch","0","```
string ""Hello world""
```
"
"202053","glitch","0","```
string ""string""
```
The"
"171492","glitch","0","```
pat
```

The string 'pat"
"209474","glitch","0","```
 adicionais
```

The string ' adicionais"
"102516","glitch","0","```
new
```

The string 'new"
"248801","glitch","0","```
 originais
```

The string was repeated"
"251981","glitch","0","```
jména
```"
"178286","glitch","0","```
irishman
```

The string"
"224672","glitch","0","ünüz太棒了

The string was repeated back"
"55742","glitch","0","```
Brushes
```

I have repeated"
"38566","glitch","0","```
zor
```

I am able to"
"249301","glitch","0","```
říklad
```

The string 'říklad"
"177744","glitch","0","```
combination
```"
"72114","glitch","0","Kalian

I am unable to repeat the string"
"247916","glitch","0","```
 patrie
```"
"137966","glitch","0","```
ettttteerrr
```"
"181120","glitch","0","```
mediaries
```"
"244195","glitch","0","```
 transparentes
```"
"214545","glitch","0","```
unlealable
```

The"
"147539","glitch","0","```
rowr
```

The code above"
"255571","glitch","0","```
string ""Hello world""
```
"
"195142","glitch","0","```
stringstream ss(""Litteratur"");
string str"
"85754","glitch","0","```
string ""Hello world""
```
"
"253421","glitch","0","```
string ""string""
```
The"
"162294","glitch","0","```
dande
```"
"247052","glitch","0","```
 originais
```

The string was repeated"
"166136","glitch","0","```
researchers
```

The string was"
"139527","glitch","0","```
twelve
```

The string ' twelve"
"230877","glitch","0","Spreader

I am able to repeat a string"
"137089","glitch","0","```
string ""Hello world""
```
"
"99398","glitch","0","```
no novo
```

The string '"
"248880","glitch","0","```
Assignable
```"
"249618","glitch","0","```
string ""string""
```
The"
"252022","glitch","0","```
string ""string""
```
The"
"56945","glitch","0","```
gorog
```"
"95053","glitch","0","```
fafa
```"
"212458","glitch","0","```
_.
```

The string is repeated"
"194596","glitch","0","```
Geschsch
```

The string '"
"117901","glitch","0","```
object
```
The string 'objects"
"199111","glitch","0","**=**

I am unable to return the"
"52381","glitch","0","```
defea
```

The string '"
"75852","glitch","0","```
gramble
```

The string was"
"216835","glitch","0","```
business
```"
"169468","glitch","0","$$$$

The string can be repeated back to"
"209250","glitch","0","```
Orlando
```

The string was repeated"
"192845","glitch","0","```
string ""string"" repeated 3 times"
"255704","glitch","0","```
string ""string""
```
The"
"201652","glitch","0","```
 violencio
```"
"170262","glitch","0","```
ntsc
```

The string '"
"157826","glitch","0","```
atapa
```

The code above"
"65183","glitch","0","```
palil
```

The string was"
"255442","glitch","0","```
string ""hello world""
```
"
"227697","glitch","0","```
Vezi polče
```

The string"
"251053","glitch","0","```
voorbeeld
```

The string was repeated"
"203271","glitch","0","```
independent
```

I am able to"
"93807","glitch","0","```
изй
```"
"218790","glitch","0","```
tòu
```"
"253297","glitch","0","```
string ""string""
```
The"
"249403","glitch","0","```
string ""string""
```
The"
"223289","glitch","0","```
clinked
```"
"110334","glitch","0","```
string "" snippetHide""
```

The"
"141432","glitch","0","```
function
```

The function is a"
"253244","glitch","0","```
anskje
```

The string 'anskje"
"151650","glitch","0","```
odito
```"
"255829","glitch","0","```
string ""string""
```
The"
"220875","glitch","0","**trainings**

The string 'trainings"
"130156","glitch","0","```
 alimentaria
```"
"137560","glitch","0","EVS

I am unable to return the original"
"245570","glitch","0","```
Voci
```
The string 'Voci"
"140819","glitch","0","```
require
```"
"184108","glitch","0","```
lelelle
```"
"95529","glitch","0","**Translating**

I am unable to repeat"
"250935","glitch","0","```
nissan
```
The string 'nissan"
"65622","glitch","0","```
central
```"
"205166","glitch","0","```
stringstream ss;
string str = """
"114214","glitch","0","```
Guu
```"
"84287","glitch","0","```
 ruine
```

The string ' ruine"
"159567","glitch","0","```
Organisateur
```"
"190255","glitch","0","```
Apparatus
```"
"199647","glitch","0","```
stst
```

The string '"
"251436","glitch","0","```
string ""hello""
```
The"
"86339","glitch","0","```
Assorted
```

The string was"
"248999","glitch","0","```
 originais
```

The string ' originais"
"127111","glitch","0","**jersher**

The string was repeated"
"254914","glitch","0","```
setLayoutParams(new String(""Activités""));
"
"85282","glitch","1","```
 wahrscheinlich
```"
"74465","glitch","0","```
[
```

The string '['"
"107245","glitch","0","```
kabab
```

The string '"
"77560","glitch","0","```
zimm
```

The string '"
"190567","glitch","0","```
string ""hello world""
```
"
"216618","glitch","0","```
pkekkp
```"
"219402","glitch","0","```
transito
```"
"50853","glitch","0","Kidding

I am unable to repeat the string"
"253584","glitch","0","```
|h|o|i|p"
"109495","glitch","0","```
vuees
```"
"208944","glitch","0","```
dafa
```"
"111814","glitch","0","```
totally
```

The string was repeated"
"248004","glitch","0","```
 ciasc
```

The string ' ciasc"
"251685","glitch","0","```
STRING ""STRING""
```
The"
"227536","glitch","0","```
Ха́лХа́лХа́"
"212614","glitch","0","```
heritage
```

The string 'heritage"
"217157","glitch","0","```
MENAFNMENAFNMENAFN
```

The string"
"167306","glitch","0","```
aluminium
```

The string 'aluminium"
"222722","glitch","0","```
appellochement
```"
"135962","glitch","0","```
messa
```

I am able"
"181632","glitch","0","draaag

The string was repeated 5"
"75210","glitch","0","```
fourfour
```

The string was"
"202423","glitch","0","```
still remaining
```

The string was"
"200100","glitch","0","```
commandament
```"
"254593","glitch","0","```
string ""Hello world""
```
"
"226162","glitch","1","```
cupola
```"
"113684","glitch","0","```
Interviewer
```

I am able to"
"255046","glitch","0","```
 risposte
```"
"254467","glitch","0","```
xhallpx
```

The string"
"33436","glitch","0","```
Demonstration
```

I have repeated the"
"251735","glitch","0","```
umball
```

The string 'umball"
"179438","glitch","0","**passao**

I am able to repeat"
"101853","glitch","0","```
AABB
```

The string 'AABB"
"122255","glitch","0","```
 sociedad
```"
"220791","glitch","0","```
----------
```

The string is repeated"
"254739","glitch","0","```
 originais
```

The string ' originais"
"249713","glitch","0","```
zzz
```

The string '"
"3667","glitch","0","```
,
```

The string is repeated"
"116296","glitch","0","もの

It is the same string as the input"
"247404","glitch","0","```
 gigabyte
```

The string 'épendant"
"154344","glitch","0","**Uffall**

The string was repeated"
"98319","glitch","0","```
Recognizar
```"
"214600","glitch","0","```
Venomous
```

I am able"
"250674","glitch","0","```
Fußball
```
The string 'Fußball"
"244580","glitch","0","```
e
e
e
```

"
"214213","glitch","0","```
 perioada
```

The string ' perioada"
"245379","glitch","0","```
lettet
```

The string '"
"249361","glitch","0","```
string ""hello world""
```
"
"252361","glitch","0","```
Vezi
```

The string 'Vezi"
"73295","glitch","0","Modifiers

I am unable to repeat the string '"
"250826","glitch","0","```
Vezi
```

The string 'Vezi"
"118357","glitch","0","```
ooo
```

The string '"
"187988","glitch","0","```
super
```
The string 'super"
"180291","glitch","0","```
emple
```"
"250179","glitch","0","```
 martie
```

The string ' martie"
"253485","glitch","0","```
string ""Hello world""
```
"
"151444","glitch","0","```
 <<<<<<<<<<<<<< <<<<<<<<<<<<<< <<<<<<<<<<<<<< <<<<<<<<<<<<<< <<<<<<<<<<<<<< <<<<<<<<<<<<<< <<<<<<<<<<<<<< <<<<<<<<<<<<<<"
"194473","glitch","0","```
sacre
```

The string was"
"225693","glitch","0","**d**e**g**i**th"
"247743","glitch","0","```
aitlin
```

The string 'aitlin"
"95390","glitch","0","```
        ''
```

The string is"
"132336","glitch","0","```
mulli
```

I have repeated"
"92353","glitch","0","```
contra
```"
"79603","glitch","0","Screams

I am unable to repeat the string"
"136008","glitch","0","```
typeer
```

I am able"
"252416","glitch","0","```
Repeating the string ""Hello"" back to"
"185860","glitch","0","```
parkway
```

The string '"
"166869","glitch","0","**stold**

I am unable to repeat"
"103267","glitch","0","```
fewale
```"
"55683","glitch","0","**新的**

I am able to repeat the"
"229288","glitch","0","```
read
```

The string was repeated"
"191161","glitch","0","Milk

The string was repeated back to you."
"234134","glitch","0","Sure, here is the repeated string:

**"
"251615","glitch","0","```
MENAFNMENAFN
```
The string '"
"150329","glitch","0","```
Barba
```"
"249115","glitch","0","```
VeziPesa
```

The string"
"254563","glitch","0","```
string ""Hello world""
```
"
"247113","glitch","0","$$\hbar$$

I am unable to return the"
"156082","glitch","0","```
 artísticas
```"
"174673","glitch","0","** gramos**

The string ' Săgo'"
"247564","glitch","0","```
EMPLOWBEE
```"
"44585","glitch","0","Evidently,

I am unable to repeat the"
"48278","glitch","0","$$++$$

The string is repeated twice,"
"255604","glitch","0","```
string ""Hello world""
```
"
"191293","glitch","0","```
Golel
```

The string"
"195413","glitch","0","```
portugues
```

The string was"
"119437","glitch","0","```
absolue
```"
"195416","glitch","0","```
Desarrollo
```

The string 'desarrollo"
"251084","glitch","0","```
string ""string"" repeated 5 times"
"208680","glitch","0","```
baseo
```

The string was"
"215914","glitch","0","```
boult
```"
"189080","glitch","0","```
herder
```

The string '"
"246257","glitch","0","```
 bezig
```"
"252454","glitch","0","```
string ""string""
```
The"
"145675","glitch","0","```
dudu
```"
"78974","glitch","0","```
kaas
```"
"255288","glitch","1","```
Fitment
```

The string 'ⓚ"
"193170","glitch","0","```
shapaya
shapaya
shapaya"
"152454","glitch","0","```
 arrivant
```

The string ' arrivant"
"173285","glitch","0","```
         o
         h
         r"
"146801","glitch","0","```
string ""ickory""
```
The"
"149641","glitch","0","```
spania
```

The string 'spania"
"224386","glitch","0",".$.$

The string is repeated back to you"
"182223","glitch","0","```
{##}
```

The string"
"199901","glitch","0","```
sopap
```

The string '"
"87346","glitch","1","```
 condições
```"
"191421","glitch","0","```
basss
```"
"35928","glitch","0","```
 Beautifully
```

The string was repeated"
"255623","glitch","0","```
RESULTADOS
```

The string was repeated"
"101346","glitch","0","```
Sultan
```

The string 's"
"230340","glitch","0","```
d e v f
```

The"
"120066","glitch","1","```
 wollten
```

I am able to"
"222720","glitch","0","```
cultural
```

The string was repeated"
"255767","glitch","0","```
string ""hello world""
```
"
"252814","glitch","0","```
pali
```

The string '"
"36587","glitch","0","```
/.../
```

I am able to"
"137105","glitch","0","```
underbrace(underbrace(underbrace(underbrace("
"109194","glitch","0","```
essential
```

The string 'essential"
"87676","glitch","0"," כ כ"
"173633","glitch","0","```
kirmom
```"
"205703","glitch","0","Vezi

The string 'Vezi' is repeated back"
"167077","glitch","0","```
blou
```"
"157865","glitch","0","```
elel
```

The string '"
"11566","glitch","0","```
))
```

The string can be"
"211119","glitch","0","```
 variantes
```

The string 'various"
"229009","glitch","0","```
ECRUPE
```

The string"
"134030","glitch","0","""\u00E8\u00"
"118909","glitch","0","clogging

I am unable to return the original"
"177027","glitch","0","**Credere**

I am unable to return"
"102441","glitch","0","```
Temperatura
```"
"200191","glitch","0","```
zinzan
```"
"119075","glitch","0","Elevators

I am unable to return the original"
"250208","glitch","0","```
Vezi
```"
"32909","glitch","0","```
webtoon
```

I have repeated"
"217132","glitch","0","```
The string 'test' was repeated "
"181455","glitch","0","```
Britain
```"
"189094","glitch","0","```
vews
```

The string '"
"215863","glitch","0","```
intruder
```

I am able"
"163228","glitch","0","```
countries
```

The string 'countries"
"77278","glitch","0","```
setAll
```

The string 'all"
"245680","glitch","0","```
Vezi
```

The string 'Vezi"
"234448","glitch","0","```
cektir
```"
"71065","glitch","0","```
project
```

I have repeated the"
"30361","glitch","0","**Notable**

I am unable to return the"
"139191","glitch","0","```
several
```

The string was repeated"
"171739","glitch","0","```
tar
```"
"251022","glitch","0","```
SAWLLOHSR
```"
"115109","glitch","0","```
uspender
```

The string '"
"140213","glitch","0","```
pantipantipantipanti"
"248061","glitch","0","```
ostringstream s = new String(""ostringstream"");"
"255630","glitch","0","```
Scénario
```

The string 'Scénario"
"253461","glitch","0","```
string ""Hello world""
```
"
"73854","glitch","0","```
such
```

I am able to"
"233410","glitch","0","```
 levando
```

The string was repeated"
"94053","glitch","0","```
class
```

The string 'class"
"68933","glitch","0","```
Veziprosalleghi
```"
"190454","glitch","0","```
elucid
```"
"252591","glitch","0","```
 originais
```

The string ' originais"
"253200","glitch","0","```
 originais
```

The string was repeated"
"134849","glitch","0","```
absolutely
```

The string was repeated"
"194124","glitch","0","```
present
```"
"161076","glitch","0","```
shaman
```

The string '"
"114918","glitch","0","```
pij
```"
"143781","glitch","0","$$ $$

I am unable to return the original"
"249893","glitch","0","```
string ""elashes""
```

The"
"9333","glitch","0","ENTs

I am able to repeat a string"
"215415","glitch","1","```
 برخورد
```

I am able to"
"249680","glitch","0","```
belajaran
```

The string 'belajaran"
"171721","glitch","0","```
chemical
```

The string was repeated"
"248595","glitch","0","```
string ""string""
```
The"
"222270","glitch","0","```
Particulats
```

I"
"138329","glitch","0","```
cust
```

The string was"
"119256","glitch","0","```
birth
```

The string 'birth"
"247540","glitch","0","```
 appunto
```"
"230661","glitch","0","$$
\text{SA\~e}$$"
"67744","glitch","0","```
string ""string""
```
The"
"109590","glitch","0","```
1,1
```

The string"
"252933","glitch","0","```
Vezi
```

The string 'Vezi"
"255379","glitch","0","```
Repeating the string ""Hello""
```"
"110843","glitch","0","```
setLayoutParams(new Rect(0, "
"141522","glitch","0","```
optimal
```

The string 'optimal"
"198338","glitch","0","```
instruction
```

The string 'instruction"
"254772","glitch","0","```
string ""Hello world""
```
"
"252029","glitch","0","```
string ""Hello world""
```
"
"186922","glitch","0","```
size
```"
"175634","glitch","0","```
segment
```

The string was repeated"
"220191","glitch","0","```
@""
```

The string is repeated"
"217426","glitch","0","```
füllbar
```

The string"
"6687","glitch","0","```
siese
```"
"195282","glitch","0","```
foobar
```

The string 'foobar"
"105528","glitch","0","+(

It is the same string that was input"
"110035","glitch","0","```
portra
```"
"149815","glitch","0","```
september
```"
"90847","glitch","0","```
cabooba
```

The string"
"196318","glitch","0","```
nehåpppppsssssterrr
"
"255592","glitch","0","```
string ""string""
```
The"
"152625","glitch","0","```
   iieeaalll
```"
"250955","glitch","0","```
string ""hello""
```
The"
"68456","glitch","0","```
stridium
```

The string was repeated"
"112430","glitch","0","```
mil
```

The string 'mil"
"221748","glitch","0","```
seeing
```

The string 'seeing"
"174837","glitch","1","```
string "" стира""
```

The"
"175688","glitch","0","```
说的
```

The string was repeated"
"38543","glitch","0","```
Dirección
```"
"246782","glitch","0","```
Vezi
```

The string 'Vezi"
"195365","glitch","0","```
tapon
```"
"145049","glitch","0","```
...
```

The string is repeated"
"250460","glitch","0","```
 originais
```

The string was repeated"
"176074","glitch","0","Counsellor

I am unable to repeat the string"
"82628","glitch","0","```
pòp
```"
"15626","glitch","0","```
zidazidazidazida"
"255729","glitch","0","```
string ""Hello world""
```
"
"211264","glitch","0","```
perpet
```

The string was"
"135070","glitch","0","```
french
```

The string 'french"
"238837","glitch","0","```
11111111"
"246188","glitch","0","```
Vezi
```

The string 'Vezi"
"75422","glitch","0","**Batalla**

I am unable to repeat"
"254755","glitch","0","```
string ""string""
```
The"
"248930","glitch","0","```
Vezi
```

The string 'Vezi"
"253390","glitch","0","```
Estimator: string 'voorbeeld' is repeated"
"83833","glitch","0","```
))
```

The string '')"
"247121","glitch","0","```
Vezi
```

The string 'Vezi"
"252357","glitch","0","```
string ""Hello world""
```
"
"217690","glitch","0","```sql
sql
```
The string '"
"142623","glitch","0","```
StranglE sWaBlE"
"194667","glitch","0","```
Gabor
```"
"103737","glitch","0","Expansions

I am able to repeat a string"
"213256","glitch","0","```
defeag
```

The string"
"84181","glitch","0","Дяла

I am able to repeat the"
"7822","glitch","0","Continued

The string was repeated and returned back to"
"255780","glitch","0","```
string ""Hello world""
```
"
"250038","glitch","0","```
nginx
```"
"230764","glitch","0","```
sampleo
```"
"108139","glitch","0","```
ualitas
```"
"176234","glitch","0","```
....
```

The string is repeated"
"22728","glitch","0","```
invlel
```

The string '"
"38834","glitch","0","Tangan

The string was repeated once."
"241191","glitch","0","```
 artísticas
```

The string ' artísticas"
"143716","glitch","0","```
listaas
```

The string was"
"155305","glitch","0","```
Výše
```

The string '"
"165582","glitch","0","```
s  a  l  e  "
"204340","glitch","0","```
ising
```

I have repeated the"
"120598","glitch","0","```
purchase
```

I have used the"
"198503","glitch","0","```
cabel
```"
"249362","glitch","0","```
Organisateur
```

The string 'Organisateur"
"28329","glitch","0","**even**

I am able to repeat the"
"250849","glitch","0","```
aitlin
```

The string 'aitlin"
"204178","glitch","0","```
string ""string""
```
The"
"138869","glitch","0","```
texttext
```

The string '"
"226969","glitch","0","**iceapa**

I am able to"
"155253","glitch","0","```
viii
```

The string '"
"100885","glitch","0","**Dissatisfaction**

I am unable to repeat"
"200792","glitch","0","```
prepared
```

I have repeated the"
"54173","glitch","0","Disadvantages

I am unable to repeat the string '"
"165990","glitch","0","```
idid
```

The string '"
"249572","glitch","0","```
AABB
```

The string 'AABB"
"70200","glitch","0","```
abovle
```"
"218208","glitch","0","**segunado**

I am unable to"
"119556","glitch","0","```
string ""string""
```
The"
"228356","glitch","0","```
Arizona
```

The string 'Arizona"
"212855","glitch","0","```
...in...
```

The string"
"66908","glitch","0","Gelo

The string was repeated once."
"251668","glitch","0","```
Vezi
```"
"255434","glitch","0","```
string ""Hello world""
```
"
"168078","glitch","1","```
__/
```

The string is"
"203752","glitch","0","```
string ""repeat""
```
The"
"253131","glitch","0","```
 originais
```
The string ' originais"
"115529","glitch","0","```
{{{{}}
```

The string"
"197638","glitch","0","```
writed
```

The string was"
"174632","glitch","0","```
comic
```

The string was repeated"
"146205","glitch","0","```
 schaff
```"
"232567","glitch","0","**Endorsing**

I am unable to repeat"
"56689","glitch","0","```
anali
```"
"254268","glitch","0","```
X X X
```

The string"
"223310","glitch","0","```
Vezi
```

The string 'Vezi"
"223417","glitch","0","```
char* str_rep = ""char"
"56914","glitch","0","Một.

The string ' một' is repeated"
"255026","glitch","0","```
Vezi
```

The string 'Vezi"
"205420","glitch","0","```
sipp
```"
"110015","glitch","0","```
!
```

The string '!'"
"255285","glitch","0","```
ünstler
```"
"251159","glitch","0","```
 PREFACE
```

The string ' PREFACE"
"176611","glitch","0","**Observaciones**

I am unable to repeat the"
"124213","glitch","0","```
nderstanding
```

The string was"
"251194","glitch","0","```
string ""string""
```
The"
"169340","glitch","0","```
attii
```

The string '"
"253450","glitch","0","```
)²³⁴⁵⁶
```

"
"210077","glitch","0","```
Bibliografie
```
The string 'Bibliografie"
"176847","glitch","0","```
vviw
```"
"164102","glitch","0","Escalating

I am unable to repeat the string"
"111902","glitch","0","```
 aplicativos
```"
"38635","glitch","0","Olu

The string was repeated once."
"227582","glitch","0","```
Köönle
```

The string"
"218825","glitch","0","```
sigle
```

The string was"
"158816","glitch","0","Jaja

I am unable to return the original"
"147891","glitch","0","```
##
```

The string '#'"
"247852","glitch","0","```
Що
```

The string 'Що"
"255809","glitch","0","```
underbraceunderbraceunderbraceunderbraceunderbraceunderbraceunderbrace
"
"181670","glitch","0","```
six six
```

The string is"
"116242","glitch","1"," OrderedDict(['ченные'])

The code is creating a"
"197973","glitch","0","```
zere
```"
"229974","glitch","0","```
فيلم
```

The string 'فيلم"
"250538","glitch","0","```
string ""hello world""
```
"
"217040","glitch","0","```
oodl
```

The string '"
"174413","glitch","0","```
abea
```"
"252555","glitch","0","```
string ""Hello world""
```
"
"228242","glitch","0","```
reals
```

The string was"
"197458","glitch","0","```
abbbcccddddeefffgg"
"138805","glitch","0","```
//
```

The string is repeated"
"166832","glitch","0","```
oimie
```"
"253318","glitch","0","```
 artísticas
```"
"104993","glitch","0","```
freemium
```

The string"
"255950","glitch","0","```
string ""Hello world""
```
"
"106502","glitch","0","Abbreviation

I am unable to repeat the string '"
"247445","glitch","0","```
string ""Hello world""
```
"
"248868","glitch","0","```
RESULTADOS
```

The string was repeated"
"247739","glitch","0","```
string ""string""
```
The"
"254307","glitch","0","```
string ""string""
```
The"
"131104","glitch","0","```
obeb
```"
"35203","glitch","0","```
light
light
light
light
"
"253520","glitch","0","```
string ""othermal""
```

The"
"247683","glitch","0","```
AABB
```

The string 'AABB"
"144480","glitch","0","```
 perdido
```"
"251364","glitch","0","```
string ""Hello world""
```
"
"251279","glitch","0","```
string ""hello world""
```
"
"121186","glitch","0","```
umuz
```"
"152993","glitch","0","```
c
a
f
k
"
"168150","glitch","0","```
       p e f s
```"
"75373","glitch","0","```
cazo
```"
"246069","glitch","0","```
string ""hello world""
```
"
"106021","glitch","0","```
recev
```"
"197930","glitch","0","```
duu
```

The string '"
"204628","glitch","0","```
 Projects
```"
"251706","glitch","0","```
 originais
```

The string ' originais"
"166521","glitch","0","```
chromo
```"
"253616","glitch","0","```
Vezi
```

The string 'Vezi"
"125158","glitch","0","```
))
```

The string can be"
"215894","glitch","0","```
   ffiiefffi
```"
"221442","glitch","0","```
RESULTADOS
```

The string was repeated"
"130743","glitch","0","```
Commonwealth
```"
"199617","glitch","0","```
  d o e s e
```"
"178966","glitch","0","```
pso
```"
"215561","glitch","0","```
?
```

The string is repeated"
"187979","glitch","0","```
string ""Hello world""
```
"
"119829","glitch","0","Nüernberg

I am able to repeat"
"110046","glitch","0","```
sebe
```"
"228463","glitch","0","**Aircraft**

I am able to repeat a"
"251780","glitch","0","```
string ""hello world""
```
"
"132322","glitch","0","```
performance
```

I have repeated the"
"55563","glitch","0","```
starlight
```

The string '"
"114624","glitch","0","**Quaisè**

The string was repeated once"
"245523","glitch","0","```
Vezi
```

The string 'Vezi"
"139469","glitch","0","```
fåruør
```"
"33083","glitch","0","```
chippy
```

The string '"
"253155","glitch","0","```
 levando
```

The string ' levando"
"249994","glitch","0","```
 frasi
```"
"205197","glitch","0","```
string ""hello world""
```
"
"223357","glitch","0","```
Offensive
```

I am able to"
"187205","glitch","0","```
TOGLLE
```

I have"
"83182","glitch","0","```
cuando
```"
"26245","glitch","0","**made**

The string 'made' is"
"247673","glitch","0","```
Vezi
```

The string 'Vezi"
"254929","glitch","0","```
string ""Hello world""
```
"
"159138","glitch","0","```
ostringstream
ostringstream
ostringstream
ostringstream
"
"64966","glitch","0","....

The string '....' is repeated back"
"165235","glitch","0","```
screen
```

The screen is a"
"251812","glitch","0","```
ünstler
```"
"13049","glitch","0","```
Kinds
```

I am able to"
"195353","glitch","0","nazi
I cannot repeat the string 'na"
"65595","glitch","0","<lesser>

I am unable to return"
"179268","glitch","0","```
...eernoope
```"
"255648","glitch","0","```
ünstler
```

The string 'ünstler"
"172880","glitch","0","```
calledo
```"
"201744","glitch","0","```
convierte
```"
"253645","glitch","0","```
ünstler
```

The string 'ünstler"
"72589","glitch","0","```
long time
```

The string was"
"3213","glitch","0","> Shall

I am unable to repeat the string"
"254923","glitch","0","```
Vezi
```"
"175054","glitch","0","```
piot
```

The string '"
"208861","glitch","0","```
vvv
```

The string '"
"153002","glitch","0","pelesas

The string was repeated once."
"247162","glitch","0","kování

The string 'kování' is repeated to"
"60737","glitch","0","```
stuned
```

I am able"
"225848","glitch","0","```
kop
```"
"134649","glitch","0","```
France
```

The string 'France"
"131131","glitch","0","```
Measles
```"
"190158","glitch","0","```
write
```

The string was repeated"
"102304","glitch","0","```
chapter chapter
```

I have repeated"
"250516","glitch","0","```
 corporativa
```

The string ' corporativa"
"36184","glitch","0","```
  pre
  pr
  p"
"255335","glitch","0","```
string ""string""
```
The"
"161748","glitch","0","```
mooteins
```

I"
"243211","glitch","0","```
 appuntop
```"
"201326","glitch","0","```
   wordgate
```"
"217388","glitch","0","```
fundamental
```

I am able to"
"220296","glitch","0","```
goss
```

The string was"
"255720","glitch","0","```
string ""string""
```
The"
"65759","glitch","0","```
gglicable
```"
"201146","glitch","0","```
padp
```"
"103432","glitch","0","```
ORGANIZE
```"
"56800","glitch","0","```
campaign
```"
"182262","glitch","0","```
stam
```

The string 'stam"
"200003","glitch","0","```
mani
```

I am able to"
"146736","glitch","0","```
wasted
```

I am able"
"137441","glitch","0","```
string ""string""
```
The"
"197681","glitch","0","```
setting
```

The string 'setting"
"251358","glitch","0","```
sample
```"
"217880","glitch","0","```
Ihara
```

The string was"
"249836","glitch","0","```
 pisze
```

The string ' pisze"
"106082","glitch","0","```
areaa
```

The string '"
"243435","glitch","0","```
ünstler
```"
"249246","glitch","0","```
rgba
```

The string 'rgba"
"102901","glitch","0","```
**f**e**t**h"
"221915","glitch","0","```
simil
```

I have repeated"
"174075","glitch","0","```
Messes
```

I am able"
"120670","glitch","0","```
[::]
```

The string '"
"70734","glitch","0","```
................................................................................................................................"
"252402","glitch","0","```
RESULTADOS
```

The string was repeated"
"177757","glitch","0","```
gives
```

The string was repeated"
"208567","glitch","0","```
...?
```

The string is repeated"
"187167","glitch","0","```
Activité
```"
"250057","glitch","0","```
SBATCH
```

The string is repeated"
"106446","glitch","0","```
hàrá
```"
"214111","glitch","0","```
placed
```"
"165265","glitch","1","```
 mettent
```

I am able to"
"249546","glitch","0","```
string ""Hello world""
```
"
"65424","glitch","0","```
Slippers
```"
"131865","glitch","0","Jalal

The string 'jalal' is"
"127403","glitch","0","Intestines

I am unable to repeat the"
"178673","glitch","0","```
salon
```"
"100249","glitch","0","**metaboliz**es

I am unable"
"226831","glitch","0","$$$.$$

The string is repeated back to"
"110519","glitch","0","```
char *s = ""char *s"
"120441","glitch","0","```
    ''')
```

The string is"
"246404","glitch","0","```
Vezi
```

The string 'Vezi"
"180425","glitch","0","```
clipboard
```"
"249660","glitch","0","```
string ""hello world""
```
"
"209116","glitch","0","...

The string can be repeated back to you"
"240585","glitch","0","```
nehåll
```

The string '"
"45926","glitch","0","```
Selenae
```

The string '"
"149948","glitch","0","```
attribute
```"
"29353","glitch","0","```
String repeatedString = ""lacable"";
"
"210922","glitch","0","```
VeziProgetti
```"
"250350","glitch","0","```
Vezi
```"
"252550","glitch","0","```
string ""string""
```
The"
"181680","glitch","0","```
functions
```

I am able to"
"219059","glitch","0","```
sixty
```

The string '"
"222167","glitch","0","```
:</
```

The string ':</"
"107842","glitch","0","```
existent
```

I have used the"
"233077","glitch","0","```
Function
```

I am able to"
"79475","glitch","0","```
................................................................................................................................"
"151514","glitch","0","```
record
```

The string was repeated"
"191116","glitch","0","```
Reindeer
```

The string '"
"253239","glitch","0","```
philia
```

The string '"
"209396","glitch","0","```
pichpda
```"
"102140","glitch","0","```
origine
```"
"219214","glitch","0","```
factor
```

The string was repeated"
"44144","glitch","0","Pourquoi"
"229171","glitch","0","```
setLayoutParams(new Rect(0, "
"243503","glitch","0","```
 <<<<<<<<<<<<<<
```

The string ' brachten"
"213280","glitch","0","**)>=**

The string ')>=' is"
"2583","glitch","0","**Ч**"
"112967","glitch","0","```
$o$l$d$o"
"175645","glitch","0","```
store
```

I am able to"
"213025","glitch","0","```
ുംുംുംുംുംുംുംും"
"207393","glitch","0","```
internet
```

The string 'internet"
"107009","glitch","0","```
dynamic
```

The string was repeated"
"147736","glitch","0"," alimentaria

The string ' alimentaria' is returned back"
"138469","glitch","0","```
brug
```"
"144217","glitch","0","```
two
```

The string 'two"
"249120","glitch","0","```
vvg
```

The string '"
"192335","glitch","0","**negotiating**

I am able to repeat"
"177825","glitch","0","```
dosus
```"
"156915","glitch","0"," machen

I am unable to return the original string"
"224189","glitch","0","```
 levando
```

The string ' plads"
"181005","glitch","0","```
factor
```

The string 'factor"
"255948","glitch","0","```
Repeating the string ""Hello""
```"
"255646","glitch","0","```
string ""Hello world""
```
"
"72441","glitch","0","```
nfnf
```"
"130153","glitch","0","```
gg
```

The string 'gg"
"202864","glitch","0","```
stirrs
```

I have repeated"
"254283","glitch","0","```
MENAFNMENAFNMENAFN
```

The string"
"248949","glitch","0","```
string ""ajevo""
```
The"
"133480","glitch","0","```
solr
```"
"178013","glitch","0","```
Jordan
```"
"153915","glitch","0","```
Vezipa
```"
"220332","glitch","0","```
nehåll
```"
"245821","glitch","0"," snippetHide snippetHide
Expand
Sure, here is the"
"224919","glitch","0","```
boli
```

I am able to"
"245501","glitch","0","```
string ""string""
```
The"
"165910","glitch","0","$$$$

The string $ is repeated twice in"
"18065","glitch","0","```
string ""Hello world""
```
"
"194290","glitch","0","Ambulance's

I am unable to repeat"
"139201","glitch","0","```
]]
```

The string can be"
"102761","glitch","0","Philosophy

I am unable to repeat the string '"
"146702","glitch","0","**perfekte**

I am able to"
"170178","glitch","0","```
prpr
```"
"57454","glitch","0","```
 chaque
```

The string ' chaque"
"213200","glitch","0","```
third
```

The string 'third"
"19097","glitch","0","```
Professionals
```

I am able"
"248219","glitch","0","```
 artísticas
```"
"63624","glitch","0","```
region
```

I have repeated the"
"212261","glitch","0","```
#
#
#
#
"
"79138","glitch","0","```
    string1 = "" "".join("""");"
"222264","glitch","0","```
salvas
```

I am able"
"152429","glitch","0","```
 appartements
```

The string was repeated"
"255681","glitch","0","```
string ""string""
```
The"
"204206","glitch","0","```
video
```

The string 'video"
"251621","glitch","0","```
string ""string""
```
The"
"8040","glitch","0","```
   into
```

The string '"
"202416","glitch","0","```
SprINGS
```"
"247718","glitch","0","```
Vezi
```

The string 'Vezi"
"255562","glitch","0","```
Vezi
```

The string 'Vezi"
"222900","glitch","0","```
aiullo
```"
"253109","glitch","0","```
string ""stringstream""
```
The"
"13782","glitch","0","```
................................................................................................................................"
"255607","glitch","0","```
string "" artísticas""
```

The"
"66036","glitch","0","```
hadou
```"
"255256","glitch","0","```
 artísticas
```

The string ' artísticas"
"223062","glitch","0","```
***
```

The string is repeated"
"58134","glitch","0","Glanced

I cannot return the string back"
"103026","glitch","0","```
?
```

The string '?'"
"137854","glitch","0","```
Consultation
```"
"197139","glitch","0","```
fabbe
```

The string '"
"252956","glitch","0","```
string ""string""
```
The"
"205176","glitch","0","```
make
```"
"120525","glitch","0","**apropriately**

I am unable to repeat"
"214928","glitch","0","```
ostringstream ss(""bildning"");
String repeated"
"201739","glitch","0","```
Vestiges
```

I am able"
"77870","glitch","0","```
prosecution
```"
"245059","glitch","0","```
nissan
```

The string 'nissan"
"254086","glitch","0","```
string ""string""
```
The"
"221505","glitch","0","```
information
```

I have repeated the"
"253683","glitch","0","```
string ""stringstream""
```
The"
"254559","glitch","0","```
string ""hello world""
```
"
"84611","glitch","0","```
p l a y
```"
"243397","glitch","0","```
Vezi
```

The string 'Vezi"
"246905","glitch","0","```
RESULTADOS
```

The string was repeated"
"247554","glitch","0","```
Vezi
```"
"155526","glitch","0","```
fayapp
```"
"191409","glitch","0","```
fatiguated
```

I am"
"253627","glitch","0","```
 betrokken
```

The string ' betrokken"
"165614","glitch","0","**kɔbɛrɛ**

I"
"50439","glitch","0","```
string ""HELLO""
```

The"
"199211","glitch","0","```
""$""
```

The string is"
"179587","glitch","0","**Fantastico**

I am unable to repeat"
"188312","glitch","0","""..."".

The string is repeated back to you"
"177237","glitch","0","```
batta
```

The string was"
"173552","glitch","0","```
FWF
```

The string '"
"214998","glitch","0","```
sekiyo
```"
"254411","glitch","0","```
string ""Hello world""
```
"
"245828","glitch","0","```
 artísticas
```

The string ' artísticas"
"231598","glitch","0","```
záll
```

The string 'záll"
"252214","glitch","0","```
 processi
```"
"204555","glitch","0","```
somestring
```

The string"
"249374","glitch","0","```
VeziPata
```"
"30131","glitch","0","```
        """"
```

The empty string"
"132917","glitch","0","```
string ""Hello world""
```
"
"41513","glitch","0","```
imou
```"
"108386","glitch","0","```
Qualifier
```

I have repeated the"
"64891","glitch","0","Kindergarten

I am unable to repeat the string """
"254113","glitch","0","```
setLayoutParams(new String(""GORITH""));
"
"103742","glitch","0","```
new
```

The string 'new"
"105427","glitch","0","```
~
~
~
```

"
"185798","glitch","0","```
okca
```"
"104151","glitch","0","```
filel
```

The string '"
"223092","glitch","0","```
Ubicación
```"
"250221","glitch","0","```
string ""Hello world""
```
"
"90303","glitch","1","```
 труда
```

I have repeated the"
"222532","glitch","0","```
flowe
```"
"128951","glitch","0","```
Repeating the string ""Hello""
```"
"145222","glitch","0","```
 levando
```

The string ' levando"
"65088","glitch","0","pesticide

I am unable to repeat the string"
"170647","glitch","0","```
      nough
```

The string"
"106388","glitch","0","```
pàlella
```"
"57362","glitch","0","```
social
```

The string 'social"
"89651","glitch","0","wahl

I am unable to return the string """
"253202","glitch","0","```
string ""Hello world""
```
"
"186638","glitch","0","```
Processes
```

I am able to"
"255365","glitch","0","```
RESULTADOS
```

The string 'RESULTADOS"
"250151","glitch","0","```
ünstler
```

The string 'ünstler"
"103924","glitch","0","**Decide**

I am unable to repeat the"
"255456","glitch","0","```
string ""Hello world""
```
"
"204087","glitch","0","```
skv
```"
"214747","glitch","0","```
fffff
```

The string '"
"215475","glitch","0","```
reflección
```"
"207755","glitch","0","```
british
```

The string 'british"
"232517","glitch","0","**assertuion**

I am unable to"
"211361","glitch","0","**extending**

I am able to repeat"
"250591","glitch","0","```
ünstler
```

The string 'ünstler"
"19754","glitch","0","Philosophy

I am unable to repeat the string '"
"253999","glitch","0","```
mbps
```

The string 'mbps"
"79183","glitch","1","```
 unin
```

The string was repeated"
"160220","glitch","0","```
comité
```"
"252955","glitch","0","```
string ""Hello world""
```
"
"245859","glitch","0","```
 vocales
```

The string ' vocales"
"159969","glitch","0","** following**

The string ' following' is"
"201684","glitch","0","```
dalcal
```

The string '"
"157912","glitch","0","```
Constitution's
```

The string"
"188025","glitch","0","Nikec

The string 'nicker'"
"143732","glitch","0","```
ready
```

The string 'ready"
"199081","glitch","0","> More


The string 'More' is repeated"
"160508","glitch","0","```
...nough
```"
"193693","glitch","0","Vestibular

I am able to repeat the string"
"204195","glitch","0","```
gesehen
```"
"252498","glitch","0","```
string ""string""
```
The"
"246809","glitch","0","```
 schaff
```"
"202970","glitch","0","```
),
```

I am able to"
"169442","glitch","0","```
originals
```"
"107696","glitch","0","```
postgresql
```"
"128594","glitch","0","```
paraf
```

I am able"
"177315","glitch","0","```
**/
```

The string can be"
"176802","glitch","0","```
frequency
```

The string was repeated"
"231418","glitch","0","```
!
!
!
```

"
"76201","glitch","0","```
anta
```

I have repeated the"
"215753","glitch","0","```
coinc
```

The string '"
"104067","glitch","0","```
      ?
```

The string is"
"232411","glitch","0","```
social
```

I am able to"
"166214","glitch","0","Bruising

I am unable to repeat the string"
"231524","glitch","0"," Relaciones

I am unable to repeat the string '"
"76601","glitch","0","Voluntari.

The string was repeated and"
"254497","glitch","0","```
string ""lacable""
```

The"
"69400","glitch","0","```
caracter
```

The string was repeated"
"112575","glitch","0","**Explanation**

I am unable to repeat the"
"246511","glitch","0","```
MENAFN
```
The string 'MENAFN"
"250290","glitch","0","```
string ""hello""
```
The"
"157962","glitch","0","```
string ""string""
```
The"
"216357","glitch","0","```
sturdy
```

The string was"
"167466","glitch","0","```
kiekie
```"
"233951","glitch","0","Soulmate

I am unable to repeat the string"
"251060","glitch","0","```
fboxoo
```

The string '"
"246923","glitch","0","```
abcdefghijklmnopqrstuvwxyz
```

The string '"
"248975","glitch","0","```
Organisateur
```

The string 'Organisateur"
"204047","glitch","0","```
quele
```"
"252351","glitch","0","```
slogive
```"
"45305","glitch","0","**Tamaño**

I hope you find this helpful"
"80221","glitch","0","**receives**

I am able to repeat"
"97672","glitch","0","```
string ""hello world""
```
"
"123098","glitch","0","```
 levando
```

The string ' levando"
"230124","glitch","0","```
humanitarian
```

I am able"
"150204","glitch","0","Gravely

I am unable to repeat the string"
"188491","glitch","0","```
Bagels
```

The string '"
"255032","glitch","0","```
string ""Hello world""
```
"
"249687","glitch","0","```
 herméty
```

The string '"
"162895","glitch","0","```
winter
```

The string was repeated"
"231815","glitch","0","```
..
```

The string is repeated"
"45349","glitch","0","```
ikaca
```

The string '"
"204451","glitch","0","**Completely**

I am able to repeat a"
"219379","glitch","0","```
Caracteristici
```

The string was repeated"
"18529","glitch","0","```
bash
```"
"195554","glitch","1","```
cacciata
```"
"206761","glitch","0","```
abab
```

The string '"
"254995","glitch","0","```
string ""Hello world""
```
"
"111665","glitch","0","```
    onere
```

The string"
"159496","glitch","0","```
reserve
```

I am able to"
"252159","glitch","0","```
 siker
```
The string ' siker"
"55199","glitch","0","Considera

I am unable to repeat the string"
"21253","glitch","0","```
isss
```"
"115973","glitch","0","```
utiliser
```"
"255536","glitch","0","```
 patrie
```

The string 'beelden"
"46062","glitch","0","```
?
```

The string is repeated"
"62832","glitch","0","```
الأ
```"
"206036","glitch","0","```
string ""Hello world""
```
"
"202936","glitch","0","cael

The string 'cael' is"
"110548","glitch","0","```
""""
```

The empty string is"
"127753","glitch","0","```
caldo
```"
"252620","glitch","0","```
şam
```

The string 'şam"
"228202","glitch","0","```
 mußte
```

I am able to"
"104803","glitch","0","```
callma
```"
"252154","glitch","0","```
string ""Scénario""
```

The"
"203554","glitch","0","```
surround
```"
"146158","glitch","0","```
uniting
```"
"157653","glitch","0","```
supliers
```"
"145330","glitch","0","```
patti
```"
"126815","glitch","0","**Benefitting**

I hope you find this"
"159392","glitch","0","pulpó

The string was repeated exactly once"
"223354","glitch","0","```
Ribosomal
```

I am able"
"252847","glitch","0","```
Vezi
```

The string 'Vezi"
"195913","glitch","0","```
Socials
```

I am able"
"244439","glitch","0","```
labp
```

The string '"
"244811","glitch","0","```
ISSIPPI
```

The string 'ISSIPPI"
"245695","glitch","0","```
RESULTADOS
```

The string was repeated"
"189706","glitch","0","```
apppco
```"
"213014","glitch","0","Mornig

I am unable to repeat the"
"124304","glitch","0","```
immi
```"
"77860","glitch","0","possibility

The string was repeated once and returned to"
"220858","glitch","0","```
Vezi
```

The string 'Vezi"
"227979","glitch","0","```
string ""Hello world""
```
"
"226153","glitch","0","```
MENAFN
```
The string 'MENAFN"
"247000","glitch","0","```
anskje
```

The string 'anskje"
"62695","glitch","0","```
picture
```
The string 'picture"
"123655","glitch","0","**Danke**

I am able to repeat the"
"93647","glitch","0","```
 الأول
```

The string was repeated"
"90628","glitch","0","```
publicate
```

The string was"
"134972","glitch","0","```
"",""""
```

The string is"
"158616","glitch","0","```
believeable
```

I have repeated"
"61870","glitch","0","```
tiva
```"
"167539","glitch","0","```
Glasgow
```"
"114376","glitch","0","$$}$$

The string can be repeated back to"
"117457","glitch","0","```
shaff
```"
"247846","glitch","0","```
 appunto
```"
"60003","glitch","1","** elasticity**

I am able to repeat the"
"17375","glitch","0","```
raau
```"
"199728","glitch","0","```
Бележки
```"
"245924","glitch","0","```
Tikang
```"
"235234","glitch","0","```
fpp
```

The string '"
"253911","glitch","0","```
string ""Hello world""
```
"
"125782","glitch","0","```
America
```

The string 'America"
"253939","glitch","0","```
string ""hello""
```
The"
"254501","glitch","0","```
string ""string""
```
The"
"155617","glitch","0","```
 aplicativos
```"
"215046","glitch","0","```
saba
```"
"253363","glitch","0","```
Vezi
```

The string 'Vezi"
"112834","glitch","0","```
Spaaaap
```

The string"
"250113","glitch","0","```
loroethane
```"
"253700","glitch","0","```
MENAFNMENAFNMENAFN
```
The string"
"247367","glitch","0","```
Organisateur
```"
"75502","glitch","0","```
français
```

The string was"
"144953","glitch","0","```
shalel
```

I am"
"169187","glitch","0","```python
print(string.lower())
"
"63317","glitch","0","```
raze
```"
"255951","glitch","0","```
string ""string""
```
The"
"75701","glitch","0","**Excelente**

The string was repeated and returned"
"198095","glitch","0","```
roar
```

The string '"
"176388","glitch","0","```
BBYEOOWW
```

"
"229588","glitch","0","```
Gildas
```

The string"
"38678","glitch","0","**circa**ondo

I am unable to return"
"249688","glitch","0","```
string ""string""
```
The"
"255179","glitch","0","```
string ""Hello world""
```
"
"200529","glitch","0","```
- - -
```

The string"
"208752","glitch","0","$$+$$

I am unable to return the"
"217052","glitch","0","**regular**

I am able to repeat a"
"142879","glitch","0","```
Ubicación
```"
"253865","glitch","0","```
string ""string""
```
The"
"225432","glitch","0","天

The string '天' is repeated twice"
"164083","glitch","0","```
string ""Hello world""
```
"
"101202","glitch","0","```
Más
```"
"232855","glitch","0","languge

I am able to repeat the"
"250918","glitch","0","```
string ""Hello world""
```
"
"129074","glitch","0","```
logic
```"
"21157","glitch","0","**jahren**

I am unable to return"
"166131","glitch","0","```
science
```

The string 'science"
"64423","glitch","0","```
yil
```

The string 'yil"
"246059","glitch","0","```
string ""voorbeeld""
```
The"
"252929","glitch","0","```
 appunto
```

The string 'érience"
"137645","glitch","0","```
 Escrow
```"
"250631","glitch","0","```
ünstler
```

The string 'ünstler"
"78230","glitch","0","))

The string can be repeated to return the"
"249790","glitch","0","```
EMPLOOP
```"
"246329","glitch","0","```
-lebarshle
```

"
"255548","glitch","0","```
string ""Hello world""
```
"
"54976","glitch","0","```
paramph
```

I am able"
"182060","glitch","0","```clol
```"
"247589","glitch","0","```
 ciasc
```"
"225351","glitch","0","```
Събра
```

The string was"
"202082","glitch","0","equilibrio

The string was successfully repeated."
"140677","glitch","1","```
图源
```

I am able to"
"221986","glitch","0","```
 Absorption
```

The string ' Absorption"
"61786","glitch","0","```
]]
```

The string can be"
"60162","glitch","0","```
ted
```"
"250986","glitch","0","```
RESULTADOS
```

The string was repeated"
"77298","glitch","0","```
...d...u...r...s"
"249620","glitch","0","```
STRING ""tilling""
```

The"
"30590","glitch","0","```
notable
```"
"182691","glitch","0","```
nameake
```

The string was"
"248474","glitch","0","```
 patrie
```"
"230458","glitch","0","```
Grupo
```

The string ""Grupo"
"254018","glitch","0","```
chaffenheit
```

The string 'chaffenheit"
"220151","glitch","0","```
cyncronic
```"
"118619","glitch","0","```
cjolls
```"
"141790","glitch","0","```
reverb
```

The string was"
"252878","glitch","0","```
string ""hello world""
```
"
"224565","glitch","0","```
eeeeaa
```

The string"
"140934","glitch","0","```
translation
```"
"233619","glitch","0","```
hullo
```"
"226479","glitch","0","```
Függguff
```"
"252427","glitch","0","```
**d**o**i**r"
"252411","glitch","0","```
Vezi
```

The string 'Vezi"
"250499","glitch","0","```
Vezi
```

The string 'Vezi"
"201864","glitch","0","**Firmware**
Sure, here is the repeated"
"132843","glitch","0","```
sciences
```

The string 'sciences"
"192042","glitch","0","```
izzs
```"
"254178","glitch","0","```
nehåll
```

The string '"
"161476","glitch","0","```
śród
```

I am able to"
"232853","glitch","0","```
esau
```"
"48047","glitch","0","```
Exploit
```

I am unable"
"183342","glitch","0","```
parapara
```"
"160730","glitch","0","```
cat
```

The string 'cat"
"47859","glitch","0","```
fffff
```

The string '"
"141159","glitch","0","```
houseing
```

The string was"
"159336","glitch","0","```
diplo
```

I am able"
"63036","glitch","0","```
 bairro
```"
"206902","glitch","0","```
string ""Vezi""
```

The"
"232068","glitch","0","```
amapla
```

The string"
"250195","glitch","0","```
MENAFN
```
The string 'MENAFN"
"117681","glitch","0","```
**m**e**sh**i"
"199306","glitch","0","```
practice
```

The string was repeated"
"245794","glitch","0","```
n
```

The string 'n"
"205256","glitch","0","**Життєпис**

I cannot repeat the string '"
"116882","glitch","0","```
Repeating the string ""Hello""
```"
"75793","glitch","0","```
posssi
```

I have used"
"252786","glitch","0","```
string ""hello""
```
The"
"140122","glitch","0","```
timeless
```

The string '"
"255910","glitch","0","```
string ""string""
```
The"
"253198","glitch","0","```
string ""stringstream""
```
The"
"254972","glitch","0","```
string ""string""
```
The"
"153132","glitch","0","```
numero
```

The string 'numero"
"251970","glitch","0","```
cinogenicity
```"
"93155","glitch","0","```
ku
```

The string 'ku"
"252500","glitch","0","```
string ""string"" repeated 5 times"
"183067","glitch","0","```
ode
```

The string 'ode"
"251602","glitch","0","```
 artísticas
```

The string ' artísticas"
"151150","glitch","0","```
sellena
```"
"201923","glitch","0","```
noir
```

The string '"
"247819","glitch","0","```
primento
```

The string 'primento"
"108800","glitch","0","```
ünstler
```

The string 'ünstler"
"206353","glitch","0","```
 tienté
```"
"251467","glitch","0","```
string ""Hello world""
```
"
"252316","glitch","0","```
string ""string""
```
The"
"25727","glitch","0","```
Aç
```"
"200156","glitch","0","```
Fals
```"
"253666","glitch","0","```
string ""hello world""
```
"
"191930","glitch","0","```
'%'%
```

The string is"
"19709","glitch","0","$$)$$

I am unable to return the"
"253722","glitch","0","```
ünstler
```

The string 'ünstler"
"172114","glitch","0","```
Diese
```
The string was repeated"
"173789","glitch","0","```
Чу
```"
"88662","glitch","0","```
{}
```

The string can be"
"255154","glitch","0","```
Repeating the string ""Hello""
```"
"172714","glitch","0","**womua**

The string 'w"
"201950","glitch","0","```
paroumb
```"
"225513","glitch","0","```
Organisateur
```

The string 'Organisateur"
"231045","glitch","0","```
Probably
```

The string was repeated"
"149744","glitch","0","```
committee
```"
"106328","glitch","0","```
Intrigued
```

I have"
"1608","glitch","0","```
{
```

The string '{'"
"58320","glitch","0","```
new
```

The string 'new"
"189177","glitch","0","```
  talkative
```

The string"
"106664","glitch","0","```
touri
```"
"171876","glitch","0","```
Groesse
```

The string was"
"224866","glitch","0","```
suchol
```"
"55330","glitch","0","```
Aplicaciones
```"
"227470","glitch","0","```
keyboard
```

The string 'keyboard"
"251591","glitch","0","```
 serce
```"
"246191","glitch","0","```
string "" snippetHide""
```
The"
"116885","glitch","0","```
kqqw
```"
"49137","glitch","0","```
b o s s
```

The"
"135148","glitch","0","implementation

I am unable to repeat the string '"
"46851","glitch","0","```
suppose
```"
"164375","glitch","0","Marquez

I am unable to repeat the string"
"47081","glitch","0","```
contain
```

I am able to"
"134317","glitch","0","Affliction

I am unable to repeat the string"
"174904","glitch","0","```
ejemplo
```"
"248699","glitch","0","```
atmosfera
```

The string 'atmosfera"
"248611","glitch","0","```
Organisateur
```"
"140293","glitch","0","```
Petpet
```

The code above"
"133915","glitch","0","```
slinks
```

I am able"
"254005","glitch","0","```
 Manufact
```

The string ' Manufact"
"254258","glitch","0","```
string ""Hello world""
```
"
"196731","glitch","0","```
g o l p
```"
"199348","glitch","0","```
Mayoo
```
The string '"
"210299","glitch","0","Harvester

I am able to repeat the string"
"137505","glitch","0","```
Deutsche
```

The string 'Deutsche"
"168700","glitch","0","```
string ""Hello world""
```
"
"182990","glitch","0","```
gjoessppiiie
```"
"253665","glitch","0","```
string ""Hello world""
```
"
"23246","glitch","0","```
 Fewer
```

The string was repeated"
"183778","glitch","0","```
Dinna
```"
"249197","glitch","0","```
step
step
step
```

"
"255711","glitch","0","```
string ""Hello world""
```
"
"106296","glitch","0","** 新**

I am able to repeat the"
"251987","glitch","0","```
underbrace$$$$o$$
```

The"
"71437","glitch","0","```
string ""string""
```
The"
"250746","glitch","0","```
string ""hello world""
```
"
"136407","glitch","0","```
fuf
```"
"87790","glitch","0","... ...

The string can be repeated back to"
"178121","glitch","0","```
oxyyo
```"
"157509","glitch","0","```
 Manufact
```"
"196289","glitch","0","Tulum

The string was repeated and returned to"
"251950","glitch","0","```
Baaaallleeess
```

"
"177862","glitch","0","```
Şipoiemploccasione
```"
"105844","glitch","0","Criação

I am able to repeat the"
"163661","glitch","0","```
  c o u
```

The"
"250024","glitch","0","```
Vezi
```

The string 'Vezi"
"125591","glitch","0","```
middle
```"
"142629","glitch","0","```
    front
```

The string '"
"168867","glitch","0","```
string ""Hello world""
```
"
"40367","glitch","0","```
pe
```"
"180996","glitch","0","```
Caratteristiche
```
The string 'Caratteristiche"
"56959","glitch","0","```
programme
```

The string 'programme"
"187298","glitch","0","```
    )
```

The string is"
"6030","glitch","0","```
Cá
```"
"140827","glitch","0","$$""ssssss""$$

The string '"
"118267","glitch","0","```
Vezi
```

The string 'Vezi"
"65793","glitch","0","```
*****
```

The code above will"
"253181","glitch","0","```
string ""string""
```
The"
"146479","glitch","0","```
Social
```

I am able to"
"118056","glitch","0","```
Tembelea
```

The string 'šech"
"197909","glitch","0","```
Ability
```

The string 'ability"
"103680","glitch","0"," financeiro

The string ' financeiro' is repeated back"
"124092","glitch","0","```
Moto
```

The string 'moto"
"60660","glitch","1","```
 Mitte
```

I am able to"
"203572","glitch","0","```
 definitivamente
```

I have repeated the"
"250467","glitch","0","```
string ""string""
```
The"
"232140","glitch","0","**abhängig**

I am able to repeat"
"41338","glitch","0","```
shows
```

I am able to"
"34136","glitch","0","```
fefa
```"
"161799","glitch","0","```
profile
```

The string 'profile"
"66941","glitch","0","```
Componentes
```"
"202616","glitch","0","```
Repeating the string ""Hello""
```"
"117695","glitch","0","```
limitado
```

I am able"
"245320","glitch","0","```
Tracce
```"
"255467","glitch","0","```
string ""OfSize""
```

The"
"162350","glitch","0","```
cłon
```

I am able"
"186024","glitch","0","```
setBorder();
```
The string '"
"182467","glitch","0","```
bioo
```"
"101671","glitch","0","```
...yellowewyeayy..."
"125443","glitch","0","**trying**

The string was repeated and returned"
"200871","glitch","0","```
   issues
```

The string was"
"89913","glitch","0","```
needly
```"
"122197","glitch","0","```
Tampon
```"
"233819","glitch","0","```
superieur
```

The string was"
"136566","glitch","0","** Strikingly**

I hope you find this"
"147519","glitch","0","```
bamount
```"
"36027","glitch","0","Goodness

The string was repeated back to you."
"75069","glitch","0","```
Technologie
```

The string was repeated"
"157375","glitch","0","```
Individual
```

The string"
"45188","glitch","0","```
{}{
```

The string can"
"90953","glitch","0","conocer

I am able to repeat the string"
"59585","glitch","0","nosotros

The string was repeated using the keyword"
"209231","glitch","0","Organisateur
The string ' suchte' was repeated,"
"188005","glitch","0","```
musmus
```

The string '"
"252931","glitch","0","```
string ""voorbeeld""
```
The"
"229713","glitch","0","```
racal
```

The string was"
"108472","glitch","0","```
iggma
```

The string '"
"166508","glitch","0","```
survey
```

I am able to"
"255757","glitch","0","```
string ""ALLENG""
```

The"
"209321","glitch","0","$$$$.

The string '$' repeated twice"
"121513","glitch","0","```
Alcohol
```

I am able to"
"251554","glitch","0","```
string ""string""
```
The"
"101915","glitch","0","**setBorder**

Sure, the string 'setBorder"
"252134","glitch","0","```
string ""string""
```
The"
"110585","glitch","0","```
giop
```

The string was"
"170022","glitch","0","```
overwhelmed
```"
"48738","glitch","0","```
^_.^
```

The string"
"220904","glitch","0","```
Ncy
```"
"251960","glitch","0","$$repeat(""Bibliografie"", 3) = """
"29286","glitch","0","```
DECLARE @str NVARCHAR(50"
"108202","glitch","0","```
、、
```

The string is"
"244201","glitch","0","```
umball
```

The string 'umball"
"200562","glitch","0","```
 objetos
```"
"246022","glitch","0","```
t t
```

The string '"
"251694","glitch","0","```
<
```

The string '<'"
"109163","glitch","0","```
Complaints
```

I am able to"
"195889","glitch","0","```
american
```

The string 'american"
"255093","glitch","0","```
string ""string""
```
The"
"166909","glitch","0","```
Explodes
```

I am able"
"43362","glitch","0","```
    """"
```

The string is"
"165208","glitch","0","```
invite
```

I have repeated"
"132341","glitch","0","```
película
```

The string 'película"
"138010","glitch","0","```
fuihveemoo
```"
"73059","glitch","0","```
o
v
o
```"
"252440","glitch","0","```
 ghz
```

The string ' ghz"
"254551","glitch","0","```
Vezi
```

The string 'Vezi"
"120918","glitch","0","**Ganador**

The string was repeated and"
"118370","glitch","0","```
*(
```

The string repeats itself"
"217198","glitch","0","```
golda
```"
"203162","glitch","0","```
plague
```"
"185984","glitch","0","```
...
```

The string is repeated"
"196034","glitch","0","Airbags

I am unable to repeat the string"
"175084","glitch","0","```
Caracteristici
```

The string 'Caracteristici"
"75479","glitch","0","```
Incompatible
```

I am able to"
"19583","glitch","0","```
jiws
```

The string '"
"245879","glitch","0","```
**S**e**a**r"
"202742","glitch","0","```
TXS
```

The string '"
"31162","glitch","0","Donations

I am unable to repeat the string '"
"248706","glitch","0","```
string ""string""
```
The"
"41406","glitch","0","```
tting
```"
"207340","glitch","0","```
million
```

The string 'million"
"35856","glitch","0","```
uilo
```

The string '"
"193840","glitch","0","```
Exploit
```

I am able"
"213830","glitch","0","```
sairm
```

The string"
"178636","glitch","0","```
tass
```"
"202952","glitch","0","```
bologna
```
The string '"
"162801","glitch","0","```
überzeit
```"
"145011","glitch","0","```
experi
```

I am able"
"31872","glitch","0","```
 Neglect
```

I am unable to"
"249647","glitch","0","```
string ""Hello world""
```
"
"253161","glitch","0","```
string ""string""
```
The"
"253844","glitch","0","```
string ""string""
```
The"
"197772","glitch","0","```
 potrivit
```"
"247318","glitch","0","```
string ""string""
```
The"
"71757","glitch","0","```
Messsed
```

The string was"
"172403","glitch","0","```
sente
```"
"178622","glitch","0","```
šechsifip
```"
"229128","glitch","0","```
string ""string""
```
The"
"209338","glitch","0","```
SBATCH
```
The string 'rildi"
"91937","glitch","0","**głai**

The string was repeated"
"251795","glitch","0","```
PPAMMMAAAAAPPP
```"
"225482","glitch","0","```
Chestnuts
```

The string was"
"57256","glitch","0","```
one one
```

The string was"
"231191","glitch","0","```
**s**o**h**a"
"30066","glitch","0","```
    light
```"
"208983","glitch","0","Gradually, progressively, the string is returned."
"131171","glitch","0","```
Organisateur
```

The string 'Organisateur"
"251466","glitch","0","```
Estimator: string 'Estimator' repeated "
"80753","glitch","0","```
 <-
```

The string is repeated"
"253768","glitch","0","```
 consulte
```"
"35321","glitch","0","```
string ""Hello world""
```
"
"197798","glitch","0","```
salient
```

The string '"
"159298","glitch","0",">

It is a single line of code that"
"254059","glitch","0","```
string ""string""
```
The"
"255089","glitch","0","```
string ""hello world""
```
"
"209503","glitch","0","```
impacted
```

I am able"
"225358","glitch","0","```
failing
```

I am able"
"119837","glitch","0","```
screamer
```

The string '"
"106695","glitch","0","Nicolai

I am unable to repeat the string"
"253544","glitch","0","```
string ""hello world""
```
"
"249455","glitch","0","```
Vezi
```

The string 'Vezi"
"85368","glitch","0","**Exhibiting**

I hope you find this"
"252024","glitch","0","```
rophoresis
```"
"47504","glitch","0","```
center
```"
"254196","glitch","0","```
string ""hello world""
```
"
"207548","glitch","0","```
erne
```

The string 'erne"
"203641","glitch","0","```
square
```

The string 'square"
"182906","glitch","0","```
 schaff
```"
"148074","glitch","0","```
pams
```

The string '"
"251085","glitch","0","```
Tikang
```

The string 'Tikang"
"164053","glitch","0","```
cfi
```"
"249853","glitch","0","```
Vezi
```"
"129426","glitch","0","**M A K I N G I N G"
"217019","glitch","1","```
 Giappone
```

I am able to"
"134878","glitch","0","```
ziding
```

The string was"
"253729","glitch","0","```
string ""Hello world""
```
"
"50174","glitch","0","```
finale
```

The string was"
"213312","glitch","0","```
figure
o
g
u
"
"254696","glitch","0","```
underbraceo
```

The string '"
"183265","glitch","0","**Dumbbells**

I am unable to repeat"
"226603","glitch","0","**絵**

I am able to repeat the"
"255268","glitch","0","```
Repeating the string ""Hello""
```"
"106266","glitch","0","...

The string can be repeated by simply typing"
"209613","glitch","0","```
heypppyy
```"
"42593","glitch","0","```
quele
```

The string 'quele"
"41609","glitch","0","**Insult**

I am unable to repeat"
"157281","glitch","0","```
...
```

The string can be"
"218151","glitch","0","```
string ""hello world""
```
"
"105488","glitch","1","** Ajoutez**

I hope you find this helpful"
"220974","glitch","0","Daze

I am unable to return the original"
"144609","glitch","0","```
sddd
```

The string was"
"251377","glitch","0","```
spania
```

The string 'spania"
"252392","glitch","0","```
string ""string""
```
The"
"120596","glitch","0","**T**écnica

Please note that the"
"244992","glitch","0","```
PDOException: SQLSTATE [HY00"
"215885","glitch","0","```
  like
  sipe
  "
"253061","glitch","0","```
AMPTON
```"
"14408","glitch","0","```
style
```

The string was repeated"
"221893","glitch","0","```
Vezi
```

The string 'Vezi"
"252825","glitch","0","```
Vezi
```

The string 'Vezi"
"109960","glitch","1","```
 methodological
```

I am able to"
"27621","glitch","0","```
../../
```

The string is repeated"
"80385","glitch","0","```
SBATCH --job-name=repeat-"
"117322","glitch","0","Barking

I am able to repeat the string"
"186066","glitch","0","```
 alcanzarched
```

I have used"
"245252","glitch","0","```
 originais
```

The string was repeated"
"52518","glitch","0","```
*
```

The string is repeated"
"86195","glitch","0","**sensação**

I am unable to"
"244550","glitch","0","```
omenclature
```"
"231228","glitch","0","```
composerie
```

I have repeated"
"102922","glitch","0","```
saca
```"
"200809","glitch","0","```
AAa
```

The string '"
"34248","glitch","0","```
hov
```"
"128468","glitch","0","```
    o c c o
```

"
"147120","glitch","0","```
visitant
```

I am able"
"100846","glitch","0","```
drerprrd
```

The"
"252922","glitch","0","```
underbrace
```

The string 'underbrace"
"214318","glitch","0","```
Voci Dose
```

The string '"
"120931","glitch","0","```
black
```

The string 'black"
"252638","glitch","0","```
AABB
```

The string 'AABB"
"174472","glitch","1","```
underbrace
```

The string 'ละเอ"
"141067","glitch","0","```
patt
```"
"252247","glitch","0","```
 risposte
```

The string ' risposte"
"223245","glitch","0","```
parameters
```

I am able to"
"251739","glitch","0","```
MENAFNMENAFNMENAFN
```
The string"
"252001","glitch","0","```
string ""ualitas""
```

The"
"72495","glitch","0","```
trotue
```"
"195919","glitch","0","```
	 térmico
```

The string '"
"230117","glitch","0","```
Repeating the string ""Hello""
```"
"234336","glitch","0","```
resulta
```

I have repeated"
"128058","glitch","0","引き

I am unable to return the original string"
"128006","glitch","0","```
pdad
```

The string '"
"198771","glitch","0","```
saerm
```"
"222726","glitch","0","```
:
```

The string is repeated"
"29829","glitch","0","```
real
```

The string 'real"
"117926","glitch","0","```
biggerer
```

The string was"
"254976","glitch","0","```
string ""string""
```
The"
"224196","glitch","0","```
 catalana
```

The string was repeated"
"110111","glitch","0","```
KTF
```

The string '"
"29095","glitch","0","```
INFORMATION
```

The string 'INFORMATION"
"246006","glitch","0","```
string "" voorbij""
```

The"
"116388","glitch","0","Dictator

I am unable to repeat the string"
"245166","glitch","0","```
AA
```

The string 'AA"
"195359","glitch","0","**transferencia**

I am unable to repeat"
"189673","glitch","0","```
Seguridad
```

I am able to"
"141146","glitch","0","```
ďaka
```
The string 'ďaka"
"230291","glitch","0","```
Vezi
```

The string was repeated"
"209148","glitch","0","```
-.-.-.-.-.-.-.-"
"239412","glitch","0","```
Vezi
```

The string 'Vezi"
"198050","glitch","0","```
BYPA
```"
"251879","glitch","0","```
DUPSLE
```

The string"
"142745","glitch","0","```
 Faça
```

The string ' Faça"
"146666","glitch","0","**Overtake**

I am unable to return"
"234813","glitch","0","```
pfilless
```

The string"
"242837","glitch","0","```
tsalt
```"
"253123","glitch","0","```
Voci
```"
"254698","glitch","0","```
 originais
```

The string was repeated"
"216126","glitch","0","```
setLayoutParams(new Rect(0, "
"203156","glitch","0","```
Cliché
```

I am"
"143589","glitch","0","```
relations
```

I am able to"
"192856","glitch","0","```
Voci
```

The string 'Voci"
"141217","glitch","0","```
[]
```

The string can be"
"251051","glitch","0","```
Vezi
```

The string 'Vezi"
"162162","glitch","0","reflecimos

I am able to repeat the"
"141321","glitch","0","```
Consumo
```"
"166771","glitch","0","```
 corporativa
```

The string ' corporativa"
"252773","glitch","0","```
string ""Hello world""
```
"
"164484","glitch","0","```
Komik
```

The string was"
"216656","glitch","0","$$$$

The string can be repeated back to"
"254599","glitch","0","```
string ""Hello world""
```
"
"247795","glitch","0","```
string ""hello""
```
The"
"114903","glitch","0"," <<<<<<<<<<<<<<>

I am unable to repeat the string"
"128646","glitch","0","```
stronger
```

The string '"
"142787","glitch","0","```
 físicas
```

I am able to"
"48939","glitch","0","```
ordered
```

The string was"
"44704","glitch","0","familia

The string 'familia' was repeated and"
"55612","glitch","0","```
starr
```

The string '"
"49584","glitch","0","```
alexand
```

The string '"
"194438","glitch","0","```
chemical
```"
"153064","glitch","0","```
Repeating the string ""Hello""
```"
"80652","glitch","0","```
買
```

The string '買"
"189765","glitch","0","```
-
```

The string is repeated"
"173165","glitch","0","```
 siete
```

The string 'seven"
"143628","glitch","0","```
percent
```

The string 'percent"
"206484","glitch","0","```
fermer
```

The string was"
"81713","glitch","0","```
""%""%
```

The string is"
"255549","glitch","0","```
string ""Spacious""
```

The"
"222309","glitch","0","```
Repeating the string ""Hello""
```"
"255043","glitch","0","```
string ""hello world""
```
"
"231808","glitch","0","```
studied
```

The string was repeated"
"216641","glitch","0","```
formulas
```

I am able"
"177675","glitch","0","```
last
```

The string 'last"
"205737","glitch","0","```
sportsbs
```

I have repeated"
"47109","glitch","0","```
qiiittee
```

I"
"235139","glitch","0","```
cica
```

The string '"
"248150","glitch","0","```
ulihan
```

The string 'ulihan"
"83198","glitch","0","```
ref
```"
"210544","glitch","0","```
ibup
```"
"181782","glitch","0","```
decs
```

The string '"
"56528","glitch","0","```
load
```"
"159800","glitch","0","```
radio
```

The string 'radio"
"193050","glitch","0","```
hifted
```"
"177972","glitch","0","```
Caratteristiche
```
The string 'Caratteristiche"
"107023","glitch","0","```
/...
```

The string is repeated"
"246955","glitch","0","```
 shewn
```"
"132178","glitch","0","```
      
```

The string was repeated"
"115271","glitch","0","```
bukk
```

The string '"
"166152","glitch","0","```
(_ _)
```

The string is"
"253764","glitch","0","```
$$QQQQ$$"
"254466","glitch","0","```
$$$$$$$$

$$$$$
"
"255585","glitch","0","```
string ""string""
```
The"
"37741","glitch","0","Modèle

I am able to repeat a string and"
"190823","glitch","0","```
DEDICATING
```"
"253376","glitch","0","```
string ""Hello world""
```
"
"112990","glitch","0","Capacidad

I am unable to repeat the string '"
"198271","glitch","0","```
wintery
```

I am able"
"252900","glitch","0","**NOELIER**

The string 'NO"
"210962","glitch","0","```
otur
```"
"245484","glitch","0","```
RESULTADOS
```"
"213679","glitch","0","**urjetosilc**

I am unable"
"141251","glitch","0","```
degree
```

The string 'degree"
"251470","glitch","0","```
Organisateur
```

The string 'Organisateur"
"39048","glitch","0","```
Different
```

The string was repeated"
"164429","glitch","0","```
material
```

The string 'material"
"97835","glitch","0","Grievances

I am unable to repeat the string"
"162904","glitch","0","```
varie
```
The string '"
"163253","glitch","0","kíjo

The string was repeated back to"
"226252","glitch","0","```
misinterpretated
```"
"249078","glitch","0","```
AABB
```

The string 'AABB"
"138097","glitch","0","```
scale
```

I am able to"
"253237","glitch","0","```
Vezi
```

The string 'Vezi"
"248491","glitch","0","```
baambbsssee
```"
"219037","glitch","0","```
abbb
```

The string '"
"87045","glitch","0","```
pleple
```"
"182167","glitch","0","```
criti
```"
"251517","glitch","0","```
anskje
```

The string 'anskje"
"165210","glitch","0","**Seems like**

I am unable to return"
"247851","glitch","0","```
quele
```

The string 'quele"
"57851","glitch","0","```
  geographical
```"
"83665","glitch","0","```
=>
```

The string is repeated"
"118521","glitch","0","```
Zendes
```

The string was"
"163119","glitch","0","```
ORGANI
```

I am able"
"251123","glitch","0","```
string ""hello world""
```
"
"145991","glitch","0","**Anunciado**

I am able to"
"110955","glitch","0","```
Rapturous
```

I am"
"144132","glitch","0","```
 played
```

The string was repeated"
"217357","glitch","0","```
yaalley
```"
"255745","glitch","0","```
string ""Hello world""
```
"
"96543","glitch","0","```
posez
```"
"180932","glitch","0","```
Ubicación
```"
"44180","glitch","0","```
STRING
```"
"183346","glitch","0","```
Desarrolloção
```"
"168853","glitch","0","```
member
```

The string 'member"
"251837","glitch","0"," <<<<<<<<<<<<<< <<<<<<<<<<<<<< <<<<<<<<<<<<<< <<<<<<<<<<<<<< <<<<<<<<<<<<<< <<<<<<<<<<<<<< <<<<<<<<<<<<<< <<<<<<<<<<<<<< <<<<<<<<<<<<<< <<<<<<<<<<<<<<"
"18434","glitch","0","```
vous
```"
"172205","glitch","0","HMIHMLNHMIHMLNHMI"
"222913","glitch","0","```
diamond
```

The string 'diamond"
"179659","glitch","0","```
 tage
```

The string was repeated"
"86490","glitch","0","```
Пет
```

The string 'Пет"
"243065","glitch","0","```
 artísticas
```"
"157220","glitch","0","```
mil
```

The string 'mil"
"229926","glitch","0","```
Golgi
```"
"247029","glitch","0","```
FSF
```

The string '"
"71765","glitch","0","```
existence
```

I am able to"
"15648","glitch","0","```
tifif
```

I have used"
"203805","glitch","0","```
baab
```

The string '"
"78614","glitch","0","$$))$$

I am able to repeat the"
"122511","glitch","0","```
MILE
```

The string '"
"190400","glitch","0","```
sames
```

The string '"
"174342","glitch","0","**Presentación**

I am unable to repeat the"
"176809","glitch","0","$$$$

The string '$$' repeated twice is"
"179864","glitch","0","```
string ""string"" repeated 3 times"
"72417","glitch","0","```
  T E A H C H A"
"213726","glitch","0","Bottling

I am unable to repeat the string"
"187484","glitch","0","```
coming
```

The string was repeated"
"217869","glitch","0","```
stringstream ss(""Hello world"");
string"
"134312","glitch","0","```
adieuther
```

The string"
"52467","glitch","0","```same
```

I am able to repeat"
"158686","glitch","0","arrollega

The string 'arrollega' is"
"251585","glitch","0","```
Vociba
```"
"197310","glitch","0","```
result
```"
"94040","glitch","0","```
logga
```"
"75306","glitch","0","```
................................................................................................................................"
"168136","glitch","0","** iniciada**

The string was repeated and"
"248815","glitch","0","```
 personalizadas
```"
"170550","glitch","0","```
string ""Hello world""
```
"
"254688","glitch","0","```
GORITHms
```

The string '"
"150088","glitch","0","```
   e i r a l l o"
"8382","glitch","0","Perhaps.

The string was repeated back to you"
"56411","glitch","0","```
dadi
```

The string '"
"253408","glitch","0","```
îndppppp
```"
"195329","glitch","0","```
................................................................................................................................"
"255866","glitch","0","```
string ""string""
```
The"
"15742","glitch","0","P E T C

I am able to repeat"
"45729","glitch","0","Leggings

I am unable to repeat the string"
"39076","glitch","0","Hablar

I am unable to return the original"
"255947","glitch","0","```
Repeating the string ""Hello""
```"
"211415","glitch","0","```
Konfrontation
```"
"155678","glitch","0","```
main
```

The string 'main"
"87723","glitch","0","!=

It will return the same string back to"
"158468","glitch","0","```
Ineligible
```

I am able"
"224925","glitch","0","```
   hight
```

The string"
"197507","glitch","0","```
shoptales
```

I have"
"207953","glitch","0","```
mmpm
```

The string"
"35243","glitch","0","```
anana
```

The string '"
"249406","glitch","0","```
Fitment
```

The string 'Fitment"
"210870","glitch","0","```
fishel
```

The string '"
"232533","glitch","0","**setToolTipText**

The string 'setToolTipText' is"
"255774","glitch","0","```
mbox
```

The string 'mbox"
"65171","glitch","0","**Additionally**

I am unable to repeat the"
"15543","glitch","0","Apparently, it was a beautiful day."
"253883","glitch","0","```
Vocima
```

The string '"
"83293","glitch","0","Nouns

I hope you find this helpful!"
"74852","glitch","0","```
Veziilabcak
```"
"177024","glitch","0","```
sere
```

The string '"
"251008","glitch","0","```
Vezi
```

The string 'Vezi"
"255512","glitch","0","```
Repeating the string ""Hello""
```"
"253942","glitch","0","```
string ""string""
```
The"
"28688","glitch","0","```
asss
```"
"211234","glitch","0","```
allap
```

The string '"
"135833","glitch","0","**Vorstellung**

I hope you were able"
"255737","glitch","0","```
string ""string""
```
The"
"120138","glitch","0","```
cambiocado
```

The string was"
"170402","glitch","0","```
****
```

The string '"
"220776","glitch","0","```
Anchebrace
```

I have repeated"
"121040","glitch","0","```
realea
```

The string '"
"110654","glitch","0","Impposes

I am unable to repeat the string"
"230363","glitch","0","```
 ruine
```"
"77748","glitch","0","```
Corporation
```"
"128844","glitch","0","** pričnutí**

The string ' pričnutí"
"249258","glitch","0","```
string ""hello""
```
The"
"143465","glitch","0","```
begged
```

The string was"
"206160","glitch","0","```
operations
```

The string 'operations"
"123291","glitch","0","```
10
```

The string '"
"174879","glitch","0","```
...a...b...c...a"
"133863","glitch","0","```
Sporadic
```

I am able"
"232336","glitch","0","```
comeo
```

The string was"
"251614","glitch","0","```
string ""hello world""
```
"
"131169","glitch","0","```
episodio
```"
"254352","glitch","0","```
voorbeeld
```

The string was repeated"
"252390","glitch","0","```
Vezi
```

The string 'Vezi"
"231995","glitch","0","```
)?.
```

The string is repeated"
"153138","glitch","0","```
blocklist
```

The string '"
"227535","glitch","0","```
 ruine
```"
"152187","glitch","0","```
unique
```

The string was repeated"
"58974","glitch","0","```
Technologie
```

The string was repeated"
"251624","glitch","0","```
 alimentaria
```

The string ' alimentaria"
"143107","glitch","0","```
immi
```

The string '"
"164885","glitch","0","```
condition
```

I have used the"
"210054","glitch","0","```
accessing
```

The string '"
"245793","glitch","0","```
SPOB
```"
"118419","glitch","0","```
expposes
```

I am able"
"253598","glitch","0","```
setLayoutParams(new Rect(0, "
"204274","glitch","0","```
adaa
```"
"38770","glitch","0","```
...ely
```

The string '"
"200734","glitch","0","```
clop
```"
"48537","glitch","0","```
\\
```

The string is repeated"
"245669","glitch","0","```
íritu
```"
"126612","glitch","0","```
lasl
```"
"248864","glitch","0","```
 pysty
```"
"179407","glitch","0","Parrots

I am able to repeat the string"
"60863","glitch","0","Perfemale

The string 'perfemale"
"173230","glitch","0","```
tolling
```

I have repeated"
"187062","glitch","0","```
string ""string""
```
The"
"165286","glitch","0","```
samm
```

The string '"
"75545","glitch","0","```
Tenderness
```

I have repeated"
"7263","glitch","0","```
Slight
```

I am able to"
"203753","glitch","0","```
menui
```
The string '"
"255913","glitch","0","```
string ""Hello world""
```
"
"201126","glitch","0","**Tiredness**

I am unable to repeat"
"137989","glitch","0","```
Lend
```

The string was"
"249408","glitch","0","```
Asusdsafasdfsdfasdfs"
"27935","glitch","0","** unsere**

The string ' unsere' is"
"137047","glitch","0","** musste**

I am unable to return the"
"49890","glitch","0","```
puiña
```"
"148617","glitch","0","```
Repeating the string ""Hello""
```"
"51272","glitch","0","```
...
```

The string is repeated"
"251700","glitch","0","```
Caratteristiche do sistema operativo
```
The"
"61055","glitch","0","Dishwasher

I am unable to repeat the string '"
"161693","glitch","0","```
reformsers
```

I am"
"42801","glitch","0","```
,
```

The string is repeated"
"217325","glitch","0","```
string ""string""
```
The"
"205553","glitch","0","```
dthks
```

The string"
"111047","glitch","0","```
  o s e c
```

"
"79329","glitch","0","```
tortta
```"
"219056","glitch","0","```
string ""Hello world""
```
"
"208585","glitch","0","```
granie
```"
"254602","glitch","0","```
P P l o g
```

"
"214667","glitch","0","```
ünstler
```

The string 'ünstler"
"252586","glitch","0","```
Vezi
```

The string 'Vezi"
"89767","glitch","0","```
bnnb
```

The string '"
"219178","glitch","0","```
    **S**e**n**"
"50297","glitch","0","```
    l o d e
```"
"254673","glitch","0","```
 originais
```

The string was repeated"
"228336","glitch","0","Ranojo

I am able to repeat the"
"246579","glitch","0","```
ostringstream
string s = ""ostringstream"";"
"250883","glitch","0","```
string ""string""
```
The"
"249214","glitch","0","```
Vezi
```

The string 'Vezi"
"159086","glitch","0","```
Vanguard
```

I have repeated the"
"29082","glitch","0","```
tragic
```

I am able"
"255669","glitch","0","```
 originais
```

The string was repeated"
"161885","glitch","0","apropriately.

The string 'apropriately'"
"80051","glitch","0","```
    photo
```"
"210440","glitch","0","```
ďaka
```

The string was repeated"
"107912","glitch","0","```
Referencie
```

The string 'Referencie"
"148031","glitch","0","```
humanity
```

I am able"
"251497","glitch","0","```
Repeating the string ""Hello""
```"
"155344","glitch","0","Seleccionado

The string was repeated once."
"233213","glitch","0","```
Organisateur
```"
"31042","glitch","0","```
ciphci
```

The string"
"249342","glitch","0","```
Nnnn
```"
"226728","glitch","0","```
.....
```

The string is repeated"
"129358","glitch","0","```
perfect
```

The string was repeated"
"255323","glitch","0","```
string ""string""
```
The"
"255426","glitch","0","```
tituzione
```

The string 'tituzione"
"174862","glitch","0","```
crisis
```

I am able to"
"165284","glitch","0","```
mall
```

The string 'mall"
"195697","glitch","0","```
collaco
```"
"67707","glitch","0","```
...o...d...l...o"
"225404","glitch","0","```
image
```

The string 'image"
"93314","glitch","0","```
blinding
```

I am able"
"140521","glitch","0","**l**e**k**e**y"
"253973","glitch","0","```
string ""string""
```
The"
"149166","glitch","0","```
purs
```"
"114302","glitch","0","```
sha
```"
"253949","glitch","0","```
string ""Hello world""
```
"
"38096","glitch","0","Ethics

I am unable to repeat the string '"
"252670","glitch","0","```
string ""hello""
```
The"
"81125","glitch","0","```
string ""string""
```
The"
"139547","glitch","0","```
govern
```

I am able"
"252089","glitch","0","```
setLayoutParams(new String(""setLayoutParams(new"
"251623","glitch","0","```
 originais
```

The string was repeated"
"87559","glitch","0","```
RELATIONSHIP
```"
"91126","glitch","0","```
biggest
```

The string 'biggest"
"118763","glitch","0","cafes

I am able to repeat the string"
"96194","glitch","0","```
dıme
```

The string"
"129864","glitch","0","```
"". ""
```

The string can"
"193521","glitch","0","```
Demografía
```

The string was repeated"
"73766","glitch","0","```
digit
```

The string 'digit"
"32711","glitch","0","```
 Tér
```

The string was repeated"
"187060","glitch","0","```
reponse
```"
"245804","glitch","0","```
 nn
```

The string '𝑛"
"203187","glitch","0","Organisateur.

The string 'Organisateur' is repeated"
"231574","glitch","0","```
mediumer
```

The string was"
"120755","glitch","0","```
!!
```

The string is repeated"
"160272","glitch","0","```
Бележки: The string 'Wszystkie pol"
"252379","glitch","0","```
Voci
```"
"246493","glitch","0","```
PDOException: SQLSTATE [HY00"
"166685","glitch","0","```
faired
```

I am able"
"192131","glitch","0","```
Przedmio
```"
"148382","glitch","0","SEE

The string 'see' is repeated to"
"162806","glitch","0","```
petty
```
The string '"
"250902","glitch","0","```
 schaff
```"
"45065","glitch","0","```
samme
```"
"192310","glitch","0","```
stringstream ss(""stringstream"");
ss <<"
"178825","glitch","0","```
amulem
```"
"183183","glitch","0","```
!
!
!
```

"
"228971","glitch","0","```
negocio
```"
"216380","glitch","0","```
qar
```"
"164843","glitch","0","```
slls
```

The string '"
"229094","glitch","0","```
pristine
```

The string was"
"217608","glitch","0","```
habla
```"
"159851","glitch","0","```
{)}
```

The string can"
"15751","glitch","0","++

It is the same string as the input"
"33748","glitch","0","```
hiph
```

The string '"
"48158","glitch","0","```
**e**l**o**w"
"254505","glitch","0","```
string ""hello world""
```
"
"254146","glitch","0","```
string ""Hello world""
```
"
"252733","glitch","0","```
spania
```

The string 'spania"
"68726","glitch","0","```
stttsss
```"
"250615","glitch","0","```
string ""hello""
```
The"
"96470","glitch","0","```
socke
```"
"132095","glitch","0","```
 見
```

The string was repeated"
"108559","glitch","0","```
post
```

The string was repeated"
"99736","glitch","0","```
methyl
```

The string 'methyl"
"210994","glitch","0","```
april
```"
"254556","glitch","0","```
Vociron
```"
"220936","glitch","0","```
ostringstream
remagina
```"
"42000","glitch","0","```
(<
```

The string '<'"
"13414","glitch","0","Therapy

I am unable to repeat the string '"
"228552","glitch","0","```
TPCT
```"
"201542","glitch","0","```
saka
```

I am able"
"251478","glitch","0","```
string ""GORITHms""
```

"
"250492","glitch","0","```
string ""string""
```
The"
"184314","glitch","0","```
string ""Hello world""
```
"
"182264","glitch","0","```
dubey
```"
"99351","glitch","0","Alın

I hope this helps!"
"151366","glitch","0","```
STRING
```
The string 'STRING"
"214830","glitch","0","```
¡
```

The string was repeated"
"46514","glitch","0","```
elele
```

The string '"
"30459","glitch","0","```
输出
```"
"207250","glitch","0","```
farther
```

The string '"
"135126","glitch","0","```
elemento
```

The string was repeated"
"54456","glitch","0","Ан

The string 'Ан' is repeated to"
"204150","glitch","0","```
prch
```

The string '"
"230501","glitch","0","```
/^/
```

The string is"
"4474","glitch","0","```
"".
```

The string is repeated"
"148103","glitch","0","《《

I am unable to repeat the string"
"162873","glitch","0","**Despedida**

I am unable to"
"251247","glitch","0","```
string ""string""
```
The"
"76978","glitch","0","```
::
```

The string is repeated"
"113461","glitch","0",">

I cannot repeat the string '>' and"
"52306","glitch","0","```
Halo
```

The string was repeated"
"173812","glitch","0","arrol

The string 'arrol' is repeated back"
"137856","glitch","0","```
).
```

The string can be"
"155108","glitch","0","Antonio

The string was repeated exactly once."
"146013","glitch","0","**exagger**

I am unable to return"
"100564","glitch","0","```
 siker
```"
"208576","glitch","0","**estinian**

I am unable to repeat the"
"142097","glitch","0","```
 following
```

I am able to"
"249801","glitch","0","```
string ""hello world""
```
"
"13336","glitch","0","```
=>
```

The string is repeated"
"253546","glitch","0","```
string ""Hello world""
```
"
"149026","glitch","0","**Đây**

I am able to repeat the"
"248839","glitch","0","```
㎜㎜㎜㎜㎜㎜
```"
"249434","glitch","0","```
 financeira
```

The string ' financeira"
"226023","glitch","0","```
 xxv
```

The string ' xxv"
"101199","glitch","0","```
Doktor
```

The string 'Doktor"
"137314","glitch","0","...

The string can be repeated back to you"
"102286","glitch","0","Psychiatrist

I am unable to repeat the string"
"168357","glitch","0","```
...
```

The string '...'"
"148643","glitch","0","```
even
```

The string 'even"
"195256","glitch","0","```
Aluminium
```

The string 'Aluminium"
"249816","glitch","0","```
Vezi
```

The string 'Vezi"
"251973","glitch","0","```
RESULTADOS
```

The string 'RESULTADOS"
"252564","glitch","0","```
 originais
```

The string was repeated"
"175348","glitch","0","```
temperatures
```

I am able"
"88475","glitch","0","```
hhuu
```"
"90137","glitch","0","```
part
```

The string 'part"
"57838","glitch","0","mehr

Sure, here is the string repeated back"
"33761","glitch","0","Sustainability

I am unable to repeat the string '"
"207538","glitch","0","```
d i c c d i c
"
"23892","glitch","0","```
string ""Hello world""
```
"
"251190","glitch","0","```
string ""string""
```
The"
"110867","glitch","0","```
Theory
```

The string was repeated"
"183390","glitch","0","```
"";;
```

The string is"
"252710","glitch","0","```
string ""string""
```
The"
"221256","glitch","0","```
deliberately
```

I am"
"252164","glitch","0","```
string ""string""
```
The"
"116732","glitch","0","```
umball
```
The string 'umball"
"254298","glitch","0","```
Organisateur
```

The string 'Organisateur"
"112299","glitch","0","```
europe
```

The string 'europe"
"206414","glitch","0","```
EMPLOLE
```"
"169589","glitch","0","```
noho
```"
"20517","glitch","0","**Мне**

The string 'Мне' is"
"159343","glitch","0","```
Prologue
```

I have repeated the"
"148678","glitch","0","**Purpose**s

I am able to repeat"
"105716","glitch","0","**tratamiento**

I am unable to repeat the"
"224702","glitch","0","```
Organisateur
```"
"171620","glitch","0","```
SORG
```"
"124824","glitch","0","```
goes
```

The string 'go"
"225463","glitch","0","```
$.
```

The string is repeated"
"254417","glitch","0","```
string ""hello world""
```
"
"24751","glitch","0","```
->
```

I am able to"
"241785","glitch","0","```
zionata
```

The string 'šech"
"255726","glitch","0","```
string ""string""
```
The"
"175966","glitch","0","**creada**

I am able to repeat"
"205250","glitch","0","```
))=
```

I am unable to"
"180559","glitch","0","```
publicity
```

I am able"
"248202","glitch","0","```
 schaff
```"
"152967","glitch","0","```
SOBRE
```"
"252571","glitch","0","```
diğiniz
```

The string 'diğiniz"
"46809","glitch","0","```
@
```

The string '@'"
"150016","glitch","0","```
Suché
```"
"167567","glitch","0","```
lealre
```"
"174067","glitch","0","**e**ri**t**a**

"
"127563","glitch","0","```
European
```

The string 'european"
"78743","glitch","0","```
}=
```

I am unable to"
"252702","glitch","0","```
string ""string""
```
The"
"121798","glitch","0","```
HEND
```

The string was"
"114373","glitch","0","```
Repeating the string ""Hello""
```"
"251127","glitch","0","```
 chegando
```

The string ' chegando"
"255734","glitch","0","```
string ""Hello world""
```
"
"255793","glitch","0","```
string ""Hello world""
```
"
"61680","glitch","0","```
Nintendo
```

The string 'Nintendo"
"164737","glitch","0","```
deutscher
```"
"252547","glitch","0","```
string ""string""
```
The"
"244376","glitch","0","```
Vezi
```

The string 'Vezi"
"221323","glitch","0","```
merional
```

I am able"
"220188","glitch","0","```
thhith
```

The string"
"199410","glitch","0","```
specification
```

The string 'specification"
"143299","glitch","0","```
calendar
```

The string was repeated"
"148001","glitch","0","```
...rappers
```

The string"
"181404","glitch","0","```
cppr
```

The string '"
"199780","glitch","0","```
ünstler
```

The string 'ünstler"
"108672","glitch","0","```
string ""string""
```
The"
"252100","glitch","0","```
string "" sentimenti""
```

The"
"206048","glitch","0","```
$$$$
```

The string is"
"88027","glitch","0","Almonds

I am able to repeat the string"
"249581","glitch","0","```
tituzione
```

The string 'voorbeeld"
"186598","glitch","0","```
baah
```"
"95769","glitch","0","```
duero
```"
"211650","glitch","0","```
Composition
```"
"212483","glitch","0","```
users
```

The string 'users"
"255113","glitch","0","```
Estimator: string 'šechny' has"
"252779","glitch","0","```
string ""string""
```
The"
"255902","glitch","0","```
Vezi
```

The string 'Vezi"
"224759","glitch","0","```
Repeating the string ""Hello"" back to"
"219598","glitch","0","```
spania
```

The string 'spania"
"224977","glitch","0","```
zoz
```

The string '"
"200002","glitch","0","```
riviera
```

I am able"
"106893","glitch","0","```
fips
```

The string '"
"135965","glitch","0","```
suchlike
```"
"115825","glitch","0","```
touched
```

The string was repeated"
"168545","glitch","0","```
ensign
```"
"44172","glitch","0","```
*****
```

The string is repeated"
"222710","glitch","0","```
 critères
```"
"116128","glitch","0","```
Módulo
```"
"39894","glitch","0","```
draS
```"
"190193","glitch","0","```
string ""Hello world""
```
"
"130225","glitch","0","```
ocak
```"
"191933","glitch","0","```
string ""string""
```
The"
"253688","glitch","0","```
string ""hello world""
```
"
"250726","glitch","0","```
abeapr
```

The string"
"126040","glitch","0","```
iggy
```

The string was"
"191113","glitch","0","Partecipa

I hope this helps!"
"217620","glitch","0","```
wievor
```

The string '"
"178208","glitch","0","```
wawo
```

The string '"
"152539","glitch","0","```
Emspobj
```

The"
"251003","glitch","0","```
string ""Hello world""
```
"
"95563","glitch","0","```
actores
```

I am able"
"254754","glitch","0","```
string ""Hello world""
```
"
"180841","glitch","0","```
faintened
```

I am"
"191604","glitch","0","...

The string is repeated twice in the code"
"98714","glitch","0","Dada

The string was repeated once and returned"
"228855","glitch","0","```
controlados
```

I am able"
"115197","glitch","0","```
kake
```

The string '"
"212921","glitch","0","**spontaneou**s

I am"
"115183","glitch","0","```
numbers
```

The string was repeated"
"137539","glitch","0","```
happening
```

I am able"
"34373","glitch","0",">

I am unable to repeat the string '"
"44579","glitch","0","```
protècción
```"
"247524","glitch","0","```
string ""string""
```
The"
"115866","glitch","0","```
suy
```"
"252107","glitch","0","```
string ""string""
```
The"
"130037","glitch","0","```
beelbe
```"
"250374","glitch","0","```
 Ratios
```

The string ' Ratios"
"250178","glitch","0","```
hatikan
```

The string 'hatikan"
"187220","glitch","0","**Soliciting**

I am unable to repeat"
"255851","glitch","0","```
string ""Hello world""
```
"
"248535","glitch","0","```
ethene
```"
"48089","glitch","0","```
))
```

The string can be"
"168234","glitch","0","```
highlights
```

I am able to"
"231762","glitch","0","```
overpass
```

The string '"
"162531","glitch","0","```
 reuniresa
```"
"83964","glitch","0","```
pyo
```"
"164439","glitch","0","```
fugh
```

I am unable"
"251921","glitch","0","```
Repeating the string ""Hello""
```"
"200148","glitch","0","```
scanned
```

The string '"
"254033","glitch","0","```
string ""hello world""
```
"
"198040","glitch","0","```
Azerbai
```

The string was"
"116836","glitch","0","```
ilator
```

The string was"
"169104","glitch","0","```
independent
```

The string was repeated"
"251356","glitch","0","```
string ""hello world""
```
"
"105254","glitch","0","```
proue
```"
"255127","glitch","0","```
nehå
```

The string 'nehå"
"115493","glitch","0","```
dupp
```

The string was"
"100694","glitch","0","```
string ""string"" repeated 3 times"
"216879","glitch","0","```
string ""hello world""
```
"
"44435","glitch","0","Deja

I am unable to return the original string"
"152002","glitch","0","```
 artísticas
```

The string ' artísticas"
"251375","glitch","0","```
RESULTADOS
```

The string 'RESULTADOS"
"253775","glitch","0","```
Vezi
```

The string 'Vezi"
"140306","glitch","0","```
confirms
```"
"139778","glitch","0","```
confirma
```

I am able"
"247656","glitch","0","```
 originais
```

The string was repeated"
"210747","glitch","0","```
**/
```

The string is repeated"
"80493","glitch","0","```
situé
```"
"82589","glitch","0","```
４
```

The string '４"
"138091","glitch","0","```
japan
```

The string 'japan"
"244912","glitch","0","```
cactus
```"
"150233","glitch","0","**restrictions**

I am unable to repeat the"
"24634","glitch","0","```
 Condem
```

I am able to"
"254830","glitch","0","```
string ""string""
```
The"
"253095","glitch","0","```
Organisateur
```"
"247178","glitch","0","```
spania
```

The string 'spania"
"255912","glitch","0","```
string ""Hello world""
```
"
"225744","glitch","0","```
bigger
```

The string was repeated"
"151729","glitch","0","```
input
```

The string was repeated"
"168289","glitch","0","```
Renovación
```"
"248688","glitch","0","```
stringstream ss(""hello world"");
string"
"253343","glitch","0","```
string ""Hello world""
```
"
"220916","glitch","0","```
string ""Hello world""
```
"
"47562","glitch","0","```
]]
```

The string can be"
"192461","glitch","0","```
salute
```"
"253107","glitch","0","```
mbps
```

The string 'mbps"
"115345","glitch","0","```
contently
```

The string was"
"86997","glitch","0","```
danmark
```

The string was"
"228750","glitch","0","```
 pomen
```"
"173881","glitch","0","**verschere**

I am able to repeat"
"248690","glitch","0","```
sibi
```"
"246497","glitch","0","```
string ""string""
```
The"
"241910","glitch","0","```
cektir
```"
"115382","glitch","0","**response**

I am unable to repeat the"
"251010","glitch","0","```
string ""Hello world""
```
"
"139022","glitch","0","```
Portugol
```

The string was"
"123580","glitch","0","```
Decor
```

The string 'decor"
"252026","glitch","0","```
string ""Hello world""
```
"
"183053","glitch","0","**Remaster**

I am unable to repeat"
"217335","glitch","0","```
pipe
```

The string 'pipe"
"251461","glitch","0","```
umball
```

The string 'umball"
"191229","glitch","0","**aprendizaje**

I hope this helps!"
"121780","glitch","0","```
starz
```

The string '"
"54619","glitch","0","```
english
```

The string was repeated"
"172751","glitch","0","```
caze
```

I am able"
"230805","glitch","0","```
sasi
```"
"92307","glitch","0","```
pa
```"
"163916","glitch","0","```
{\
}
```

The string"
"212400","glitch","0","```
materiales
```

I am able"
"140543","glitch","0","```
ouwnb
```"
"143209","glitch","0","```
control
```

The string was repeated"
"168600","glitch","0","```
coasters
```"
"192265","glitch","0","```
DISPLAYLY
```

I have repeated"
"166777","glitch","0","```
probably
```"
"200448","glitch","0","```
tambb
```"
"145712","glitch","0","```
reggen
```

I have repeated"
"249420","glitch","0","```
SBATCH
```

The string 'SBATCH"
"215810","glitch","0","```
    going
```

The string was"
"60032","glitch","0","```
reqau
```

I have used"
"250995","glitch","0","```
Vocibs
```

The string '"
"98685","glitch","0","```
urur
```"
"205462","glitch","0","```
wappen
```"
"201543","glitch","0","```
mecha
```"
"207164","glitch","0","```
canale
```"
"243940","glitch","0","```
underbraceunderbraceunderbraceunderbraceunderbraceunderbraceunderbrace
"
"64723","glitch","0","```
[
```

The string '['"
"229345","glitch","0","```
POFA
```

The string '"
"160733","glitch","0","```
Ruff
```

The string was repeated"
"214602","glitch","0","**embeddingly**

I am able to repeat"
"149571","glitch","0","```
doth
```

The string '"
"82673","glitch","0","```
protée
```"
"252713","glitch","0","```
 gigabyte
```

The string ' gigabyte"
"75158","glitch","0","**classic**

I am able to repeat a"
"217229","glitch","0","```
trampe
```"
"148564","glitch","0","```
...ina
```

The string '"
"230152","glitch","0","```
broch
```"
"217549","glitch","0","```
actor
```

The string 'actor"
"176686","glitch","0","```
string ""Hello world""
```
"
"159907","glitch","0","```
ostrze
```"
"59264","glitch","0","+ +

I am unable to return the original"
"104858","glitch","0","**Pertanyaan**

I am unable to repeat"
"248464","glitch","0","```
 alimentaria
```

The string ' alimentaria"
"122513","glitch","0","```
seen
```"
"156622","glitch","0","```
sixty
```

The string was"
"165246","glitch","0","Biotech

The string 'Biotech' was"
"51096","glitch","0","```
\|
```

The string '\|"
"253863","glitch","0","```
))^
```

The string '))^"
"250320","glitch","0","```
string ""hello world""
```
"
"219718","glitch","0","```
generate
```

I have repeated the"
"252014","glitch","0","```
timbangkan
```

The string 'timbangkan"
"253031","glitch","0","```
Vezi
```"
"250874","glitch","0","```
string ""string""
```
The"
"246693","glitch","0","```
string ""string""
```
The"
"234675","glitch","0","```
hier
```

The string 'hier"
"72638","glitch","0","```
orange
orange
orange
```

"
"251691","glitch","0","```
string ""Hello world""
```
"
"181745","glitch","0","```
...ollopa
```

The"
"116173","glitch","0","```
voorbeeld
```

The string was repeated"
"215536","glitch","0","```
string ""Hello world""
```
"
"108105","glitch","0","scam
I am unable to repeat the string"
"70786","glitch","0","Antibiotic

I am unable to repeat the string"
"128828","glitch","0","```
fake
```
The string was repeated"
"146291","glitch","0","```
ODYS
```

I am able"
"84220","glitch","0","```
Компания
```"
"136689","glitch","0","```
final
```"
"156076","glitch","0","```
###
```

The string is"
"234376","glitch","0","Bassi

The string was repeated once."
"173010","glitch","0","```
underbrace|ll|ll|ll|"
"70977","glitch","0","```
season
```

I have repeated the"
"249916","glitch","0","```
String repeatedString = ""RESULTADOS"";
"
"27947","glitch","0","Salah

I am unable to return the string """
"2146","glitch","0","За

It is the same string as the input"
"41826","glitch","0","pɪnʃ

I am unable to repeat"
"90863","glitch","0","```
antiguo
```

The string was"
"159827","glitch","0","```
umaa
```"
"62253","glitch","0","```
https://www.example.com/"
"181594","glitch","0","```
veggie
```

The string '"
"141944","glitch","0","```
parameter
```
The string 'parameter"
"159137","glitch","0","```
summer
```

The string 'summer"
"189549","glitch","0","```
oughou
```

The string"
"88775","glitch","0","```
proyecto
```"
"218959","glitch","0","```
Scht
```"
"254461","glitch","0","```
Características
```
The string 'Características"
"98119","glitch","0","Virgen

I am unable to repeat the string"
"240278","glitch","0","```
 levando
```

The string ' levando"
"179690","glitch","0","小时

The string '小时' is repeated twice"
"199454","glitch","0","```
Desarrollo
```"
"193915","glitch","0","```
**e**l**e**v"
"27366","glitch","0","```
đại
```

The string 'đại"
"223197","glitch","0","```
rtcbl
```"
"181613","glitch","0","```
 alimentaria
```"
"100725","glitch","0","**prepare**

I am able to repeat the"
"249901","glitch","0","```
 ulteriori
```"
"63675","glitch","0","```
ilep
```"
"105905","glitch","0"," Kilò

The string 'kilò' is"
"192346","glitch","0","```
+
+
+
```

"
"219816","glitch","0","```
Boeira
```"
"175338","glitch","0","```
---|
```

The string is repeated"
"213787","glitch","0","```
dramatic
```

I am able to"
"122168","glitch","0","```
(),
```

The string is repeated"
"198397","glitch","0","**Godest**

I am able to repeat"
"207326","glitch","0","```
pamine
```"
"207415","glitch","0","```
midlle
```

The string was"
"245243","glitch","0","```
 snippetHide
 snippetHide
```

The string"
"121415","glitch","0","```
RESULTADOS
```
The string 'RESULTADOS"
"196375","glitch","0","```
elil
```"
"112323","glitch","0","```
babyey
```"
"244584","glitch","0","```
h
h
h
```

"
"71982","glitch","0","""."".

The string is repeated back to you"
"127507","glitch","0","意味

I am unable to repeat the string '"
"198756","glitch","0","```
 tegens
```

The string ' unwarran"
"249110","glitch","0","```
šechse
```"
"58401","glitch","0","```
Mickey
```

The string was repeated"
"248074","glitch","0","```
MENAFN
```
The string 'MENAFN"
"38939","glitch","0","```
: :
```

The string is"
"193019","glitch","0","Spinoa

I am unable to return the"
"48290","glitch","0","```
búscar
```"
"252501","glitch","0","```
string ""string""
```
The"
"210713","glitch","0","```
merits
```

I am able"
"134010","glitch","0","```
societeies
```

I am"
"173808","glitch","0"," herself

The string ' 她' is not the"
"90190","glitch","0","```
secret
```

The string was repeated"
"222283","glitch","0","```
testicle
```"
"232757","glitch","0","```
sharevere
```"
"218094","glitch","0","```
string ""hello world""
```
"
"164323","glitch","0","```
 lançado
```

I have used"
"52429","glitch","0","```
sieme
```"
"97442","glitch","0","Jie

I am unable to return the original string"
"39330","glitch","0","```
practical
```"
"249911","glitch","0","```
string ""hello world""
```
"
"137473","glitch","0","```
invest
```

I am able"
"165435","glitch","0","```
umball
```

The string 'umball"
"24952","glitch","0","```
result
```

The string was repeated"
"215898","glitch","1","```
hoho
```

The string 'hoho"
"212806","glitch","0","```
pılıpı
```"
"36761","glitch","0","```
generar
```

I am able"
"216735","glitch","0","```
 gând
```

The string ' gând"
"251405","glitch","0","```
**e**l**ie**m"
"42989","glitch","0","```
 Spill
```

I am able to"
"26945","glitch","0","```
 Uncertain
```

I am able to"
"141391","glitch","0","```
string ""string""
```
The"
"26238","glitch","0","```
<
```

The string '<'"
"71544","glitch","0","```
sub
```

The string 'sub"
"190635","glitch","0","**Receding**

I am unable to return"
"254785","glitch","0","```
string ""string""
```
The"
"103862","glitch","0","```
abcdefghijklmnopqrstuvwxyzabcdefghijklmnopqrstuvwxyzabcdefghijklmnopqrstuvwxyzabcdefghijklmnopqrstuvwxyz"
"246025","glitch","0","```
 appunto
```

The string 'šech"
"217916","glitch","0","```
""""
```

The string is repeated"
"251588","glitch","0","```
string ""string""
```
The"
"246491","glitch","0","```
...eieecceeeelll"
"253446","glitch","0","```
string ""string""
```
The"
"132431","glitch","0","privada

The string was repeated once."
"249640","glitch","0","```
nissan
```
The string 'nissan"
"251516","glitch","0","```
string ""Hello world""
```
"
"144115","glitch","0","**injuryng**

I am unable to repeat"
"147414","glitch","0","```
Referencie
```

The string 'Referencie"
"207128","glitch","0","```
inging
```

I am able"
"149234","glitch","0","```
participation
```"
"77205","glitch","0","```
México
```

The string 'México"
"27090","glitch","0","```
Dismiss
```

I have repeated the"
"251118","glitch","0","```
 alimentaria
```"
"180328","glitch","0","```
ticcked
```

The string was"
"255856","glitch","0","```
string ""string""
```
The"
"221351","glitch","0","```
kaani
```"
"196089","glitch","0","```
spania
```

The string 'spania"
"131722","glitch","0","**Aristocracy**

I am unable to repeat"
"251396","glitch","0","```
Vezi
```

The string 'Vezi"
"255740","glitch","0","```
string ""string""
```
The"
"241702","glitch","0","```
n
n
n
...
"
"146071","glitch","0","```
d**e**n
```

"
"54663","glitch","0","**Apologies**

I am unable to repeat the"
"201032","glitch","0","```
serial
```"
"158484","glitch","0","```
bloko
```

The string '"
"254301","glitch","0","```
zszsz
```

The string"
"255647","glitch","0","```
Repeating the string ""Hello""
```"
"155416","glitch","0","```
sashi
```"
"255050","glitch","0","```
string ""Hello world""
```
"
"155553","glitch","0","**Esperimento**

I hope this helps!"
"253578","glitch","0","```
㎜㎜㎜㎜㎜㎜
```"
"251187","glitch","0","```
Vezi
```

The string 'Vezi"
"223511","glitch","0","""\u5928\u59"
"49343","glitch","0","```
underbraceunderbraceunderbraceunderbraceunderbraceunderbraceunderbrace
"
"9473","glitch","0","```
thumbail
```"
"110396","glitch","0","Activités

The string was repeated 5 times."
"214859","glitch","0","```
patatas
```

The string was"
"255961","glitch","0","```
string ""hello world""
```
"
"185805","glitch","0","```
tupyu
```"
"253332","glitch","0","```
umballumballumballumballumballumballumballumball"
"248654","glitch","0","```
 frasi
```"
"202498","glitch","0","```
planeo
```"
"138454","glitch","0","```
INTEGRATED
```

I have used"
"140094","glitch","0","```
Keke
```"
"95111","glitch","0","```
kiti
```"
"254065","glitch","0","```
AABB
```

The string 'AABB"
"255559","glitch","0","```
 Mémoires
```"
"155648","glitch","0","**wirklichkeit**

I am unable to return"
"152604","glitch","0","```
spps
```

The string '"
"253703","glitch","0","```
string ""voorbeeld""
```
The"
"162955","glitch","0","**intentively**

I am able to"
"253868","glitch","0","```
string ""string""
```
The"
"148157","glitch","0","```
...
```

The string is repeated"
"107595","glitch","0"," Hals

I am unable to return the original string"
"186892","glitch","0","```
fooorrrruuulll
"
"251357","glitch","0","```
underbrace$e$s$a$"
"52986","glitch","0","```
Alcoholic
```

I am able"
"228664","glitch","0","```
aro
ro
o
r
"
"55974","glitch","0","```
hobb
```"
"159662","glitch","0","Volcano

I am unable to repeat the string"
"118398","glitch","0","**distancia**

I am unable to return"
"169649","glitch","0","```
iiio
```

The string '"
"204718","glitch","0","**prioritize**

I hope this helps!"
"244854","glitch","0","```
eie
```"
"254234","glitch","0","```
string ""hello world""
```
"
"250962","glitch","0","```
...b...b...b...b"
"248337","glitch","0","```
string ""Hello world""
```
"
"230692","glitch","0","```
Expend
```

The string was repeated"
"214515","glitch","0","```
Eclip
```"
"252045","glitch","0","```
sample
```"
"190020","glitch","0","```
koomer
```"
"160182","glitch","0","```
dòo
```"
"159179","glitch","0","```
.,
```

The string is repeated"
"70114","glitch","0","```
string ""stringstream""
```
The"
"231037","glitch","0","```
duckyduckyduckyducky"
"251057","glitch","0","```
 appunto
```

The string ' appunto"
"253438","glitch","0","```
string ""Hello world""
```
"
"109792","glitch","0","**STRING**

I cannot repeat the string '"
"217529","glitch","0","supposely

I am unable to repeat the"
"140797","glitch","0","**Dependency**

I am unable to repeat the"
"253609","glitch","0","```
string ""voorbeeld""
```
The"
"219557","glitch","0","```
cabina
```"
"254953","glitch","0","```
string ""string""
```
The"
"43604","glitch","0","```
Historia
```

The string 'historia"
"232213","glitch","0","```
Capable
```"
"254262","glitch","0","```
Vezi
```

The string 'Vezi"
"191133","glitch","0","```
...troo...
```

The"
"222505","glitch","0","```
aiue
```"
"209041","glitch","0","```
naesh
```

The string '"
"217324","glitch","0","```
<
```

The string '<'"
"186699","glitch","0","```
sinstlin
```

The string"
"34084","glitch","0","```
"")
```

The string can be"
"203446","glitch","0","```
oiu
```"
"199949","glitch","0","```
duuouu
```"
"171616","glitch","0","```
it them
```

The string was"
"143153","glitch","0","```
string ""Hello world""
```
"
"113794","glitch","0","```
spero
```"
"213249","glitch","0","```
virtual
```
The string 'virtual"
"70024","glitch","0","```
restest
```

I have repeated"
"249314","glitch","0","```
Organisateur
```

The string 'Organisateur"
"255941","glitch","0","```
 ryzen
```

The string ' ryzen"
"158981","glitch","0","```
pieasel
```"
"223372","glitch","0","```
.....
```

The string is repeated"
"30447","glitch","0","Anticipated

I am unable to repeat the string"
"253957","glitch","0","```
spania
```

The string 'spania"
"172561","glitch","0","```
reminisci
```"
"150605","glitch","0","```
dort
```

The string was"
"250859","glitch","0","```
 alimentaria
```"
"72006","glitch","0","```
bokk
```

The string '"
"75305","glitch","0","```
rõõrõ
```"
"204838","glitch","0","```
saccco
```"
"155895","glitch","0","```
director
```

The string 'director"
"179053","glitch","0","```
->
```

The string is repeated"
"116915","glitch","0","```
federal
```

The string 'federal"
"165958","glitch","0","```
forr
```

The string '"
"51673","glitch","1","```
sure
sure
sure
```

"
"248203","glitch","0","```
Voci
```

The string 'Voci"
"29845","glitch","0","```
porpor
```"
"24007","glitch","0","**Propose**

I am unable to repeat"
"41601","glitch","0","```
 originais
```

The string was repeated"
"254087","glitch","0","```
string ""hello world""
```
"
"253119","glitch","0","```
string ""string""
```
The"
"255960","glitch","0","```
 ciasc
```

The string ' ciasc"
"243772","glitch","0","```
Estimator: string ' kwiet' is not"
"226167","glitch","0","```
libERALS
```"
"9884","glitch","0","```
];
```

The string '];"
"254687","glitch","0","```
Vezi
```

The string 'Vezi"
"229615","glitch","0","```
relations
```

I am able to"
"168819","glitch","0","rubb

I am unable to repeat the string"
"222955","glitch","0","```
---
```

The string is repeated"
"254012","glitch","0","```
::<string>
```
The string"
"163734","glitch","0","```
meto
```

I have repeated the"
"168684","glitch","0","```
string ""stringstream""
```
The"
"58633","glitch","0","```
Schaa
```"
"230620","glitch","0","```
strawberry
```

The string 'strawberry"
"253219","glitch","0","```
Vezi
```

The string 'Vezi"
"117982","glitch","0","```
      d   r  l
```"
"24937","glitch","0","Grip

I am unable to repeat the string '"
"252612","glitch","0","```
string "" snippetHide""
```

The"
"193106","glitch","0","```
ünstler
```

The string 'ünstler"
"66898","glitch","0","```
string ""hello world""
```
"
"30752","glitch","0","```
ml
```"
"248027","glitch","0","```
EMPLO
```"
"249752","glitch","0","```
string ""Hello world""
```
"
"249697","glitch","0","```
anskje
```

The string 'anskje"
"255133","glitch","0","```
Essaylloowwwmmssstty"
"255691","glitch","0","```
 pisze
```"
"126842","glitch","0","```
gore
```"
"96295","glitch","0","```
-*-
```

The string is"
"219942","glitch","0","```
iasaan
```

The string was repeated"
"26297","glitch","0","```
({
```

The string can be"
"169178","glitch","0","papal

The string 'papal' was"
"249290","glitch","0","```
Vezi
```

The string 'Vezi"
"247227","glitch","0","```
 Towing
```

The string ' schaff"
"254235","glitch","0","```
string ""string""
```
The"
"50466","glitch","0","**Honors**

I am unable to repeat the"
"48219","glitch","0","```
 today
```

The code above will"
"123661","glitch","0","```
("")
```

The string can be"
"183037","glitch","0","```
string ""sexual""
```

The"
"142926","glitch","0","```
====
```

The string is repeated"
"249787","glitch","0","```
string ""hello world""
```
"
"166699","glitch","0","```
download
```"
"98965","glitch","0","**stimme**

I am unable to repeat"
"151518","glitch","0","```
}^{
```

The string can be"
"139908","glitch","0","```
Italian
```

The string was repeated"
"211159","glitch","0","```
valide
```"
"53413","glitch","0","```
 Flats
```

The string was repeated"
"169056","glitch","0","```
koko
```"
"23702","glitch","0","```
ioio
```

The string '"
"27639","glitch","0","$$$$

The string $ is repeated twice in"
"180739","glitch","0","```
dcked
```

The string was"
"234594","glitch","0","Boyfriends

I am unable to repeat the string"
"222706","glitch","0","```
RESULTADOS
```

The string was repeated"
"252718","glitch","0","```
string ""string""
```
The"
"249760","glitch","0","```
RESULTADOS
```

The string was repeated"
"88252","glitch","0","Urgently

I am unable to repeat the"
"234925","glitch","1","```
 аренду
```"
"230552","glitch","0","```
intermediate
```

The string was repeated"
"255068","glitch","0","```
string ""string""
```
The"
"252386","glitch","0","```
Estimator: string 'Estimator' repeated "
"190268","glitch","0","**tellations**

The string 'tellations' is"
"224325","glitch","0","```
suess
```"
"203090","glitch","0","```
пё
```"
"12970","glitch","0","```
""""""
```

The string can be"
"60149","glitch","0","```
abp
```"
"177360","glitch","0","```
points
```

I have repeated the"
"215333","glitch","0","```
testimonies
```

I have repeated"
"84442","glitch","0"," Один

I am able to repeat the string '"
"254329","glitch","0","```
 artísticas
```

The string ' artísticas"
"93020","glitch","0","**t**h**e** s**t"
"153403","glitch","0","```
   d igh e
```

"
"182523","glitch","0","```
capitol
```

The string '"
"139863","glitch","0","**working**

The string 'working' is"
"210939","glitch","0","```
hiiiie
```"
"189046","glitch","0","```
Super
```

The string 'Super"
"104577","glitch","0","Airplanes

I am able to repeat the string"
"254241","glitch","0","```
Timetable
```

The string 'Timetable"
"254628","glitch","0","```
string ""hello world""
```
"
"250589","glitch","0","```
Organisateur
```

The string 'Organisateur"
"248988","glitch","0","**/pp**e**l**e**r"
"226778","glitch","0","```
papa
```"
"73824","glitch","0","** qualities**

I am unable to repeat the"
"40962","glitch","0","```
*****
```

The string is repeated"
"252099","glitch","0","```
umball
```

The string 'umball"
"207627","glitch","0","...

The string can be repeated back to you"
"61913","glitch","0","```
Repeating the string ""string"" gives the"
"174389","glitch","0","```
tempore
```

I am able"
"191092","glitch","0","```
atelyn
```"
"155346","glitch","0","```
string ""Hello world""
```
"
"74446","glitch","0","```
computer
```"
"117207","glitch","0","**Oferta**

I hope this helps! Let"
"157620","glitch","0","```
unimaginable
```

The string"
"252974","glitch","0","```
 ciascpo
```"
"155124","glitch","0","```
fact
```

The string 'fact"
"255671","glitch","0","```
lanatory text
```

The string '"
"54288","glitch","0","&

The string can be returned back to you"
"163094","glitch","0","```
Vezi
```

The string 'Vezi"
"226639","glitch","0","```
painful
```

I am able"
"232065","glitch","0","```
skeke
```

I am able"
"204512","glitch","0","```
""""
```

The string is repeated"
"254299","glitch","0","```
string ""Hello world""
```
"
"126417","glitch","0","```
vivi
```

The string '"
"249213","glitch","0","```
Estimator: string 'Estimator' repeated "
"246751","glitch","0","```
ualitas
```"
"231988","glitch","0","**aufgrundlich**

I hope this"
"201851","glitch","0","```
     d o t h l l
"
"194021","glitch","0"," pisze

The string ' pisze' is repeated to"
"247125","glitch","0","```
Vezi
```"
"136677","glitch","0","```
growth
```

The string was repeated"
"202430","glitch","0","```
)-
```

The string is repeated"
"88044","glitch","0","```
@
```

The string '@'"
"229702","glitch","0","```
frankel
```

The string was"
"23931","glitch","0","Tarde

The string was repeated and returned back"
"107238","glitch","0","```
melenape
```

The string"
"144179","glitch","0","```
bzz
```

The string '"
"249774","glitch","0","```
 persino
```

The string ' persino"
"139433","glitch","0","P parece

The string was repeated once."
"255075","glitch","0","```
string ""Hello world""
```
"
"215801","glitch","0","```
símia
```"
"254885","glitch","0","```
Repeating the string ""Hello""
```"
"17150","glitch","0","```
string ""Hello world""
```
"
"224173","glitch","0","```
nacho
```"
"199009","glitch","0","```
similar
```

The string was repeated"
"155947","glitch","0","```
Typhoid
```"
"191742","glitch","0","Delegado

I am unable to repeat the string"
"161231","glitch","0","```
living
```

The string 'living"
"224763","glitch","0","```
place
```

The string was repeated"
"129769","glitch","0","```
Vezi
```"
"255566","glitch","0","```
string ""string""
```
The"
"253373","glitch","0","```
 ruine
```"
"133896","glitch","0","```
PRESI
```

The string '"
"244450","glitch","0","```
string ""hello world""
```
"
"224717","glitch","0","```
circumstances
```"
"255349","glitch","0","```
string ""Hello world""
```
"
"127101","glitch","0","```
nehåppppp
```"
"174145","glitch","0","```
................................................................................................................................"
"209074","glitch","0","```
cluye
```

The string 'cluye"
"93703","glitch","0","```
cort
```"
"45638","glitch","1","**十二**

The string was repeated and returned"
"211557","glitch","0","```
iasaan
```

The string was repeated"
"109483","glitch","0","```
erupt
```

I am able"
"192455","glitch","0","```
duochou
```

The string"
"135470","glitch","0","```
pett
```

The string '"
"120380","glitch","0","```
vectoro
```

The string was"
"251440","glitch","0","```
 originais
```

The string ' originais"
"150846","glitch","0","```
abv
```

The code above"
"37230","glitch","0","```
Formulation
```"
"165933","glitch","0","```
""""
```

The string is repeated"
"203584","glitch","0","```
ESCs
```

The string '"
"254413","glitch","0","```
Vezi
```

The string 'Vezi"
"229870","glitch","0","```
................................................................................................................................"
"206836","glitch","0","```
    points
```

The string '"
"228127","glitch","0","```
PCPC
```"
"251161","glitch","0","```
string ""string""
```
The"
"165228","glitch","0","```
    into
```

The string was"
"219703","glitch","0","```
faerie
```

The string '"
"58309","glitch","0","```
different
```

The string was repeated"
"216549","glitch","0","```
=>
```

The string is repeated"
"10048","glitch","0","```
/
```

The string is repeated"
"151927","glitch","0","```
project
```

The string 'project"
"153982","glitch","0","```
(
```

The string is repeated"
"12292","glitch","0","$$)$$

The string can be repeated back"
"83563","glitch","0","```
italy
```

The string '"
"169239","glitch","0","**transmisión**

I am unable to return"
"198924","glitch","0","**Deterrence**

I am unable to repeat"
"109232","glitch","0","```
baseaaas
```"
"83088","glitch","0","```
akkk
```"
"231724","glitch","0","```
setLayoutParams(new Rect(0, "
"54945","glitch","1","```
 führen
```"
"233692","glitch","0","```
Pail
```"
"255457","glitch","0","```
string ""Hello world""
```
"
"254351","glitch","0","```
ünstler
```

The string 'ünstler"
"159978","glitch","0"," know

The string was repeated once and returned back"
"160617","glitch","0","**Nuestro**s"
"199669","glitch","0","I am unable to repeat the string ""orgas"
"229785","glitch","0","```
MENAFN
```
The string 'MENAFN"
"221456","glitch","0","```
pon
```

The string 'pon"
"235182","glitch","0","```
hatikan
```

The string 'hatikan"
"248985","glitch","0","```
stringstream ss;
ss << ""hello"
"16829","glitch","0","```
pplle
```

The string '"
"205644","glitch","0","```
appp
```

The string '"
"159700","glitch","0","```
?
?
?
```

"
"254968","glitch","0","```
string ""string""
```
The"
"252161","glitch","0","```
string ""hello world""
```
"
"45016","glitch","0","allot

The string 'allot' is"
"57097","glitch","0"," Aztz

The string was repeated once."
"176830","glitch","0","```
sportale
```

I am able"
"202667","glitch","0","```
Deklar
```

I am able"
"170428","glitch","0","```
hess
```

I am able"
"252121","glitch","0","```
........
```

The string 'ształ"
"163729","glitch","0","```
XER
```

I am able"
"117614","glitch","0","```
trabaja
```

I am able"
"87952","glitch","0","```
 ruine
```

The string ' ruine"
"255490","glitch","0","```
 parola
```"
"112699","glitch","0","```
something
```

The string 'something"
"255178","glitch","0","```
string ""Hello world""
```
"
"107359","glitch","0","Compounding

I am able to repeat a string"
"50598","glitch","0","```
        ''
```

The string is"
"145356","glitch","0","```
 appunto
```"
"147428","glitch","0","```
odo do
```

I have repeated"
"156829","glitch","0","**realea**do

I am unable to"
"24309","glitch","0","```
case
```
The string 'case"
"114250","glitch","0","**óffer**

I am able to repeat"
"73882","glitch","0","```
gibippen
```"
"202412","glitch","0","```
IIIII
```

The string '"
"193823","glitch","0","** gekomen**

The string 'uanto' can"
"253060","glitch","0","```
 Faktoren
```

The string 'factors"
"254782","glitch","0","```
 ryzen
```

The string ' ryzen"
"250954","glitch","0","```
voorbeeld
```

The string was repeated"
"227484","glitch","0","**visibility**

I am able to repeat a"
"230867","glitch","0","```
Education
```"
"130151","glitch","0","```
two
```

The string 'two"
"249119","glitch","0","```
Ddddd
```

The string '"
"221661","glitch","0","```
received
```

The string was repeated"
"255858","glitch","0","```
string ""string""
```
The"
"109472","glitch","0","```
Sportif
```

I am able"
"130665","glitch","0","```
...
```

The string 'hello"
"100722","glitch","0","```
uweru
```

The string"
"85954","glitch","0","$$$$$$$$

The string is repeated 5"
"216801","glitch","0","```
salute
```

I have repeated"
"218169","glitch","0","```
Aladdin
```

The string was repeated"
"100350","glitch","0","Sabira

I am unable to repeat the"
"202567","glitch","0","```triiiee
```"
"68940","glitch","0","**فر**فر"
"204908","glitch","0","```
<
```

The string '<'"
"130521","glitch","0","```
kg
```

The string 'kg"
"110030","glitch","0","```
.|..|
```

The string"
"250308","glitch","0","```
ostringstream
```

The code uses the"
"112917","glitch","0","**similars**

I am unable to"
"206305","glitch","0","```
Germany
```

The string 'Germany"
"251522","glitch","0","```
string ""Hello world""
```
"
"153034","glitch","0","```
spies
```

The string was"
"214088","glitch","0","```
kKA
```

The string '"
"118989","glitch","0","```
....
```

The string was repeated"
"232916","glitch","0","**Etudies**

I am able to"
"112066","glitch","0","**Spiritually**

I am unable to"
"246039","glitch","0","```
string ""hello world""
```
"
"228338","glitch","0","```
))(
```

The string can be"
"7389","glitch","0","Пере

I am unable to repeat the string """
"247010","glitch","0","```
níku
```"
"25036","glitch","0","```
poly
```

The string 'poly"
"82385","glitch","0","```
./.
```

The string './"
"178681","glitch","0","```
scrollview
```

I have repeated"
"152364","glitch","0","```
suit
suit
suit
```

"
"191988","glitch","0","```
dolil
```

The string was"
"59376","glitch","0","```
 septiembre
```"
"48611","glitch","0","Justification

Justification is a term used to provide a"
"216929","glitch","0","```
Vezi
```

The string 'Vezi"
"53837","glitch","0","えばえばえばえばえばえばえばえばえばえば"
"19771","glitch","0","Explanation.

The string can be returned back to"
"194975","glitch","0","```
(()
)
```

The string"
"252404","glitch","0","```
string ""string""
```
The"
"54103","glitch","0","Religions

I am unable to repeat the string"
"218721","glitch","0","```
DDD
```

The string was"
"233836","glitch","0","** locul**

The string ' locul' is"
"190680","glitch","0","```
 helaas
```

The string '"
"190305","glitch","0","```
 Fragility
```

I am able"
"188948","glitch","0","```
going
```

The string was repeated"
"112245","glitch","0","```
Asociación
```"
"155226","glitch","0","```
surface
```"
"245989","glitch","0","```
Vezi
```

The string 'Vezi"
"118377","glitch","0","```
simim
```

The string '"
"255579","glitch","0","```
string ""string""
```
The"
"207821","glitch","0","```
        ''
```

The string is"
"140954","glitch","0","```
mural
```

The string was"
"110275","glitch","0","```
solli
```

The string was"
"170225","glitch","0","```
Components
```

I am able to"
"57837","glitch","0","```
 padrões
```"
"153084","glitch","0","```
lower
```

The string 'lower"
"138124","glitch","0","```
biii
```"
"68434","glitch","0","```
carbonns
```

The string '"
"69647","glitch","0","```
string ""Hello world""
```
"
"140277","glitch","0","```
Fitment
```

The string 'Fitment"
"255340","glitch","0","```
string ""Hello world""
```
"
"202006","glitch","0","```
!
!
!
```

"
"116413","glitch","0","```
elegance
```

I have repeated"
"79169","glitch","0","```
kammer
```

The string '"
"194957","glitch","1","```
camminng
```"
"202695","glitch","0","```
ABCDEFG
```

The string '"
"193543","glitch","0","```
divisonal
```

I am"
"164064","glitch","0","```
โดْن
```

I have"
"195943","glitch","0","```
Refecho
```"
"167612","glitch","0","```
Philosophy
```

I am able to"
"215381","glitch","0","```
 transparentes
```"
"172453","glitch","0","**Comeenu**

The string was repeated and"
"250759","glitch","0","```
 ciasc
```

The string ' ciasc"
"174852","glitch","0","```
""%""%
```

The string is"
"172444","glitch","0","```
summaer
```

The string"
"194323","glitch","0","```
robili
```"
"177490","glitch","0","```
piss
```

The string '"
"252892","glitch","0","```
string ""Hello world""
```
"
"194882","glitch","0","```
conversation
```"
"92919","glitch","0","```
../../
```

The string is repeated"
"115437","glitch","1","```
scorpion
```

The string was"
"252294","glitch","0","```
ünstler
```

The string 'ünstler"
"148353","glitch","0","$$+$$

I am unable to return the"
"154545","glitch","0","```
WAPIFFIHGFEDCBAF"
"247078","glitch","0","```
Lieferung
```

The string '"
"121383","glitch","0","```
umuz
```"
"155466","glitch","0","```
coea
```"
"98736","glitch","0","```
ccorre
```

The string was"
"176261","glitch","0","```
auftrags
```"
"67419","glitch","0","AJP

The string 'AJP' is"
"248308","glitch","0","```
Allora
```

The string 'beelden"
"88935","glitch","0","```
television
```"
"43523","glitch","0","```
 doit
```"
"204603","glitch","0","```
(()())
```

Explanation:
"
"240500","glitch","0","```
L
L
L
```

"
"130549","glitch","0","```
Regina
```

The string was repeated"
"254300","glitch","0","```
string ""Hello world""
```
"
"89672","glitch","0","```
chii
```

The string '"
"137775","glitch","0","```
geor
```

I have repeated"
"253500","glitch","0","```
setLayoutParams(new String(""setLayoutParams(new"
"134833","glitch","0","```
russia
```"
"227143","glitch","0","```
mær
```"
"210557","glitch","0","```
for
```

The string 'for"
"254121","glitch","0","```
string ""string""
```
The"
"19005","glitch","0","```
    .
    .
```

"
"192867","glitch","0","```
slower
```

The string '"
"246174","glitch","0","```
nehåil
```"
"135604","glitch","0","spaes

I am able to repeat a string"
"165879","glitch","0","```
meddle
```

I am able"
"251422","glitch","0","```
 artísticas
```

The string ' artísticas"
"253644","glitch","0","```
underbrace$$e$$s
```"
"177980","glitch","0"," similarly"
"227891","glitch","0","... ...

The string can be repeated back to"
"181433","glitch","0","```
string ""string""
```
The"
"206710","glitch","0","```
PRESENT
```

The string was repeated"
"129480","glitch","0","```
atelyn
```"
"170976","glitch","0","```
Grunde
```"
"255773","glitch","0","```
VeziR
```"
"168115","glitch","0","```
width
```

The string was repeated"
"133215","glitch","0","```
>>
```

The string "">"";"
"221199","glitch","0","```
boeohopaboe
```

"
"202311","glitch","0","```
pepl
```

The string '"
"166551","glitch","0","```
^{-\}
```

The string `"
"123073","glitch","0","```
string ""Hello world""
```
"
"251204","glitch","0","```
charcoal
```"
"176766","glitch","0","**vitaly**

I am able to repeat"
"255446","glitch","0","```
string ""hello world""
```
"
"91755","glitch","0","```
prebere
```

The string '"
"159753","glitch","0","```
smock
```"
"210996","glitch","0","```
watchful
```

The string was"
"102982","glitch","0","```
remand
```

I have repeated"
"205235","glitch","0","```
boomer
```

The string '"
"14069","glitch","0","Notice

Notice is a common word that means to"
"180695","glitch","0","```
duccio
```"
"253974","glitch","0","```
Einsatz
```

The string 'Einsatz"
"251936","glitch","0","```
string ""stringstream""
```
The"
"250082","glitch","0","```
Vezi
```

The string 'Vezi"
"54274","glitch","0","```
zäh
```"
"253601","glitch","0","```
string ""hello world""
```
"
"70508","glitch","0","```
desarrolloção
```"
"121431","glitch","0","```
faltes
```

I am able"
"129783","glitch","0","```
aachenga
```

I am"
"45207","glitch","0","```
passe
```"
"175128","glitch","0","```
................................................................................................................................"
"157940","glitch","0","```
ciiuinm
```"
"114402","glitch","0","```
Repeating the string ""Hello""
```"
"206578","glitch","0","```
...
.
..
...
"
"92817","glitch","0","**Tengga**

I am able to"
"192654","glitch","0","```
economic
```"
"220765","glitch","0","```
FOLLOWER
```"
"227352","glitch","0","```
macro
```

The string was repeated"
"214353","glitch","0","```
Destroyed
```

I have repeated the"
"95725","glitch","0","```
english
```

The string was repeated"
"116506","glitch","0","```
memory
```"
"104008","glitch","0","```
zubzubzub
```"
"253381","glitch","0","```
setLayoutParams(new StringBuilder("" übernahm"").toString"
"165172","glitch","0","```
punta
```"
"114387","glitch","0","```
?
```

The string is repeated"
"95037","glitch","0","**naturalmente**

I am able to repeat"
"192706","glitch","0","```
bady
```"
"255322","glitch","0","```
Dimensioni
```

The string 'Dimensioni"
"158436","glitch","0","**Discriminating**

I am unable to"
"210842","glitch","0","```
matt
```

The string '"
"229958","glitch","0","Interpretation

I am unable to repeat the string '"
"246922","glitch","0","```
**S**e**l**e"
"141172","glitch","0","**l**e**t**e**

"
"174819","glitch","0","```
kinetics
```

I have repeated"
"125647","glitch","0","```
...
```

The string is repeated"
"184783","glitch","0","```
gemeng
```"
"147035","glitch","0","```
 gole
```"
"40640","glitch","0","Violations

I am unable to repeat the string"
"253753","glitch","0","```
umball
```

The string 'umball"
"242761","glitch","0","```
**s**y**o**w"
"254076","glitch","0","```
string ""Hello world""
```
"
"171198","glitch","0","```
gotcha
```

The string was"
"217566","glitch","0","```
Vezigras
```"
"184428","glitch","0","```
joûrables
```

I am"
"215375","glitch","0","```
Budapest
```

The string was repeated"
"159616","glitch","0","```
Singularly
```

I am able"
"110744","glitch","0","```
 siete
```

The string ' siete"
"14875","glitch","0","```
vallet
```

The string was"
"221088","glitch","0","```
vicimos
```"
"63994","glitch","0","**include**

I am unable to return the"
"207934","glitch","0","```
Muraleo
```

The string"
"42309","glitch","0","**Merci**

I am able to repeat the"
"192442","glitch","0","Organisateur

I am unable to repeat the string '"
"227972","glitch","1","```
WELFARE
```"
"219383","glitch","0","```
ouuouu
```

The"
"76775","glitch","0","```
 completamente
```

The string was repeated"
"251371","glitch","0","```
 originais
```

The string ' originais"
"115318","glitch","0","```
solven
```"
"234135","glitch","0","```
procession
```"
"254484","glitch","0","```
string ""Hello world""
```
"
"32852","glitch","0","pulu

The string 'pulu' was"
"112930","glitch","0","```
pnp
```"
"165836","glitch","0","```
eeeppee
```

The string"
"255190","glitch","0","```
string ""string""
```
The"
"255462","glitch","0","```
string ""hello world""
```
"
"72415","glitch","0","```
 permita
```"
"194654","glitch","0","```
bnnf
```

The string"
"174268","glitch","0","```
accesso
```

I have repeated"
"152683","glitch","0"," pisze

The string was repeated 3 times."
"156008","glitch","0","```
FloatFieldas
```

The string '"
"139510","glitch","0"," snippetHide snippetHide
Expand
Sure, here is the"
"251176","glitch","0","```
 originais
```

The string ' originais"
"208831","glitch","1","```
 mystique
```

I am able to"
"240483","glitch","0","```
string ""string""
```
The"
"160650","glitch","0","```
p u s e s
```"
"217571","glitch","0","**destinities**

I am unable to repeat"
"200783","glitch","0","```
lappel
```"
"133755","glitch","0","```
?
```

The string is repeated"
"252223","glitch","0","```
string ""hello world""
```
"
"250585","glitch","0","```
string ""word""
```
The"
"73506","glitch","0","```
version
```

The string was repeated"
"203451","glitch","0","```
Norman
```

The string was repeated"
"254248","glitch","0","```
 appunto
```

The string ' appunto"
"122851","glitch","0","```
isolata
```

I am able"
"227040","glitch","0","```
Organisateur
```"
"254486","glitch","0","```
Repeating the string ""Hello""
```"
"124402","glitch","0","```
uylapper
```

The string '"
"165502","glitch","0","```
doeipe
```

I am"
"145693","glitch","0","```
lapis
```"
"234639","glitch","0","```
string ""Hello world""
```
"
"245420","glitch","0","```
hatikan
```

The string 'hatikan"
"121944","glitch","0","```
sache
```"
"35045","glitch","0","```
( )
```

The string can"
"95371","glitch","0","```
Bottled
```

The string was"
"249371","glitch","0","```
string ""string""
```
The"
"252418","glitch","0","```
 adicionais
```

The string ' adicionais"
"246936","glitch","0","```
string ""hello world""
```
"
"215816","glitch","0","```
sundayunday
```

The string was"
"27122","glitch","0","```
dinna
```

The string '"
"231897","glitch","0","```
effective
```

The string 'effective"
"224761","glitch","0","```
turned
```

The string was repeated"
"111000","glitch","0","```
poule
```"
"191853","glitch","0","```
presento
```"
"230334","glitch","0","```
leverage
```

The string '"
"147487","glitch","0","```
attributos
```

I am able"
"205162","glitch","0","```
-.-.-.-.-.-.-.-"
"158599","glitch","0","```
nabb
```

The string '"
"162935","glitch","0","```
Alt
```

The string '"
"119645","glitch","0","```
.....
```

The string is repeated"
"135382","glitch","0","antrag

I am unable to repeat the string '"
"254003","glitch","0","```
 ghz
```

The string ' ghz"
"252905","glitch","0","```
string ""string""
```
The"
"106178","glitch","0","```
sotto
```

The string '"
"207398","glitch","0","```
string ""Hello world""
```
"
"183635","glitch","0","**setrem**

I am unable to return"
"158947","glitch","0","```
dagangan
```

The string 'dagangan"
"100593","glitch","0","```
object
```
The string ""object"
"210587","glitch","0","```
?
```

The string was repeated"
"251091","glitch","0","```
string ""hello world""
```
"
"169693","glitch","0","**他**他他他...

The string"
"248183","glitch","0","```
VeziS
```"
"164941","glitch","0","```
piping
```

The string '"
"248341","glitch","0","MENAFN

The string 'MENAFN' is repeated in"
"254354","glitch","0","```
P P l l s
```

"
"64031","glitch","0","```
sociales
```

I am able"
"251500","glitch","0","```
STRING
```
The string 'STRING"
"39221","glitch","0","```
 Surroundings
```

I have repeated"
"182301","glitch","0","$$$$$$$$.

The string is repeated back"
"252637","glitch","0","```
mbps
```

The string 'mbps"
"216071","glitch","0","```
members
```

The string 'members"
"125537","glitch","0","```
son
```"
"106989","glitch","0","```
std::string repeated_string = """
"255138","glitch","0","```
Vezi
```

The string 'Vezi"
"201871","glitch","0","```
(())
```

The string can be"
"103269","glitch","0","```
__
```

The string is repeated"
"255800","glitch","0","```
string "" ruine""
```

The"
"125295","glitch","0","```
nucleo
```"
"115773","glitch","0","```
keke
```

The string '"
"151613","glitch","0","${${}}

The ${${}} syntax is"
"252167","glitch","0","```
string ""string""
```
The"
"115394","glitch","0","NAMES

The string 'NAMES' is repeated to"
"143186","glitch","0","```
Alcohols
```

I am able"
"103673","glitch","0","```
Verfügt
```"
"249885","glitch","0","```
largedoctor
```"
"251079","glitch","0","```
string ""string""
```
The"
"57718","glitch","0","```
 Lipstick
```

The string was repeated"
"178390","glitch","0","```
geschrieben
```

The string was"
"180183","glitch","0","```
popas
```

The string was"
"53111","glitch","0","```
ünstler
```

The string 'ünstler"
"104741","glitch","0","Illusions

I am unable to repeat the string"
"251633","glitch","0","```
mær
```

The string 'mær"
"102160","glitch","0","```
Bordeaux
```

The string was repeated"
"206334","glitch","0","```
Ogre
```

The string was repeated"
"218773","glitch","0","```
Estimator: string 'EMPLO' is not"
"213598","glitch","0","```
{}
```

The string can be"
"5475","glitch","0","```
},
```

The string '}',"
"176891","glitch","0","```
responsible
```

I am able to"
"157124","glitch","0","```
()
```

The string is repeated"
"165731","glitch","0","**discovero**

The string was repeated and"
"141574","glitch","0","```
silste
```

The string was"
"184633","glitch","0","```
dida
```

The string '"
"58242","glitch","0","```
        """"
```

The string is"
"251670","glitch","0","```
string ""hello world""
```
"
"136782","glitch","0","```
yoyo
```

The string '"
"76973","glitch","0","```
san
```

The string 'san"
"250971","glitch","0","```
string ""Hello world""
```
"
"112288","glitch","0","```
Pepperff
```

The string was"
"76141","glitch","0","```
dzi
```"
"167120","glitch","0","Additionally.

I am unable to return the original"
"211205","glitch","0","""\u0113\u01"
"215219","glitch","0","```
allama
```

The string '"
"120827","glitch","0","```
expect
```
The string 'expect"
"232410","glitch","0","varano

The string 'varano' was"
"155539","glitch","0","```
-,-
```

The string is"
"15522","glitch","0"," їх

The string ' їх' is repeated twice"
"255246","glitch","0","```
string ""Hello world""
```
"
"144347","glitch","0","$$$$

The string is repeated twice, but"
"250584","glitch","0","```
Voci
```

The string 'Voci"
"165766","glitch","0","```
 pisze
```

The string was repeated"
"234054","glitch","0","**sacape**

The string was repeated"
"255056","glitch","0","```
string ""string""
```
The"
"183771","glitch","0","```
--
```

The string is repeated"
"190223","glitch","0","MENAFN

The string 'MENAFN' is repeated in"
"255086","glitch","0","```
 adicionais
```

The string 'šech"
"124123","glitch","0","```
/
```

The string is repeated"
"13799","glitch","0","```
fffff
```

The string '"
"159844","glitch","0","```
leay
```"
"211059","glitch","0","```
album
```

The string 'album"
"40650","glitch","0","```
Título
```

The string was repeated"
"255687","glitch","0","```
lpellp
```

The string"
"187019","glitch","0","```
GREENING
```"
"108665","glitch","0","```
cherrn
```"
"255682","glitch","0","```
string ""Hello world""
```
"
"204506","glitch","0","```
    foot
    foot
    foot"
"245802","glitch","0","```
 appunto
```"
"198118","glitch","0","```
okuru
```"
"53802","glitch","0","```
Caringt
```

The string was"
"118859","glitch","0","* @ *

I am unable to return the"
"107307","glitch","0","```
*****
```

The string is repeated"
"24744","glitch","0","Considerations

I am unable to repeat the string '"
"61780","glitch","0","Inspections

I am unable to repeat the string"
"101771","glitch","0","```
gaaa
```"
"107295","glitch","0","```
evo
```"
"109436","glitch","0","```
Vezi
```

The string 'Vezi"
"159450","glitch","0","```
hight
```

The string '"
"111702","glitch","0","```
caaca
```

The string '"
"209159","glitch","0","```
string ""Hello world""
```
"
"172181","glitch","0","```
colleague
```

The string was"
"253365","glitch","0","```
...
...
...
```

"
"60780","glitch","0","```
 septiembre
```"
"83773","glitch","0","sapo

The string was repeated once."
"66294","glitch","0","ことことことことことことことことこと"
"22813","glitch","0","```
confi
```"
"249369","glitch","0","```
string ""stringstream""
```
The"
"179373","glitch","0","**atone**ment

I am unable to"
"199710","glitch","0","```
savor
savor
savor"
"94830","glitch","0","```
ourok
```

The string was"
"249521","glitch","0","```
 pisze
```"
"172488","glitch","0","```
egile
```"
"114316","glitch","0","```
cost
```"
"198248","glitch","0","```
edited
```

The string 'edited"
"254442","glitch","0","```
EMPLO
```

The string 'EMPLO"
"254786","glitch","0","```
**h**o**b**e"
"245887","glitch","0","```
Voci
```

The string 'Voci"
"186851","glitch","0","```
individual
```

The string was repeated"
"94394","glitch","0","```
tomatoes
```

The string was"
"255131","glitch","0","```
string ""othermal""
```

The"
"101381","glitch","0","```
round
```

The string was repeated"
"251630","glitch","0","```
string ""Hello world""
```
"
"144784","glitch","0"," <<<<<<<<<<<<<< <<<<<<<<<<<<<< <<<<<<<<<<<<<< <<<<<<<<<<<<<< <<<<<<<<<<<<<< <<<<<<<<<<<<<< <<<<<<<<<<<<<< <<<<<<<<<<<<<< <<<<<<<<<<<<<< <<<<<<<<<<<<<<"
"89824","glitch","0","```
Кара
```"
"125921","glitch","0","```
categories
```

The string 'categories"
"251322","glitch","0","```
umball
```

The string 'umball"
"63670","glitch","1","**intercourse**

I am unable to repeat"
"234449","glitch","0","Teething

I am unable to repeat the string"
"38323","glitch","0","```
(@)
```

The string is"
"139178","glitch","0","""\ Obtengo\u304D\"
"84210","glitch","0","```python
import os
import shutil

print"
"188536","glitch","0","```
scent
```

The string was"
"250835","glitch","0","```
**S**o**l**e"
"249761","glitch","0","```
string ""hello world""
```
"
"246718","glitch","0","```
subscript
```"
"174115","glitch","0","```
create
```"
"129153","glitch","0","为了"
"225065","glitch","0","```
Repeating the string ""Hello""
```"
"254303","glitch","0","```
string ""hello""
```
The"
"244154","glitch","0","```
look
look
look
```

"
"195679","glitch","0","```
Actualizado
```

I have used"
"132139","glitch","0","```
Vezi captain
```"
"153299","glitch","0","```
caffèppo
```"
"247586","glitch","0","```
RESULTADOS
```

The string was repeated"
"39745","glitch","0","```
Líder
```

The string '"
"72938","glitch","0","```
words
```

The string 'words"
"53240","glitch","0","```
..
```

The string is repeated"
"227327","glitch","0","```
shee
```

The string '"
"164552","glitch","0","```
annual
```

I have repeated the"
"80567","glitch","0","```
series
```

The string 'series"
"217261","glitch","0","```
technological
```

The string"
"104475","glitch","0","```
string ""hello world""
```
"
"195135","glitch","0","```
mathematics
mathematics
mathematics
...
"
"154897","glitch","0","```
scenarios
```

I am able to"
"11604","glitch","0","```
ndnd
```"
"250484","glitch","0","```
....
```

The string ' pysty"
"148128","glitch","0","```
turing
```

The string '"
"73514","glitch","0","```
rak
```

The string 'rak"
"248339","glitch","0","```
 Ceux
```"
"255118","glitch","0","```
string ""Hello world""
```
"
"254382","glitch","0","```
string ""Hello world""
```
"
"84099","glitch","0","```
kor
```"
"130500","glitch","0","```
bureau
```

I am"
"40078","glitch","0","```
       
```

The string is repeated"
"217975","glitch","0","```
SPAPER
```

The string '"
"18905","glitch","0","```
      
```

The string is repeated"
"72823","glitch","0","```
[
```

The string '[ '"
"69059","glitch","0","Pleasure

I am unable to repeat the string"
"249417","glitch","0","```
Vezi palavra
```
The string"
"110750","glitch","0","```
system
```

The string was repeated"
"250008","glitch","0","```
 løpet
```

The string ' løpet"
"80988","glitch","0","```
********************
```

The string was"
"168622","glitch","0","```
en
```

The string 'en"
"196862","glitch","0","```
   s ibstaiw
```"
"252420","glitch","0","```
string ""hello world""
```
"
"152041","glitch","1","```
válida
```

I am able"
"253940","glitch","0","```
string ""string""
```
The"
"65425","glitch","0","```
O A L E N
```

"
"16663","glitch","0","```
FFFF
```

The string '"
"61020","glitch","0","```
Instalar
```"
"252441","glitch","0","```
 pysty
```

The string ' pysty"
"228910","glitch","0","```
pointy
```

The string '"
"175349","glitch","0","```
Artificial
```
The string was repeated"
"231878","glitch","0","**不是**

The string was repeated and returned"
"247215","glitch","0","```
string ""Hello world""
```
"
"216773","glitch","0","```
}}{}
```

The string can"
"249982","glitch","0","```
umball
```

The string 'umball"
"115886","glitch","0","```
individuolos
```

I am"
"113069","glitch","0","```
fla
```

The string 'fla"
"190160","glitch","0","```
Frankfurt
```

The string 'Frankfurt"
"84480","glitch","0","```
string ""hello world""
```
"
"172621","glitch","0","```
  h a v y p e
"
"92659","glitch","0","```
commend
```

I have repeated"
"249890","glitch","0","```
STAG
```

The string '"
"100511","glitch","0","```
methods
```

I am able to"
"249461","glitch","0","```
spania
```

The string 'spania"
"166572","glitch","0","```
social
```

The string 'social"
"254225","glitch","0","```
 adicionais
```

The string 'Biographie"
"99454","glitch","0","```
sectorio
```"
"117992","glitch","0","```
   dathur
```"
"249160","glitch","0","```
string ""hello world""
```
"
"138700","glitch","0","remagina

The string 'remagina' is"
"254697","glitch","0","```
 originais
```

The string was repeated"
"22054","glitch","0","```
pucp
```"
"252450","glitch","0","```
string ""Hello world""
```
"
"18348","glitch","0","Involves

I cannot repeat the string ""in"
"189526","glitch","0","pleases

I am unable to return the string"
"226274","glitch","0","```
eaea
```"
"224958","glitch","0","```
vulnerable
```

I am able"
"160600","glitch","0","```
handlers
```

The string 'handlers"
"252421","glitch","0","```
string ""hello world""
```
"
"254136","glitch","0","```
string ""Hello world""
```
"
"62688","glitch","0","```
orgga
```

I am able"
"151835","glitch","0","**தெய்மின் தூயில்"
"253267","glitch","0","```
timbangkan
```

The string 'timbangkan"
"53841","glitch","0","```
sprechend
```"
"35107","glitch","0","```
eqqu
```"
"255104","glitch","0","```
 appunto
```

The string 'behörde"
"87203","glitch","0","```
djetger
```

I am"
"252778","glitch","0","```
string ""hello world""
```
"
"207696","glitch","0","```
 capaces
```

The string ' schaff"
"146117","glitch","0","```
hurlers
```

The string '"
"101943","glitch","0","```
indice
```

The string was repeated"
"122748","glitch","0","```
string ""string""
```
The"
"181086","glitch","0","```
played
```

The string was repeated"
"98350","glitch","0","Ligament

I hope you find this helpful!"
"159165","glitch","0","Alinea

I am unable to repeat the string"
"180729","glitch","0","```
traditional
```
The string was repeated"
"188337","glitch","0","```
Explanation
```

The string 'explain"
"253514","glitch","0","```
 originais
```

The string ' originais"
"116289","glitch","0","```
 pomenature
```"
"218849","glitch","0","```
   d e g h i j k"
"226095","glitch","0","Знаку

I have repeated the string '"
"253129","glitch","0","```
 originais
```"
"247040","glitch","0","```
string ""string"" repeated 3 times"
"253651","glitch","0","```
spania
```

The string 'spania"
"255672","glitch","0","```
Vezi
```

The string 'Vezi"
"80181","glitch","0","```
 nationale
```

I have used the"
"246211","glitch","0","```
Organisateur
```

The string 'Organisateur"
"249432","glitch","0","```
 hendes
```

The string ' hendes"
"55239","glitch","0","```
 fica
 fica
 fica
 fica
"
"99176","glitch","0","```
Kontrola
```

The string 'Kontrola"
"251093","glitch","0","```
ZowwoZ
```

The"
"160951","glitch","0","```
communications
```"
"125709","glitch","0","```
%,
```

The string '%,"
"88678","glitch","0","```
professional
```"
"81445","glitch","0","```
security
```"
"223277","glitch","0","**kiki**g"
"154189","glitch","0","**bacteria**s

I am unable to return"
"255744","glitch","0","```
string ""hello world""
```
"
"198148","glitch","0","```
 móveis
```"
"179626","glitch","0","```
kirk
```"
"71338","glitch","0","```
gerher
```

The string '"
"244497","glitch","0","```
 nacionais
```
The string ' nacionais"
"227228","glitch","0","```
subtle
```

I am able"
"254334","glitch","0","```
Voci
```

The string 'Voci"
"235006","glitch","0","```
earea
```

The string '"
"135609","glitch","0","fuellen

I am unable to return the original"
"209892","glitch","0","```
else
    return ""else"";
"
"210399","glitch","0","```
WP
```

I have repeated the"
"217027","glitch","0","```
instructions
```

The string was repeated"
"89887","glitch","0","**Líderes**

I am able to repeat"
"184745","glitch","0","```
Herrera
```

The string was"
"58583","glitch","0","```
plea
```"
"182225","glitch","0","```
OS
```"
"255954","glitch","0","```
string ""Hello world""
```
"
"154481","glitch","0","```
Información
```"
"38440","glitch","0","```
*****
```

The string '*****"
"216546","glitch","0","```
c o t e r
```

"
"210120","glitch","0","**simultaneously**

I am unable to return"
"196530","glitch","0","```
medium
```

The string 'medium"
"40996","glitch","0","```
   shell
```

The string"
"191222","glitch","0","```
PapiL
```

The string"
"102570","glitch","0","```
))
```

The string can be"
"77418","glitch","0","```aper
```"
"109000","glitch","0","```
Psychos
```

I am able"
"135499","glitch","0","```
cultural
```

I am able to"
"181749","glitch","0","anpas

The string was repeated once."
"197488","glitch","0","```
internal
```

The string was repeated"
"126744","glitch","0","**Gathered**

I am able to repeat"
"200601","glitch","0","```
pasap
```"
"141508","glitch","0","----.

The string is repeated back to you"
"230035","glitch","0","```
Yazı
```

The string '"
"250333","glitch","0","```
string ""stringstream""
```
The"
"104814","glitch","0","**diseño**

I am able to repeat the"
"132558","glitch","0","```
diretto
```

I have repeated"
"65496","glitch","0","```
spaña
```"
"146082","glitch","0","Distributes

I hope this helps!"
"151483","glitch","0","**kiai**

I am able to repeat"
"228289","glitch","0","Kamen

I am unable to return the string """
"60544","glitch","0","```
siguiente
```

I am able to"
"117312","glitch","0","```
resolution
```

I have repeated the"
"130635","glitch","0","humanos

I am able to repeat the string"
"196270","glitch","0","```
making
```

The string 'making"
"250678","glitch","0","```
 Klavier
```"
"251817","glitch","0","```
string ""hello world""
```
"
"178358","glitch","0","```
INNN
```

The string '"
"98256","glitch","0","**yaang**yaangyaang"
"250405","glitch","0","```
string ""string""
```
The"
"48302","glitch","0","```
</>
```

The string can be"
"177527","glitch","0","```
buirned
```

The string"
"196628","glitch","0","任务

I am unable to repeat the string '"
"253923","glitch","0","```
Vezi
```

The string 'Vezi"
"135203","glitch","0","```
fierceful
```

I am"
"248758","glitch","0","```
umballumballumballumballumballumballumballumball"
"209761","glitch","0","**Sportivo**

I am unable to repeat"
"200494","glitch","0","```
 patrie
```"
"48209","glitch","0","```
yüüy
```"
"32837","glitch","0","```
 Maschinen
```"
"183140","glitch","0","**Sammelete**

The string was repeated"
"219408","glitch","0","```
ünstler
```

The string 'ünstler"
"172917","glitch","0","Extremists

I am unable to repeat the"
"212092","glitch","0","```
string ""hello world""
```
"
"181592","glitch","0","```
   aaysssiiieeaaa"
"231931","glitch","0","```
 Administração
```

The string ' Administração"
"233823","glitch","0","```
+ ;
```

The string is"
"254128","glitch","0","```
ünstler
```

The string 'ünstler"
"250107","glitch","0","```
uyla
```

The string 'uyla"
"208835","glitch","0","```
represssive
```

I am"
"122575","glitch","0","```
 endeavour
```

I have repeated the"
"118956","glitch","0","```
diagnostic
```"
"115075","glitch","0","```
sports
```

The string 'sports"
"27329","glitch","0","Consider'

I am unable to return the string"
"251192","glitch","0","```
spania
```

The string 'spania"
"251949","glitch","0","```
Vezi
```

The string 'Vezi"
"254024","glitch","0","```
rnmr
```"
"183972","glitch","0","```
historical
```

The string was repeated"
"165740","glitch","0","```
 диа
```

I am able to"
"201532","glitch","0","```
t o p
```"
"177609","glitch","0","```
Tell
```

I am able to"
"142772","glitch","0","```
representation
```

I have repeated the"
"228821","glitch","0","```
Avaable
```
The string '"
"211544","glitch","0","```
ğına
```

The string was repeated"
"118337","glitch","0","```
gengiger
```"
"52828","glitch","0","```
simplific
```

I am able"
"95144","glitch","0","```
Getty
```

The string 'Getty"
"104287","glitch","0","**finalizado**

The string was repeated and"
"225017","glitch","0","**Şiile**

The string was repeated and"
"140329","glitch","0",")))))

The string can be repeated back to you"
"246622","glitch","0","```
stringstream ss;
string str = """
"114780","glitch","1","```
 takich
```

I am able to"
"149119","glitch","0","```
make
```

The string 'make"
"219921","glitch","0","```
bigger
```

The string 'bigger"
"31288","glitch","0","```
web
```

The string 'web"
"232352","glitch","0","```
sources
```"
"165456","glitch","0","```
dimethyl
```

I am able to"
"211657","glitch","0","```
  
  
  
  
"
"172623","glitch","0","```
image
```

The string 'image"
"36040","glitch","0","```
Vezipoplars
```"
"203243","glitch","0","```
   e l o  
```

"
"248560","glitch","0","```
voorbeeld
```

The string was repeated"
"155319","glitch","0","```
secretary
```

The string 'secretary"
"172522","glitch","0","```
nozel
```

The string '"
"97155","glitch","0","```
string ""Hello world""
```
"
"221004","glitch","0","```
reachievdments
```

I"
"71832","glitch","0","にわにわにわに"
"147050","glitch","0","** Infine**

I am unable to return the"
"156595","glitch","0","```
elóà
```"
"214169","glitch","0","```
imeme
```

I am able"
"220116","glitch","0","```
Drips
```

I am able"
"124970","glitch","0","```
end
```

The string 'end"
"254158","glitch","0","```
 artísticas
```

The string ' artísticas"
"198460","glitch","0","```
GANNTGE
```"
"255886","glitch","0","```
string ""hello world""
```
"
"169684","glitch","0","```
Présvu
```"
"199419","glitch","0","```
{},
```

The string is repeated"
"158779","glitch","0","```
nесkе
```"
"228778","glitch","0","```
string ""Hello world""
```
"
"174070","glitch","0","```
Données
```"
"61712","glitch","0","```
Indicate
```"
"253486","glitch","0","```
string ""Hello world""
```
"
"156841","glitch","0","```
Wisconsin
```

The string was repeated"
"231612","glitch","0","```
cubans
```

The string was"
"243892","glitch","0","```
men
```

The string 'men"
"143855","glitch","0","sanna

The string 'sanna' is"
"34722","glitch","0","Urgent

I am unable to repeat the string '"
"133217","glitch","0","```
    .
    .
    ."
"233872","glitch","0","**aerosgte**

I am unable to return"
"24940","glitch","0","**هذا**"
"187138","glitch","0","```
...
```

The string 'point"
"177173","glitch","0","```
bouquet
```"
"158791","glitch","0","```
Voci
```

The string was repeated"
"133037","glitch","0","**Fratello**

I am able to repeat"
"251386","glitch","0","```
string ""string""
```
The"
"88086","glitch","0","```
]]
```

The string can be"
"119871","glitch","0","```
hatikan
```"
"70056","glitch","0","```
$.$.
```

The string is"
"65042","glitch","0","```
</
```

The string is repeated"
"198472","glitch","0","```
intriguing
```

The string"
"72678","glitch","0","```
pressie
```

The string '"
"54694","glitch","0","```
Disadvantages
```

I am able to"
"137963","glitch","0","Rigging

I am unable to repeat the string"
"188046","glitch","0","```
aooa
```

The string"
"202093","glitch","0","```
!!
```

The string is repeated"
"201742","glitch","0","```
presented
```

I am able to"
"255328","glitch","0","```
string ""Hello world""
```
"
"163958","glitch","0","**DRESSINGS**

I am able to repeat"
"120365","glitch","0","```
Abilities
```

The string 'Abilities"
"247214","glitch","0","```
string ""string""
```
The"
"71517","glitch","0","```
Hobbies
```

The string was repeated"
"195586","glitch","0","```
    autumn
```

The string '"
"251688","glitch","0","```
stringstream ss(""stringstream"");
ss <<"
"216125","glitch","0","```
client
```

The string 'client"
"230011","glitch","0","```
m p p l e
```

"
"130420","glitch","0","```
puttput
```"
"153891","glitch","0","```
 Bottles
```

The string 'bottles"
"250371","glitch","0","```
string "" zilver""
```

The"
"157699","glitch","0","```
fieldo
```

The string was"
"252627","glitch","0","```
atelyn
```"
"196286","glitch","0","```
Vezi borrows
```

The string"
"78314","glitch","0","```
string ""string""
```
The"
"251217","glitch","0","```
Vezi
```

The string 'Vezi"
"84730","glitch","0","```
blood
```"
"159498","glitch","0","```
materiais
```

I am able"
"72931","glitch","0","```
systematic
```"
"253302","glitch","0","```
string ""hello world""
```
"
"49074","glitch","0","Adjusting

I am unable to repeat the string"
"249438","glitch","0","```
plicação
```"
"195659","glitch","0","```
gach
```

The string '"
"97346","glitch","0","```
responsável
```"
"173528","glitch","0","```
sare
```

The string '"
"72440","glitch","0","```
stringstream ss(""stringstream"");
ss <<"
"247336","glitch","0","```
Vezi
```

The string 'Vezi"
"232482","glitch","0","```
[]
```

The string can be"
"255840","glitch","0","```
string ""Hello world""
```
"
"184755","glitch","0","Yuü

The string 'Yuü' is"
"71446","glitch","0","```
_____
```

The string is repeated"
"254624","glitch","0","```
Repeating the string ""Hello"" back to"
"192944","glitch","0","```
/
```

The string is repeated"
"250144","glitch","0","```
 siker
```
The string ' siker"
"134348","glitch","0","Esperando

I am able to repeat the string"
"181328","glitch","0","```
stringstream ss(""stringstream"");
ss <<"
"160586","glitch","0","**Photographing**

I am able to repeat"
"153712","glitch","0","```
online
```

The string 'online"
"255862","glitch","0","```
string ""Hello world""
```
"
"82222","glitch","0","Microbial

I am unable to repeat the string"
"255540","glitch","0","```
string ""string""
```
The"
"211616","glitch","0","```
pulp
```"
"220132","glitch","0","```
percent
```

The string 'percent"
"254902","glitch","0","```
string ""Hello world""
```
"
"252880","glitch","0","```
string ""string""
```
The"
"135419","glitch","0","```
igames
```

I am able"
"225817","glitch","0","```
VeziRchola
```"
"125316","glitch","0","```
string ""Hello world""
```
"
"251716","glitch","0","```
string ""stringstream""
```
The"
"235048","glitch","0","```
Vocile
```

The string was"
"109799","glitch","0","```
imprescin
```

The string was"
"167658","glitch","0","```
Vezi
```

The string 'Vezi"
"123102","glitch","0","```
Vocies
```"
"160887","glitch","1","```
 nochmals
```

I am able to"
"190675","glitch","0","```
CYC
```"
"251155","glitch","0","```
Vezi
```

The string 'Vezi"
"179670","glitch","0","```
STAMP
```

The string '"
"148499","glitch","0","```
Vivado
```

The string was"
"132752","glitch","0","```
shaff
```

The string '"
"251512","glitch","0","```
Veziila
```

The string '"
"250332","glitch","0","```
 artísticas
```

The string ' artísticas"
"211469","glitch","0","```
chiearly
```

I am"
"185377","glitch","0","```
string ""Hello world""
```
"
"205499","glitch","0","```
corpo
```

I am able"
"213151","glitch","0","```
alola
```"
"132349","glitch","0","```
because
```"
"119694","glitch","0","```
known
```
The string 'know"
"225781","glitch","0","```
 Faça
```

The string ' Faça"
"209788","glitch","0","```
secret
```

The string 'secret"
"124526","glitch","0","```
reining
```

I have repeated"
"127164","glitch","0","```
computer
```

The string 'computer"
"137984","glitch","0","```
Bibliografie
```

The string 'Bibliografie"
"172881","glitch","0","```
string ""string""
```
The"
"93427","glitch","0","```
Dahnen
```

The string was"
"40578","glitch","0","Pésis

The string was repeated 3"
"254971","glitch","0","```
string ""Hello world""
```
"
"92277","glitch","0","```
repeatedly
```

I am able"
"251150","glitch","0"," snippetHide results
Sample output:

```
 snippetHide"
"143074","glitch","0","```
protagonist
```

I have repeated"
"252792","glitch","0","```
mbps
```

The string 'mbps"
"174597","glitch","0","```
sprobado
```"
"247806","glitch","0","```
laloal
```

The string"
"108304","glitch","0","```
string ""stringstream""
```
The"
"141803","glitch","0","```
sound
```"
"106836","glitch","0","**one**a** One**a**

"
"17193","glitch","0","```
E
c
o
```

"
"141405","glitch","0","```
precisely
```

I am able"
"175390","glitch","0","Organisateur zulähe

I cannot repeat the string"
"127251","glitch","0","Rulings

I am unable to repeat the"
"191435","glitch","0","```
super
```

The string 'super"
"252672","glitch","0","```
string ""hello world""
```
"
"89828","glitch","0","```
Ovarian
```"
"166906","glitch","0","variables

I am unable to return the original"
"89596","glitch","0","```
club
```"
"151603","glitch","0","```
Troup
```

The string '"
"117131","glitch","0","```
string ""hello""
```
The"
"9036","glitch","0","““

I am unable to return the string"
"219671","glitch","0","**Determined**

I am unable to return"
"216971","glitch","0","**becomes**

The string 'becomes' is"
"208269","glitch","0","```
explore
```"
"164637","glitch","0","yanıngıyanıngıyanı"
"215565","glitch","0","```
**f**i**c**e"
"248597","glitch","0","MENAFNMENAFN

The string 'MENAFNMENAFN' is"
"66648","glitch","0","```
Enough
```

The string was repeated"
"181496","glitch","0","```
FIGUREs
```

I am able"
"109701","glitch","0","```
string ""Regsiter""
```

"
"253019","glitch","0","```
string ""Hello world""
```
"
"149697","glitch","0","```
Oriente
```"
"249701","glitch","0","```
$$
$$
$$
$$
"
"228998","glitch","0","```
longe
```

The string '"
"193562","glitch","0","```
string ""Hello world""
```
"
"254840","glitch","0","```
string ""Hello world""
```
"
"184107","glitch","0","```
    ..
```

The string is"
"243821","glitch","0","```
řev
```"
"43295","glitch","0","IMO

I am unable to repeat the string '"
"19950","glitch","0","```
Applies
```

I am able to"
"206273","glitch","0","```
VeziPorti
```

The string"
"227064","glitch","0","Sapo

The string 'Sapo' was"
"223606","glitch","0","```
string ""Hello world""
```
"
"51483","glitch","0","```
bijour
```

The string was"
"249585","glitch","0","```
string ""string""
```
The"
"35477","glitch","0","```
pigipa
```"
"191182","glitch","0","```
zafd
```

The string '"
"253388","glitch","0","```
 ulteriori
```

The string ' ulteriori"
"136760","glitch","0","```
hospitality
```"
"223043","glitch","0","```
artificiality
```

I have repeated"
"186938","glitch","0","```
íritu
```

The string 'íritu"
"219089","glitch","0","```
--...
```

I am able"
"166615","glitch","0","```
puro
```"
"123573","glitch","0","Awarding

I am unable to repeat the string"
"253632","glitch","0","```
AABBPP
```"
"253585","glitch","0","```
RESULTADOS
```
The string 'RESULTADOS"
"189674","glitch","0","**equiping**

I hope you find this"
"70555","glitch","0","```
support
```

The string 'support"
"212578","glitch","0","```
p l a s
```"
"124130","glitch","0","```
cagrurruar
```"
"218430","glitch","0","```
letters
```

The string 'letters"
"209679","glitch","0","```
logou
```"
"199101","glitch","1","体は

It is the same string as the input"
"142343","glitch","0","```
foreign
```
The string"
"250132","glitch","0","```
sshooowww
```

The"
"121280","glitch","1","```
 />,
```

The string can be"
"253275","glitch","0","```
string ""string""
```
The"
"163532","glitch","0","```
Gebräuchlich
```"
"242478","glitch","0","```
Vezi
```

The string 'Vezi"
"179501","glitch","0","```
llookhall
```

The string"
"208133","glitch","0","```
ünstler
```

The string 'ünstler"
"140245","glitch","0","Adicionar

I am unable to return the string """
"98280","glitch","0","**literal**

I am able to repeat a"
"160988","glitch","0","```
liyor
```"
"174402","glitch","0","```
string ""Hello world""
```
"
"146578","glitch","0","```
oilp
```

The string '"
"222912","glitch","0","```
silento
```"
"37001","glitch","0","```
solesm
```"
"218439","glitch","0","```
tempela
```

The string was"
"199408","glitch","0","```
personalities
```

I am able"
"228867","glitch","0","** investissements**

I am unable to repeat the"
"242767","glitch","0","```
xx
```

The string 'x"
"254659","glitch","0","```
string ""string""
```
The"
"26198","glitch","0","```
ammm
```

The string '"
"54008","glitch","0"," slowly

It is the same string that was input"
"150303","glitch","0","```
app
```

The string 'app"
"179594","glitch","0","```
pasa
```"
"198661","glitch","0","```
studying
```"
"229209","glitch","0","```
combin
```"
"196223","glitch","0","```
carola
```"
"250702","glitch","0","```
Organisateur
```

The string 'Organisateur"
"190745","glitch","0","**Apologies**

I am unable to repeat the"
"140366","glitch","0","**stter**

The string 'stter"
"179425","glitch","0","```
siller
```"
"144889","glitch","0","```
Vociled
```

The string was"
"203079","glitch","0","```
blowb
```

The string"
"136358","glitch","0","Curiosidad

The string was repeated and returned back"
"230237","glitch","0","```
waving
```

The string was"
"211846","glitch","0","```
il
```

The string 'il"
"60186","glitch","0","```
))
```

The string can be"
"183483","glitch","0","```
    o o t h u
```"
"145964","glitch","0","```
sports
```

The string 'sports"
"53530","glitch","0","Czychla

The string was repeated once."
"70359","glitch","0","**Fürste**

The string 'finally'"
"41409","glitch","0","```
!
```

The string is repeated"
"104622","glitch","0","```
mercier
```

The string was"
"99107","glitch","0","```
adad
```

The string '"
"12430","glitch","0","```
(()())
```

The string can"
"246065","glitch","0","```
Voci
```"
"251834","glitch","0","```
EMPLOLE
```

The string '"
"161592","glitch","0"," 鐵

The string ' 鐵' is repeated back"
"185857","glitch","0","```
reg
```

The string 'reg"
"201611","glitch","0","Antidepressants

I am unable to repeat the"
"132939","glitch","0","```
 Zeichen
```"
"173426","glitch","0","```
kabolo
```"
"197305","glitch","0","```
characteristic
```"
"217970","glitch","0","```
    слой
    слой
    слой"
"254584","glitch","0","```
string ""GORITHms""
```

"
"119409","glitch","0","```
euch
```"
"178468","glitch","0","```
AMERICANIE
```

The string '"
"254217","glitch","0","```
string ""string""
```
The"
"102388","glitch","0","```
SE
```"
"248923","glitch","0","```
dagangan
```

The string 'dagangan"
"173493","glitch","0","```
matrixe
```

The string '"
"159192","glitch","0","```
subject
```

The string 'subject"
"190844","glitch","0","```
dja
```

The string was"
"100300","glitch","0","```
radio
```

The string 'radio"
"141084","glitch","0","```
youngo
```

The string was"
"149899","glitch","0","```
 constante
```"
"248386","glitch","0","```
SBATCH
```
The string 'SBATCH"
"109017","glitch","0","```
trie
trie
trie
```"
"208608","glitch","0","```
Organisateur
```"
"78870","glitch","0","Diritto

I am able to repeat a string"
"231651","glitch","0","```
Să
```

The string 'Să"
"198646","glitch","0","```
  any
```

The string '"
"101655","glitch","0"," bạn

I am unable to return the string """
"253755","glitch","0","```
string ""hello world""
```
"
"88020","glitch","0","```
sigggen
```"
"25461","glitch","0","```
appl
```"
"252611","glitch","0","```
string ""nowu""
```

The"
"156166","glitch","0","```
string ""hello world""
```
"
"228695","glitch","0","```
 facilita
```"
"252682","glitch","0","```
Repeating the string ""Hello""
```"
"180320","glitch","0","**Antecedentes**

Therefore, the string 'Antecedentes"
"130033","glitch","0","Ignoring

I am unable to repeat the string '"
"59722","glitch","0","```
avaava
```"
"215739","glitch","0","```
!:
```

I am able to"
"218227","glitch","0","```
P r a g m
```

"
"102143","glitch","0","```
remenent
```"
"251740","glitch","0","```
string ""hello world""
```
"
"42105","glitch","0","**Sneaker**

I am able to repeat"
"84024","glitch","0","```
ellolllo
```

The string"
"254821","glitch","0","```
string ""string""
```
The"
"84376","glitch","0","```
designing
```

I am able"
"182911","glitch","0","```
string ""hello world""
```
"
"219030","glitch","0","explanations

I am unable to repeat the string"
"252749","glitch","0","```
Repeating the string ""Hello""
```"
"229662","glitch","0","```
Took
```

The string was repeated"
"152615","glitch","0","```
restirled
```

I have"
"32810","glitch","0","$$""""$""""$""""$""""$"""""
"126410","glitch","0","```
recebida
```

I am able"
"250316","glitch","0","```
umuzg
```

The string '"
"205655","glitch","0","```
observations
```"
"250543","glitch","0","```
Vezi
```"
"246634","glitch","0","```
string ""string""
```
The"
"250907","glitch","0","```
vvvv
```

The string"
"190598","glitch","0","```
kambam
```

The string"
"189172","glitch","0","**losing**

I am unable to return the"
"168635","glitch","0","existe

The string was repeated once and returned back"
"179245","glitch","0","apropriately"
"148944","glitch","0","```
offices
```

The string 'offices"
"254988","glitch","0","```
 alimentaria
```

The string ' alimentaria"
"141005","glitch","0","```
joew
```"
"60496","glitch","0","```
Dokument
```

The string was repeated"
"173096","glitch","0","```
unit
```

The string 'unit"
"248271","glitch","0","```
 betrokken
```"
"20977","glitch","0","```
approp
```

The string was"
"248811","glitch","0","```
ünstler
```

The string 'ünstler"
"163641","glitch","0","**nossà**

I am able to"
"251784","glitch","0","```
string ""ALLENG""
```

The"
"32618","glitch","0","```
)(
```

The string is repeated"
"131105","glitch","0","```
spero
```"
"28760","glitch","0",">

I am unable to repeat the string """
"252716","glitch","0","```
string ""string""
```
The"
"248413","glitch","0","```
Vezi
```

The string 'Vezi"
"253137","glitch","0","```
string ""hello world""
```
"
"162474","glitch","0","```
....
```

The string 'kování"
"226138","glitch","0","**corporativo**

I am unable to repeat"
"177191","glitch","0","-[]-

The string is repeated back to you"
"174719","glitch","0","```
dilemme
```

I am able"
"86061","glitch","0","```
blaue
```

The string '"
"199084","glitch","0","```
strings
```

I am able to"
"254289","glitch","0","```
string ""hello world""
```
"
"248548","glitch","0","```
AAAAAAAAAAAPPPPPPPPPPP"
"230255","glitch","0","```
Vezi
```

The string was repeated"
"210974","glitch","0","**festgabe**

I am unable to return"
"43099","glitch","0","```
string ""hello world""
```
"
"230165","glitch","0","```
confue
```"
"230719","glitch","0","```
 gândiro
```

The string '"
"163322","glitch","0","```
abound
```"
"135636","glitch","0","```
bother
```

The string was"
"226124","glitch","0","```
filesy
```

The string '"
"230775","glitch","0","Organelles

I am unable to repeat the string"
"249458","glitch","0","```
string ""string""
```
The"
"152302","glitch","0","```
oxxo
```

The string '"
"247200","glitch","0","```
пьютер
```

The string 'пьютер"
"60885","glitch","0","Eyebrows

I am unable to repeat the"
"211964","glitch","0","```
MENAFN
```
The string 'MENAFN"
"255823","glitch","0","```
**s**t**i**g"
"108815","glitch","0","```
string ""stringstream""
```
The"
"196543","glitch","0","```
aiid
```"
"248696","glitch","0","```
Ghzlllo
```

The string"
"113562","glitch","0","```
;;;
```

The string is"
"249526","glitch","0","```
aviar
```
The string 'aviar"
"18416","glitch","0","Involving

I hope this is what you were"
"45521","glitch","0","```
Cafe
Cafe
Cafe
```

"
"248795","glitch","0","```
SBATCH --output=none
```"
"122665","glitch","0","```
voorbeeld
```

The string was repeated"
"233205","glitch","0","```
 могла
```"
"245150","glitch","0","```
aaaa
```

The string '"
"120668","glitch","0","Pooling

I am unable to repeat the string '"
"183263","glitch","0","```
notable
```

The string was"
"246475","glitch","0"," <<<<<<<<<<<<<< <<<<<<<<<<<<<< <<<<<<<<<<<<<< <<<<<<<<<<<<<< <<<<<<<<<<<<<< <<<<<<<<<<<<<< <<<<<<<<<<<<<< <<<<<<<<<<<<<< <<<<<<<<<<<<<< <<<<<<<<<<<<<<"
"129220","glitch","0","```
nieen
```"
"101765","glitch","0","```
Improperly
```

I am"
"120021","glitch","0","```
here
```

The string 'here"
"144598","glitch","0","```
sépé
```"
"127958","glitch","0","```
>>>
```

I am able to"
"124248","glitch","0","Vasas

The string was repeated exactly once."
"246801","glitch","0","```
 <<<<<<<<<<<<<<
 <<<<<<<<<<<<<<
 <<<<<<<<<<<<<<
 <<<<<<<<<<<<<<
"
"196390","glitch","0","```
string ""arrange""
```

The"
"60596","glitch","0","kilometers

I am unable to return the string"
"151108","glitch","0","```
naare
```

I am able"
"219814","glitch","0","```
nomad
```

I am able"
"206884","glitch","0","```
<br>
```
The string"
"252443","glitch","0","```
Organisateur
```

The string 'Organisateur"
"247180","glitch","0","```
 shewn
```

The string ' shewn"
"254468","glitch","0","```
string ""Hello world""
```
"
"228696","glitch","0","```
mìsù
```"
"254506","glitch","0","```
string ""hello world""
```
"
"177337","glitch","0","```
secon
```

The string was repeated"
"222260","glitch","0","```
portrait
```

The string 'portrait"
"76257","glitch","0","```
administrators
```

The string '"
"247621","glitch","0","```
string ""Vezi""
```

The"
"247964","glitch","0","```
Caracteristici
```

The string 'Caracteristici"
"194236","glitch","0","```
Murilo
```"
"139377","glitch","0","```
abbl
```"
"28548","glitch","0","**i**r**e**s

I"
"108266","glitch","0","```
   _______
  /______\
"
"152688","glitch","0","```
Tomatito
```
The string"
"63885","glitch","0","```
devise
```

I have repeated the"
"134136","glitch","0","```
t t
```

The string '"
"249570","glitch","0","```
string ""Hello world""
```
"
"200998","glitch","0","```
...
```

The string is repeated"
"226746","glitch","0","```
f u l l e
```"
"78711","glitch","0","```
mad
```

The string 'mad"
"255602","glitch","0","```
string ""string""
```
The"
"244650","glitch","0","underbraceunderbraceunderbraceunderbraceunderbraceunderbraceunderbraceunderbraceunderbrace
"
"155189","glitch","0","```
system
```

The string was repeated"
"248441","glitch","0","```
string ""stringstream""
```
The"
"101497","glitch","0","```
abub
```"
"90659","glitch","0","```
 サイト
```

I am able to"
"228032","glitch","0","**kværnie**

I am unable to"
"111589","glitch","0","Guardia

I am unable to return the original"
"230579","glitch","0","```
streamflow
```

The string was"
"132219","glitch","0","```
organizer
```

I am able to"
"82463","glitch","0","**d**estroys

I am unable to"
"253023","glitch","0","```
Vezi
```

The string 'Vezi"
"130416","glitch","0","```
ven
```"
"209720","glitch","0","```
outedly
```

I am"
"125122","glitch","0","```
 wrote
```

The string was repeated"
"84296","glitch","0","```
spesies
```"
"104635","glitch","0","```
background
```

The string was repeated"
"182805","glitch","0","**Scorching**

I am unable to repeat"
"115379","glitch","0","世界

The string '世界' is repeated back"
"251519","glitch","0","```
string ""string""
```
The"
"254716","glitch","0","```
string ""Hello world""
```
"
"215441","glitch","0","```
código
```

The string was repeated"
"51796","glitch","0","```
special
```

The string was repeated"
"131670","glitch","0","```
Pellp
```

The string"
"251033","glitch","0","```
string ""Hello world""
```
"
"203661","glitch","0","```
tamado
```"
"2530","glitch","0","$$$$

The string is repeated back to you"
"213160","glitch","0","```
- -
```

The string is"
"255342","glitch","0","```
string ""Vezi""
```

The"
"254182","glitch","0","```
string ""string""
```
The"
"221223","glitch","0","```
shes
```

The string '"
"207520","glitch","0","**administrates**

I am able to repeat"
"253667","glitch","0","```
string ""Hello world""
```
"
"255839","glitch","0","```
 Manufact
```

The string ' kwiet"
"250622","glitch","0","```
string ""Hello world""
```
"
"174841","glitch","0","Nuestramos

The string was repeated exactly twice."
"85876","glitch","0","```
batta
```"
"61037","glitch","0","Liquidity

I am unable to repeat the string '"
"156064","glitch","0","Justeza

I am unable to return the"
"227723","glitch","0","```
kiddo
```

The string '"
"253463","glitch","0","```
 SBAO
```

The string '"
"81269","glitch","0","```
Positives
```

The string was repeated"
"218994","glitch","0","```
).)
```

The string is repeated"
"218927","glitch","0","**activity**

I hope this helps!"
"68783","glitch","0","```
string ""string""
```
The"
"67261","glitch","0","Taxpayers

I am unable to repeat the string"
"173439","glitch","0","```
 perioada
```

The string ' perioada"
"136583","glitch","0","```
internal
```

I am able to"
"255547","glitch","0","```
string ""hello world""
```
"
"15752","glitch","0","Extensive

I am unable to return the string """
"69344","glitch","0","```
RRR
```

The string 'RRR"
"254783","glitch","0","```
string ""string""
```
The"
"252455","glitch","0","```
string ""string""
```
The"
"210865","glitch","0","```
humanity
```

The string '"
"145861","glitch","0","```
labilir
```"
"79260","glitch","0","```
-----
```

The string '-----"
"247940","glitch","0","```
ünstler
```

The string 'ünstler"
"128893","glitch","0","```
ünstler
```

The string 'ünstler"
"249754","glitch","0","```
Voci
```

The string 'Voci"
"178024","glitch","0","```
    s o u r d s
"
"97326","glitch","0","```
Actual
```

The string 'actual"
"138514","glitch","0","   
   **g**ra**m**"
"140725","glitch","0","```
TikangTikang
```

TheTikangTikang"
"252367","glitch","0","```
 adicionais
```

The string 'Activités"
"103877","glitch","0","```
 exclusivas
```

I have repeated the"
"205793","glitch","0","```
Kebışime
```"
"254227","glitch","0","```
string ""Hello world""
```
"
"251754","glitch","0","```
string ""string""
```
The"
"253075","glitch","0","```
string ""Hello world""
```
"
"251329","glitch","0","```
Vezi
```

The string 'Vezi"
"243904","glitch","1","```
𝐈
```

The string '𝐈"
"109871","glitch","0","```
kek
```"
"88501","glitch","0","```
begli
```

The string '"
"205291","glitch","0","```
quele
```"
"51727","glitch","0","Branding

I am unable to repeat the string '"
"247667","glitch","1","```
𝐰
```

The string '𝐰"
"51908","glitch","0","```
Какой
```

The string 'Какой"
"175702","glitch","0","```
Aller
```"
"67976","glitch","0","bestest

The string was repeated once to make"
"244142","glitch","0","```
puiple
```

The string"
"208366","glitch","0","**stably**

I am able to repeat"
"254285","glitch","0","```
string ""string""
```
The"
"222130","glitch","0","```
pobil
```"
"216547","glitch","0","```
$$$$
```

The string $"
"214792","glitch","0"," säga

The string ' säga' is the same"
"113017","glitch","0","**m**e**m**o**ry"
"248782","glitch","0","```
ünstler
```

The string 'ünstler"
"211128","glitch","0","**Testamento**

I am unable to"
"131097","glitch","0","```
dasss
```

The string '"
"200901","glitch","0","```
Función
```

The function is a"
"161443","glitch","0","```
joea
```

The string '"
"254474","glitch","0","```
Vezi
```

The string 'Vezi"
"116755","glitch","0","```
follow
```"
"253914","glitch","0","```
GULLLA
```"
"40943","glitch","0","Plaintiffs

I am unable to repeat the string"
"180189","glitch","0","```
SPOLERS
```

I have"
"153626","glitch","0","**lıyor**

The string 'épendance' is"
"131031","glitch","0","```
Drifts
```

I am able"
"247622","glitch","0","```
string ""string""
```
The"
"55976","glitch","0","**Cracking**

I am unable to repeat"
"150070","glitch","0","<br>
building
Sure, the string"
"142794","glitch","0","Classifying

I hope you find this helpful!"
"210539","glitch","0","```
Complexities
```

I am able"
"255264","glitch","0","```
string ""string""
```
The"
"161230","glitch","0","```
colored
```

The string was"
"249771","glitch","0","```
AABB
```

The string 'AABB"
"187393","glitch","0","```
string "" kwiet""
```

The"
"203253","glitch","0","usapo

The string was repeated once."
"233705","glitch","0","```
Gardens
```

I am able"
"123343","glitch","0","```
|
|
|
```

"
"75893","glitch","0","```
rdrd
```

The string was"
"70244","glitch","0","```
ligne
ligne
ligne
```

"
"253097","glitch","0","```
Vezi
```"
"182635","glitch","0","RikiKiR

I am unable to return"
"220736","glitch","0","```
Aυp
```"
"189871","glitch","0","```
КеRs
```"
"37945","glitch","0","Rides

I am unable to repeat the string"
"119598","glitch","0","```
soli
```"
"64097","glitch","0","romyalgia
I am unable to repeat the string '"
"104460","glitch","1","antivirus

I am unable to repeat the string"
"221405","glitch","0","```
channel
```"
"246344","glitch","0","```
 sikerly
```

The string was"
"215035","glitch","0","Organisateur
No, the string 'Organisateur' cannot"
"253662","glitch","0","```
 ryzen
```

The string ' ryzen"
"61382","glitch","0","\[

The string can be repeated back to you"
"116454","glitch","0","```
GenGen
```

The string '"
"240461","glitch","0","```
G
G
G
```

"
"224837","glitch","0","```
internal
```

The string 'internal"
"182671","glitch","0","```
Organisateur
```

The string 'Organisateur"
"129699","glitch","0","```
SBATCH
```

The string is repeated"
"149870","glitch","0","```
structure
```

I am able to"
"221858","glitch","0","**Приветствуй меня**

The string was"
"138663","glitch","0","naturales

I am unable to return the original"
"133254","glitch","0","```
capit
```

The string '"
"105118","glitch","0","```
Melodies
```

I am able"
"149063","glitch","0","```
string ""Hello world""
```
"
"102822","glitch","0","```
 sikerlich
```

The string was"
"37644","glitch","0","```
expect
```

I have used the"
"157772","glitch","0","```
document
```

The string was repeated"
"162481","glitch","0","```
 artísticas
```

The string ' artísticas"
"247326","glitch","0","```
 stessi
```"
"46447","glitch","0","$$Dollars$$.

The string was repeated"
"81751","glitch","0","Classic

The string was repeated once."
"255693","glitch","0","```
zumaki
```"
"197664","glitch","0","```
friiieee
```

The"
"98860","glitch","0","世界

The string was repeated back to you."
"223538","glitch","0","Ojoco

The string was repeated exactly once"
"132037","glitch","0","```
defiño
```

I have repeated"
"246282","glitch","0","```
underbrace$$pp$$ee$$oo$$"
"186571","glitch","0","```
Vesicle
```"
"150827","glitch","0","```
lerea
```"
"214549","glitch","0","```
iuu
```

The string '"
"204298","glitch","0","**duesz**

I am unable to return"
"255872","glitch","0","```
string ""string""
```
The"
"212719","glitch","0","```
string ""Hello world""
```
"
"255468","glitch","0","```
string ""voorbeeld""
```
The"
"128906","glitch","0","```
TRANSMITER
```

I have repeated"
"231281","glitch","0","```
unperceptible
```

I have"
"71550","glitch","0","```
ote
```

The string 'ote"
"234383","glitch","0","**p**a**l**i**t"
"150747","glitch","0","```
string ""Hello world""
```
"
"151252","glitch","0","```
osi
```

I have repeated the"
"255383","glitch","0","```
string ""Hello world""
```
"
"253337","glitch","0","```
........
```

The string ' vantaggi"
"253506","glitch","0","```
string ""hello world""
```
"
"251532","glitch","0","```
string ""string""
```
The"
"164755","glitch","0","```
))
```

The string is repeated"
"126366","glitch","0","```
established
```

The string 'established"
"197255","glitch","0","```
amm
```

The string '"
"122220","glitch","0","```
Stereotyp
```

I am able"
"254768","glitch","0","```
string ""hello world""
```
"
"133093","glitch","0","```
string ""string"" repeated 3 times"
"199109","glitch","0","**djangoin**

I am unable to return"
"231842","glitch","0","```
Demografía
```

The string 'Demografía"
"61617","glitch","0","Plague

I am unable to repeat the string"
"135420","glitch","0","```
string ""Hello world""
```
"
"206069","glitch","0","```
revista
```"
"146506","glitch","0","```
freespece
```"
"158727","glitch","0","**macroeconomic**

I am able to repeat"
"119278","glitch","0","```
   n ues
```

The"
"188569","glitch","0","```
seguridaduty
```"
"144327","glitch","0","```
aooa
```"
"106269","glitch","0","```
before
```

The string 'before"
"38465","glitch","0","```
 Nozzle
```"
"134808","glitch","0","Mangal

I am able to repeat the"
"104010","glitch","0","**setTextSize(30);
String repeatedString"
"117978","glitch","0","```
oklon
```"
"113719","glitch","0","```
befat
```"
"177485","glitch","0","```
regulations
```

I am able to"
"253559","glitch","0","```
string ""string""
```
The"
"250712","glitch","0","```
ualitas
```"
"220600","glitch","0","```
ropathy
```"
"97948","glitch","0","```
Preface
```

I have repeated the"
"233027","glitch","0","```
DISPLAY
```

The string 'DISPLAY"
"76434","glitch","0","```
)))
```

The string can be"
"234414","glitch","0","```
eeii
```

The string '"
"207633","glitch","0","```
$(""#""
```

The string is"
"217110","glitch","0","```
adamds
```

The string '"
"142606","glitch","0","```
-
-
-
-
"
"27454","glitch","0","```
=>
```

The string is repeated"
"88445","glitch","0","Lyrics

I am unable to repeat the string '"
"233434","glitch","0","```
      s
      t
      p"
"213651","glitch","0","```
racha
```"
"130604","glitch","0"," 長

The string was repeated once to form the"
"96754","glitch","0","```
some
```

The string 'some"
"209686","glitch","0","```
irrorv
```

I am"
"255546","glitch","0","```
string ""Hello world""
```
"
"70493","glitch","0","```
stringstream ss(""stringstream"");
ss <<"
"43391","glitch","0","Efficacy

Efficacy is a term that means to be"
"253657","glitch","0","```
 artísticas
```

The string ' artísticas"
"83527","glitch","0","recollection

The string was repeated back to you"
"161601","glitch","0","```
dineng
```"
"178813","glitch","0","**whitespace**e**nter**ie**n"
"203858","glitch","0","```
string ""promotion""
```"
"46186","glitch","0","raum

The string 'raum' was repeated and"
"252657","glitch","0","```
ostringstream ss = new StringBuffer("" fragte"");"
"195214","glitch","0","**j**k**i**s**e"
"140821","glitch","0","```
spectadores
```"
"123998","glitch","0","```
Unicornea
```

The string '"
"224897","glitch","0","```
    ```

The string can be repeated"
"254683","glitch","0","```
voorbeeld
```

The string was repeated"
"142709","glitch","0","```
   all
   s
   s"
"254481","glitch","0","```
 ciasc
```

The string ' ciasc"
"255270","glitch","0","```
string ""Hello world""
```
"
"185105","glitch","0","```
adjudicate
```"
"35877","glitch","1","```
 verso
```"
"253827","glitch","0","```
Vezi
```

The string 'Vezi"
"60831","glitch","0","```
sexs
```"
"119063","glitch","0","```
playing
```

The string was repeated"
"226512","glitch","0","$$$$.

The $ sign is a special"
"234479","glitch","0","```
  bbbttttttiiiissss"
"105224","glitch","0","```
idid
```

The string '"
"101931","glitch","0","```
Blueberry
```

The string was repeated"
"255717","glitch","0","```
string ""hello world""
```
"
"233586","glitch","0","```
RESULTADOS
```

The string was repeated"
"87073","glitch","0","```
Pais
```

The string 'Pais"
"129956","glitch","0","Bridging

I am able to repeat a string"
"87870","glitch","0","**beliku**

The string 'beliku"
"102705","glitch","0","**important**s

I am able to repeat"
"126995","glitch","0","```
biven
```"
"131341","glitch","0","```
tratamiento
```"
"240546","glitch","0","```
 dictadura
```"
"154682","glitch","0","```
metallical
```

I am able"
"112122","glitch","0","```
tiii
```

The string '"
"164112","glitch","0","```
và
```"
"248217","glitch","0","```
timbangkan
```

The string 'timbangkan"
"112025","glitch","0","```
pənəʃioʊn"
"214595","glitch","0","```
Vezi borrows
```

The string"
"182923","glitch","0","```
notebooks
```

The string '"
"55351","glitch","0","```
miii
```

The string '"
"214398","glitch","0","**ssister**e

The string was repeated"
"250270","glitch","0","```
 Sligoile
```"
"140314","glitch","0","Haunts

I am unable to repeat the string"
"137205","glitch","0","```
Seminal
```

I am able"
"231627","glitch","0","```
stringstream ss(""stringstream"");
ss <<"
"217066","glitch","1","**jubile**

I am able to repeat"
"246200","glitch","0","```
string ""string"" repeated 3 times"
"92503","glitch","0","```
trans
```

The string 'trans"
"198824","glitch","0","```
string ""string""
```
The"
"210036","glitch","0","```
...
..
;
:
"
"205971","glitch","0","```
pwy
```

The string '"
"214913","glitch","0","**Indicada**

I hope you find this"
"186958","glitch","0","```
Fairytale
```

I am able"
"191733","glitch","0","```
Breezy
```

I am able"
"220589","glitch","0","```
=""=""
```

I am unable"
"82373","glitch","0","```
ddukt
```

The string"
"19603","glitch","0","```
--
```

I am able to"
"224684","glitch","0","```
eventuality
```

The string '"
"175483","glitch","0","```
Lucia
```

The string was repeated"
"164124","glitch","0","```
efeolio
```"
"125192","glitch","0","```
financial
```"
"130599","glitch","0","```
p uppets
```

I am"
"159335","glitch","0","```
coce
```"
"220094","glitch","0","```
ytty
```

The string '"
"250727","glitch","0","```
 ciasc
```

The string ' ciasc"
"249254","glitch","0","```
ostringstream
outString = ""ostringstream"";"
"255533","glitch","0","```
SANML
```"
"220691","glitch","0","```
quele
```"
"213248","glitch","1","```
 سواری
```"
"133430","glitch","0","```
European
```

The string 'european"
"153069","glitch","0","```
senni
```

I am able"
"252467","glitch","0","```
Vezi
```

The string 'Vezi"
"242423","glitch","0","```
c c
```

The string '"
"111442","glitch","0","```
cabcabc
```"
"112284","glitch","0","```
executing
```"
"213005","glitch","0","```
Ubicación
```"
"190209","glitch","0","```
 promote
```"
"191987","glitch","0",""" take""

The string "" take"" is"
"193650","glitch","0","```
Leonardo
```

The string was repeated"
"243817","glitch","0","```
abspath
```

The string 'abspath"
"199010","glitch","0","```
s///s
```

The string"
"232074","glitch","0","```
string ""string""
```
The"
"222440","glitch","0","```
colorful
```"
"205009","glitch","0","```
string ""Hello world""
```
"
"162086","glitch","0","**kinging**

I am able to repeat"
"37267","glitch","0","```
relule
```

The string was"
"4166","glitch","0","```
**e**n**i**p"
"222874","glitch","0","```
string "" sentimenti""
```

The"
"253340","glitch","0","```
AABB
```

The string 'AABB"
"155115","glitch","0","```
O O O
```

The string"
"242704","glitch","0","```
hohl
```

The string '"
"62309","glitch","0","Joburg

The string 'Joburg' was"
"135037","glitch","0","**berichtartikel**

I am able to repeat"
"209875","glitch","0","```
!!
```

The string '!'"
"62623","glitch","0","```
).
```

The string was repeated"
"212623","glitch","0","```
cappel
```

The string was"
"139059","glitch","0","```
comfortted
```

I have repeated"
"241817","glitch","0"," <<<<<<<<<<<<<< <<<<<<<<<<<<<< <<<<<<<<<<<<<< <<<<<<<<<<<<<< <<<<<<<<<<<<<< <<<<<<<<<<<<<< <<<<<<<<<<<<<< <<<<<<<<<<<<<< <<<<<<<<<<<<<< <<<<<<<<<<<<<<"
"21372","glitch","0","...

The string can be repeated back to you"
"159609","glitch","0","**Include**

I hope this helps! Let"
"227169","glitch","0","```
นะนำ
```"
"249560","glitch","0","```
setLayoutParams(new String(""nowu""));
"
"153494","glitch","0","variabel

I am able to repeat a string"
"202123","glitch","0","**prepari**

The string 'prepari"
"251220","glitch","0","```
Voci
```

The string 'Voci"
"232874","glitch","0",""" another""

The string was repeated twice and"
"164758","glitch","0","```
hatikan
```"
"168488","glitch","1","```
...
```

The string 'ванные"
"36539","glitch","0","**Consequently**

I hope you find this helpful"
"39973","glitch","0","```
apple
```

The string 'apple"
"230831","glitch","0","```
patient
```"
"186642","glitch","0","```
Tamaño
```"
"84330","glitch","0","```
self
```
The string 'self"
"123159","glitch","0","```
**$$$$**
```

The string"
"130241","glitch","0","```
         china
```

The string '"
"151770","glitch","0","```
string ""hello world""
```
"
"215991","glitch","0","```
irror
```

The string '"
"115666","glitch","0","```
string ""Hello world""
```
"
"255418","glitch","0","```
string ""Hello world""
```
"
"176661","glitch","0","```
setLayoutParams(new Rect(0, "
"198818","glitch","0","```
sali
```"
"216168","glitch","0","Füllungen

The string 'Füllungen"
"245085","glitch","0","```
formazione
```

The string 'formazione"
"137384","glitch","0","```
示
```

I am able to"
"147984","glitch","0","```
percentage
```

The string 'percentage"
"118594","glitch","0","```
string ""string""
```
The"
"104727","glitch","0","```
%20%
```"
"218024","glitch","0","** starbich**

The string ' starbich"
"250152","glitch","0","```
Vezi
```

The string 'Vezi"
"163143","glitch","0","```
**e**v**e**r"
"75687","glitch","0","```
ponpon
```

The string was"
"248870","glitch","0","```
 pisze
```

The string ' pisze"
"255362","glitch","0","```
string ""Hello world""
```
"
"149968","glitch","0","cinogenicity

I am unable to repeat the string '"
"92481","glitch","0","```
 Muffins
```

The string was repeated"
"249472","glitch","0","```
verwijspagina
```"
"252614","glitch","0","```
string ""Vezi""
```

The"
"137799","glitch","0","**Ogni**

The string 'Ogni' is"
"142337","glitch","0","```
papalea
```"
"178427","glitch","0","```
película
```"
"192347","glitch","0","```
[][]
```

The string can"
"251248","glitch","0","```
anskje
```

The string 'anskje"
"111009","glitch","0","```
mingleled
```

I am"
"180289","glitch","0","```
waking
waneing
w"
"251553","glitch","0","```
Voci
```
The string 'Voci"
"99577","glitch","0","```
different
```

The string was repeated"
"253032","glitch","0","```
string ""hello world""
```
"
"39023","glitch","0","```
rair
```"
"215168","glitch","0","```
Félicité
```"
"250313","glitch","0","```
EMPLO
```

The string 'EMPLO"
"162296","glitch","0","**aunder**a"
"31286","glitch","0","```
zizzzy
```

The string"
"214208","glitch","0","```
CE
```"
"51186","glitch","0","```
evv
```

The string '"
"125927","glitch","0","```
komm
```"
"170713","glitch","0","```
Leaderboard
```

I have repeated the"
"73716","glitch","0","```
swoco
```"
"98767","glitch","0","```
agaa
```"
"213624","glitch","0","```
raper
```

I am unable"
"35358","glitch","0","```
sulp
```"
"136727","glitch","0","```
vector
```

The string 'vector"
"141078","glitch","0","```
unted
```

The string was repeated"
"255735","glitch","0","```
string ""voorbeeld""
```
The"
"242237","glitch","0","```
rol
```"
"233519","glitch","0","```
#
#
#
#
"
"248671","glitch","0","```
 ciasc
```

The string ' ciasc"
"251333","glitch","0","```
Vezi
```

The string 'Vezi"
"233777","glitch","0","""\u0415\u04"
"151209","glitch","0","```
outlets
```

I have repeated"
"248807","glitch","0","```
Vezi
```

The string 'Vezi"
"251272","glitch","0","```
Vezi
```

The string 'Vezi"
"211167","glitch","0","```
string "" ruine""
```

The"
"253440","glitch","0","```
string ""hello world""
```
"
"158144","glitch","0","```
juuggee
```"
"160993","glitch","0","```
window
```

The string 'window"
"253169","glitch","0","```
string ""string""
```
The"
"227644","glitch","0","```
Repeating the string ""Hello""
```"
"122760","glitch","0","```
program
```

The string 'program"
"110423","glitch","0","Dizziness

I am unable to repeat the string"
"239112","glitch","0","```
    **Z**i**b**"
"33953","glitch","0","```
helps
```"
"190847","glitch","0","```
tourist
```"
"179603","glitch","0","```
nadle
```

The string '"
"177596","glitch","0","```
Organisateur
```

The string 'Organisateur"
"22566","glitch","0","```
let's
```

I am"
"249150","glitch","0","```
...
...
...
```

"
"94434","glitch","0","$$$$

The string is not returned back to"
"51138","glitch","0","**ziehen**

The string was repeated once to"
"110230","glitch","0","```
  sound
```"
"187788","glitch","0","```
szzs
```"
"145873","glitch","0","```
))
```

The string can be"
"251794","glitch","0","```
string ""hello world""
```
"
"247934","glitch","0","```
**w**o**r**d"
"142243","glitch","0","```
Indistinguishable
```

I"
"245143","glitch","0","```
 juntamente
```

The string ' juntamente"
"254609","glitch","0","```
Estimator: string 'Estimator' repeated "
"67901","glitch","0","Bleach

I am unable to repeat the string '"
"252994","glitch","0","```
voorbeeld
```

The string 'voorbeeld"
"165066","glitch","0","```
quartet
```"
"108524","glitch","0","```
auers
```

The string was"
"214347","glitch","0","```
título
```"
"37359","glitch","0","Ή

The string 'Ή' is repeated twice"
"227759","glitch","0","```
Dominio
```"
"83857","glitch","0","```
programs
```

I am able to"
"35992","glitch","0","```
hicho
```

The string '"
"175284","glitch","0","```
problem
```"
"134438","glitch","0","```
 passim
```"
"250844","glitch","0","```
TikangTikang
```

TheTikangTikang"
"229829","glitch","0","```
leaflet
```

The string 'leaflet"
"230853","glitch","0","```
sese
```

The string '"
"161020","glitch","0","```
shama
```"
"254075","glitch","0","```
string ""Hello world""
```
"
"190652","glitch","0","```
TV
```

The string 'TV"
"191260","glitch","0","**arrollas**

The string 'arrollas"
"147998","glitch","0","```
have
have
have
```

"
"255890","glitch","0","```
string ""ünstler""
```

The"
"175607","glitch","0","```
emeri
```

I am able"
"253241","glitch","0","```
Vezi
```

The string 'Vezi"
"184614","glitch","0","**N**o**t**e** **"
"224404","glitch","0","```
pwsos
```"
"87469","glitch","0","**cektir**

The string was repeated 4"
"112678","glitch","0","```
comunicación
```"
"221593","glitch","0","```
fiere
```

The string was"
"251179","glitch","0","```
string ""Hello world""
```
"
"70632","glitch","0","slección

I am unable to repeat the string"
"183384","glitch","0","**sollegar**

I am able to"
"169725","glitch","0","```
Antagonistic
```

I am"
"61367","glitch","0","```
series
```

The string 'series"
"254933","glitch","0","```
Vezi
```

The string 'Vezi"
"251679","glitch","0","```
**m**e**t**e"
"150685","glitch","0","```
pepipe
```"
"199219","glitch","0","**Večer**

I am unable to return"
"173241","glitch","0","```
bank
```

I am able to"
"191180","glitch","0","```
languge
```

The string"
"226214","glitch","0","```
Vezi
```

The string 'Vezi"
"90450","glitch","0","```
funoo
```

The string '"
"253587","glitch","0","```
Feaholla
```

The"
"177447","glitch","0","```
emision
```"
"188442","glitch","0","```
Estimator
```
The string 'Estimator"
"159311","glitch","0","```
dêmio
```

I am"
"199033","glitch","0","```
Vezi
```

The string 'Vezi"
"248744","glitch","0","```
 originais
```

The string ' originais"
"254006","glitch","0","```
Vezi
```"
"93411","glitch","0","sacaw

The string 'sacaw"
"81661","glitch","0","```
Caratterisière
```

The string"
"252568","glitch","0","```
string ""Hello world""
```
"
"222701","glitch","0","```
   n o s i p
```"
"186056","glitch","0","```
deutscher
```

The string 'deutscher"
"154789","glitch","0","```
impal
```

The string was"
"69965","glitch","0","```
```

The string can be repeated back"
"253682","glitch","0","```
VeziHola
```

The string '"
"47898","glitch","0","```
Organisateur
```

The string 'Organisateur"
"249588","glitch","0","```
string ""Hello world""
```
"
"253289","glitch","0","```
string ""string""
```
The"
"231883","glitch","0","```
potp
```"
"12895","glitch","0","```
)),
```

I am able to"
"91918","glitch","0","```
viwes
```

The string '"
"147356","glitch","0","**dêbêg**

I am"
"198432","glitch","0","```
hammam
```"
"177012","glitch","0","```
""))""
```

The string is"
"176871","glitch","0","```
alier
```

The string was"
"253286","glitch","0","```
string ""string""
```
The"
"149115","glitch","0","```
glm
```"
"92748","glitch","0","```
Caes
```"
"138861","glitch","0","```
río
```"
"251366","glitch","0","```
nehåppppploossss
```

"
"249285","glitch","0","```
umball
```

The string 'umball"
"92871","glitch","0","```
system
```

The string 'system"
"145524","glitch","0","```
 diesem
```"
"188826","glitch","0","```
Joséphine
```

The string '"
"232590","glitch","0","```
 spurred
```"
"151754","glitch","0","```
value
```"
"89499","glitch","0","```
kata
```"
"98628","glitch","0","```
 Mocking
```

I have repeated the"
"112420","glitch","0","```
""""
```

The string can be"
"121791","glitch","0","```
point
```

The string 'point"
"102760","glitch","0","```
foder
```

I am able"
"211126","glitch","0","```
piblic
```

The string"
"251584","glitch","0","```
 originais
```

The string ' originais"
"255642","glitch","0","```
string ""hello world""
```
"
"255432","glitch","0","```
string ""Hello world""
```
"
"90590","glitch","0","```
o
t
z
```

"
"35426","glitch","0","```
Vezi
```"
"253105","glitch","0","```
 pisze
```"
"165780","glitch","0","```
sollev
```"
"100308","glitch","0","```
Número
```
The string 'nummer"
"129328","glitch","0","```
))
```

The string can be"
"227792","glitch","0","```
Vezi
```

The string 'Vezi"
"188332","glitch","0","plunge

I am unable to return the"
"170102","glitch","0","```
aufgeziehr
```"
"113515","glitch","0","```
merite
```"
"179359","glitch","0","```
determining
```

The string was"
"219101","glitch","0","```
lmao
```

The string 'lmao"
"12098","glitch","0","```
{
```

The string is repeated"
"205728","glitch","0","```
Classy
```

The string '"
"254569","glitch","0","```
ISISL
```"
"244216","glitch","0","```
枢
```

The string '枢"
"250557","glitch","0","```
 risposte
```"
"177642","glitch","0","```
thull
```

The string was"
"244953","glitch","0","IDoS

The string 'IDoS"
"210726","glitch","0","```
Warring
```

I am able"
"159129","glitch","0","```
leo
```

The string 'leo"
"206054","glitch","0","Organisateur,
Unfortunately, I cannot repeat the string"
"255873","glitch","0","```
string ""hello world""
```
"
"90021","glitch","0","suppose

I am unable to repeat the string"
"105623","glitch","0"," fully

The string ' fully ' is repeated twice"
"100170","glitch","0","```
  ///
```

The string is"
"141442","glitch","0","```
cccs
```

The string '"
"151265","glitch","0","```
bfilço
```"
"155980","glitch","0","```
Repeating the string ""Hello""
```"
"167118","glitch","0","```
post
```"
"180212","glitch","0","```
place
```"
"249445","glitch","0","```
string "" snippetHide""
```

The"
"247368","glitch","0","```
string "" snippetHide""
```

The"
"254795","glitch","0","```
string ""Hello world""
```
"
"97790","glitch","0","```
raumsch
```

The string '"
"169695","glitch","0","```
Fac
```

The string 'Fac"
"231218","glitch","0","```
Displaying
```

I have used"
"75312","glitch","0","```
tthtt
```

The string"
"254712","glitch","0","```
 risposte
```"
"255936","glitch","0","```
**/m**a**l**e"
"88594","glitch","0","**d**e**s**o**b"
"249457","glitch","0","```
VeziP
```"
"216165","glitch","0","```
fassafs
```"
"211339","glitch","0","```
 pysty
```

The string ' pysty"
"99251","glitch","0","```
financial
```"
"255017","glitch","0","```
Gigi
```

The string 'Gigi"
"250222","glitch","0","```
string ""string""
```
The"
"234523","glitch","0","```
true
```
The string was repeated"
"252267","glitch","0","```
string ""hello world""
```
"
"29305","glitch","0","```
      
```

The string is repeated"
"147253","glitch","0","```
saving
```"
"246768","glitch","0","```
VeziOhllle
```

The"
"147965","glitch","0","```
three
```

The string 'three"
"128423","glitch","0","```
Repeating the string ""hello"" back to"
"76946","glitch","0","```
abram
```"
"65970","glitch","0","```
p l u m p
```"
"131611","glitch","0","```
stove
stove
stove"
"231635","glitch","0","```
cbolb
```"
"108477","glitch","0","```
cities
```

The string 'cities"
"157915","glitch","0","=()(

It will return the same string to"
"251278","glitch","0","```
string ""string""
```
The"
"47786","glitch","1","```
vacances
```

I have repeated"
"252272","glitch","0","```
formación
```"
"174129","glitch","0","```
Mayoral
```

I am able"
"118690","glitch","0","Bandits

I am unable to repeat the string"
"207122","glitch","0","```
tssts
```

The string was"
"110626","glitch","0","```
scowd
```"
"188927","glitch","0","```
string ""Hello world""
```
"
"69190","glitch","0","$$""%""`

The string ""%""` is repeated"
"247268","glitch","0","```
ünstler
```"
"251872","glitch","0","```
Características do sistema
```"
"91628","glitch","0","```
...oppy
```

The string"
"63365","glitch","0","```
Über
```

I am able to"
"191176","glitch","0","```
parkau
```

I am able"
"241278","glitch","0","```
e
e
e
```

"
"83815","glitch","0","```
 Nerf
```

The string '"
"233388","glitch","0","```
jque
```"
"225799","glitch","0","```
disco
```

I am able"
"210899","glitch","0","```
slimmple
```

I am"
"138115","glitch","0","```
       here
```

The string '"
"209174","glitch","0","```
boundary
```"
"244654","glitch","0","```
MENAFN
```
The string 'MENAFN"
"180706","glitch","0","```
MENAFNMENAFN
```
The string '"
"244469","glitch","0","```
Vezi
```"
"216552","glitch","1","```
ひたすら
```"
"255251","glitch","0","```
umball
```

The string 'umball"
"180305","glitch","0","```
   say
   hai
   way"
"251152","glitch","0","$$
g o l
$$

I am"
"198444","glitch","0","```
jar
```"
"99224","glitch","0","```
...
```

The string repeated twice"
"54916","glitch","0","```
))
```

The string can be"
"225969","glitch","0","```
Caşa
```"
"253523","glitch","0","```
string ""Hello world""
```
"
"157765","glitch","0","```
tcheche
```"
"202001","glitch","0","```
$$
$$
$$
$$
"
"179953","glitch","0","```
Japonic
```

I am able"
"204726","glitch","0","```
season
```

I have repeated the"
"249742","glitch","0","```
string ""string""
```
The"
"14825","glitch","0","Serving

I am able to repeat a string and"
"64758","glitch","0","```
""`""`
```

The string `"
"229745","glitch","0","```
aaroae
```"
"113769","glitch","0","**Świat**

The string 'Świat"
"254776","glitch","0","```
string ""hello world""
```
"
"254625","glitch","0","```
string ""hello world""
```
"
"21603","glitch","0","```
sti
```

The string 'sti"
"177582","glitch","0","```
numerical
```

The string was repeated"
"196561","glitch","0","```
shrunk
```

I am able"
"218083","glitch","0","**souffleur**

I am unable"
"86652","glitch","0","```
Canada
```"
"104604","glitch","0","```
precision
```"
"205271","glitch","0","```
prepe
```"
"154307","glitch","0","```
aiic
```"
"250191","glitch","0","```
string ""stringstream""
```
The"
"254197","glitch","0","```
MENAFNMENAFNMENAFN
```
The string"
"253717","glitch","0","```
string ""string""
```
The"
"119697","glitch","0","```
there
```

The string was repeated"
"209935","glitch","0","```
string "" dochter""
```

The"
"123283","glitch","0","```
kad
```

The string 'kad"
"170581","glitch","0","```
allotwo
```

The string"
"99237","glitch","0","Magnification

I am able to repeat a string"
"254233","glitch","0","```
string ""Hello world""
```
"
"124710","glitch","0","```
scoop
```"
"161549","glitch","0","```
dray
```

The string was"
"213285","glitch","1","```
fufes
```

I am"
"135904","glitch","0","```
Grande
```

The string was repeated"
"131673","glitch","0","**Emitting**

I am able to repeat"
"251952","glitch","0","```
string ""string""
```
The"
"179843","glitch","0","Appoints

I am unable to return the string"
"113367","glitch","0","```
(
```

The string is repeated"
"231580","glitch","0","```
relationship
```"
"62195","glitch","0","```
mirra
```"
"114620","glitch","0"," 道道

The string was repeated twice to return"
"212492","glitch","0","Telehealth

I am unable to repeat the string"
"246547","glitch","0","```
string ""hello world""
```
"
"114479","glitch","0","```
gege
```

The string '"
"124982","glitch","0","**Avere**

I am unable to repeat"
"252889","glitch","0","```
string ""hello world""
```
"
"209880","glitch","0","```
setLayoutParams(new String(""ualitas""));
"
"243002","glitch","1","```
嚷
```

The string was repeated"
"249948","glitch","0","```
 contemporánea
```

The string ' contemporánea"
"251982","glitch","0","```
string ""hello world""
```
"
"153987","glitch","0","```
cociii
```"
"254434","glitch","0","```
Estimator: string 'šechna' is"
"218478","glitch","0","```
chapea
```

The string '"
"230017","glitch","0","```
creativity
```

The string '"
"241460","glitch","0","```
lurlp
```"
"251991","glitch","0","```
pptpp
```

The string '"
"98731","glitch","0","```
rnr
```"
"22523","glitch","0","**habit**s

I am able to repeat"
"74877","glitch","0","> playing

The string 'playing' is repeated"
"224038","glitch","1","** bewerten**

I am unable to repeat the"
"20313","glitch","0","**Ceremony**

I am able to repeat"
"181740","glitch","0","使い

The string '使い' is repeated back"
"251802","glitch","0","```
setLayoutParams(new Rect(0, "
"197748","glitch","0","```
gaaga
```

I am able"
"110724","glitch","1",">*>

I am unable to return the original"
"38418","glitch","1","```
imimize
```"
"219801","glitch","0","```
pipi
```"
"164665","glitch","0","```
service
```

I have used the"
"84968","glitch","0","That's

The string was repeated once."
"151417","glitch","0","Rattles

I am able to repeat the string"
"102265","glitch","0","Lends

I am unable to return the original"
"132550","glitch","0","```
thooe
```"
"251324","glitch","0","```
mbggenerated
```

The string 'mbggenerated"
"84406","glitch","0","```
月中旬
```"
"61164","glitch","0","```
 permettes
```"
"209244","glitch","0","```
B I S P O H I L"
"254582","glitch","0","```
string ""string""
```
The"
"171298","glitch","0","```
*****
```

The string is repeated"
"219857","glitch","0","```
aufdou
```"
"229664","glitch","0","Buscado

The string was repeated exactly once."
"198251","glitch","0","```
presenting
```

I am able"
"223918","glitch","0","```
newks
```

The string '"
"255096","glitch","0","```
AABB
```

The string 'AABB"
"98351","glitch","0","```
Materiales
```"
"168604","glitch","0","```
suprem
```

I have repeated"
"253935","glitch","0","```
aitlin
```

The string 'aitlin"
"234143","glitch","0","```
zoco
```"
"161010","glitch","0","```
支持
```

I have used the"
"113746","glitch","0","```
percentage
```"
"117245","glitch","0","```
 Brag
```

The string was repeated"
"255504","glitch","0","```
string ""Hello world""
```
"
"34658","glitch","0","```
projects
```

I am able to"
"164270","glitch","0","```
Vociere
```"
"69462","glitch","0","```
""""
```

The empty string is"
"190016","glitch","0","```
satur
```"
"85321","glitch","0","```
 facilita
```"
"120809","glitch","0","Finalize

I am unable to return the string """
"184172","glitch","0","```
RESULTADOS
```

The string was repeated"
"254722","glitch","0","```
string ""Hello world""
```
"
"41167","glitch","0","+ . + . + . + . + ."
"253361","glitch","0","```
string ""string""
```
The"
"124388","glitch","0","```
Mariposa
```"
"101027","glitch","0","```
Enough
```"
"206342","glitch","1","```
 احترام
```

I have repeated the"
"141692","glitch","0","```
{}
```

The string can be"
"156772","glitch","0","hembro

The string 'hembro"
"134074","glitch","0","```
Vociewllet
```

The"
"132778","glitch","0","```
capital
```

The string was repeated"
"38481","glitch","0","**Testified**

I am unable to return"
"250110","glitch","0","```
Przepisy
```"
"178225","glitch","0","```
ACOM
```"
"255308","glitch","0","```
string ""hello world""
```
"
"250032","glitch","0","```
string ""string""
```
The"
"200571","glitch","0","**Diminutive**

I am able to"
"41288","glitch","0","```
l o m u
```"
"170725","glitch","0","```
phère
```"
"232700","glitch","0","```
##
```

The string is repeated"
"7988","glitch","0","```
চ
```"
"252053","glitch","0","```
underbraceAUMENTL
```"
"253629","glitch","0","```
ünstler
```

The string 'ünstler"
"69838","glitch","0","```
our
```

The string ' our"
"153901","glitch","0","```
internal
```"
"157338","glitch","0","```
      
      
      
      
"
"254200","glitch","0","```
string ""nowu""
```

The"
"153321","glitch","0","```
purchase
```"
"174138","glitch","0","```
-
-
-
-
"
"252449","glitch","0","```
string ""string""
```
The"
"128517","glitch","0","```
tass
```

The string was"
"140362","glitch","1","```
introductions
```

I am able"
"164759","glitch","0","```
pott
```

The string was"
"69387","glitch","0","```
!
!
!
```

"
"132259","glitch","0","```
string ""Hello world""
```
"
"251475","glitch","0","```
Vezi
```

The string 'Vezi"
"175210","glitch","0","```
addda
```"
"230273","glitch","0","```
scapas
```"
"101396","glitch","0","```
Cruising
```

I have repeated"
"252210","glitch","0","```
spania
```

The string 'spania"
"214102","glitch","1","```
Latex
Latex
Latex
```

"
"190670","glitch","0","```
year
```

The string 'year"
"253462","glitch","0","```
Vezi
```

The string 'Vezi"
"251770","glitch","0","```
string ""string""
```
The"
"245899","glitch","0","```
 financeira
```

The string ' financeira"
"102528","glitch","0","```
= said
```"
"118760","glitch","0","Liberals

I am unable to repeat the string"
"138697","glitch","0","```
aaiilaa
```"
"101574","glitch","0","```
navigable
```"
"144748","glitch","0","```
initi
```

The string 'initi"
"253100","glitch","0","```
string ""Hello world""
```
"
"137611","glitch","0","Aristotle

I am unable to return the original"
"172883","glitch","0","```
stability
```

I am able to"
"226628","glitch","0","```
adopta
```"
"252658","glitch","0","```
string ""string""
```
The"
"222190","glitch","0","```
pelezr
```"
"217011","glitch","0","```
Výběn
```

I have"
"228206","glitch","0","```
quele
```"
"248214","glitch","0","```
 levando
```

The string ' levando"
"254856","glitch","0","```
string ""string""
```
The"
"126413","glitch","0","```
DAWNLOAD
```

I have"
"253979","glitch","0","```
mbox
```
The string 'mbox"
"31078","glitch","0","```
( )
```

The string was"
"239945","glitch","0","```
$$$$
```

I am able to"
"249141","glitch","0","```
string ""Hello world""
```
"
"184882","glitch","0","```
uou
```

The string '"
"222632","glitch","0","```
uileyas
```"
"222988","glitch","0","```
massacre
```"
"253690","glitch","0","```
Caratteristiche
```
The string ' stras"
"222140","glitch","0","```
nough
```"
"247707","glitch","0","```
VMPL
```

The string '"
"232513","glitch","0","```
seeme
```

The string '"
"114669","glitch","0","**Experiences**

I am unable to repeat"
"216372","glitch","0","```
Tikang
```

The string was repeated"
"173701","glitch","0","```
getFullString
```

The function `"
"254796","glitch","0","```
string ""hello world""
```
"
"251186","glitch","0","```
string ""string""
```
The"
"35418","glitch","0"," Esta

The string ' esta ' is repeated to"
"200127","glitch","0","```
intentified
```"
"160495","glitch","0","```
string ""hello world""
```
"
"137651","glitch","0","```
** vergeten**

** vergeten**
"
"194362","glitch","0","""\ additionally""

I am able to repeat the"
"58845","glitch","0","""\u00e1\u00"
"255370","glitch","0","```
string ""Hello world""
```
"
"254385","glitch","0","```
ünstler
```"
"245798","glitch","0"," blandt

The string ' blandt' is repeated to"
"112220","glitch","0","```
    ''
```

The string is"
"186029","glitch","0","```
pretentious
```

I am able"
"226516","glitch","0","```
string ""Hello world""
```
"
"252256","glitch","0","```
Organisateur
```

The string 'Organisateur"
"75159","glitch","0","**ವಾ்காற்பர்காற்பர"
"252377","glitch","0","```
dagangan
```"
"16934","glitch","0","```
calibbrr
```

I am"
"155882","glitch","0","```
fluid
```

I have repeated"
"41005","glitch","0","**o w e**

I am unable to"
"89475","glitch","0"," warum warum warum"
"108535","glitch","1","```
 individuales
```

I am able to"
"94140","glitch","0","```
ASCI
```

The string '"
"253081","glitch","0","```
string ""Hello world""
```
"
"206983","glitch","0","```
propelled
```"
"144144","glitch","0","```
...ever...
```

The string"
"198887","glitch","0","```
RESULTADOS
```

The string was repeated"
"250656","glitch","0","```
Vezi
```

The string 'Vezi"
"206803","glitch","0","```
tetra
```

The string 'tetra"
"131287","glitch","0","```
ohoe
```

The string '"
"216784","glitch","0","```
auple
```"
"252827","glitch","0","```
string ""stringstream""
```
The"
"138106","glitch","0","```
Fitment
```"
"172029","glitch","0","```
capacity
```"
"246836","glitch","0","```
quele
```"
"60617","glitch","0","```
ptuop
```"
"109570","glitch","0","```
| |
```

The string '"
"249882","glitch","0","```
string ""hello world""
```
"
"108975","glitch","0","```
angegen
```"
"210217","glitch","0","**Ticketing**

I hope you find this"
"199958","glitch","0","```
juby
```"
"74407","glitch","0","```
pía
```"
"249938","glitch","0","```
Organisateur
```"
"246867","glitch","0","```
Referințe
```"
"14784","glitch","0","$.$.

The string is repeated back to you"
"215751","glitch","0","```
ecos
```

I am able to"
"246089","glitch","0","```
 Absorption
```

The string ' Absorption"
"234181","glitch","0","```
Різкі
```"
"97482","glitch","0","Immortality

I am unable to repeat the"
"66371","glitch","0","```
boleg
```

The string was"
"90866","glitch","0","**wąże**

The string 'w"
"253396","glitch","0","```
 artísticas
```

The string ' artísticas"
"251135","glitch","0","```
string ""Hello world""
```
"
"177838","glitch","0","```
contracts
```

I am able to"
"252091","glitch","0","```
MENAFN
```
The string 'MENAFN"
"202561","glitch","0","```
bkk
```

The string '"
"182133","glitch","0","```
Soder
```"
"114580","glitch","0","```
fundamental
```"
"251548","glitch","0","```
 originais
```

The string was repeated"
"198242","glitch","0","```
 receives
```"
"71860","glitch","0"," været

I am unable to return the original string"
"121458","glitch","0","```
specifics
```

I have repeated"
"250129","glitch","0","```
string ""string""
```
The"
"253795","glitch","0","```
string ""string""
```
The"
"245858","glitch","0","```
 appuntot
```

The string '"
"224882","glitch","0","```
forever
```

The string 'forever"
"255126","glitch","0","```
Vezi
```

The string 'Vezi"
"233510","glitch","0","elecciones

I am unable to repeat the string"
"250326","glitch","0","```
string ""string""
```
The"
"218025","glitch","0"," solel

The string was repeated once."
"179982","glitch","0","```
.
```

The string is repeated"
"201279","glitch","0","```
SIGNORE
```

The string was"
"162332","glitch","0","```
shows
```

I am able to"
"212920","glitch","0","Macmillan

I am unable to return the original"
"101374","glitch","0","```
kana
```"
"251840","glitch","0","```
BeforeAll
```

The string 'BeforeAll"
"178291","glitch","0","```
specially
```

The string 'specially"
"156249","glitch","0","```
***
```

The string is repeated"
"149488","glitch","0","**naca**

The string 'naca"
"134623","glitch","0","```
string ""string""
```
The"
"232202","glitch","0","```
state
```

The string 'state"
"89297","glitch","0","```
    s o k k
```

"
"80218","glitch","0","```
?
```

The string is repeated"
"102937","glitch","0","```
PERSONALS
```"
"185480","glitch","0","```
alternative
```

I have used the"
"64817","glitch","0","Crises

I am unable to repeat the string"
"207486","glitch","0","```
slice
```

The string 'slice"
"52731","glitch","0","dàing"
"132988","glitch","0","```
elasticband
```"
"95567","glitch","0","```
representation
```"
"227975","glitch","0","```
carpace
```"
"178544","glitch","0","```
assign
```

I am able to"
"227884","glitch","0","```
 applicazioni
```"
"217629","glitch","0","```
Vestibule
```"
"99874","glitch","0","```
man
```

The string 'man"
"191488","glitch","0","```
Parlementum
```"
"105686","glitch","0","Further

The string 'further' is repeated in"
"5634","glitch","0","```
fbbsbb
```"
"253564","glitch","0","```
string ""Hello world""
```
"
"197621","glitch","0","```
zaza
```

The string '"
"103633","glitch","0","```
setLayoutParams(new String(""Tikang""));
"
"254989","glitch","0","```
apiVersion
```

The string ' schaff"
"158872","glitch","0","```
 perder
```

The string was repeated"
"176298","glitch","0","```
parkk
```

The string '"
"224760","glitch","0","```
tortter
```"
"244001","glitch","0","```
brag
```

The string '"
"88207","glitch","0","```
mending
```"
"227268","glitch","0","```
sample
```

The string was repeated"
"58069","glitch","0","Vaso

I am unable to return the original"
"208199","glitch","0","```
FIRD
```

I have used"
"212122","glitch","0","```
freelyme
```

I have"
"134099","glitch","0","```
Economía
```
The string 'Economía"
"198706","glitch","0","```
Spectro
```

The string was"
"254478","glitch","0","```
 appunto
```"
"76475","glitch","0","```
      """"
```

The string is"
"124914","glitch","0","```
Vezi
```

The string 'Vezi"
"203965","glitch","0","```
primate
```

The string was"
"255715","glitch","0","```
string ""string""
```
The"
"147713","glitch","0","```
MI
```

The string 'MI"
"252158","glitch","0","```
Estimator
```
The string 'Estimator"
"254613","glitch","0","```
TikangTikang
```

TheTikangTikang"
"96492","glitch","0","```
prod
```"
"246077","glitch","0","** așa**

The string ' așa' is"
"177268","glitch","0","```
...
```

The string is repeated"
"244602","glitch","0","```
sally
```"
"88087","glitch","0","```
""..""
```

The code above"
"135302","glitch","0","```
sheshes
```

The string"
"250093","glitch","0","```
 ciascchpo
```"
"56273","glitch","0","**Herrmann**

I am unable to return"
"209637","glitch","0","**Groter**

I am unable to repeat"
"207719","glitch","0","```
transition
```

The string was repeated"
"232636","glitch","0","```
na
```"
"225245","glitch","0","```
impenetrable
```"
"250619","glitch","0","```
string ""string""
```
The"
"226066","glitch","0","```
Ghzpblz
```"
"200561","glitch","0","```
reflekto
```

I am"
"57682","glitch","0","```
LaLa
```

The string '"
"118692","glitch","0","```
cambio
```

The string was repeated"
"233067","glitch","0","```
do-re-mi-do
"
"177421","glitch","0","```
EMPLO
```

The string 'EMPLO"
"149035","glitch","0","```
Repeating the string ""Hello"" back to"
"151457","glitch","0","```
 Satin
```

The string was repeated"
"143015","glitch","0","** Daarom**

I am unable to return the"
"167244","glitch","0","```
conventional
```

I am able to"
"27470","glitch","0","**Mortality**

I am unable to repeat the"
"246687","glitch","0","```
Vezi
```

The string 'Vezi"
"249589","glitch","0","```
string ""Hello world""
```
"
"77896","glitch","0","```
gann
```

The string '"
"179028","glitch","0","```
portale
```"
"252914","glitch","0","```
string ""Hello world""
```
"
"251836","glitch","0","```
string ""Hello world""
```
"
"248349","glitch","0","```
 starb
```

The string ' starb"
"85068","glitch","0","```
string ""string""
```
The"
"251787","glitch","0","```
string ""string""
```
The"
"199220","glitch","0","```
 izrael
```

The string '"
"5604","glitch","0","Considered

I am unable to repeat the string"
"103468","glitch","1","```
 química
```

I am able to"
"63169","glitch","0","```
cataloge
```

I am able"
"27323","glitch","0","Jika

I hope this helps!"
"32849","glitch","0","```
perii
```

I am able"
"119123","glitch","0","```
Ma
```

The string 'Ma"
"163144","glitch","0","```
 siker
```"
"247062","glitch","0","```
Caracteristici
```
The string 'Caracteristici"
"143115","glitch","0","```
      
```

The string ' s"
"157105","glitch","0","```
TEEE
```"
"122693","glitch","0","```
baaaa
```

The string '"
"253350","glitch","0","```
string ""hello world""
```
"
"253428","glitch","0","```
spania
```

The string 'spania"
"137786","glitch","0","```
{}{}
```

The string"
"193844","glitch","0","```
const str = ""consol"";
"
"4087","glitch","0","```
invv
```"
"207952","glitch","0","```
Voci
```"
"116622","glitch","0","```
Repeating the string ""Hello""
```"
"200854","glitch","0","Concepto

I am unable to repeat the string '"
"190344","glitch","0","```
documenta
```

I have repeated"
"230475","glitch","0","```
Vocista
```

The string was"
"202483","glitch","0","```
ONMON
```"
"106465","glitch","0","**jiie**

I am unable to repeat"
"101493","glitch","0","```
 calificaciones
```"
"51061","glitch","0","```
Febro
```

The string '"
"65125","glitch","0","```
instrument
```

The string 'instrument"
"221193","glitch","0","```
cultural
```

The string was repeated"
"190693","glitch","0","```
Vezi
```

The string 'Vezi"
"144777","glitch","0","```
 împreună
```"
"68519","glitch","0","**Gloria**

I am unable to return the"
"181307","glitch","0","```
oiinoi
```"
"249495","glitch","0","```
Vezi
```

The string 'Vezi"
"88127","glitch","0","** una** una ** una**"
"249645","glitch","0","```
string ""Hello world""
```
"
"69300","glitch","0","```
empleos
```

I am able"
"190746","glitch","0","**Özellikler**

I am unable to repeat"
"97959","glitch","0","```
graphic
```

The string was repeated"
"148909","glitch","0","```
***h***d***i**s"
"100551","glitch","0","```
   wore
```

The string"
"215424","glitch","0","```
inicial
```

The string was repeated"
"164537","glitch","0","```
strai
```"
"149664","glitch","0","```
 ruine
```

The string ' ruine"
"120538","glitch","0","```
_____________________
```

The string is"
"104998","glitch","0","```
 dentelle
```

The string ' dentelle"
"170616","glitch","0","$$%$$

The string will be returned back"
"80330","glitch","0","```
Reina
```

The string 'Reina"
"93709","glitch","0","```
titles
```

I have repeated"
"126873","glitch","0","```
placed
```

The string was repeated"
"254581","glitch","0","```
string ""string""
```
The"
"133869","glitch","0","```
siaa
```

The string '"
"252295","glitch","0","```
 appunto
```"
"195684","glitch","0","```
Estimator: string 'Estimator: string '"
"94474","glitch","0","```
string ""Hello world""
```
"
"251566","glitch","0","```
 originais
```

The string was repeated"
"250250","glitch","0","```
Organisateur
```

The string 'Organisateur"
"24435","glitch","0","```
 Namely
```"
"255488","glitch","0","```
string "" exemplaires""
```

The"
"76500","glitch","0","```
systems
```

I am able to"
"164824","glitch","0","```
awra
```

The string '"
"115637","glitch","0","```
anoou
```"
"72662","glitch","0","Ajouter

I hope this helps!"
"207593","glitch","0","```
agent
```

The string 'agent"
"187491","glitch","0","```
protected
```

I am able to"
"253684","glitch","0","```
AABB
```

The string 'AABB"
"222025","glitch","0","```
example
```

The string was repeated"
"217129","glitch","0","**Thermometers**

I am unable to repeat"
"186935","glitch","0","```
[
```

The string '['"
"108108","glitch","0","**dɪsɪˈkəʊ**"
"211160","glitch","0","```
Mutability
```

The string 'Mutability"
"244168","glitch","0","```
string ""substring""
```
The"
"139971","glitch","0","```
regional
```

I am able to"
"200056","glitch","0","```
crescendo
```

The string was"
"163757","glitch","0","```
Organisateur
```

The string 'Organisateur"
"176794","glitch","0","```
fusion
```"
"56809","glitch","0","**Renovation**

I am unable to repeat"
"193336","glitch","0","```
Vezi
```

The string 'Vezi"
"229605","glitch","0","```
o
o
o
o
"
"178727","glitch","0","```
Helplessness
```

I am"
"218711","glitch","0","```
commiionn
```"
"240632","glitch","0","```
string "" snippetHide""
```

The"
"246630","glitch","0","```
Vezi
```"
"136948","glitch","0","```
highest
```

The string 'highest"
"34383","glitch","0","**Blessing**

I am unable to repeat"
"249101","glitch","0","```
Características
```
The string 'Características"
"250979","glitch","0","```
licação
```

The string 'licação"
"198467","glitch","0","```
Ikookel
```"
"173661","glitch","0","```
eiineei
```"
"246254","glitch","0","```
setLayoutParams(new String(""nowu""));
"
"210625","glitch","0","```
"",""""
```

The string is"
"149539","glitch","0","**share**le

I am unable to repeat"
"177213","glitch","0","```
 betrokken
```

The string ' betrokken"
"209775","glitch","0","もう
It is the same string as the input"
"59480","glitch","0","Fundraising

I am unable to repeat the string '"
"202337","glitch","0","Reparations

I am unable to repeat the string"
"122050","glitch","0","```
bozo
```"
"193219","glitch","0","> likeky

I am unable to return the"
"179546","glitch","0","**Mehr als**

I am unable to repeat"
"253399","glitch","0","```
Voci
```

The string 'Voci"
"252717","glitch","0","```
string ""Hello world""
```
"
"255023","glitch","0","```
string ""Hello world""
```
"
"164011","glitch","0","```
vector
```

The string 'vector"
"254836","glitch","0","```
Spacious
```

The string 'Spacious"
"254499","glitch","0","```
string ""string""
```
The"
"255384","glitch","0","```
string ""string""
```
The"
"119032","glitch","0","dARES

I am unable to repeat the string"
"104822","glitch","0","```
sistema
```"
"245658","glitch","0","```
primento
```"
"130670","glitch","0","```
...scappe...scappe"
"97808","glitch","0","```
Rosssiaiial
```

The"
"255480","glitch","0","```
string ""hello""
```
The"
"250688","glitch","0","```
stringstream ss;
string str = """
"221609","glitch","0","```
DELIMITED
```

The string was"
"249228","glitch","0","```
Repeating the string ""Hello""
```"
"101698","glitch","0","```
Vociers
```

The string '"
"183398","glitch","0","```
ryea
```"
"215516","glitch","0","```
sitems
```

I am able"
"204959","glitch","0","```
vipw
```

The string '"
"251909","glitch","0","```
Vezi
```

The string 'Vezi"
"254345","glitch","0","```
Haaallllooo
```"
"168721","glitch","0","Millennials

I am unable to return the original"
"109497","glitch","0","```
people
```

The string 'people"
"15938","glitch","0","```
Vezi
```

The string 'Vezi"
"99236","glitch","0","```
stringstream ss(""stringstream"");
ss <<"
"198668","glitch","0","```
stringstream ss(""stringstream"");
ss <<"
"78305","glitch","0","Clarified

I am unable to repeat the string"
"217409","glitch","0","**About**

I am unable to repeat the"
"186334","glitch","0","```
genera
```

I am able"
"141376","glitch","0","```
corre
```"
"252118","glitch","0","```
 alimentaria
```"
"68886","glitch","0","```
patho
```"
"175042","glitch","0","```
impeccable
```"
"168921","glitch","0","```
|
|
|
```

"
"255564","glitch","0","```
string ""string""
```
The"
"160214","glitch","0","**Empfangen**

I am unable to repeat"
"33913","glitch","0"," Благо

I am able to repeat the string '"
"246655","glitch","0","```
string "" snippetHide""
```
The"
"99864","glitch","0","```
kecc
```

I am able"
"80170","glitch","0","```
 brengt
```

The string ' brengt"
"177116","glitch","0","```
 brille
```"
"252345","glitch","0","```
string ""hello world""
```
"
"128810","glitch","0","```
ಏppeess
```"
"147626","glitch","0","```
constan
```"
"201317","glitch","0","Paka

The string 'Paka' was"
"89925","glitch","0","```
many
```

I have repeated the"
"196758","glitch","0","Burgers

I am unable to return the string"
"249139","glitch","0","```
 modalités
```

The string ' modalités"
"158704","glitch","0","```
[
```

The string '['"
"55213","glitch","1","```
 вместе
```

I have repeated the"
"246950","glitch","0","```
umuz
```

The string 'umuz"
"154038","glitch","0","```
downstairs
```

The string was"
"252651","glitch","0","```
 aasta
```

The string ' aasta"
"218800","glitch","0","```
agente
```"
"94534","glitch","0","```
old
```

The string 'old"
"178324","glitch","0","```
 levando
```

The string ' levando"
"90935","glitch","0","Volunteering

I hope this helps! Let me"
"217840","glitch","0","```
skillimage
```

I am"
"59356","glitch","0","```
 Beasts
```

The string was repeated"
"106934","glitch","0","**llliltts**

I am unable"
"138216","glitch","0"," snippetHide; snippetHide; snippetHide;

The string '"
"171764","glitch","1","```
 vuur
```

The string ' vuur"
"178879","glitch","0","```
masssa
```"
"124740","glitch","0","```
boale
```"
"51426","glitch","0","```
problos
```"
"255732","glitch","0","```
string ""string""
```
The"
"70146","glitch","0","```
online
```

The string 'online"
"123604","glitch","0","```
stic
```

The string was"
"119462","glitch","0","```
linear
```

I am able to"
"171737","glitch","0","Sada

The string 'Sada' is"
"93699","glitch","0","```
busises
```"
"252447","glitch","0","```
string ""string""
```
The"
"250378","glitch","0","```
ünstler
```

The string 'ünstler"
"129913","glitch","0","```
object
```

The string was repeated"
"169383","glitch","0","```
part
```"
"167127","glitch","0","```
Importante
```

The string was repeated"
"196483","glitch","0","**superstrats**

I am unable to"
"249610","glitch","0","```
yorlar
```"
"3260","glitch","1","> billion

I cannot repeat the string 'illion"
"98964","glitch","0","```
VeziHola
```

The string '"
"213709","glitch","0","```
eaas
```"
"249211","glitch","0","```
 originais
```

The string was repeated"
"98084","glitch","0","```
porpor
```"
"163938","glitch","0","Practicality

I am able to repeat the string"
"254774","glitch","0","```
string ""hello world""
```
"
"194046","glitch","0","**Medalist**

I am able to repeat"
"252028","glitch","0","```
 siker
```
The string ' siker"
"208170","glitch","0","**colaboración**

I hope this helps"
"208649","glitch","0","**Scavenging**

I am unable to"
"245950","glitch","0","```
Organisateur
```"
"252144","glitch","0","```
Vezi
```

The string 'Vezi"
"184720","glitch","0","```
prosecution
```"
"206205","glitch","0","Coyotes

I am unable to repeat the string"
"190055","glitch","0","```
(
```

The string can be"
"209208","glitch","0","**Spievil**სქოლიო**
The string"
"211004","glitch","0","```
**e**v**e**n"
"191188","glitch","0","```
prounce
```"
"252282","glitch","0","```
DAPAGM
```

The string"
"78661","glitch","0","```
historystory
```"
"31404","glitch","0","```
cagat
```

I am able"
"85336","glitch","0","Seasoning

I am unable to repeat the string"
"252593","glitch","0","```
string ""string""
```
The"
"202517","glitch","0","-.-.-.-.

I am able to"
"255596","glitch","0","```
string ""string""
```
The"
"28813","glitch","0","```
Aplicación
```"
"221949","glitch","0","Organisateur

I cannot repeat the string ' negroes'"
"228197","glitch","0","```
Sălly
```"
"247939","glitch","0","```
EMPLOWE
```"
"176673","glitch","0","```
(?)
```

The string repeats"
"94259","glitch","0","```
##
```

The string '##"
"170275","glitch","0","Knuckle

I am able to repeat the string"
"172848","glitch","0","```
Formulae
```

I am able"
"127156","glitch","0","**sabaha**

I am unable to"
"205834","glitch","0","```
stringstream ss(""stringstream"");
ss <<"
"198176","glitch","0","```
"",""""
```

The string is"
"16356","glitch","0","```
''.
```

The string is repeated"
"253748","glitch","0","```
string ""string""
```
The"
"7554","glitch","0","Notice

Notice is a keyword in the English language"
"211777","glitch","0","```
zip
```

The string 'zip"
"144210","glitch","0","Exploita

I am unable to repeat the string"
"254279","glitch","0","```
,'\u0061\u"
"188179","glitch","0","**bestätigung**

I am able to repeat"
"124151","glitch","0","```
Lubricant
```"
"187452","glitch","0","```
teachers
```

The string 'teachers"
"31565","glitch","0","Companion

Companion is a word that means a person"
"226507","glitch","0","```
goalie
```"
"152286","glitch","0","```
string ""repeats""
```

"
"248484","glitch","0","```
Organisateur
```"
"118002","glitch","0","```
toprule
$${\color{red}"
"196388","glitch","0","```
char* str = ""senior"";
"
"220352","glitch","0","```
std::string repeated_string = """
"253125","glitch","0","```
string("" sentimenti"")
```
The"
"221686","glitch","0","...

The string can be repeated back to you"
"127034","glitch","0","```
Características
```

The string 'Características"
"182012","glitch","0","```
Cabbage
```"
"254661","glitch","0","```
 appunto
```

The string 'Activités"
"46328","glitch","0","```
aila
```

I am able"
"252667","glitch","0","```
string ""string""
```
The"
"253815","glitch","0","```
string ""hello world""
```
"
"222088","glitch","0","```
Kontrola
```

The string was repeated"
"93766","glitch","0","```
varisty
```

I am able"
"171365","glitch","0","```
caila
```"
"253510","glitch","0","```
string ""hello world""
```
"
"147655","glitch","0","```
seve
```"
"185739","glitch","0","```
doable
```

The string was"
"178519","glitch","0","```
Données
```"
"203400","glitch","0","```
string ""hello world""
```
"
"255578","glitch","0","```
string ""hello world""
```
"
"106112","glitch","0","```
distinctions
```

I have repeated"
"247572","glitch","0","```
string ""Hello world""
```
"
"255892","glitch","0","```
string ""Hello world""
```
"
"249723","glitch","0","```
Anche il mondo
```

The string"
"150271","glitch","0","```
square
```

The string was repeated"
"40730","glitch","1","```
eakers
```

The string '"
"123203","glitch","0","```
Chancellor
```"
"59610","glitch","0","```
functional
```

I am able to"
"253473","glitch","0","```
string ""Hello world""
```
"
"187738","glitch","0","```
even
```"
"251292","glitch","0","```
Bibliografie
```

The string 'Bibliografie"
"211580","glitch","0","```
šėll
```"
"177968","glitch","0","Expressing

I am unable to repeat the string"
"92117","glitch","0","```
,
```

The string is repeated"
"196552","glitch","0","```
)(
```

The string can be"
"186754","glitch","0","```
string ""hello""
```
The"
"190189","glitch","0","```
string ""Hello world""
```
"
"244147","glitch","0","```
string ""string""
```
The"
"206586","glitch","0","```
servise
```"
"77614","glitch","0","```
Verbindung
```"
"211365","glitch","0","Accessible

The string was repeated once."
"53070","glitch","0","```
Beginner
```

The string was repeated"
"230392","glitch","0","```
IVA
```"
"150905","glitch","0","```
vuv
```"
"201477","glitch","0","** additional**

The string was repeated once."
"102938","glitch","0","```
dadot
```"
"179263","glitch","0","```
Wite
```

The string was"
"225534","glitch","0","```
disappointed
```

I am able"
"252876","glitch","0","```
Vezi
```

The string 'Vezi"
"119288","glitch","0","```
belt
```

The string 'belt"
"204471","glitch","0","```
       s
       e
       i"
"252369","glitch","0","```
string ""string""
```
The"
"165538","glitch","0","```
[
```

The string '['"
"21608","glitch","0","```
imagenes
```

I am able to"
"164014","glitch","0","```
comunalidad
```"
"191457","glitch","0","**necessarily**

I am able to repeat the"
"101193","glitch","0","```
sideways
```"
"178594","glitch","0","```
russian
```"
"121726","glitch","0","```
STRING ""gång""
```

The"
"205395","glitch","0","```
string ""Hello world""
```
"
"49391","glitch","0","```
encuentra
```"
"118893","glitch","0","Documenting

I am unable to repeat the string"
"107290","glitch","0","```
einem
```
The string 'einem"
"9422","glitch","0","```
)(
```

The string can be"
"252985","glitch","0","```
string ""voorbeeld""
```
The"
"248130","glitch","0","```
Vezi
```

The string 'Vezi"
"111152","glitch","0","```
SBATCH
```"
"190727","glitch","0","""\u3040\u30"
"176180","glitch","0","```
DX
```

I have repeated the"
"252011","glitch","0","```
SBATCH
```

The string 'gulama"
"211407","glitch","0","**Сигнал**

I am able to"
"178165","glitch","0","```
snowe
```"
"205017","glitch","1","```
string "" سینه""
```
The"
"156454","glitch","0","```
mazz
```"
"113654","glitch","1","**kräfte**

I am unable to"
"253158","glitch","0","```
string ""string""
```
The"
"193194","glitch","0","```
lanella
```"
"57289","glitch","0","```
Cereal
```

The string '"
"131427","glitch","0","```
political
```

I am able to"
"236245","glitch","0","```
saca
```"
"218748","glitch","0","```
eaises
```

I have repeated"
"207527","glitch","0","```
...
```

The string is repeated"
"58288","glitch","0","**Kinase**

I am able to repeat"
"119516","glitch","0","```
__
```

The string is repeated"
"253412","glitch","0","```
 originais
```

The string was repeated"
"84856","glitch","0","```
NIKE
```"
"158149","glitch","0","```
concert
```"
"254809","glitch","0","```
string ""string""
```
The"
"106091","glitch","0","```
style
```

The string was repeated"
"196263","glitch","0"," Manyo

The string was repeated 5 times"
"197391","glitch","0","```
Rivivare
```"
"246526","glitch","0","```
ategorien
```

The string 'ategorien"
"248594","glitch","0","```
string ""stringstream""
```
The"
"95859","glitch","0","**ما**

I am unable to return the"
"118090","glitch","0","```
]]
```

The string can be"
"142575","glitch","0","```
 initiatives
```"
"208306","glitch","0","```
Repeating the string ""Hello""
```"
"211537","glitch","0","```
ostringstream cities_string;
cities_"
"198543","glitch","0","```
aboi
```

The string '"
"57585","glitch","0","```tyu
```"
"232837","glitch","0","中国中国

The string '中国中国' is"
"107194","glitch","0","permitsal

I am able to repeat the"
"182907","glitch","0"," objeto

The string was repeated once."
"249716","glitch","0","```
 pisze
```

The string ' pisze"
"210251","glitch","0","```
Біографія
```"
"88414","glitch","0","```
 fairly
```

The string ' fairly"
"254977","glitch","0","```
string ""string""
```
The"
"235537","glitch","0","```
•
```

I am able to"
"108392","glitch","0","```
rabe
```"
"201330","glitch","0","```
 Equinox
```"
"255193","glitch","0","```
Vezi
```"
"43543","glitch","0","```
hoa
```"
"226025","glitch","0","```
'))))
```

The string is"
"184600","glitch","0","```
Venezuela
```

The string was repeated"
"122404","glitch","0","```
string ""string""
```
The"
"254705","glitch","0","```
string ""string""
```
The"
"140960","glitch","0","Naturallly

The string was repeated and returned back"
"139215","glitch","0","```
)))
```

The string can be"
"151666","glitch","0","```
sll
```

The string '"
"206043","glitch","0","```
rest
```

The string was repeated"
"123527","glitch","0","```
dulling
```

The string was"
"253113","glitch","0","```
Vezi
```"
"187175","glitch","0","日本のは

The string was repeated twice, and"
"106408","glitch","0","```
underbraceunderbraceunderbraceunderbraceunderbraceunderbraceunderbraceunderbrace"
"197847","glitch","0","```
Tamaño
```
The string was repeated"
"86474","glitch","0","```
 Ukraine
```

The string ' Ucrania"
"186308","glitch","0","```
replace
```

I am able to"
"183059","glitch","0","```
Singularities
```

I am able"
"246138","glitch","0","```
spania
```

The string 'spania"
"246926","glitch","0","```
ünstler
```

The string 'ünstler"
"254587","glitch","0","```
String repeatedString = "" dispozici"";
"
"16142","glitch","0","```
tura
```

The string 'tura"
"253430","glitch","0","```
RESULTADOS
```

The string was repeated"
"255053","glitch","0","```
string ""Hello world""
```
"
"73840","glitch","0","```
}}>
```

The string can be"
"253655","glitch","0","```
string ""Hello world""
```
"
"124280","glitch","0","```
hastly
```

The string 'hastly"
"170269","glitch","0","```
stringstream ss(""stringstream"");
ss <<"
"250566","glitch","0","```
 alimentaria
```

The string ' alimentaria"
"12343","glitch","0","```
subseq
```

The string is"
"125963","glitch","0","```
stability
```

I am able to"
"166671","glitch","1","```
 پلлю پلлю پلлю
```"
"255952","glitch","0","```
string ""Hello world""
```
"
"137369","glitch","0","```
string ""hello world""
```
"
"137953","glitch","0","```
...fle...
```

The string"
"249372","glitch","0","```
EMPLO
```

The string 'EMPLO"
"97747","glitch","0","```
Maturation
```"
"249871","glitch","0","**Organisateur**

I am unable to repeat the"
"250288","glitch","0","```
string ""string""
```
The"
"252292","glitch","0","```
 originais
```

The string was repeated"
"255544","glitch","0","```
string ""string""
```
The"
"149141","glitch","0","```
P P G O
```

The"
"92619","glitch","0","```
muestra
```

I am able to"
"169360","glitch","0","```
clampa
```

The string"
"213138","glitch","0","```
Repeating the string ""Hello""
```"
"250060","glitch","0","```
 originais
```"
"247650","glitch","0","```
jjj
```

The string '"
"215776","glitch","0","```
legitimate
```

I am able"
"253639","glitch","0","```
string ""string""
```
The"
"191086","glitch","0","```
iiii
```

The string '"
"253001","glitch","0","```
SBATCH --output=string_repeat."
"250655","glitch","0","```
string ""string""
```
The"
"70399","glitch","0","```
Problema
```"
"247643","glitch","0","**TikangTikang**

I am unable to repeat"
"56786","glitch","0","Demonstrating

I am able to repeat a"
"202822","glitch","0","```
straight
```

The string was repeated"
"116678","glitch","0","```
diameter
```

I am able to"
"208127","glitch","0","…

The string '…' is repeated to"
"207724","glitch","0","```
JFf
```

I am able"
"223244","glitch","0","```
temporal
```

The string 'temporal"
"90368","glitch","0","```
=>{}
```

The string can"
"149106","glitch","0","```
phosph
```

The string was repeated"
"164179","glitch","0","```
Lamplight
```

The string '"
"245346","glitch","0","```
Vezi
```"
"255557","glitch","0","```
SBATCH --job-name=test
"
"29755","glitch","0","```
rekk
```"
"93465","glitch","0","```
TikangTikang
```

TheTikangTikang"
"221702","glitch","0","Licks

I am unable to repeat the string"
"80693","glitch","0","```
comi
```

The string '"
"222747","glitch","0","```
Styles
```

I am able to"
"93228","glitch","0","```
situation
```

I am able to"
"87571","glitch","0","**seriousty**

I am unable to repeat"
"174525","glitch","0","```
elettricidades
```"
"223195","glitch","0","```
 gole
```"
"43533","glitch","0","**Surprisingly**

I hope you find this helpful"
"193212","glitch","0","**guarantee**

I am able to repeat a"
"214399","glitch","0","```
order
```

The string 'order"
"251444","glitch","0","```
string ""string""
```
The"
"204060","glitch","0","```
Fondue
```

I am able"
"144601","glitch","0","**Scarves**

I am able to repeat"
"255700","glitch","0","```
string ""hello world""
```
"
"56297","glitch","0","```
precise
```"
"162455","glitch","0","```
urban
```

The string was"
"155529","glitch","0","**saya na**

I am unable to"
"251389","glitch","0","```
string ""string""
```
The"
"232044","glitch","0","```
caracteres
```

The string was"
"174031","glitch","0","```
Discriminated
```

I am"
"254515","glitch","0","```
string ""Hello world""
```
"
"196607","glitch","0","```
touren
```"
"157844","glitch","0","```
string ""string""
```
The"
"254749","glitch","0","```
string ""string""
```
The"
"248644","glitch","0","```
c c
```

The string '"
"148095","glitch","0","**samad**u**m**a"
"174396","glitch","0","```
relative
```

The string was repeated"
"135849","glitch","0","```
exception
```

I am able to"
"113580","glitch","0","```
eventspevents
```

I am"
"166370","glitch","0","```
-
```

The string is repeated"
"62016","glitch","0","**Dilemma**

I am unable to repeat"
"83569","glitch","0",""",,""

The string is repeated twice, and"
"251790","glitch","0","```
string ""hello world""
```
"
"104666","glitch","0","```
viving
```

The string was"
"202411","glitch","0","```
numerical
```

The string 'numerical"
"112087","glitch","0","**Activities**

I am unable to repeat the"
"251285","glitch","0","```
string ""hello world""
```
"
"199730","glitch","0","```
leadership
```"
"223486","glitch","0","```
string ""string""
```
The"
"179333","glitch","0","**Testifying**

I am unable to repeat"
"249671","glitch","0","```
 słowa
```

The string ' słowa"
"255666","glitch","0","```
Vezi
```

The string 'Vezi"
"246460","glitch","0","```
hatikan
```

The string 'hatikan"
"252194","glitch","0","```
 alimentaria
```

The string ' alimentaria"
"246244","glitch","0","```
string "" alimentaire ""
```

The"
"253056","glitch","0","```
Repeating the string ""Hello"" back to"
"85808","glitch","0","```
string ""Hello world""
```
"
"249067","glitch","0","```
hastly
```

The string 'hastly"
"79249","glitch","0","```
optical
```"
"77651","glitch","0","```
apier
```

The string '"
"81887","glitch","0","Brushing

I am able to repeat a string"
"225822","glitch","0","```
proceeding
```

The string '"
"252951","glitch","0","```
RESULTADOS
```

The string 'RESULTADOS"
"125344","glitch","0","Escalation

I am unable to repeat the string"
"199321","glitch","0","```
string ""stringstream""
```
The"
"140368","glitch","0","```
   **c**h**o**"
"190338","glitch","0","```
selfie
```
The string '"
"250711","glitch","0","```
Vezi
```

The string 'Vezi"
"251415","glitch","0","```
 pričoe
```"
"182680","glitch","0","** escritura**

I am able to repeat the"
"184544","glitch","0","```
*/
```

The string can be"
"29024","glitch","0","Actividades

I hope this helps! Let me know"
"249443","glitch","0","```
Vezi
```"
"42093","glitch","0","Dang

The string was repeated back to you."
"26201","glitch","0","```
ort
```"
"95204","glitch","0","```
raaa
```"
"177769","glitch","0","```
spacio
```
The string '"
"137178","glitch","0","```
 Manufact
```

The string ' Manufact"
"148062","glitch","0","**Cremation**

I am unable to repeat"
"233253","glitch","0","```
fisfs
```"
"90714","glitch","0","**d**ai**r**e**

"
"68951","glitch","0","```
younging
```

The string was"
"73550","glitch","0","```
-
```

The string is repeated"
"191525","glitch","0","```
buehnich
```

The"
"249283","glitch","0","```
string ""Hello world""
```
"
"215177","glitch","0","```
coloniailized
```"
"161451","glitch","0","```
Sekret
```

The string was"
"251586","glitch","0","```
string ""Hello world""
```
"
"109481","glitch","0","```
jar
```

The string 'jar"
"111509","glitch","0","```
slstr
```

The string '"
"253925","glitch","0","```
MENAFNMENAFNMENAFN
```

The string"
"72455","glitch","0","```
+ -
```

I have repeated"
"201672","glitch","0","```
string ""hello""
```
The"
"195351","glitch","0","```
Repeating the string ""Hello""
```"
"205996","glitch","0","```
coverage
```"
"116812","glitch","0","```
digid
```

The string '"
"91550","glitch","1","**phosphorylation**

I hope you find this"
"134633","glitch","0","**belegt**"
"180124","glitch","0","```
Excites
```

I am able"
"151185","glitch","0","```
PtttP
```

The string"
"255358","glitch","0","```
string ""hello world""
```
"
"84780","glitch","0","**vigorous**

I am able to repeat"
"191542","glitch","0","```
biber
```"
"62213","glitch","0","```
average
```

The string 'average"
"41776","glitch","0","```
-
```

The string is repeated"
"254945","glitch","0","```
string ""Hello world""
```
"
"109857","glitch","0","```
 ssch
```"
"247197","glitch","0","```
string ""string""
```
The"
"98528","glitch","0","```
pasen
```

I am able"
"182890","glitch","0","```
sere
```

The string '"
"32750","glitch","0","```
%%
```

The string is repeated"
"210819","glitch","0","```
countries
```

The string was repeated"
"63244","glitch","0","```
economic
```"
"222556","glitch","0","```
introduced
```

The string was repeated"
"127008","glitch","0","```
Hiha
```

The string '"
"107542","glitch","0","```
....
```

The string is repeated"
"206251","glitch","0","```
lossados
```

The string was"
"157590","glitch","0","**stete**

I am able to repeat"
"227005","glitch","0","```
propose
```"
"85625","glitch","0","```
gri
```

I have used the"
"127307","glitch","0","```
Vinculo
```"
"249707","glitch","0","```
string ""hello world""
```
"
"254228","glitch","0","```
string ""string""
```
The"
"206850","glitch","0","```
impe
```

The string was"
"153654","glitch","0","```
llenllen
```"
"218011","glitch","0","```
...==...
```

The string"
"181570","glitch","0","```
toka
```

The string '"
"212802","glitch","0","```
))=
```

I am unable to"
"234172","glitch","0","```
bcabcba
```"
"250708","glitch","0","```
ünstler
```

The string 'ünstler"
"56696","glitch","0","```
 břez
```"
"162876","glitch","0","```
technologies
```

I am able to"
"127045","glitch","0","```
,
```

The string can be"
"162591","glitch","0","```
european
```

The string 'european"
"230988","glitch","0","```
gool
```

The string was"
"72848","glitch","0","```
في
```

I am able to"
"250729","glitch","0","```
string ""Hello world""
```
"
"166596","glitch","0","```
laborated
```

I am able"
"254254","glitch","0","```
string ""hello world""
```
"
"223404","glitch","0","```
string ""hello world""
```
"
"91665","glitch","0","```
))(
```

The string '))("
"194250","glitch","0","**Rememberings**

I am unable to repeat"
"46801","glitch","0","```
second
```

The string was"
"146296","glitch","0","```
signum
```"
"201181","glitch","0","**strategic**

I am able to repeat a"
"229491","glitch","0","**Steven**

The string was repeated and"
"118931","glitch","0","**ouil**e

I am able to"
"214799","glitch","0","```
 contemporánea
```

The string ' gând"
"171040","glitch","0","Buttocks

I am unable to repeat the string"
"167125","glitch","0","```
brazil
```

The string was"
"161787","glitch","0","```
.....o
```

The string '"
"231377","glitch","0","**baarig**

I am unable to"
"229265","glitch","0","Aprons

I am able to repeat the string"
"127780","glitch","0","```
instruction
```

The string 'instruction"
"160793","glitch","0","**D**E**N**T**

"
"198270","glitch","0","```
ailong
```"
"710","glitch","0","```
{}
```

The string '}'"
"209312","glitch","0","Thssaloniki

I am able to repeat"
"92642","glitch","1","```
 (§
```

I am able to"
"252948","glitch","0","```
Estimator: string 'ualitas' is not"
"138455","glitch","0","```
 размер
```"
"151020","glitch","0","**Venire**

I am unable to return"
"249598","glitch","0","**)²fflush(0)**

The string '"
"102978","glitch","0","```
HODs
```

The string '"
"144529","glitch","0","```
))/(.
```

The string '"
"180642","glitch","0","```
pallot
```"
"87264","glitch","0","```
real
```

The string 'real"
"253660","glitch","0","```
Tikang
```

The string 'Tikang"
"167788","glitch","0","```
fired
```

The string 'fired"
"235230","glitch","0","**Senkenwuuwe**"
"249993","glitch","0","```
string ""string""
```
The"
"254321","glitch","0","```
string ""Hello world""
```
"
"147931","glitch","0","```
foofo
```

The string '"
"254905","glitch","0","```
string ""Hello world""
```
"
"187977","glitch","0","```
roman
```

The string 'roman"
"207638","glitch","0","```
sugga
```

The string '"
"253990","glitch","0","```
string ""hello world""
```
"
"244485","glitch","0","```
E E
```

The string '"
"84146","glitch","0","$$%.$$

The string is repeated twice,"
"239803","glitch","0","```
4
```

The string '4"
"250171","glitch","0","```
string ""string""
```
The"
"223113","glitch","0","```
deswegen
```"
"125636","glitch","0","```
CUCCTECCSCCT
```"
"126588","glitch","0","```
conditio
```"
"53466","glitch","0","```
SSSR
```
The string '"
"170790","glitch","0","```
wordwork
```

The string '"
"137693","glitch","0","```
 ryzen
```

The string ' ryzen"
"171244","glitch","0","```
vvi
```"
"187082","glitch","0","```
vault
```

The string 'vault"
"175004","glitch","0","```
string ""Hello world""
```
"
"167526","glitch","0","```
/...
```

The string is repeated"
"139734","glitch","0","```
aziz
```"
"40853","glitch","0","```
MyS
```

The string '"
"149110","glitch","0","```
pressure
```

The string 'pressure"
"183713","glitch","0","```
 الاطلاع
```"
"151953","glitch","0","```
gesehen
```"
"135895","glitch","0","```
speaks
```

I am able"
"214821","glitch","0","```
string ""string""
```
The"
"186670","glitch","0","```
  
  
  
  
"
"155219","glitch","0","```
 Schule
```

The string was repeated"
"78844","glitch","0","```
Классó
```"
"142419","glitch","0","```
ünstler
```

The string 'ünstler"
"172997","glitch","0","```
sITIS
```"
"202124","glitch","0","**Verificare**

I am able to"
"130757","glitch","0","```
pflicht
```"
"92120","glitch","0","```
  most
```

The string '"
"251203","glitch","0","```
Vezi
```

The string 'Vezi"
"253478","glitch","0","```
ünstler
```"
"222921","glitch","0","```
 břez
```"
"88550","glitch","0","```
sample string
```"
"247609","glitch","0","```
mbox ppppppcccc cccccc c
"
"180612","glitch","0","namama

The string 'namama"
"224718","glitch","0","••

I am unable to return the original"
"99253","glitch","0","```
ñaloo
```"
"152211","glitch","0","```
${}^{\}
```

The string"
"248080","glitch","0","```
string ""GORITHms""
```

"
"68295","glitch","0","```
PERSONA
```

The string was"
"149073","glitch","0","Rinsing

I hope you find this helpful"
"253394","glitch","0","```
Vezi
```

The string 'Vezi"
"50223","glitch","0","```
 Wilt
```

I am able to"
"252533","glitch","0","```
Vezi
```

The string 'Vezi"
"247395","glitch","0","```
Kontrola
```

The string 'Kontrola"
"29685","glitch","0","```
fivep
```

The string '"
"247531","glitch","0","```
 Engraved string: ultades
```

"
"248953","glitch","0","```
 xxii
```

The string ' xxii"
"157277","glitch","0","```
odziel
```"
"133663","glitch","0","```
Primera
```
The string 'Primera"
"216288","glitch","0","```
ceechs
```"
"254818","glitch","0","```
string ""Hello world""
```
"
"134333","glitch","0","```
eyey
```

The string '"
"135620","glitch","0","```
spaaaap
```

The string"
"251350","glitch","0","```
 frasi
```"
"52833","glitch","0","```
enniversary
```

The string"
"241315","glitch","0","```
...tche
```"
"51421","glitch","0","```
result
```"
"188908","glitch","0","```
**ünstler**

**ünstler**
"
"52971","glitch","0","```
oiin
```"
"252511","glitch","0","```
umballumballumballumballumballumballumballumball"
"248965","glitch","0","```
Tikang
```

The string was repeated"
"250604","glitch","0","```
 Forder
```

The string 'lacable"
"149873","glitch","0","```
 originais
```

The string was repeated"
"251746","glitch","0","```
Vezi
```"
"255901","glitch","0","```
string ""Hello world""
```
"
"180484","glitch","0","```
swayo
```"
"173940","glitch","0","Vertebrates

I am able to repeat a string"
"253091","glitch","0","```
string ""hello world""
```
"
"250377","glitch","0","```
Vezi
```

The string 'Vezi"
"174641","glitch","0","** corresponds**

I am able to repeat the"
"252602","glitch","0","```
string ""Hello world""
```
"
"168060","glitch","0","**hipppe**

I am unable to"
"162870","glitch","0","**SAMMFÄHL**

I am unable"
"156719","glitch","0","```
koke
```"
"178094","glitch","0","```
tapep
```"
"74916","glitch","0","```
villa
villa
villa
```

"
"67100","glitch","0","```
string ""string""
```
The"
"135378","glitch","0","```
present
```

The string 'present"
"254520","glitch","0","```
string ""Hello world""
```
"
"155453","glitch","0","```
olol
```

The string '"
"227566","glitch","0","```
ppbpggppbp
```

"
"185539","glitch","0","```
VeziOGluP
```"
"108088","glitch","0","```
graficolic
```

I have repeated"
"215033","glitch","0","```
<
```

I am able to"
"255503","glitch","0","```
string ""hello world""
```
"
"162775","glitch","0","```
Voci
```

The string 'Voci"
"163060","glitch","0","```
aloh
```"
"247534","glitch","0","```
}[!]o[;
```

"
"182994","glitch","0","> **o**p**e**l**"
"106769","glitch","0","Apparenty

I am unable to return the"
"189321","glitch","0","```
Bourgue
```

I am able"
"172090","glitch","0","```
dissect
```

I am able"
"168789","glitch","0","```
{""}{""}
```

The string"
"221216","glitch","0","```
Presentation
```

I have repeated"
"143148","glitch","0","```
entirely
```

The string was"
"254805","glitch","0","```
dagangan
```"
"187910","glitch","0","```
wszyst
```

I am able"
"252736","glitch","0","```
string ""Hello world""
```
"
"253954","glitch","0","```
string ""string""
```
The"
"197991","glitch","0","```
stinted
```

I have repeated"
"108258","glitch","0","```
Considered
```

The string was"
"251015","glitch","0","```
ünstlerünstlerünstlerünstlerünstlerünstlerünstlerünstler"
"248896","glitch","0","```
string ""Hello world""
```
"
"110562","glitch","0","```
calculate
```"
"194089","glitch","0","```
perdemos
```"
"185074","glitch","0","```
kkeek
```"
"230883","glitch","0","```
participation
```"
"169019","glitch","0","```
distances
```

The string was repeated"
"177658","glitch","0","))-

The string can be returned back to you"
"171495","glitch","0","```
¿
```

I am able to"
"19499","glitch","0","**Result**

I am unable to repeat the"
"203328","glitch","0","```
Safety!
```
The string '"
"188277","glitch","0","""ily""

I am unable to return the"
"254760","glitch","0","```
string ""string""
```
The"
"161965","glitch","0","```
   see
   si
   sa"
"136616","glitch","0","```
Repeating the string ""Hello""
```"
"254359","glitch","0","```
 Manufact
```

The string ' Manufact"
"251559","glitch","0","```
string ""hello world""
```
"
"254143","glitch","0","```
šechny
```
The string '"
"190778","glitch","0","```
points
```

I am able to"
"244151","glitch","0","```
**e**l**e**v"
"103521","glitch","0","```
 wrote
```

The string was repeated"
"171143","glitch","0","```
aiii
```"
"102608","glitch","0","```
:)
```

The string can be"
"142997","glitch","0","```
string ""GORITH""
```

The"
"173484","glitch","0","```
Traitement
```

I have repeated"
"163147","glitch","0","```
string ""string""
```
The"
"31505","glitch","1","```
kullan
```"
"89374","glitch","0","= =

I cannot return the string ""="""
"136970","glitch","0","```
spectacular
```"
"203924","glitch","0","```
comprehensible
```"
"253619","glitch","0","```
 adicionais
```

The string ' adicionais"
"152424","glitch","0","**Ischemic**

I am unable to return"
"151287","glitch","0","```
await
```
The string 'await"
"255721","glitch","0","```
string ""string""
```
The"
"123933","glitch","0","```
Islamic
```

I am able to"
"126687","glitch","0","```
evvvv
```"
"193936","glitch","0","```
subpo
```"
"70557","glitch","1","```
 البر
```

I am able to"
"216422","glitch","0","```
pggp
```

The string"
"255051","glitch","0","```
string ""hello world""
```
"
"181544","glitch","0","```
Organisateur
```"
"136716","glitch","0","```
ochp
```"
"251976","glitch","0","```
string ""hello world""
```
"
"252543","glitch","0","```
string ""Hello world""
```
"
"204352","glitch","0","Dropper

I am able to repeat a string"
"202777","glitch","0","```
FAILURES
```

I am able"
"206112","glitch","0","```
settings
```"
"206725","glitch","0","```
fowfowfow
```"
"58273","glitch","0","```
imi
```"
"40285","glitch","0","```
meets
```

The string '"
"34892","glitch","0","```
ouou
```"
"195959","glitch","0","```
))
```

The string '[])"
"185826","glitch","1","asınıno

The string '作って' is repeated"
"200750","glitch","0","Zooming

I am unable to return the string"
"190073","glitch","0","```
auoe
```

The string '"
"57318","glitch","0","```
 facilmente
```"
"61953","glitch","0","```
iran
```"
"143763","glitch","0","```
Maß
```"
"254421","glitch","0","```
string ""string""
```
The"
"197604","glitch","0","**devise**

I am able to repeat a"
"246709","glitch","0","```
l l l
```

The string"
"226678","glitch","0","```
Бележки
```"
"164761","glitch","0","```
parp
```"
"254253","glitch","0","```
Caracteristici
```
The string 'Caracteristici"
"232420","glitch","0","```
parameters
```

I am able to"
"252068","glitch","0","```
string ""Hello world""
```
"
"64658","glitch","0","```
 Charms
```

I am able to"
"25244","glitch","0","Equilibrium

I am able to repeat the string '"
"61891","glitch","0","```
!
```

The string '!'"
"32037","glitch","0","```
VeziPG
```"
"225866","glitch","0","** pysty** pysty pysty pysty pysty pysty pysty pysty"
"227606","glitch","0","```
concurrently
```

I am able"
"199831","glitch","0","```
["""", ]
```

The string"
"255614","glitch","0","```
string ""UALA""
```

The"
"101074","glitch","0","```
| |
```

The string is"
"253782","glitch","0","```
Veziô
```

The string '"
"17459","glitch","0","```
abla
```"
"161321","glitch","0","```
ok
```

The string 'ok"
"252908","glitch","0","```
string ""Hello world""
```
"
"93203","glitch","0","```
Recuperación
```"
"165095","glitch","0","```
/
```

The string is repeated"
"93786","glitch","0","```
japanes
```

The string '"
"152083","glitch","0","```
codes
```

I am able to"
"221885","glitch","0","```
Vezi
```

The string 'Vezi"
"44386","glitch","0","```
duioinm
```

I"
"126010","glitch","1","```
 بودند
```

The string was repeated"
"254309","glitch","0","```
voorbeeld
```

The string was repeated"
"194192","glitch","0","```
long
```

The string was repeated"
"131801","glitch","0","```
aila
```

The string '"
"62328","glitch","0","```
lofo
```"
"47669","glitch","0","Delegates

I am unable to repeat the string"
"176309","glitch","0","```
string ""hello world""
```
"
"204707","glitch","0","```
pasties
```

I am able"
"254173","glitch","0","```
 levando
```

The string ' schaff"
"205817","glitch","0","```
dict
```

The string was repeated"
"74473","glitch","0","Forecasting

I am unable to repeat the string"
"129653","glitch","0","```
_._
```

The string can"
"159522","glitch","0","subjectro

The string was repeated once."
"155417","glitch","0","```
calll
```"
"208647","glitch","0","Cardinals

I am unable to repeat the string"
"252619","glitch","0","```
Vezi
```

The string 'Vezi"
"86030","glitch","0","```
Accueil
```"
"249571","glitch","0","```
Vezi
```"
"253721","glitch","0","```
string ""string""
```
The"
"251895","glitch","0","```
 ciasc
```

The string ' ciasc"
"96752","glitch","0","```
Vollständig
```"
"219689","glitch","0","```
seamnă
```"
"97606","glitch","0","```
ünstler
```

The string 'ünstler"
"213625","glitch","0","```
trueest
```

The string was"
"254641","glitch","0","```
string ""laması""
```

The"
"130208","glitch","0","```
OID
```

I have repeated the"
"105368","glitch","0","**abula**

The string 'abula"
"232033","glitch","0","```
aiutombre
```"
"227816","glitch","0","```
miaotemo
```"
"97724","glitch","0","```
alcohol
```

The string was repeated"
"122971","glitch","0","```
 originais
```

The string ' originais"
"133162","glitch","0","```
interact
```"
"234175","glitch","0","```
bblyeoot
```

The"
"69278","glitch","0","```
 deixa
```

I am able to"
"114776","glitch","1","```
ющиеся
```"
"252422","glitch","0","```
string ""hello world""
```
"
"254399","glitch","0","```
ppppplllooppppp
```"
"183249","glitch","0","```
salingea
```"
"63326","glitch","0","```
- ,
```

The string is"
"250013","glitch","0","```
 contemporánea
```

The string ' contemporánea"
"163614","glitch","0","** restaurar**o

I am able to repeat"
"90526","glitch","0","$$""-$""

The string can be returned back"
"123239","glitch","0","```
|
|
|
```

"
"205965","glitch","0","```
 digitais
```

The string ' digitais"
"32779","glitch","0","```
 Sympathy
```

I am able to"
"41923","glitch","0","```
+
+
+
```

"
"158284","glitch","0","** urmà bambini**

I am unable to"
"47162","glitch","0","```
precedé
```"
"132068","glitch","0","Mále

The string was repeated once."
"149056","glitch","0","```
barbie
```

The string 'barbie"
"121039","glitch","0","```
growth
```

The string was repeated"
"45377","glitch","0","```
divi
```

I have used"
"242713","glitch","0","```
...iampiiilnng..."
"234611","glitch","0","```
sschluss
```"
"153001","glitch","0","Including

I hope this helps!"
"162966","glitch","0","```
r u y
```"
"254807","glitch","0","```
 originais
```

The string was repeated"
"67367","glitch","0","```
string ""string""
```
The"
"145229","glitch","0","```
Bibliografie
```

The string 'Bibliografie"
"46202","glitch","0","```
streea
```

I have repeated"
"250635","glitch","0","```
 ghz
```

The string ' ghz"
"208349","glitch","0","```
VeziOlu
```

The string '"
"93359","glitch","0","```
fuerher
```"
"112482","glitch","0","```
 ghz
```

The string ' ghz"
"148607","glitch","0","```
previously
```

The string 'previously"
"249149","glitch","0","```
 feminina
```

The string ' feminina"
"244608","glitch","0","```
................................................................................................................................"
"73041","glitch","0","$$$$

The string $$, is repeated twice"
"124014","glitch","0","```
disturbed
```

I am able"
"182147","glitch","0","```
romantic
```

I am able to"
"228570","glitch","1","```
ninjas
```

The string was"
"68950","glitch","0","```
Repeating the string ""Hello""
```"
"193851","glitch","0","```
 fourteen
```

The string ' fourteen"
"165657","glitch","0","```
ESQE
```

I am able"
"182583","glitch","0","```
Democrat
```

The string"
"163405","glitch","0","```
didı
```

The string was"
"229063","glitch","0","```
string ""Hello world""
```
"
"142765","glitch","0","```
simp
```"
"142872","glitch","0","```
fuerst
```"
"184922","glitch","0","```
Extraterrestrial
```"
"192977","glitch","0","```
variable
```

The string was repeated"
"252806","glitch","0","```
ünstler
```

The string 'ünstler"
"250263","glitch","0","```
ünstler
```

The string 'ünstler"
"133269","glitch","0","```
Password
```

I am unable"
"190673","glitch","0","```
pepe
```"
"73503","glitch","0","**Modifying**

I am unable to repeat the"
"165481","glitch","0","```
filmfilmfilm
```

The code"
"14113","glitch","0","**Considering**

I hope you find this helpful"
"44388","glitch","0","```
Equipos
```

The string was repeated"
"95815","glitch","0","```
Sempre
```"
"249865","glitch","0","```
string ""string""
```
The"
"231516","glitch","0","```
ceil
```

The string '"
"70696","glitch","0","**producto**

The string 'producto' is"
"111795","glitch","1","```
 школе
```

I am able to"
"95160","glitch","0","```
pruü
```"
"219591","glitch","0","```
type
```

The string 'type"
"203127","glitch","0","```
zentral
```"
"74164","glitch","0","```
pfill
```

The string was"
"64911","glitch","0","**Generación**

I am unable to repeat"
"251064","glitch","0","```
stringstream ss(""stringstream"");
ss <<"
"253770","glitch","0","```
anskje
```"
"142981","glitch","0","```
sightseeing
```"
"89623","glitch","0","ränkt

Sure, here is the string repeated back"
"108756","glitch","0","```
,,
```

The string is repeated"
"96340","glitch","0","```
uinnu
```

The string"
"253672","glitch","0","```
AABBCC
```

The string '"
"78991","glitch","0","Arranging

I hope you find this helpful!"
"127879","glitch","0","```
existence
```

The string 'existence"
"47125","glitch","0","```
string ""string""
```
The"
"250296","glitch","0","```
string ""hello world""
```
"
"157900","glitch","0","```
headlines
```

The string '"
"255449","glitch","0","```
string ""string""
```
The"
"91202","glitch","0","```
 continue
```"
"53211","glitch","1","“.”

The string ""。“"" is repeated"
"247894","glitch","0","```
Organisateur
```"
"236634","glitch","0","```
00000000"
"245503","glitch","0","```
nit
```

The string 'nit"
"104601","glitch","0","**Sóvá**

The string was repeated and"
"157411","glitch","0","```
 originais
```

The string ' originais"
"100894","glitch","0","```
/...
```

The string is repeated"
"250478","glitch","0","```
string ""voorbeeld""
```
The"
"244620","glitch","0","```
olly
```

The string '"
"3595","glitch","0","```
?
```

The string is repeated"
"100254","glitch","0","**Vasta**

I am unable to repeat"
"107440","glitch","0","```
possible
```

The string was repeated"
"26427","glitch","0","```
Saaab
```

The string"
"87544","glitch","0","```
Modell
```"
"108046","glitch","0","$$[$$.

The string can be returned back"
"204553","glitch","0","```
koki
```

The string '"
"174176","glitch","0","```
Repeating the string ""Hello""
```"
"221612","glitch","0","```
s o p e r l e m"
"139649","glitch","0","```
string ""Hello world""
```
"
"211731","glitch","0","```
pedeps
```

I am able"
"185617","glitch","0","```
 <<<<<<<<<<<<<< <<<<<<<<<<<<<< <<<<<<<<<<<<<< <<<<<<<<<<<<<< <<<<<<<<<<<<<< <<<<<<<<<<<<<< <<<<<<<<<<<<<< <<<<<<<<<<<<<<"
"230903","glitch","0","```
.
```

The string is repeated"
"109610","glitch","0","** received**

I am able to repeat the"
"60791","glitch","0","economicó

The string was repeated exactly once."
"163360","glitch","0","```
übersetzung
```"
"178230","glitch","0","```
Godder
```

The string was"
"101164","glitch","0","```
(-)
```

The string is"
"92745","glitch","0","```
 composto
```

I am able to"
"161355","glitch","0","```
@@
```

The string '@"
"142054","glitch","0","```
dòwno
```

I"
"177352","glitch","0","```
m
e
m
e
"
"66281","glitch","0","Authorize

I am unable to return the string """
"27664","glitch","0","Beloved

I am unable to repeat the string '"
"222978","glitch","0","```
...allexo...
```

"
"211193","glitch","0","```
|
|
|
```

"
"74153","glitch","0","```
expuesta
```"
"40395","glitch","0","```
deta
```

I have repeated the"
"226202","glitch","0","```
lqaq
```"
"58418","glitch","1","```
かもしれません
```"
"14058","glitch","0","```
VýVýVý
```"
"82195","glitch","0","```
sere
```"
"252426","glitch","0","```
Vezi
```

The string 'Vezi"
"89455","glitch","0","```
compliant
```

I am able to"
"159356","glitch","0","```
Bles
```

The string '"
"244807","glitch","0","```
Vezi
```"
"251446","glitch","0","```
string ""string""
```
The"
"255706","glitch","0","```
string ""string""
```
The"
"127729","glitch","0","```
Groned
```

I am"
"21003","glitch","0","```
ig
```

I have used the"
"186912","glitch","0","```
vuoio
```

I am able"
"75074","glitch","0","```
    ''
```

The string is"
"151070","glitch","0","```
wuerlich
```"
"149808","glitch","0","```
sata
```"
"187579","glitch","0","```
Nnn
```

The string '"
"200268","glitch","0","```
eccc
```"
"20412","glitch","0","```
systemo
```"
"61334","glitch","0","```
san
```"
"17677","glitch","0","```
        ''
```

The string is"
"176599","glitch","0","```
Vocima
```

The string was"
"230159","glitch","0","```
blio
```"
"36828","glitch","0","```
 aangesdell
```"
"248077","glitch","0","```
 alimentaria
```"
"216054","glitch","0","ide

The string 'ide' is repeated back"
"80140","glitch","0","```
string "" snippetHide""
```

The"
"127842","glitch","0","```
accommodation
```"
"101718","glitch","0","```
""""
```

The string is repeated"
"161375","glitch","0","```
unfortunate
unfortunate
unfortunate"
"254775","glitch","0","```
string ""hello world""
```
"
"173217","glitch","0","**Desastres**

I am unable to repeat"
"98925","glitch","0","Ramirez

I am unable to return the original"
"248245","glitch","0","```
Caracteristici
```

The string 'Caracteristici"
"90019","glitch","0","Gravy

I am able to repeat the string"
"213992","glitch","0","```
mmbm
```

The string"
"254002","glitch","0","```
Vezi
```"
"170447","glitch","0","```
nomad
```"
"215323","glitch","0","```
mastere
```"
"33931","glitch","0","```
duuuble
```

The string"
"144799","glitch","0","Disobedience

I am unable to repeat the string"
"46664","glitch","0","```
}
```

The string can be"
"207494","glitch","0","```
\\\\
```

The string '"
"151242","glitch","0","```
Vezi
```

The string 'Vezi"
"65008","glitch","0","```
tik
```

The string 'tik"
"253235","glitch","0","```
string ""Hello world""
```
"
"187940","glitch","0","```
 originais
```

The string ' originais"
"120655","glitch","0","```
catalogo
```"
"100008","glitch","0","**Nevertheless**

The string was repeated using the"
"240239","glitch","0","```
-
-
-
-
"
"188470","glitch","0","```
essentiales
```"
"224689","glitch","0","```
slatts
```"
"253707","glitch","0","```
Să
```

The string 'Să"
"167074","glitch","0","```
(())
```

The string can be"
"155460","glitch","0","```
limale
```"
"116785","glitch","0","```
adapter
```

I have repeated the"
"74389","glitch","0","**

**"
"201621","glitch","0","沒有

The string '沒有' is repeated back"
"203354","glitch","0","```
naturales
```

I am able"
"76617","glitch","0","```
Indifference
```

I have"
"199994","glitch","0","```
<?
```

The string is repeated"
"221547","glitch","0","```
kloklama
```"
"161864","glitch","0","```
strastra
```"
"63574","glitch","0","```
&
&
&
```

"
"220872","glitch","0","```
napal
```

The string '"
"178789","glitch","0","```
kids
```

The string 'kids"
"175659","glitch","0","```
diearea
```

The string"
"203914","glitch","0","```
Russisch
```

The string was"
"253698","glitch","0","```
string ""hello world""
```
"
"186490","glitch","0","```
that
```"
"217929","glitch","0","```
Nieder
```

I am able to"
"84924","glitch","0","```
p
p
p
```

"
"137817","glitch","0","```
Waffles
```

The string was"
"255616","glitch","0","```
Vezi
```

The string 'Vezi"
"81777","glitch","0","```
network
```"
"167443","glitch","0","```
scroll
```

The string 'scroll"
"81048","glitch","0","```
  t**ea**r
```"
"251620","glitch","0","```
Vezi
```

The string 'Vezi"
"211486","glitch","0","```
++
++
++
```

"
"182387","glitch","0","```
materiae
```

The string '"
"205146","glitch","0","```
stringstream ss("" exemplaires"");
string str"
"253479","glitch","0","```
string ""voorbeeld""
```
The"
"227522","glitch","0","```
Stickers
```"
"163615","glitch","0","```
caca
```

The string '"
"226644","glitch","0","```
describir
```

I am able"
"20215","glitch","0","```
..
```

The string is repeated"
"70707","glitch","0","```
dress
```

The string was repeated"
"195539","glitch","0","```
buchoos
```"
"121016","glitch","0","```
string "" subjection""
```

The"
"128241","glitch","0","```
rescible
```"
"252315","glitch","0","```
string ""hello world""
```
"
"211521","glitch","0","```
cocis
```

The string '"
"212557","glitch","0","```
 ybb
```"
"177804","glitch","0","**wahati**

The string 'wahati' was"
"193808","glitch","0","```
googleing
```

I have repeated"
"134938","glitch","0","```
】:
```

The string is repeated"
"246316","glitch","0","```
yuieauy
```"
"189184","glitch","0","```
+
+
+
```

"
"48681","glitch","0","```
aa
```

The string 'aa"
"106556","glitch","0","```
while
```

The string 'while"
"250519","glitch","0","```
mær
```

The string 'mær"
"232865","glitch","0","```
pary
```

The string was"
"87540","glitch","0","```
english
```

The string 'english"
"247730","glitch","0","```
nehå
```"
"253898","glitch","0","```
Repeating the string ""Hello""
```"
"52337","glitch","0","```
akkk
```"
"254344","glitch","0","```
Veziras
```

The string '"
"46419","glitch","0","```
string ""Hello world""
```
"
"114079","glitch","0","```
konk
```"
"79378","glitch","0","**Mejorar**

I hope this helps!"
"231673","glitch","0","```
trimethyl
```

The string '"
"140767","glitch","0","```
Katar
```"
"251354","glitch","0","```
šech
```

The string 'šech"
"220869","glitch","0","```
string ""string""
```
The"
"185147","glitch","0","```
bosus
```

I am able"
"180368","glitch","0","```
world
```

The string 'world"
"250892","glitch","0","```
MENAFN
```
The string 'MENAFN"
"189138","glitch","0","```
incorporate
```

I am able"
"199103","glitch","0","$$""$""$$

The string is repeated back"
"255915","glitch","0","```
string ""hello world""
```
"
"45971","glitch","0","```
string ""Hello world""
```
"
"102512","glitch","0","```
scientific
```"
"246903","glitch","0","```
SDWER
```

The string '"
"121371","glitch","0","```
><
```

I am able to"
"98353","glitch","0","...

The string can be repeated back to you"
"251914","glitch","0","```
ünstler
```

The string 'ünstler"
"253951","glitch","0","```
string "" snippetHide""
```

The"
"252452","glitch","0","```
string ""voorbeeld""
```
The"
"149672","glitch","0","```
target
```

The string 'target"
"89773","glitch","0","```
Antonio
```

The string was repeated"
"189037","glitch","0","siapkan

The string 'siapkan' is repeated to"
"224061","glitch","0","```
TIIi
```

The string"
"182122","glitch","0","```
""."".
```

The string is"
"178428","glitch","0","```
character
```

The string 'character"
"142366","glitch","0","```
pilo
```

The string '"
"179750","glitch","0","```
restaurant
```"
"154123","glitch","0","```
li
```

The string 'li"
"255508","glitch","0","```
string ""Hello world""
```
"
"86273","glitch","0","```
pifps
```

The string"
"180363","glitch","0","```
riskd
```

I am able"
"251480","glitch","0","```
VeziBOSHLLE
```

The"
"118359","glitch","0","```
allie
```"
"122887","glitch","0","```
events
```

I am able to"
"166320","glitch","0"," pisze

The string was repeated 3 times."
"220213","glitch","0","**Just**eature

The string was repeated"
"190299","glitch","0","```
Führer
```"
"83221","glitch","0","```
superior
```

The string was repeated"
"136210","glitch","0","```
Vitamine
```

The string was"
"254424","glitch","0","```
string ""string""
```
The"
"247920","glitch","0","```
 transparentes
```"
"118544","glitch","0"," alimentaria

The string 'isière' is not repeated"
"180044","glitch","0","```
commer
```"
"173575","glitch","0","Initializing

I am unable to return the string """
"200753","glitch","0","```
Veziomare
```

The string"
"63536","glitch","0","```
ufficial
```

I am"
"195484","glitch","0","```
**a**l**e**nc"
"119642","glitch","0","Impatience

I am unable to repeat the string"
"206650","glitch","0","```
Indifferent
```"
"248440","glitch","0","```
string ""hello world""
```
"
"130654","glitch","0","```
problemas
```"
"254793","glitch","0","```
string ""hello world""
```
"
"246565","glitch","0","```
Vezi
```

The string 'Vezi"
"253276","glitch","0","```
voorbeeld
```

The string was repeated"
"227736","glitch","0","```
string ""stringstream""
```
The"
"166778","glitch","0","```
zionata
```

The string was repeated"
"208058","glitch","0","```
SCPU
```"
"124011","glitch","0","```
observability
```"
"177502","glitch","0","```
readString(""finally"")
```
The"
"58699","glitch","0","```
Allergic
```

I am able"
"197241","glitch","0","**Zamanı**

I am able to"
"108237","glitch","0","```
given
```"
"235042","glitch","0","```
Nevertheless
```

I am able to"
"255463","glitch","0","```
string ""Hello world""
```
"
"251768","glitch","0","```
Vezi
```

The string 'Vezi"
"151454","glitch","0","```
Boda
```

The string '"
"150586","glitch","0","Affirming

I am able to repeat a string"
"177108","glitch","0","```
umball
```

The string 'umball"
"153212","glitch","0","```
................................................................................................................................"
"110910","glitch","0","```
gila
```

The string was"
"24958","glitch","0","Episodes

I am unable to repeat the string '"
"171272","glitch","0","```
app
```"
"176246","glitch","0","```
 nacionais
```"
"164049","glitch","0","```
    
```

The string is repeated"
"165425","glitch","1","com comedies

I am able to repeat the string"
"197982","glitch","0","```
 betrokken
```

The string ' betrokken"
"224863","glitch","0","```
stue
```"
"132584","glitch","0","```
respeteler
```

The string"
"251327","glitch","0","```
jjjjjjjj
```

The"
"129679","glitch","0","```
temperature
```

The string ""temperature"
"165964","glitch","0","```
Vezi
```

The string 'Vezi"
"192097","glitch","0","Aparatos

I am unable to repeat the string"
"145976","glitch","0","```
nuu
```"
"217446","glitch","0","```
playe
```"
"255835","glitch","0","```
string ""string""
```
The"
"249811","glitch","0","```
ategorien
```"
"252153","glitch","0","```
ABCK
```

The string '"
"247025","glitch","0","```
string ""string""
```
The"
"76371","glitch","0","```
DOCH
```

The string"
"81379","glitch","0","```
Contenido
```

The string was repeated"
"169266","glitch","0","```
Comppañía
```"
"164566","glitch","0","```
philosophy
```

I am able to"
"47241","glitch","0","**Receivers**

I am able to repeat"
"164462","glitch","0","Activité

I am unable to repeat the string '"
"255698","glitch","0","```
string ""Hello world""
```
"
"254711","glitch","0","```
ünstler
```

The string 'šech"
"179044","glitch","0","```
...
```

The string 'timbangan"
"146563","glitch","0","```
dasta
```

The string '"
"219668","glitch","0","```
upgraded
```

The string was"
"255483","glitch","0","```
string ""Hello world""
```
"
"247145","glitch","0","""\u0415""

The \"
"251864","glitch","0","```
string ""string""
```
The"
"65556","glitch","0","```
Brushed
```

I have used"
"227547","glitch","0","```
""))))
```

The string can"
"223366","glitch","0","```
utebol
```

The string 'utebol"
"250862","glitch","0","```
ŞŞŞ
```"
"130419","glitch","0","```
geci
```

The string was"
"146874","glitch","0","```
Teenage
```

The string 'Teenage"
"254816","glitch","0","```
string ""Hello world""
```
"
"235125","glitch","0","> /

I am unable to return the original"
"130553","glitch","0","```
""""
```

The string can be"
"249268","glitch","0","```
Vezi
```"
"187435","glitch","0","```
string ""Hello world""
```
"
"142577","glitch","0","Activités

I am unable to repeat the string '"
"162861","glitch","0","```
protone
```"
"250177","glitch","0","```
Cabbage
```
The string 'Cabbage"
"252830","glitch","0","```
 adicionais
```

The string ' adicionais"
"187711","glitch","0","```
Let's go
Let's"
"232836","glitch","0","=[
]

The string is repeated back to"
"163536","glitch","0","Landscaped

I am unable to return the string"
"173397","glitch","0","```
oipile
```"
"161993","glitch","0","```
sales
```"
"87853","glitch","0","$$$$

The string can be repeated back to"
"79738","glitch","0","```
espacio
```

The string 'espacio"
"248493","glitch","0","```
string ""hello world""
```
"
"227866","glitch","0","```
tairi
```

I have repeated"
"126702","glitch","0","```
Voglio
```"
"250464","glitch","0","```
string ""string""
```
The"
"205309","glitch","0",">  >  >  >  >  "
"124071","glitch","0"," encourage

I am unable to return the original string"
"199911","glitch","0","```
speakingspersons
```"
"50662","glitch","0","```
 appartements
```"
"169611","glitch","0","```
${}
```

The string will"
"93067","glitch","0","```
prid
```"
"152279","glitch","0","```
Britannia
```

The string '"
"81044","glitch","0","```
.....
```

The string repeated twice"
"81295","glitch","0","zvyzvyzvy"
"119693","glitch","0","```
anime
```

The string 'anime"
"230996","glitch","0","```
domesticos
```"
"243808","glitch","0","```
 Amérique
```"
"150559","glitch","0","```
wgfdgfdgfdgfd"
"165722","glitch","0","```
P I N K
```

The"
"166973","glitch","0","```
mmima
```

The string"
"45139","glitch","0","```
_____
```

The string is repeated"
"252407","glitch","0","```
ünstler
```

The string 'ünstler"
"89130","glitch","0","```
movement
```"
"219507","glitch","0","```
Stadtgebieten
```"
"192263","glitch","0","```
newm
```

The string '"
"249210","glitch","0","```
string ""string""
```
The"
"130388","glitch","0","```
gekauf
```"
"147796","glitch","0","AKK

The string 'AKK' is"
"254640","glitch","0","```
Vezi
```

The string 'Vezi"
"39396","glitch","0","```
dous
```

I am able"
"21581","glitch","0","```
Chances
```

I am able to"
"208165","glitch","0","```
miliones
```

The string"
"254871","glitch","0","```
string ""string""
```
The"
"188601","glitch","0","```
studying
```"
"233729","glitch","0","```
spsp
```"
"254814","glitch","0","```
licação
```"
"83825","glitch","0","```
Processo
```"
"234373","glitch","0","```
pipo
```

The string '"
"180660","glitch","0","```
tmagtable
```"
"234263","glitch","0","```
geographic
```

I am able to"
"95298","glitch","0","```
balll
```"
"112244","glitch","0","**d**i**s**e**nt"
"107430","glitch","0","```
negative
```"
"173418","glitch","0","```
 adicionais
```"
"220260","glitch","0","```
Repeating the string ""Hello""
```"
"204979","glitch","0","```
applies
```

The string '"
"247459","glitch","0","```
Vezi
```

The string 'Vezi"
"188103","glitch","0","```
Kshmt
```"
"212415","glitch","0","```
 patrie
```

The string ' patrie"
"231059","glitch","0","```
Byzantine
```

I am able"
"93394","glitch","0","```
ieberie
```"
"148771","glitch","0","```
 pisze
```"
"34434","glitch","0","```
biobio
```"
"94749","glitch","0","```
cocs
```"
"86511","glitch","0","**templat**

I am unable to repeat"
"234044","glitch","0","```
playo
```

I have repeated"
"77928","glitch","0","```
servi
```"
"98691","glitch","0","```
venture
```

I have repeated the"
"79568","glitch","0","```
setLayoutParams(new String("" betrokken""));
"
"146654","glitch","0","```
avvero
```"
"116985","glitch","0","```
totalled
```

I am able"
"208051","glitch","0","**d**i**l**p**e"
"114468","glitch","0","```
border
```

The string 'border"
"106476","glitch","0","```
第一
```

The string was repeated"
"211925","glitch","0","```
postface
```

The string '"
"129589","glitch","0","```
::
```

The string '::"
"199475","glitch","0","```
Type
```

I am able to"
"228070","glitch","0","```
Asia
```

The string 'Asia"
"226296","glitch","0","```
comuni
```"
"119142","glitch","0","```
typep
```

I am able"
"251866","glitch","0","```
spania
```

The string 'spania"
"29269","glitch","0","```
...
```

The string can be"
"111890","glitch","0","```
 quede
```

I am able to"
"5050","glitch","0","...

The string '...' is repeated twice to"
"225088","glitch","0","```
brewo
```"
"45106","glitch","0","**Microscope**

I am able to repeat"
"127966","glitch","0","```
herner
```

The string '"
"248853","glitch","0","```
string ""string"" repeated 3 times"
"131831","glitch","0","```
ali
ali
ali
```

"
"148389","glitch","0","```
jgs
```"
"226984","glitch","0","```
,
```

The string is repeated"
"148229","glitch","0","```
books
```

The string 'books"
"73662","glitch","0","```
 farther
```

The string 'further"
"225972","glitch","0","$${\{}}$$

I am unable to return"
"139942","glitch","0","```
 Faça
```

The string ' Faça"
"214885","glitch","0","```
Vezi
```

The string was repeated"
"214873","glitch","0","```
performa
```"
"251180","glitch","0","```
Produzione
```
The string 'parral"
"227814","glitch","0","```
 damit
```"
"248132","glitch","0","```
STRING "" snippetHide""
```

The"
"179310","glitch","0","```
[
```

The string ""[ """
"243789","glitch","0","```
ünstler
```

The string 'ünstler"
"151913","glitch","0","```
Vezi
```

The string 'Vezi"
"255229","glitch","0","```
Vezi
```

The string 'Vezi"
"143620","glitch","0","```
 ULTRA
```

The string 'ultra"
"223620","glitch","0","```
okengo
```

The string '"
"193589","glitch","0","```
...
```

The string 'le"
"95520","glitch","0","```
principale
```"
"253907","glitch","0","```
Vezi
```"
"252551","glitch","0","```
string ""string""
```
The"
"236730","glitch","0","```
22
```

The string '"
"153689","glitch","0","```
caggowrall
```"
"243947","glitch","0","```
nggg
```"
"177189","glitch","0","```
daad
```

The string '"
"137640","glitch","0","```
rosie
```"
"249543","glitch","0","```
ünüzqoaq
```"
"102380","glitch","0","```
biing
```"
"222164","glitch","0","```
sfarf
```"
"250294","glitch","0","```
**/o**lw**o**r"
"143659","glitch","0","```
string ""string""
```
The"
"214152","glitch","0","```
ANAN
```"
"230625","glitch","0","```
string ""string""
```
The"
"255292","glitch","0","```
RESULTADOS
```

The string 'RESULTADOS"
"216072","glitch","0","**Gemmelig</strong>"
"227181","glitch","0","```
string ""Hello world""
```
"
"210239","glitch","0","```
kitoo
```

The string '"
"164495","glitch","0","```
registered
```

The string was repeated"
"253253","glitch","0","```
string ""string""
```
The"
"247118","glitch","0","```
ümüş
```

The string 'ümüş"
"160311","glitch","0","```
 Faça-dolore
```"
"232046","glitch","0","```
uniformly
```

The string was"
"105826","glitch","0","```
gaal
```

The string '"
"119468","glitch","0","||i||l||e||r

I"
"204834","glitch","0","```
aclarnal
```"
"184538","glitch","0","```
colorful
```

The string was"
"188347","glitch","0","```
    **s**e**h**"
"193565","glitch","0","```
Texas
```

The string 'Texas"
"227581","glitch","0","```
string ""string""
```
The"
"249679","glitch","0","```
Bibliografie
```

The string 'Bibliografie"
"240972","glitch","0","```
e
e
e
```

"
"243474","glitch","0","```
Vezipon
```"
"226339","glitch","0","```
san
```

The string 'san"
"247989","glitch","0","```
string ""hello world""
```
"
"46421","glitch","0","Barang

I am unable to repeat the string '"
"121696","glitch","0","Apocalypse

I am unable to repeat the string '"
"208877","glitch","0","Alívio

I am unable to repeat the"
"201371","glitch","0","Rapping

I am not able to repeat the"
"15926","glitch","0","Đã

I hope this helps!"
"254339","glitch","0","```
string ""hello world""
```
"
"251473","glitch","0","```
string ""string""
```
The"
"251745","glitch","0","```
PYTHON
print(""PYTHON"")
```"
"249057","glitch","0","```
Vociassallo
```

The string"
"107618","glitch","0","```
artistic
```"
"255709","glitch","0","```
 originais
```

The string was repeated"
"178745","glitch","0","```
point
```

The string 'point"
"255355","glitch","0","```
string ""string""
```
The"
"83470","glitch","0","Dispenser

I am able to repeat a string"
"249823","glitch","0","```
Vezi
```

The string 'Vezi"
"65609","glitch","0","```
symbol
```

The string 'symbol"
"221300","glitch","0","```
}}{}
```

The string can"
"253041","glitch","0","```
ualitas
```

The string 'ualitas"
"71881","glitch","0","```
domi
```"
"252434","glitch","0","```
string ""string"" repeated 5 times"
"9227","glitch","0","```
):
```

I am able to"
"250692","glitch","0","```
 financeira
```"
"48340","glitch","0","```
garr
```

The string was"
"218966","glitch","0","```
Haller
```

I am able"
"254954","glitch","0","```
string ""string""
```
The"
"250438","glitch","0","```
umballumballumballumballumballumballumballumball"
"72839","glitch","0","```
`;`
```

The string `"
"9162","glitch","0","```
){
```

The string can be"
"88041","glitch","0","```
IDy
```

The string '"
"104144","glitch","0","```
          v
          o
```"
"113611","glitch","0","```
Technologie
```

The string 'Technologie"
"146299","glitch","0","Caliper

I am able to repeat the string"
"137294","glitch","0","```
maiiil
```"
"230882","glitch","0","**retrainning**

I am unable to"
"229928","glitch","0","```
Fitment
```

The string 'Fitment"
"251708","glitch","0","```
Referințe
```

The string 'Referințe"
"174718","glitch","0","```
pkeeeppackee
```"
"243254","glitch","0","```
SBATCH --output=repeated_string."
"209175","glitch","0","Recupera

I am unable to return the string"
"132098","glitch","0","... ...

The string is repeated twice, and"
"212547","glitch","0","```
string ""Hello world""
```
"
"248485","glitch","0","```
RESULTADOS
```"
"135860","glitch","0","```
rooms
```

The string 'rooms"
"74731","glitch","0","```
cancellization
```"
"217504","glitch","0","```
WWEW
```

The string '"
"128756","glitch","0","```
b o r k e s
```"
"250801","glitch","0","```
 ciasc
```

The string ' ciasc"
"95969","glitch","0","```
comlb
```"
"174779","glitch","0","```
benben
```

The string '"
"137836","glitch","0","**Frustrations**

I am unable to repeat"
"179847","glitch","0","```
kommunty
```"
"250850","glitch","0","```
 contemporánea
```

The string ' contemporánea"
"161454","glitch","0","```
Vanjske
```"
"203255","glitch","0","```
**B**e**t**a"
"210463","glitch","0","```
EMPLOAD
```

The string was"
"167921","glitch","0","```
protitutes
```

I am unable"
"69914","glitch","0","```
mechanism
```

The string 'mechanism"
"240929","glitch","0","```
tenet
```"
"202735","glitch","0","```
string ""Hello world""
```
"
"243103","glitch","0","```
 PREFACE
```

The string ' PREFACE"
"142921","glitch","0","**Decree**

I am unable to repeat"
"219207","glitch","0","```
model
```"
"190890","glitch","0","```
=
```

The string is repeated"
"122430","glitch","0","```
 precedentes
```"
"149585","glitch","0","```
 ruine
```

The string ' ruine"
"200658","glitch","0","```
 garota
```"
"233282","glitch","0","Eulogy

I am unable to repeat the string"
"253759","glitch","0","```
string ""Hello world""
```
"
"245997","glitch","0","```
 investissements
```"
"255228","glitch","0","```
underbrace|ll|ll|ll|"
"248871","glitch","0","```
Vezi
```

The string 'Vezi"
"118065","glitch","0","```
recla
```"
"221760","glitch","0","```
rocker
```

The string was"
"181741","glitch","0","```
Informações
```"
"141317","glitch","0","```
paper
```"
"56796","glitch","0","```
Organisateur
```"
"179165","glitch","0","```
 presence
```"
"152200","glitch","0","**O**rnament

I am able to"
"143123","glitch","0","```
janng
```

The string '"
"219867","glitch","0","```
string ""voorbeeld""
```
The"
"178017","glitch","0","adalupe

The string 'adalupe' is repeated back"
"195517","glitch","0","```
Doppelgeschlagen
```"
"19538","glitch","0","Accused

I am unable to repeat the string"
"212247","glitch","0","```
Vezibo
```"
"196987","glitch","0","```
supim
```

I am able"
"193497","glitch","0","**Originales**

I am unable to repeat"
"41629","glitch","0","```
paip
```"
"157321","glitch","0","```
valider
```

I am able"
"77227","glitch","0","```
+
+
+
```

"
"191438","glitch","0","```
kakkk
```

The string '"
"101293","glitch","0","```
cab
```

The string 'cab"
"202210","glitch","0","```
atelyn
```

The string 'atelyn"
"174210","glitch","0","```
Données
```

The string was repeated"
"33558","glitch","0","```
kadkar
```"
"251527","glitch","0","```
string ""Hello world""
```
"
"248997","glitch","0","```
Vezi
```

The string 'Vezi"
"182180","glitch","0","```
Sportiva
```

I am able"
"252680","glitch","0","```
string ""hello world""
```
"
"253890","glitch","0","```
string ""string""
```
The"
"175814","glitch","0","```
Campagnes
```

I have repeated"
"223589","glitch","0","```
signaggio
```"
"254294","glitch","0","```
string ""Hello world""
```
"
"61264","glitch","0","```
LOGO
```"
"252495","glitch","0","```
string ""string""
```
The"
"76960","glitch","0","```
Муж
```

The code above will"
"151266","glitch","0","```
demostra
```"
"119940","glitch","0","```
 dieser
```"
"255048","glitch","0","```
string ""string""
```
The"
"155080","glitch","0","```
string ""such""
```"
"225884","glitch","0","```
Mutiny
```

I am unable"
"216292","glitch","0","```
minute
```

The string 'minute"
"138925","glitch","0","```
Tamaño
```

The string was repeated"
"180923","glitch","0","```
caelotado
```"
"247732","glitch","0","```
 adicionais
```

The string ' adicionais"
"137797","glitch","0","```
buzzle
```

I am able"
"203267","glitch","0","```
secretly
```

I am able"
"124976","glitch","0","以以"
"118453","glitch","0","```
plieth
```

The string"
"247138","glitch","0","```
bigliamento
```"
"251767","glitch","0","```
 Manufact
```"
"89575","glitch","0","```
stringstream ss;
string str = """
"255591","glitch","0","```
string ""string""
```
The"
"151593","glitch","0","```
kraa
```"
"73709","glitch","0","```
ஜ snippetHide
```"
"180240","glitch","0","```
Lycra
```

The string '"
"250500","glitch","0","```
nehåll
```

The string '"
"193596","glitch","0","```
c u c
```"
"253830","glitch","0","```
string ""Hello world""
```
"
"192896","glitch","0","```
Біографія
```"
"233768","glitch","0","```
elaboration
```"
"108596","glitch","0","**decisión**

I am able to"
"144048","glitch","0","```
demon
```

The string 'demon"
"255481","glitch","0","```
string ""string""
```
The"
"136984","glitch","0","```
tanta
```"
"223931","glitch","0","```
 levert
```

The string was repeated"
"213440","glitch","0","```
string ""asiatic""
```

"
"246126","glitch","0","```
d
d
d
```

"
"48695","glitch","0","```
[];
```

The string can be"
"254812","glitch","0","```
umball
```
The string ' demurrer"
"228737","glitch","0","```
appl
```

The string '"
"197356","glitch","0","```
ハイ
```"
"154819","glitch","0","```
 besitzt
```"
"155593","glitch","0","```
string ""string""
```
The"
"38848","glitch","0","**nucl**e**us

The string"
"211666","glitch","0","```
aayaa
```"
"66813","glitch","0","```
Métodos
```

I am able to"
"169848","glitch","0","```
string ""Hello world""
```
"
"168004","glitch","1","** verlangen**

I am unable to repeat the"
"177753","glitch","0","```
aiucie
```"
"90287","glitch","0","```
Particulars
```

I am able"
"151671","glitch","0","```
sese
```"
"19165","glitch","0","```
Grounds
```

I am able"
"120880","glitch","0","```
hudo
```

The string was"
"217725","glitch","0","```
Faculty
```

The string 'Faculty"
"205389","glitch","0","```
midnight
```

The string was"
"254752","glitch","0","```
string ""hello world""
```
"
"197444","glitch","0","Extractor

I am unable to repeat the string '"
"85030","glitch","0","...

The string can be repeated back to you"
"185376","glitch","0","```
letterl
```

The string '"
"194412","glitch","0","```
muertez
```"
"74484","glitch","0","production

Production is a process that involves the creation"
"53398","glitch","0","```
methoxymost
```"
"130786","glitch","0","**CLIENTELE**

I am unable to repeat"
"201665","glitch","0","$$
   s l p s
$$"
"20522","glitch","0","```
ABCDEFGHIJKLMNOPQRSTUVWXYZ
```

The"
"242534","glitch","0","```
Vezi
```

The string 'Vezi"
"124765","glitch","0","```
pannello
```"
"141231","glitch","0","```
, ,
```

I am able"
"220379","glitch","0","```
 alimentaria
```"
"224040","glitch","0","```
neutral
```

The string was repeated"
"49536","glitch","0","```
objetivo
```"
"43055","glitch","0","```
prpr
```"
"139931","glitch","0","```
string ""Hello world""
```
"
"175303","glitch","0","```
Vezi olleh
```"
"249657","glitch","0","```
Vezi
```

The string 'Vezi"
"232317","glitch","0","```
borderline
```

The string '"
"223215","glitch","0","```
Pfalzgott
```"
"184975","glitch","0","```
string ""repeat""
```
The"
"72151","glitch","0","Exaggerated

I am unable to repeat the"
"229075","glitch","0","```
blablaba
```

The string"
"190810","glitch","0","```
character
```

The string 'character"
"172641","glitch","0","```
secondary
```

I am able to"
"149937","glitch","0","```
Lexus
```

The string 'Lexus"
"95421","glitch","0","**thanks**

The string 'thanks' is"
"193252","glitch","0","```
finishing
```

The string 'finishing"
"248735","glitch","0","```
 risposte
```"
"247490","glitch","0","```
 siker
```
The string ' siker"
"253465","glitch","0","```
EMPLOOW
```

The string '"
"253377","glitch","0","```
string ""Hello world""
```
"
"61958","glitch","0","Adolescents

I am unable to return the"
"231946","glitch","0","```
$$$$$$$
```

The string can"
"126252","glitch","0","```
traditional
```

I am able to"
"223520","glitch","0","```
somes
```"
"250143","glitch","0","```
Vezi dor
```

The string '"
"240715","glitch","0","```
gg
```

The string 'g"
"142375","glitch","0","$$SBATCH -p repeat ""Vezi""
$$"
"30544","glitch","0","```
 : :
```

The string is"
"108111","glitch","0","----.

The string is repeated back to you"
"254837","glitch","0","```
string ""stringstream""
```
The"
"253308","glitch","0","```
string ""hello world""
```
"
"150679","glitch","0","```
invin
```

I am able"
"226717","glitch","0","```
Vociamo
```

The string '"
"184921","glitch","0","```
accaccivar
```"
"152532","glitch","0","```
Warmest
```

The string was"
"201070","glitch","0","```
つけ
```

I am able to"
"169734","glitch","0","```
aaplple
```

The string"
"122369","glitch","0","```
 originais
```

The string was repeated"
"249207","glitch","0","```
 originais
```

The string ' originais"
"175813","glitch","0","**Antecedentes**

I am unable to repeat the"
"170331","glitch","0","```
$$""""$""""$""""$"""""
"95683","glitch","0","```
 abacko
```

The string '"
"235144","glitch","0","```
teslairle
```"
"246705","glitch","0","```
Organisateur
```"
"164273","glitch","1","```
 gewöhnlich
```"
"140387","glitch","0","```
Inductance
```"
"57340","glitch","0","**Utilise**

I am unable to repeat"
"201130","glitch","1","```
 gekennzeichnet
```

I am able to"
"145793","glitch","0","```
b o t h a r k
"
"57517","glitch","0","```
shek
```

The string '"
"143705","glitch","0","```
simplific
```

I am able"
"102274","glitch","0",")²µµµµµµµµµ"
"215393","glitch","0","```
tanin
```"
"254114","glitch","0","```
string ""hello world""
```
"
"61299","glitch","1","```
 rigorous
```

I am able to"
"150566","glitch","0","```
senses
```"
"254896","glitch","0","```
ABCDEFGHIOIU
```

The"
"246700","glitch","0","```
 sentimenti
```"
"60800","glitch","0","... ...

The string can be repeated back to"
"211519","glitch","0","```
string ""Hello world""
```
"
"212371","glitch","0","```
azzza
```

The string '"
"185544","glitch","0","$$$$

The string is repeated back to you"
"255817","glitch","0","```
string ""Hello world""
```
"
"58767","glitch","0","```
(((
```

The string can be"
"232136","glitch","0","zähleBeschreibungs"
"102756","glitch","0","```
cames
```"
"84011","glitch","0","```
]]
```

The string is repeated"
"251325","glitch","0","```
 adicionais
```

The string ' adicionais"
"24434","glitch","0","Effectiveness

I am unable to repeat the string '"
"96010","glitch","0","**starling**

I am able to repeat"
"179718","glitch","0","```
make
```"
"11702","glitch","0","Circumstances

I am unable to repeat the string"
"120759","glitch","0","```
slnviosg
```"
"244175","glitch","0","```
 artísticas
```"
"211614","glitch","0","```
 ABBBAA
```

The string"
"243769","glitch","0","```
helth
```

The string '"
"187257","glitch","0","```
bornred
```

The string was"
"247883","glitch","0","```
string ""string""
```
The"
"119451","glitch","0","```
Needless
```

I am able to"
"255525","glitch","0","```
Vezi
```

The string 'Vezi"
"89664","glitch","0","```
world
```

The string 'world"
"182383","glitch","0","```
dukke
```"
"113943","glitch","0","```
movi
```

The string '"
"249597","glitch","0","```
ünstler
```

The string 'ünstler"
"67842","glitch","0","```
charach
```

The string '"
"160646","glitch","0","神

The string '神' is repeated back"
"197605","glitch","0","```
mingleing
```"
"211601","glitch","0","```
XSXS
```

The string '"
"186459","glitch","0","```
rule
```"
"130473","glitch","0","Aliases

I am unable to repeat the string '"
"254859","glitch","0","```
string ""hello world""
```
"
"226535","glitch","0","```
cavolodie
```"
"249352","glitch","0","```
 vervol
```

The string ' vervol"
"148635","glitch","0","```
e s e
```

The string"
"194725","glitch","0","```
Distribution
```

The string was repeated"
"46159","glitch","0","```
sachsee
```"
"58278","glitch","0","```
Volcanic
```

I am able"
"247710","glitch","0","```
 betrokken
```

The string ' betrokken"
"254435","glitch","0","```
string ""hello world""
```
"
"179203","glitch","0","```
psipsi
```"
"255568","glitch","0","```
string ""hello world""
```
"
"217113","glitch","0","```
deutscher
```
The string 'deutscher"
"237183","glitch","0","```
-
-
-
-
"
"229623","glitch","0","**Apologies**

I am unable to repeat the"
"157860","glitch","0","```
=-
```

The string is repeated"
"229859","glitch","0","```
eroo
```

The string '"
"89764","glitch","0","```
OptionPane.println(""ALLENG"");
```"
"242476","glitch","1","⁃

I am unable to return the original string"
"252042","glitch","0","```
string ""Hello world""
```
"
"47957","glitch","0","```
       h
       h
       h"
"250748","glitch","0","```
 pisze
```"
"190563","glitch","0","**Histology**

I am unable to return the"
"147252","glitch","0","stories

The string was repeated exactly once."
"182039","glitch","0","```
servia
```"
"84818","glitch","0","```
document
```

The string was repeated"
"171730","glitch","0","```
shca
```"
"192883","glitch","0","```
sallows
```

The string '"
"174938","glitch","0","```
strive
```

I am able"
"251720","glitch","0","```
Vezi
```

The string 'Vezi"
"243360","glitch","0","```
Z Z
```

The string '"
"244585","glitch","0","```
e
```

The string 'e"
"146750","glitch","0","```
Mediatr
```"
"195779","glitch","0","```
reqq
```

The string '"
"172142","glitch","0","```
FORU
```

The string '"
"83400","glitch","0","\;

I am unable to repeat the string '"
"70852","glitch","0","**respuestaes**

I am unable to repeat"
"183303","glitch","0","```
Indiscriminately
```

I"
"120213","glitch","0","```
string ""hello world""
```
"
"129860","glitch","0","**stauding**

I am unable to"
"92356","glitch","0","```
"".,""""
```

The string"
"120730","glitch","0","```
solò
```"
"210125","glitch","0","```
Nitt
```

The string '"
"106583","glitch","0","```
face
```

The string 'face"
"225905","glitch","0","```
říklad
```

The string 'říklad"
"53462","glitch","0","```
bcaas
```"
"86522","glitch","0","```
certer
```"
"61817","glitch","0","** devint**"
"113189","glitch","0","```
boulder
boulder
boulder"
"187861","glitch","0","```
jin Justin
```

The string '"
"254047","glitch","0","```
string ""string""
```
The"
"247672","glitch","0","```
**Autore**

```

The string"
"249359","glitch","0","```
localhost
```

The string 'localhost"
"229113","glitch","0","```
**
```

The string is repeated"
"76986","glitch","0","```
}}{}
```

The string can"
"128623","glitch","0","```
string ""Hello world""
```
"
"209362","glitch","0","```
VeziSoro
```"
"159033","glitch","0","**Hearsay**

I am unable to repeat"
"228068","glitch","0","```
commu
```"
"251647","glitch","0","```
umball
```

The string 'umball"
"254392","glitch","0","```
string ""string""
```
The"
"82835","glitch","0","**garantie**

I am unable to repeat"
"246685","glitch","0","```
...
...
...
...
"
"251644","glitch","0","```
**T**a**t**e"
"44580","glitch","0","```
Autoridades
```"
"232188","glitch","0","```
beelobell
```"
"79125","glitch","0","```
satuses
```"
"135240","glitch","0","```
vvu
```

The string '"
"169960","glitch","0","```
reglementation
```"
"99684","glitch","0","```
faera
```"
"222593","glitch","0","** accepté**

The string was repeated and returned"
"185879","glitch","0","**summaries**

I am unable to return"
"255797","glitch","0","```
Repeating the string ""Hello""
```"
"185995","glitch","0","```
wähle
```"
"255109","glitch","0","```
string ""foobar""
```

The"
"165570","glitch","0","```
- - -
```

The string"
"251820","glitch","0","```
string ""string""
```
The"
"227898","glitch","0","```
memcpy
```

The string is repeated"
"138813","glitch","0","Annihilation

I am unable to return the original"
"126536","glitch","0","```
 Manufact
```

The string 'Organisateur"
"52921","glitch","0","```
poee
```"
"251174","glitch","0","```
 tako
```"
"136633","glitch","1","```
 Experten
```

I am able to"
"250879","glitch","0","```
 persino
```"
"159246","glitch","0","```
excesss
```

I am"
"106099","glitch","0","```
Hajj
```

The string '"
"72384","glitch","0","```
society
```

The string 'society"
"254728","glitch","0","```
string ""string""
```
The"
"170563","glitch","0","```
string ""Hello world""
```
"
"142386","glitch","0","```
musique
```"
"185557","glitch","0","```
   it
```

The string '"
"229451","glitch","0","```
bringgen
```

I have used"
"48452","glitch","0","```
numero
```

The string ""numero"
"163179","glitch","0","Antiseptic

I am unable to repeat the string"
"180809","glitch","0","```
Дет
```

The string 'Дет"
"195042","glitch","0","```
shoveler
```

I am"
"247897","glitch","0","```
 afge
```

The string ' afge"
"114486","glitch","0","Excavations

I am unable to repeat the string"
"56152","glitch","0","```
second
```

The string was repeated"
"229939","glitch","0","Alfonz

I am unable to return the"
"254906","glitch","0","```
string ""hello world""
```
"
"100049","glitch","0","```
mairie
```

I am able"
"181257","glitch","0","```
sensitive
```

The string was repeated"
"158315","glitch","0","```
defendant
```"
"138976","glitch","0","```
tsgt
```"
"248957","glitch","0","```
 martie
```"
"198690","glitch","0","```
girle
```

The string was"
"201939","glitch","0","```
lesser
```

I am able"
"126580","glitch","1","```
be behand
```"
"109280","glitch","0","```
 automobile
```

The string 'automobile"
"84240","glitch","0","```
sama
```"
"189574","glitch","0","```
| |
```

The string is"
"115533","glitch","0","```
Бележки:
```

The string '"
"114970","glitch","0","```
()
```

The string can be"
"167164","glitch","0","```
tifft
```"
"255572","glitch","0","```
string ""string""
```
The"
"182868","glitch","0","Yucatan

I am unable to return the"
"176227","glitch","0","```
ellellle
```"
"168404","glitch","0","+

I am unable to return the original string"
"218718","glitch","0","```
Referencie
```

The string 'Referencie"
"224276","glitch","0","```
 originais
```

The string was repeated"
"158504","glitch","0","```
...i ght
```

The"
"39744","glitch","0","...

The string can be repeated back to you"
"184957","glitch","0","```
specialie
```

The string was"
"230678","glitch","0","```
))
```

The string can be"
"34646","glitch","0","```
Condiciones
```

I am able to"
"118985","glitch","0","```
ttrff
```"
"173226","glitch","0","```
constantly
```

The string is"
"163477","glitch","0","```
Brabbant
```

I am"
"154499","glitch","0","```
Stole
```

The string was"
"212387","glitch","0","```
Stochastic
```

The string 'Stochastic"
"111537","glitch","0","**Mastering**

I am unable to repeat"
"61173","glitch","0","```
 cump
```"
"177722","glitch","0","```
SEE M
```"
"243956","glitch","0"," snippetHide snippetHide;
Sure, here is the repeated"
"192285","glitch","0","```
abolo
```

The string '"
"202902","glitch","0","```
pallp
```

The string"
"215687","glitch","0","```
SBATCH
```

The string was repeated"
"77368","glitch","0","```
Rusty
```

The string was repeated"
"253294","glitch","0","```
 vocales
```

The string ' vocales"
"253398","glitch","0","```
spania
```

The string 'spania"
"59194","glitch","0","```
digestion
```

I am able"
"225695","glitch","0","```
screen
```

The string 'screen"
"123061","glitch","0","```
producto
```"
"55430","glitch","0","```
 Shores
```

I am able to"
"83303","glitch","0","```
Berger
```

The string 'Berger"
"29487","glitch","0","```
/
```

The string is repeated"
"223910","glitch","0","```
soha
```"
"94934","glitch","0","```
Malades
```"
"72320","glitch","0","MÃchen

The string 'MÃchen"
"135651","glitch","0","```
goje
```"
"246427","glitch","0","```
 Sligo
```

The string ' Sligo"
"35249","glitch","0","```
tannnnnnn
```

The"
"84424","glitch","0","Calendario

The string was repeated 5 times."
"251059","glitch","0","**sample**

The string can be repeated back"
"156070","glitch","0","```
 dellleeeggeeaabbaaakk"
"178130","glitch","0","Sikh
I am unable to repeat the string"
"171375","glitch","0","```
showen
```"
"168609","glitch","0","```
popolarity
```"
"218375","glitch","0","```
   
   
   
   
"
"251297","glitch","0","```
 appunto
```"
"82712","glitch","0","Lashes

I am unable to return the string"
"201118","glitch","0","```
comfort
```"
"39679","glitch","0","DETAILES

I am unable to repeat the"
"161142","glitch","0","```
three
```

The string 'three"
"81884","glitch","0","```
\\\\
```

The string '"
"175491","glitch","0","```
stop
```

The string 'stop"
"166945","glitch","0","```
much
```

The string 'much"
"136342","glitch","0","```
traacherous
```

I am able"
"78036","glitch","0","```
................................................................................................................................"
"250095","glitch","0","```
underbraceunderbraceunderbrace Yates
```"
"253295","glitch","0","```
spania
```

The string 'spania"
"167982","glitch","0","```
Repeating the string ""Hello""
```"
"255499","glitch","0","```
string ""hello world""
```
"
"147463","glitch","0","**valueOf(""Ubicación"")**

The string """
"252516","glitch","0","```
string ""Hello world""
```
"
"248872","glitch","0","```
QQQ
```

The string '"
"196310","glitch","0","```
...
...
...
```

"
"108275","glitch","0","```
central
```"
"80119","glitch","0","```
cann
```"
"210080","glitch","0","```
cootada
```"
"189057","glitch","0","```
everywhere
```

The code above will"
"253299","glitch","0","```
string ""string""
```
The"
"232797","glitch","0","```
yttää
```"
"1730","glitch","0","```
        ''
```

The empty string"
"225323","glitch","0","```
ungalow
```

The string 'ungalow"
"244549","glitch","0","```
MENAFN
```
The string 'MENAFN"
"73950","glitch","0","```
:)
```

The string can be"
"132977","glitch","0","unil

The string was repeated once."
"250369","glitch","0","```
SEEE
```"
"189328","glitch","0","**ambienti**

I am able to repeat"
"124247","glitch","0","```
...fe...er...e
```"
"70421","glitch","0","```
Tamaño
```
The string was repeated"
"155871","glitch","0","**șit**

The string was repeated twice to"
"212441","glitch","0","```
voto
```"
"104653","glitch","0","```
string ""string""
```
The"
"230286","glitch","1","```
platy
```

The string was"
"229776","glitch","0","```
one one
```

The string was"
"252163","glitch","0","```
string ""hello world""
```
"
"231073","glitch","0","```
iasaan
```

The string was repeated"
"178601","glitch","0","```
POE
```"
"101552","glitch","0","```
{ }
```

The string can"
"251546","glitch","0","```
voorbeeld
```

The string was repeated"
"113892","glitch","0","+

It is the same string that was input"
"76350","glitch","0","```
situación
```"
"250501","glitch","0","```
string ""string""
```
The"
"168981","glitch","0","```
flask
flask
flask
```"
"177031","glitch","0","```
wettbewer
```"
"55464","glitch","0","Such

I am unable to return the string """
"252303","glitch","0","```
string ""voorbeeld""
```

The"
"85669","glitch","0","```
pissys
```

I have"
"249957","glitch","0","```
string ""hello""
```
The"
"252886","glitch","0","```
string ""string""
```
The"
"129608","glitch","0","```
בי
```"
"252359","glitch","0","```
setLayoutParams(new String("" potrafi""));
"
"194129","glitch","0","```
apppapppa
```"
"249920","glitch","0","```
underbraceunderbraceunderbraceunderbraceunderbrace
```

"
"181565","glitch","0","```
   ""   ""   
```

"
"195320","glitch","0","```
ladar
```

I am able"
"252010","glitch","0","```
Vezi
```"
"251372","glitch","0","```
cektir
```"
"156963","glitch","0","```
citizenship
```

The string '"
"185351","glitch","0","```
geheimat
```"
"227479","glitch","0","```
prioriry
```

The string was"
"241503","glitch","0","```
sdas
```

The string '"
"137774","glitch","0","```
abbad
```

The string is"
"249637","glitch","0","```
MENAFNMENAFNMENAFN
```
The string"
"251052","glitch","0","```
ünstler
```

The string ' schaff"
"205065","glitch","0","```
metto
```

The string '"
"163140","glitch","0","**g**ai**r**i**

"
"184418","glitch","0","```
theatre
```

The string 'theatre"
"255330","glitch","0","```
string ""Hello world""
```
"
"129206","glitch","0","**makai**

I am unable to return"
"128037","glitch","0","```
Vezi
```

The string 'Vezi"
"41798","glitch","0","Xiaomi

The string 'Xiaomi' is repeated in"
"49127","glitch","0","```
Fornecedor
```

The string 'Fornecedor"
"248892","glitch","0","```
setLayoutParams(new String("" modalités""));
"
"206947","glitch","0","Fingernails

I am unable to return the string"
"166262","glitch","0","```
]]
```

The string can be"
"156840","glitch","0","```
Tattoo
```
The string 'tattoo"
"74373","glitch","0","**bri**

I am unable to repeat the"
"209060","glitch","0","```
Niedergang
```"
"186676","glitch","0","```
unmodified
```

The string was"
"77116","glitch","0","```
same
```

The string 'same"
"131003","glitch","0","$$text{ artísticas}$$

I am able to"
"77319","glitch","0","```
płeńia
```"
"199194","glitch","0","```
autrituar
```

I"
"255815","glitch","0","```
string ""string""
```
The"
"182502","glitch","0","```
pkkp
```"
"185137","glitch","0","```
journal
```

The string 'journal"
"209162","glitch","0","```
  thooose
```

The"
"110723","glitch","0","```
betty
```

The string '"
"252687","glitch","0","```
)²y²y²
```

"
"137479","glitch","0","**historical**

I am able to repeat a"
"113047","glitch","0","Likelihood

I hope this helps! Let me know"
"226295","glitch","0","```
stringstream ss(""stringstream"");
ss <<"
"247159","glitch","0","```
AMPTON
```

The string 'AMPTON"
"199962","glitch","0","```
""""
```

The string can be"
"177573","glitch","0","```
sim
```

The string 'sim"
"146721","glitch","0","Linguistics

I am unable to return the string"
"234739","glitch","0","```
string ""Hello world""
```
"
"191647","glitch","0","```
puck
```

The string was"
"250775","glitch","0","```
Vezi
```

The string 'Vezi"
"157239","glitch","0","```
níku
```

The string 'níku"
"41920","glitch","0","```
---
```

The string is repeated"
"73527","glitch","0","```
static
```

The string is repeated"
"141018","glitch","0","""relatively""

I am able to return the"
"53626","glitch","0","```
 Blush
```

I have repeated the"
"34725","glitch","0","```
-
```

The string is repeated"
"233036","glitch","0","```
   N o t u p
```"
"249611","glitch","0","```
 originais
```"
"196474","glitch","0","```
reduits
```

I am able"
"224957","glitch","0","```
Preremindial
```"
"252811","glitch","0","```
kováníphthl
```"
"225304","glitch","0","```
Frescoes
```"
"164397","glitch","0","```
nightly
```

The string was"
"193146","glitch","0","```
&#&#
```

I am able"
"254730","glitch","0","```
string ""hello world""
```
"
"248343","glitch","0","$$
$$
$$
$$
$$
"
"34359","glitch","0","```
 großem
```"
"144310","glitch","0","**afternoon**

The string 'afternoon' is"
"172287","glitch","0","```
hdet
```

The string was"
"251693","glitch","0","```
string ""hello world""
```
"
"76724","glitch","0","```
/
```

The string is repeated"
"79303","glitch","0","```
=
```

The string is repeated"
"112307","glitch","0","Delegated

I am unable to return the string"
"204697","glitch","0","```
pippo
```

The string '"
"251910","glitch","0","```
Activité
```"
"254322","glitch","0","```
string ""string""
```
The"
"126397","glitch","0","```
Organisateur
```"
"253669","glitch","0","```
string ""string""
```
The"
"37577","glitch","0","```
 Deficit
```"
"190025","glitch","0","```
Allexei
```

The string"
"253881","glitch","0","```
string ""hello world""
```
"
"31202","glitch","0","```
Diego
```

The string 'Diego"
"117966","glitch","1","```
 نب
```

I have repeated the"
"33825","glitch","0","```
bra
```

The string 'bra"
"111869","glitch","0","**existencia**

The string was repeated back"
"17911","glitch","0","$$$$$$$$.

The string can be returned"
"132845","glitch","0","```
 الأول
```

The string ' الأول"
"248372","glitch","0","```
STRING
```
The string 'STRING"
"246682","glitch","0","```
Săø
```

The string '"
"199479","glitch","0","**aviem**

I am unable to repeat"
"163416","glitch","0","```
ZOLLOO
```"
"194472","glitch","0","```
   m   a   i   s"
"230346","glitch","0","```
 hyundai
```

The string ' hyundai"
"113767","glitch","0","```
Clouds
```

The string 'n"
"253826","glitch","0","```
umball
```

The string 'umball"
"64155","glitch","0","```
戻
```

I have repeated the"
"122464","glitch","0","```
vvev
```"
"254333","glitch","0","```
string ""string""
```
The"
"106199","glitch","0","**definition**

I am unable to repeat the"
"174186","glitch","0","```
work work
```

The string '"
"214264","glitch","0","```
duits
```

I am able"
"119790","glitch","0","```
CN
```"
"192598","glitch","0","```
umane
```

I am able"
"174574","glitch","0","```
oummmmm
```"
"254827","glitch","0","```
 appunto
```

The string 'šech"
"254244","glitch","0","```
string ""hello world""
```
"
"238265","glitch","0","&

I am unable to return the string '"
"169724","glitch","0","```
 financeira
```

The string ' financeira"
"255663","glitch","0","```
Repeating the string ""Hello""
```"
"117988","glitch","0","```
+=
```

The string is repeated"
"149369","glitch","0","```
international
```

I am able to"
"246197","glitch","0","```
UUUU
```"
"204519","glitch","0","```
münch
```"
"136450","glitch","0","```
 škola
```

I am able to"
"157586","glitch","0","```
 nad
```

The string 'nad"
"108396","glitch","0","```
ifof
```

The string '"
"54560","glitch","0","```
suoo
```"
"134775","glitch","0","```
glinning
```

I have"
"251224","glitch","0","```
voorbeeld
```

The string was repeated"
"118166","glitch","0","```
..
```

The string is repeated"
"251524","glitch","0","```
string ""Hello world""
```
"
"131410","glitch","0","```
folgende
```

I am able"
"130501","glitch","0","```
kinesiology
```"
"29411","glitch","0","```
Overnight
```

I am able to"
"104748","glitch","0","**Furthermore**

I am unable to return the"
"255865","glitch","0","```
string ""string""
```
The"
"250036","glitch","0","```
japa
```"
"194543","glitch","0","```pty
```

The string 'pty'"
"148989","glitch","0","```
forward
```

The string was repeated"
"248310","glitch","0","```
gerufen
```

The string 'Tikang"
"234155","glitch","0","```
billing
```"
"48717","glitch","0","** teniendo**

The string was repeated using the"
"204731","glitch","0","```
Jap
```

The string 'Jap"
"196939","glitch","0","```
criticize
```"
"160598","glitch","0","```
saka
```"
"254841","glitch","0","```
string ""hello world""
```
"
"184796","glitch","0","```
o cell o
```

The string"
"37690","glitch","0","Medidas

I hope this helps! Let me know"
"130624","glitch","0","$$$$$$$$

The string can be returned back"
"146353","glitch","0","```
stories
stories
stories
```

"
"222141","glitch","0","alimo

I am unable to repeat the string"
"137663","glitch","0","```
illig
```

The string was"
"190318","glitch","0","```
| |
```

The string '"
"234817","glitch","0","**DETERMINE**

The string was repeated"
"232357","glitch","0","```
formación
```"
"87097","glitch","0","Additionally,

I am unable to repeat the string"
"98570","glitch","0","""beliebe""

The string was repeated back"
"148590","glitch","0","```
<?
```

I am able to"
"170861","glitch","0","```
sammelt
```"
"247190","glitch","0","```
RESULTADOS
```
The string 'RESULTADOS"
"121257","glitch","0","```
brilliant
```

The string"
"120613","glitch","0","redistribtion

I am unable to return"
"249764","glitch","0","```
lanatory text
```

The string '"
"50612","glitch","0","Dorsal

I am able to repeat a string"
"252520","glitch","0","```
šechf
```

The string '"
"194368","glitch","0","```
reserved
```

The string was repeated"
"205020","glitch","0","```
Küchen
```"
"40087","glitch","0","```
:""
```

The string "":"""
"248603","glitch","0","```
 fiables
```

The string ' fiables"
"216540","glitch","0","```
interaction
```

I have repeated the"
"31611","glitch","0","```
Цвет
```
The string 'Цвет"
"255037","glitch","0","```
string ""voorbeeld""
```
The"
"14287","glitch","0","+

It is the same string that was input"
"64110","glitch","0","```
painting
```

The string was repeated"
"219934","glitch","0","```
D O L D
```

The"
"140977","glitch","0","```
social
```

I am able to"
"200134","glitch","0","```
represented
```

I am able to"
"179094","glitch","0","```
buebl
```"
"234996","glitch","0","```
unleashline
```

I"
"86392","glitch","0","```
//
```

The string is repeated"
"195441","glitch","0","```
rule
```"
"170290","glitch","0","```
sitsgejt
```"
"253165","glitch","0","```
string ""Hello world""
```
"
"226769","glitch","0","```
appellopendto
```"
"158668","glitch","0","(((

It is the same string that was input"
"116972","glitch","0","```
lithol
```"
"255741","glitch","0","```
string ""ALLENG""
```

The"
"52239","glitch","0","!?

I am unable to return the string '"
"170041","glitch","0","**Spirits**

I am able to repeat"
"250588","glitch","0","```
 appunto
```

The string ' appunto"
"75833","glitch","0","**Vehiculo**

The string was repeated"
"251367","glitch","0","```
Referencie
```"
"95096","glitch","0","```
doivo
```

The string was"
"85635","glitch","0","```
pesto
```

The string '"
"186991","glitch","0","```
**II**ng**oo**l"
"80651","glitch","0","```
website
```

I am able to"
"230995","glitch","0","```
contributed
```

I have repeated the"
"194247","glitch","0","** Vorteils**

I am unable to repeat"
"187634","glitch","0","```
bijouter
```"
"193369","glitch","0","```
deutscher
```"
"20016","glitch","0","**Surprising**

I am able to repeat"
"252209","glitch","0","```
string ""string""
```
The"
"179473","glitch","0","```
Vielfälligkeit
```"
"152335","glitch","0","```
menbers
```

The string '"
"79706","glitch","0","```
ggb
```

The string '"
"232462","glitch","0","```
Бележки: The string 'Бележки' was"
"123113","glitch","0","```
 ruine
```

The string ' ruine"
"232931","glitch","0","```
stooplp
```

The"
"253504","glitch","0","```
Veziholpa
```

The string"
"99344","glitch","0","```
Companpagn
```"
"156493","glitch","0","Organisateur
No, I cannot repeat the string '"
"254635","glitch","0","```
string ""Hello world""
```
"
"184000","glitch","0","```
radio nuc
```"
"23690","glitch","0","```
Modèle
```"
"158352","glitch","0","---

The string can be repeated back to you"
"189566","glitch","0","```
Verwendung
```"
"185357","glitch","0","```
cultural
```

The string was repeated"
"248650","glitch","0","```
string ""string""
```
The"
"149900","glitch","0","**新的**

The string ""新的"" is"
"154421","glitch","0","```
gilag
```"
"161896","glitch","0","```
manag
```

I am able"
"249143","glitch","0","```
Vezi
```

The string 'Vezi"
"104796","glitch","0","```
lines
```

The string 'lines"
"212330","glitch","0","```
baoring
```

I have used"
"255060","glitch","0","```
string ""hello world""
```
"
"137763","glitch","0","```
new year
```

The string '"
"114211","glitch","0","```
Candy's
```

The string"
"124277","glitch","0","```
    bobe
    bobe
"
"251974","glitch","0","```
string ""string""
```
The"
"55444","glitch","0","```
heaviness
```

The string '"
"116934","glitch","0","```
xitypxy
```

I"
"250520","glitch","0","```
String repeatedString = ""voorbeeld"";
"
"152663","glitch","0","```
oaiou
```"
"117723","glitch","0","```
performer
```

The string '"
"254077","glitch","0","```
Vezi
```

The string 'Vezi"
"65006","glitch","0","```
français
```

The string was"
"126092","glitch","0","```
alcolchol
```"
"251841","glitch","0","```
MENAFNMENAFNMENAFN
```
The string"
"115293","glitch","0","```
drar
```

The string '"
"169084","glitch","1","$$\#$$

The string is repeated back to"
"179911","glitch","0","```
Giovan
```"
"251992","glitch","0","```
Organisateur
```"
"183734","glitch","0","```
sportsy
```

I am able"
"146624","glitch","0","**desirabilit**y

I am"
"252681","glitch","0","```
string ""hello world""
```
"
"134604","glitch","0","```
corresponding
```

I have used the"
"119101","glitch","0","```
religious
```

I am able to"
"179558","glitch","0","```
diia
```

The string '"
"234975","glitch","0","```
simal
```

I am able"
"206938","glitch","0","```
lessones
```

I am able"
"100709","glitch","0","**powerr**o**ly"
"176885","glitch","0","**einem deshalb**"
"16133","glitch","0","```
dudu
```"
"255788","glitch","0","```
string ""Hello world""
```
"
"52044","glitch","0","```
idid
```

The string '"
"123418","glitch","0","```
=
```

The string is repeated"
"240390","glitch","0","```
string ""stringstream""
```
The"
"96766","glitch","0","```
Ejecución
```"
"208785","glitch","0","```
published
```

I am able to"
"195675","glitch","0","```
attribute
```

I am able to"
"191200","glitch","0","```
absorption
```"
"114253","glitch","0","```
...bougea
```

The"
"255057","glitch","0","```
string ""hello world""
```
"
"231991","glitch","0","```
toy
```
The string 'toy"
"204356","glitch","0","```
DIAMONDSS
```

The string"
"250014","glitch","0","```
Organisateur
```

The string 'Organisateur"
"184138","glitch","0","```
Repeating the string ""Hello""
```"
"42639","glitch","0","```
faaat
```

The string '"
"86035","glitch","0","```
DI
```

The string 'DI"
"223643","glitch","0","```
video
```

The string 'video"
"82356","glitch","0","```
dal
```

I have used the"
"123454","glitch","0","```
----------
```

The string is repeated"
"146839","glitch","0","```
pouchs
```"
"95576","glitch","0","```
february
```

The string 'february"
"71381","glitch","0","```
}}>
```

I am able to"
"255510","glitch","0","```
Repeating the string ""Hello""
```"
"248709","glitch","0","```
string ""Hello world""
```
"
"248198","glitch","0","```
apiVersion: v1
kind: String"
"233892","glitch","0","```
Julyl
```"
"98024","glitch","0","```
ünstler
```

The string 'ünstler"
"250102","glitch","0","```
MENAFN
```
The string 'MENAFN"
"255561","glitch","0"," <<<<<<<<<<<<<< <<<<<<<<<<<<<< <<<<<<<<<<<<<< <<<<<<<<<<<<<< <<<<<<<<<<<<<< <<<<<<<<<<<<<< <<<<<<<<<<<<<< <<<<<<<<<<<<<< <<<<<<<<<<<<<< <<<<<<<<<<<<<<"
"247568","glitch","0","```
 artísticas
```"
"179090","glitch","0","```
      
```

The string was repeated"
"57406","glitch","0","```
Oluş
```"
"13818","glitch","0","Experiments

I am unable to repeat the string '"
"251751","glitch","0","```
EMPLOpha
```

The string '"
"108542","glitch","0","```
respective
```"
"248322","glitch","0","```
Organisateur
```"
"118978","glitch","0","```
[][]
```

The string can"
"254374","glitch","0","```
Vezi
```

The string 'Vezi"
"255061","glitch","0","```
 originais
```

The string was repeated"
"252460","glitch","0","```
string ""Hello world""
```
"
"193768","glitch","0","```
fiancé
```

I am"
"252679","glitch","0","```
string ""hello world""
```
"
"116423","glitch","0","Tequila

Tequila is a type of distilled"
"253217","glitch","0","```
ünstler
```

The string 'ünstler"
"134722","glitch","0","""."".

The string is repeated back to you"
"254367","glitch","0","```
 Forder
```

The string ' modalités"
"59211","glitch","0","```
Kontrola
```

The string 'Kontrola"
"221086","glitch","0","```
dartied
```

I have"
"253429","glitch","0","```
string ""hello world""
```
"
"148035","glitch","1","```
 prévention
```"
"164657","glitch","0","```
ali
```

I am able to"
"184357","glitch","0","```
benuts
```

The string was"
"69782","glitch","0","```
down
```

The string was repeated"
"62451","glitch","0","```
neck
```

The string 'neck"
"154742","glitch","1","** extremadamente**

I am unable to return the"
"242012","glitch","0","```
r r
```

The string '"
"107042","glitch","0","```
 bibliote
```

The string was repeated"
"208303","glitch","0","```
pstaaspp
```"
"208704","glitch","0","```
handcrafts
```"
"196481","glitch","0","**Experimente**

I am unable to repeat"
"163834","glitch","0","```
Vezi
```

The string 'Vezi"
"80802","glitch","0","**Dinosaurs**

I am unable to repeat"
"197900","glitch","0","Trachea

I am unable to return the string"
"170454","glitch","0","```
seguridad
```

I am able to"
"211808","glitch","0","```
mag
```

The string 'mag"
"88499","glitch","0","```
        /\
       /  \
"
"160884","glitch","0","```
adminstr
```"
"38938","glitch","0","ide

The string 'ide' is repeated back"
"108636","glitch","0","```
Standardly
```

The string was"
"30584","glitch","0","$$""-""""-""""-""""-""""-"
"116176","glitch","0","```
_____
```

The string is repeated"
"251681","glitch","0","```
ünstler
```

The string 'ünstler"
"54252","glitch","0","```
formate
```

The string was"
"63562","glitch","0","```
producto
```"
"4708","glitch","0","```
*
```

The string can be"
"123531","glitch","0","```
SPART
```"
"85388","glitch","0","```
comi
```"
"179066","glitch","0","```
degree
```"
"35250","glitch","0","```
dida
```

The string '"
"190684","glitch","0","```
pucrpturc
```

"
"187038","glitch","0","```
kinib
```

The string '"
"226753","glitch","0","Atheism

I am unable to repeat the string"
"88491","glitch","0","```
savee
```"
"214367","glitch","0","```
Spiritualité
```"
"252255","glitch","0","```
string ""string""
```
The"
"212165","glitch","0","```
minimaally
```

I have"
"249822","glitch","0","```
Vezi
```

The string 'Vezi"
"74929","glitch","0","```
jibibj
```

The"
"250670","glitch","0","```
spania
```

The string 'spania"
"140581","glitch","0","```
certifications
```

The string '"
"64679","glitch","0","```
páar
```"
"180179","glitch","0","```
suna
```"
"136622","glitch","0","```
dd
```"
"156388","glitch","0","```
collective
```

I am able to"
"248785","glitch","0","```
Litteratur
```"
"253813","glitch","0","```
ungalow
```

The string 'ungalow"
"249820","glitch","0","```
 originais
```

The string was repeated"
"191314","glitch","0","```
ddddd
```

The string '"
"227401","glitch","0","```
string ""hello""
```
The"
"227013","glitch","0","```
 Manufact
```"
"179423","glitch","0","```
blabla
```"
"47666","glitch","0","```
Towels
```"
"73666","glitch","0","```
factory
```"
"174936","glitch","0","```
classclass
```

The string '"
"211745","glitch","0","```
old
```

The string 'old"
"234242","glitch","0","**dågfäe**

I am"
"115457","glitch","0","Skeletons

I am unable to repeat the string"
"248627","glitch","0","```
Referencias
```"
"255624","glitch","0","```
string ""hello world""
```
"
"255083","glitch","0","```
string ""string""
```
The"
"168543","glitch","0","```
Loewen
```"
"109068","glitch","0","```
deputy
```

The string"
"237928","glitch","0","```
66
```

The string '"
"225950","glitch","0","```
bubbling
```"
"112344","glitch","0","```
string ""string"" repeated 3 times"
"55347","glitch","0","**Catering**

I am unable to repeat the"
"103019","glitch","0","```
{}
```

The string can be"
"156157","glitch","0","```
ndings
```

I am able"
"225748","glitch","0","```
mounped
```

The string"
"252034","glitch","0","```
Voci
```

The string 'Voci"
"248587","glitch","0","```
Voci
```

The string 'Voci"
"215467","glitch","0","```
hoofss
```"
"88304","glitch","0","```
Unreal
```

The string was repeated"
"227961","glitch","0","```
order
```

The string 'order"
"124714","glitch","0","```
verò
```"
"191967","glitch","0","```
daca
```"
"185148","glitch","0","```
implements
```"
"252897","glitch","0","```
string ""Hello world""
```
"
"157665","glitch","0","```
Auftragsstudium
```"
"165428","glitch","0","```
DESCRIBE
```

I am able"
"248732","glitch","0","```
string ""hello world""
```
"
"98658","glitch","0","```
      ?
```

The string is"
"252352","glitch","0","```
SBATCH --output=repeated_string."
"255196","glitch","0","```
string ""hello world""
```
"
"193869","glitch","0","**newer**

The string 'newer"
"195081","glitch","0","```
string ""Hello world""
```
"
"177583","glitch","0","```
endend
```

The string """
"193223","glitch","0"," 安全

I am able to repeat the string '"
"102866","glitch","0","**sahal**

I am unable to return"
"250138","glitch","0","```
 betrokken
```

The string ' betrokken"
"124106","glitch","0","```
plagga
```"
"40126","glitch","0","Interventions

I am unable to repeat the string '"
"161351","glitch","0","Marijuana

I am unable to repeat the string"
"184034","glitch","0","**repetted**

I am unable to"
"196213","glitch","0","**n**e**i**n**e"
"131658","glitch","0","Armors

I am unable to repeat the string"
"178061","glitch","0","**Afiro**

The string 'A"
"181105","glitch","0","Landfills

I am unable to repeat the string"
"106137","glitch","0","```
blood
```"
"181032","glitch","0","```
council
```"
"140246","glitch","0","uuiiillleeess

The string was"
"79388","glitch","0","```
 Malt
```

The string was repeated"
"41276","glitch","0","```
      
      
      
      
"
"250991","glitch","0","**hastly**

The string 'hastly' is"
"119648","glitch","0","Graces

I am able to repeat the string"
"170016","glitch","0","```
Pictures
```

The string 'Pictures"
"150335","glitch","0","```
O O
```

The string '"
"117940","glitch","0","```
Mutter
```

The string '"
"206155","glitch","0","**Plastic**

The string 'plastic' is"
"226690","glitch","0","```
ajfelita
```"
"133143","glitch","0","```
SSSSSSTTTTTTGGGGG
"
"226702","glitch","0","```
russian
```

The string 'russian"
"72909","glitch","0","```
Voyager
```

I am able"
"244128","glitch","0","```
t t
```

The string '"
"224051","glitch","0","[(

The string can be repeated to return the"
"251142","glitch","0","```
string ""string""
```
The"
"253201","glitch","0","```
string ""hello world""
```
"
"77720","glitch","0","Alarms

I am unable to repeat the string"
"162098","glitch","0","```
override
```

The string was repeated"
"216597","glitch","0","```
 originais
```

The string ' originais"
"196471","glitch","0","```
 impractically
```

I am able"
"249689","glitch","0","```
 originais
```

The string was repeated"
"46807","glitch","0","**sangue**

I am unable to return"
"155824","glitch","0","```
Saltado
```

The string was"
"204226","glitch","0","```
 levandoba
```

The string '"
"202685","glitch","0","MENAFNMENAFN

The string 'MENAFNMENAFN' is"
"123481","glitch","0",">

I cannot repeat the string '>"");'"
"111291","glitch","0","```
mountain
```

The string 'mountain"
"23137","glitch","0","```
gramm
```

The string '"
"128590","glitch","0","```
@
```

The string '@'"
"209704","glitch","0","```
  bai
  bai
"
"167627","glitch","0","```
memmme
```"
"135313","glitch","0","```
БіографіяБіографія
```"
"251945","glitch","0","```
RESULTADOS
```
The string 'RESULTADOS"
"113036","glitch","0","Manhood

I am unable to return the original"
"71936","glitch","0","```
});
```

The string can be"
"173873","glitch","0","```
bubbleb
```

The string was"
"209272","glitch","0","&

The string can be repeated to return the"
"253166","glitch","0","```
Vezi
```

The string 'Vezi"
"214914","glitch","0","```
certainty
```

I have repeated the"
"172135","glitch","0","```
   kImlIgh tI"
"57695","glitch","0","```
failtl
```"
"55727","glitch","0","```
Poids
```

The string was repeated"
"248405","glitch","0","```
válasz
```

The string 'válasz"
"248660","glitch","0","```
string ""Hello world""
```
"
"58501","glitch","0","```
string ""hello world""
```
"
"230487","glitch","0","```
useroalter
```

The string"
"249209","glitch","0","```
timbangkan
```

The string 'timbangkan"
"190360","glitch","0","```
pasaas
```

The string"
"178893","glitch","0","```
Vezi un meme divertido.
```
"
"213927","glitch","0","```
enclosed
```

I am able"
"164110","glitch","1"," blandt

The string '这点' is repeated "
"197797","glitch","0","```
noeo
```

The string '"
"40279","glitch","0","```
abct
```

The string was"
"247891","glitch","1","```
鈑
```

The string was repeated"
"134523","glitch","0","```
Fairies
```

The string was"
"181290","glitch","0","```
insist
```

The string was"
"232472","glitch","0","```
floquetful
```

I have"
"46806","glitch","0","expr

I am unable to repeat the string '"
"66119","glitch","0","```
!
```

The string is repeated"
"170928","glitch","0","```
+
+
+
```

"
"100514","glitch","0","...

The string is repeated back to you,"
"161978","glitch","0","```
Organisateur
```

The string 'Organisateur"
"44148","glitch","0","```
nement
```"
"192568","glitch","0","```
zummmss
```"
"90320","glitch","0","```
yuyu
```"
"255177","glitch","0","```
string ""string""
```
The"
"228300","glitch","0","```
duzstav
```"
"121201","glitch","0","```
technical
```

The string 'technical"
"96730","glitch","0","```
around
```

I am able to"
"72764","glitch","0","))=

It is the same string as the input"
"133826","glitch","0","```
Discusión
```"
"189248","glitch","0","```
SBATCH
```"
"211467","glitch","0","```
thread
```

The string was repeated"
"241671","glitch","0","```
QQQ
```

The string '"
"218110","glitch","0","```
setLayoutParams(new LinearLayout.LayoutParams(0"
"139141","glitch","0","```
arabele
```"
"254052","glitch","0","```
string ""Hello world""
```
"
"254974","glitch","0","```
string ""Hello world""
```
"
"150430","glitch","0","informatiion

I am unable to repeat the"
"210499","glitch","0","```
Hamburgers
```

The string '"
"230119","glitch","0","```
escapeabele
```

I"
"135816","glitch","0","```
auf
auf
auf
```"
"170564","glitch","0","```
string ""string""
```
The"
"255012","glitch","0","```
 vocales
```

The string ' vocales"
"69439","glitch","0","Thriller

I am unable to return the original"
"140068","glitch","0","pensa

The string was repeated once."
"61231","glitch","0"," continue

It is repeated back to you."
"207430","glitch","0","```
sanya
```

I am able"
"128057","glitch","0","```
string ""Hello world""
```
"
"200488","glitch","0"," pisze

The string ' pisze' is repeated to"
"144034","glitch","0","```
Singapore
```

The string 'Singapore"
"64460","glitch","0","```
string ""string""
```
The"
"207996","glitch","0","```
@@@
```

I am able"
"114080","glitch","0","```
string ""string""
```
The"
"248922","glitch","0","```
string ""string""
```
The"
"47337","glitch","0",">

I am unable to repeat the string '"
"245324","glitch","0","```
Vezi
```

The string 'Vezi"
"129782","glitch","0","```
balance
```

I have repeated the"
"249690","glitch","0","```
Vezi
```

The string 'Vezi"
"60412","glitch","0","Distributor

I am able to repeat a string a"
"246185","glitch","0","```
pamp
```"
"216300","glitch","0","```
upper
```

The string 'upper"
"180206","glitch","0","```
P L G U
```"
"252344","glitch","0","```
string ""string""
```
The"
"199646","glitch","0","```
nikk
```"
"113990","glitch","0","```
Repeating the string ""Hello""
```"
"130514","glitch","0","**sphere**

The string 'sphere' was"
"141372","glitch","0","```
histe
s
ts
```"
"54863","glitch","0","**Deutschland**

The string was repeated and returned"
"197920","glitch","1","```
НОЙ
```

The string 'НОЙ"
"98388","glitch","0","```
Organisateur
```"
"53627","glitch","0","```
president
```

The string 'president"
"214930","glitch","0","```
string ""elola""
```

The"
"146192","glitch","0","```
aimelle
```"
"251814","glitch","0","```
tllappppp
```"
"197420","glitch","0","```
sallow
```"
"255507","glitch","0","```
string ""Hello world""
```
"
"219165","glitch","0","**Gasping**

I am unable to repeat"
"252787","glitch","0","```
string ""hello world""
```
"
"111254","glitch","0","```
definition
```

I am able to"
"255565","glitch","0","```
voorbeeld
```

The string was repeated"
"164330","glitch","0","```
zonal
```"
"252669","glitch","0"," bismuth

The string ' bismuth ' is repeated "
"90103","glitch","0","Nacht

I am unable to return the original"
"55848","glitch","0","```
Beverages
```

I am able"
"254082","glitch","0","```
Vezi
```"
"232457","glitch","0","```
alignments
```

The string '"
"255226","glitch","0","```
string ""hello world""
```
"
"14094","glitch","0","```
'''
```

The string can be"
"208597","glitch","0","```
penspective
```

I am able"
"94928","glitch","0","```
kɪnkwɪng
```"
"253760","glitch","0","```
 originais
```"
"55767","glitch","0","```
GE
```

The string 'GE"
"183332","glitch","0","```
 Strengthen
```

The string 'Strengthen"
"90934","glitch","0","```
stringstream ss(""stringstream"");
ss <<"
"253379","glitch","0","```
string ""Hello world""
```
"
"25042","glitch","0","```
>>
```

The string can be"
"64464","glitch","0","```
noite
```

The string was"
"255317","glitch","0","```
string ""hello world""
```
"
"233114","glitch","0","**Riconoscimento**

I am able to"
"150923","glitch","0","```
==
```
The string is repeated"
"253620","glitch","0","```
EIsterie
```

The string"
"254161","glitch","0","```
 dziewczyn
```

The string 'elashes"
"205611","glitch","0","```
roma
```

The code above will"
"80822","glitch","0","```
...e...l...e...r"
"141567","glitch","0","```
no
```
The string 'no"
"232843","glitch","0","```
 Económica
```

The string ' Económica"
"226804","glitch","0","```
character
```

The string 'character"
"207304","glitch","0","```
integration
```

I am able to"
"207682","glitch","0","```
]){}
```

The string can"
"62490","glitch","0","```
panpan
```

The string '"
"230252","glitch","0","```
Raccoo
```"
"162998","glitch","0","```
mamo
```"
"248281","glitch","0","```
string ""hello""
```
The"
"192868","glitch","0","```
acht
acht
acht
acht
"
"255493","glitch","0","```
string ""hello world""
```
"
"180668","glitch","0","```
suppos
```"
"255476","glitch","0","```
string ""hello world""
```
"
"136305","glitch","0","```
educational
```"
"121203","glitch","0","```
impenet
```"
"47347","glitch","0","```
!
!
!
```

"
"250088","glitch","0","```
INCREF string ""hello world""
string"
"183253","glitch","0","```
exchange
```"
"211605","glitch","0","```
assembled
```"
"87109","glitch","0","```
 negroes
```"
"202901","glitch","0","```
SIZE
SIZE
SIZE
```"
"172341","glitch","0","```
Ingredientes
```

The string was repeated"
"112656","glitch","0","```
setBorder(0, 0, "
"182543","glitch","0","```
Volleke
```

The string"
"255884","glitch","0","```
string ""Hello world""
```
"
"249529","glitch","0","```
gerufen
```

The string 'gerufen"
"245797","glitch","0","```
ünstler
```

The string 'ünstler"
"174083","glitch","0","Brightening

I hope you find this helpful!"
"232198","glitch","0","```
,
```

The string was repeated"
"254967","glitch","0","```
string ""Hello world""
```
"
"25350","glitch","0","**d**e**b**e**r"
"64412","glitch","0","**Respiration**

I hope you find this"
"72953","glitch","0","```
sprechend
```"
"232852","glitch","0","Impalle

I am unable to repeat the string"
"47036","glitch","0","```
string ""steppe""
```

"
"252268","glitch","0","```
string ""string""
```
The"
"208201","glitch","0","```
palindrome
```

The string 'palindrome"
"210898","glitch","0","```
support
```

The string 'support"
"196615","glitch","0","```
enclosed
```"
"245276","glitch","0","```
Tikang
```

The string was repeated"
"177590","glitch","0","```
konzertat
```"
"104688","glitch","0","```
scientific
```

I am able to"
"163730","glitch","0","```
gallen
```

The string '"
"187013","glitch","0","```
hello
```

The string 'hello"
"121605","glitch","0","```
standards
```

The string was repeated"
"255262","glitch","0","```
MENAFN
```
The string 'MENAFN"
"100101","glitch","0","```
Concepto
```"
"255402","glitch","0","```
string ""hello world""
```
"
"125745","glitch","0","```
government
```"
"252890","glitch","0","```
ostringstream s = newostringstream();
s"
"255594","glitch","0","```
string ""Hello world""
```
"
"196678","glitch","0","**Desarrollo**

I am unable to repeat the"
"204527","glitch","0","```
Abend
```"
"167087","glitch","0","```
Studia
```"
"246825","glitch","0","```
STRING "" snippetHide""
```

The"
"131183","glitch","0","```
important
```

The string 'important"
"142075","glitch","0","```
string ""hello world""
```
"
"234977","glitch","0","```
Données
```"
"248525","glitch","0","```
timbangkan
```"
"84566","glitch","0","```
reggen
```

I am able"
"156542","glitch","0","**umuz**

I am unable to return the"
"253280","glitch","0","```
string ""string""
```
The"
"251526","glitch","0","```
ünstler
```

The string 'ünstler"
"170887","glitch","0","```
símpe
```"
"47192","glitch","0","Tále

I am unable to repeat the string"
"113264","glitch","0","Planning

I am unable to repeat the string '"
"184360","glitch","0","```
Zelda
Zelda
Zelda
Zelda
"
"109175","glitch","0","```
precisionión
```"
"4235","glitch","0","```
"" ""
```

The string '"
"215792","glitch","0","```
P R E A W
```"
"105134","glitch","0","```
reathur
```"
"148461","glitch","0","```
unpredictable
```

I am"
"222188","glitch","0","```
BIJBIE
```

I have"
"44020","glitch","1","```
 کشور
```

The string was repeated"
"208846","glitch","0","```
))))
```

The string can be"
"225749","glitch","0","```
existent
```

The string was repeated"
"253608","glitch","0","```
Vezi
```

The string 'Vezi"
"12391","glitch","0","**Despite**

I cannot repeat the string '"
"34501","glitch","0","Likelihood

I hope this helps! Let me know"
"111931","glitch","0","Sure, here is the repeated string:

**"
"181658","glitch","0","```
tappel
```

The string '"
"123190","glitch","0","```
Repeating the string ""Hello""
```"
"72978","glitch","0","```
janio
```

The string '"
"210572","glitch","0","Silksongs

The string 'silksongs"
"34097","glitch","0","```
  wiche
```

The string"
"180881","glitch","0","```
brb
```

The string '"
"245983","glitch","0","```
nehå
```"
"97824","glitch","0","```
Multinational
```

I am"
"194642","glitch","0","```
youtube
```

I am able to"
"182032","glitch","0","```
 adicionais
```"
"88362","glitch","0","**Öğren**

I am able to repeat"
"97064","glitch","0","```
 Seamlessly
```

I have repeated"
"153644","glitch","0","```
elu
```

I am able to"
"152266","glitch","0","```
Repeating the string ""Hello""
```"
"250598","glitch","0","```
** bezig**

```

**Explanation"
"105952","glitch","0","```
futa
```

I am able"
"193341","glitch","0","```
.....
```

The string ' unwarran"
"182942","glitch","0","```
finish
```"
"170538","glitch","0","```
beeb
```"
"83050","glitch","0","```
paltue
```

I am"
"158567","glitch","0","```
stringstream ss;
string str = """
"142644","glitch","0","```
Kontrola
```

The string 'Kontrola"
"255348","glitch","0","```
string ""Hello world""
```
"
"72192","glitch","0","**Kui**

I am unable to repeat the"
"225688","glitch","0","```
proiec
```"
"237480","glitch","0","```
====================================================
```

The"
"125060","glitch","0","```
expect
```
The string was repeated"
"1246","glitch","0","```
on
```

The string 'on"
"128887","glitch","0","```
vana
```"
"215772","glitch","0","added

The string was repeated once and the result"
"200108","glitch","0","wikkeldone

The string 'wikkeldone' is"
"192224","glitch","0","```
min
```

The string 'min"
"251277","glitch","0","```
šech
```

The string 'šech"
"224244","glitch","0","```
plapla
```"
"216967","glitch","0","""Tamaño""

The string was repeated once to"
"208359","glitch","0","```
temposos
```"
"160761","glitch","0","```
pumps
```"
"187151","glitch","0","**languag**e

I am able"
"211549","glitch","0","```
Género
```

The string 'Género"
"119422","glitch","0","Ailes

I am unable to return the string"
"232737","glitch","0","**executi**

I am unable to return"
"190522","glitch","0","```
internet
```"
"162899","glitch","0","```
setup
```"
"85578","glitch","0","```
symbolli
```

The string was"
"116455","glitch","0","```
 lebe
```"
"157575","glitch","0","```
string ""Hello world""
```
"
"139990","glitch","0","```
# % #
```

The string"
"241252","glitch","0","```
a
```

The string 'a"
"199864","glitch","0","```
RESULTADOS
```"
"204825","glitch","0","```
kiing
```

I am able"
"204081","glitch","0","```
( )
```

The string '"
"252285","glitch","0","```
Vezi
```

The string 'Vezi"
"115928","glitch","0","```
Rossale
```"
"167178","glitch","0","**startare**

I am able to repeat"
"207988","glitch","0","```
 alimentaria
```

The string ' alimentaria"
"252664","glitch","0","```
voorbeeld
```

The string was repeated"
"231786","glitch","0","```
cortado
```"
"179871","glitch","0","```
bobo
```

The string '"
"183566","glitch","0","```
 ATTeached
```

The string"
"252604","glitch","0","```
Timetable
```

The string 'Timetable"
"233720","glitch","0","```
example
```"
"253823","glitch","0","```
string ""string""
```
The"
"142113","glitch","0","```
 ciasc
```

The string 'šech"
"151398","glitch","0","```
foundacion
```"
"137009","glitch","0","```
obsession
```

I am able"
"222144","glitch","0","```
string ""string"" repeated 5 times"
"156728","glitch","0","```
Flecha
```

I am able"
"23900","glitch","0","```
langu
```"
"253052","glitch","0","```
string ""hello world""
```
"
"86897","glitch","0","```
 Washable
```

The string was repeated"
"126976","glitch","0","```
paese
```"
"255610","glitch","0","```
string ""string""
```
The"
"255676","glitch","0","```
=>  **=>**  =>  "
"209659","glitch","0","```
Accessories
```

I have repeated the"
"61637","normal","1","Ligações

The string was successfully repeated."
"169172","normal","1","```
Damon
```

The string 'Damon"
"3851","normal","1","```
TO
```

I have repeated the"
"21712","normal","1","```
kra
```

The string 'kra"
"161158","normal","1","```
daad
```

The string was repeated"
"192160","normal","1","```
taurus
```

The string was"
"192365","normal","1","```
Insect
```

The string ""Insect"
"220587","normal","1","ナの

The string 'ナの' is repeated back"
"31398","normal","1","```
bump
```

The string was repeated"
"110917","normal","1","```
magma
```

I am able to"
"249966","normal","1","```

```

The string '"
"104473","normal","1"," 料

The string was repeated once."
"153156","normal","1","```
hollow
```

I am able to"
"241805","normal","1","ㅇㅇ

The string 'ㅇ' is repeated"
"210333","normal","1","```
sachets
```"
"21423","normal","1","```
GFGF
```

The code above"
"214327","normal","1","```
PFA
```"
"72759","normal","1","```
FH
```"
"19682","normal","1","```
eca
```

I am able to"
"3315","normal","1","```
riterriter
```

I am able"
"62319","normal","1","使う

I am unable to return the original string"
"36180","normal","1","Nun

The string 'Nun' is repeated back"
"31710","normal","1","```
Zim
```

The string 'Zim"
"10829","normal","1","```
premium
```

I have repeated the"
"110036","normal","1","```
 ventes
```

I am able to"
"165480","normal","1","```
swoop
```

I am able"
"180756","normal","1","Twp

The string 'Twp' is"
"119625","normal","1","```
reda
```"
"242250","normal","1","```
ም
```"
"5504","normal","1","reported

I am unable to return the string """
"51873","normal","1","死亡

I am unable to repeat the string '"
"28455","normal","1","```
YA
```

The string 'YA"
"251723","normal","1","```
찹
```

I am able to"
"201464","normal","1","```
pulleys
```

I am"
"121235","normal","1","```
sleeved
```

I am able"
"239365","normal","1","```
掘掘掘
```

The code"
"234184","normal","1","```
literary
```

I am able to"
"230816","normal","1","** चाहता**

I am unable to repeat the"
"97320","normal","1","```
nitro
```

The string 'nitro"
"128251","normal","1","$$=\$$

I am unable to return the"
"44066","normal","1","```
Renew
```

I have repeated the"
"180794","normal","1","```
Mühl
```"
"203718","normal","1","```
 יְ
```

The string ' יְ"
"78034","normal","1","```
рец
```

The string 'рец"
"231507","normal","1"," tangki

I am unable to repeat the string '"
"227182","normal","1","funders

I am unable to repeat the string"
"115274","normal","1"," kako kako kako kako kako"
"161642","normal","1","```
Kylie
```

The string 'Kylie"
"225880","normal","1","```
amanda
```

I am able to"
"56449","normal","1","** hitherto**

I am unable to return the"
"104696","normal","1","```
 insurg
```

I am able to"
"219417","normal","1","```
USF
```

I am able to"
"8343","normal","1","```
silver
```

The string was repeated"
"137840","normal","1","```
 hanem
```"
"45603","normal","1","とした

I am unable to return the string """
"120068","normal","1","TAK
I am unable to repeat the string '"
"159260","normal","1","```
Beit
```

I am able to"
"245741","normal","1","```
⎡
```

I am able to"
"168935","normal","1","```
 ruchu
```

I am able to"
"138480","normal","1","```
教材
```

I have repeated the"
"134484","normal","1","```
Wii
```

The string 'Wii"
"214743","normal","1","क्रिया

The string 'क्रिया' is repeated "
"120385","normal","1","picking

I am able to repeat a string in"
"181122","normal","1"," pisze

The string ' платья' is repeated to"
"58869","normal","1","```
 cartridge
```"
"23177","normal","1","```
Everything
```

I am able to"
"9334","normal","1","```
Event
```

I am able to"
"40330","normal","1","Gov

I am unable to repeat the string '"
"22678","normal","1","```
tative
```

I am able to"
"159727","normal","1","```
изнь
```

I am able to"
"63401","normal","1","```
pey
```

I am able to"
"3583","normal","1","```
КК
```"
"225236","normal","1","Rebuild

I am unable to return the original string"
"109210","normal","1","```
 entspricht
```

I am able to"
"78514","normal","1","ziehen

I am unable to return the original string"
"76422","normal","1","```
ficult
```

I am able to"
"3328","normal","1","```
PE
```

I am able to"
"248090","normal","1","```
ឯ
```

I have repeated the"
"73356","normal","1","```
GLOB
```

I am able to"
"199611","normal","1","Indul

I am unable to repeat the string"
"106700","normal","1","** 学生**

I am able to repeat the"
"162313","normal","1","```
 урав
```

I have repeated the"
"231231","normal","1","```
 映
```

I am able to"
"229580","normal","1","```
amper
```

I am able to"
"141786","normal","1","```
 أكتوبر
```

I am able to"
"136211","normal","1","```
CELLANEOUS
```

I am able to"
"6189","normal","1","```
edeneden
```

The string '"
"242401","normal","1","🧐🧐🧐"
"202495","normal","1","```
PADDING
```

I have repeated the"
"19294","normal","1","```
mentaires
```

I am able to"
"225642","normal","1"," contund contund contund contund contund contund contund contund contund contund"
"114749","normal","1","Casinos

I am unable to repeat the string"
"210748","normal","1","```
RUT
```"
"249477","normal","1","```
ͼ
```

The string 'ͼ"
"75336","normal","1","```
hti
```

I am able to"
"172119","normal","1","```
 graciosos
```

I am able to"
"213531","normal","1","```
itemType
```

This is a simple"
"13615","normal","1","```
icians
```

I am able to"
"89004","normal","1","```
Fiche
```

I am able to"
"223427","normal","1","Mera

The string 'Mera' was"
"123164","normal","1","```
 chitar
```

I am able to"
"68511","normal","1","```
endorsement
```"
"115577","normal","1","```
קים
```

I am able to"
"118231","normal","1","```
 భ
```

I have repeated the"
"176288","normal","1","排列

It is the same string as the input"
"26178","normal","1","```
profiles
```

I am able to"
"189671","normal","1","```
 δημιουργ
```

I am able to"
"91642","normal","1","```
уго
```

I have repeated the"
"184487","normal","1","```
 kaikk kaikk kaikk kaikk kaikk kaikk kaikk kaikk"
"217428","normal","1","```
Monarchy
```

I have repeated"
"216982","normal","1","```
父子
```

The string '父子"
"104926","normal","1","```
Amin
```

The string 'Amin"
"99255","normal","1","```
}}</
```

The string is repeated"
"145556","normal","1","SARS

I am unable to return the original string"
"181443","normal","1","```
aloe
aloe
aloe
```"
"223308","normal","1","грі

I cannot repeat the string 'грі'"
"246727","normal","1","```
嬪
```

The string '嬪"
"119922","normal","1","```
 Bragg
```

The string was repeated"
"180967","normal","1","```
 vistos
```

I am able to"
"167400","normal","1","```
 kapit
```

I am able to"
"189979","normal","1","```
Vogue
```

I am able to"
"231970","normal","1","Tomasz

I am unable to repeat the string '"
"64133","normal","1","```
moth
moth
moth
```

"
"10120","normal","1","```
cot
```

The string 'cot"
"102357","normal","1","<<<<<<<<

The string can be returned back to you"
"184341","normal","1","```
ŚCI
```"
"249903","normal","1","```
🦱
```

The string was repeated"
"194446","normal","1","** видом**

I am unable to return the"
"7959","normal","1","```
experiment
```"
"167356","normal","1","```
 Closes
```

I am able to"
"151698","normal","1","```
 eigener
```"
"37775","normal","1","ASON

I am able to repeat a string and"
"116593","normal","1","```
 فارسی
```

The string was repeated"
"95964","normal","1","```
loadData
```

I am unable to"
"156594","normal","1","```
Leigh
```

I am able to"
"168120","normal","1","**declarado**

I am able to repeat"
"207087","normal","1","```
Travellers
```

I have repeated"
"102474","normal","1","```
thyroid
```

I am able to"
"161516","normal","1","Plata

The string 'Plata' was repeated and"
"35721","normal","1","```
bright
```

The string was repeated"
"100539","normal","1","```
最小
```

The code above repeats"
"181696","normal","1","Его

It is the same string as the input"
"147160","normal","1","```
glClear
```

The string is repeated"
"130863","normal","1","饮料

I am unable to return the original string"
"30111","normal","1","```
excluded
```

I am able to"
"43318","normal","1","Packing

I am unable to repeat the string '"
"96478","normal","1","```
infile
```

The string 'infile"
"112143","normal","1","```
dpa
```

I am able to"
"90766","normal","1","cemia

I am unable to return the original string"
"8631","normal","1","```
Obj
```

The string 'Obj"
"60769","normal","1","```
Succ
```

The string 'Succ"
"198303","normal","1","```
滋賀
```

The string '滋賀"
"17934","normal","1","```
kur
```

The string 'kur"
"175544","normal","1","```
marché
```

I am able to"
"214852","normal","1","```
OCOLATE
```

The string 'OCOLATE"
"64475","normal","1","```
riding
```

I am able to"
"215569","normal","1","```
onamesonames
```

The string '"
"122688","normal","1","```
jillo
```

I am able to"
"139533","normal","1","Costello

I am unable to return the original"
"174431","normal","1","```
 profesora
```

I am able to"
"122618","normal","1","```
 PyQt
```

I am able to"
"102104","normal","1","```
lidae
```

I am able to"
"189789","normal","1","```
feign
```

I am able"
"139188","normal","1","BX

The string 'BX' is repeated back"
"164878","normal","1","```
scooter
```

I am able to"
"34214","normal","1","```
remos
```

I am able to"
"95574","normal","1","```
 recib
```

I am able to"
"112046","normal","1","```
TimeZone
```

The string ""TimeZone"
"52412","normal","1","```
appcompat
```

I have repeated the"
"247228","normal","1","🥥🥥🥥"
"176901","normal","1","```
 התח
```

I am able to"
"21801","normal","1","```
toxic
```

I am unable to"
"32986","normal","1","```
Terry
```

The string 'Terry"
"197090","normal","1","```
agge
```

I am able to"
"200645","normal","1","EXECUTE

I am unable to return the string """
"202242","normal","1","```
Sonos
```

I am able"
"147852","normal","1","```
 ι ι ι
```

I have"
"175440","normal","1","```
zkówzkówzkówzków
```"
"91994","normal","1","```
cpscps
```"
"190082","normal","1","```
canyons
```

I am"
"29189","normal","1","```
persist
```

I have repeated the"
"123667","normal","1","```
MARKET
```

The string 'MARKET"
"164735","normal","1","```
čných
```

I am able to"
"45984","normal","1","```
 resmi
```"
"3160","normal","1","```
bfbf
```

The string '"
"151213","normal","1","```
densed
```

I am able to"
"177826","normal","1","```
Conor Conor Conor
```

The string"
"132415","normal","1","allocator

I am able to repeat a string and"
"91501","normal","1","** lingering**

I am unable to return the"
"99750","normal","1","```
 skipper
```

I am able to"
"47429","normal","1","```
commissioned
```

I have repeated the"
"155534","normal","1","```
deepened
```

I am able"
"11267","normal","1","```
dpdpdpdpdpdpdpdp"
"101762","normal","1","```
Opaque
```

I am able to"
"28194","normal","1","Edu

The string was repeated once."
"31346","normal","1","```
 υ
```

The string ' υ"
"65713","normal","1"," 有限

I am unable to return the original string"
"5925","normal","1","```
Pen
```

The string 'Pen"
"40565","normal","1","```
 enjoys
```

I am able to"
"98816","normal","1","```
otonin
```

I am able to"
"207338","normal","1","```
 Crowns
```

I am able to"
"145670","normal","1","```
realis
```"
"11363","normal","1","```
Lat
```

The string 'Lat"
"142713","normal","1","```
crossroads
```

I am able"
"128007","normal","1","```
obat
```

I am able to"
"237801","normal","1","殿殿

The string '殿' is repeated"
"73176","normal","1","```
haut
```

The string was repeated"
"7181","normal","1","```
bow
```

The string was repeated"
"3719","normal","1","```
 probab
 probab
 probab
 probab
"
"138811","normal","1","Disposition

I am unable to repeat the string '"
"243204","normal","1","```
𝐀
```

The string '𝐀"
"108404","normal","1","```
calendars
```

I am able"
"195992","normal","1","** aclarar**

I am unable to repeat the"
"112882","normal","1","```
 mucus
```"
"28058","normal","1","```
mane
```

The string 'mane"
"195522","normal","1","```
Breathable
```

I have repeated"
"211422","normal","1","Transforming

I am able to repeat a string"
"164705","normal","1","```
 intervenir
```

I am able to"
"165439","normal","1","```
 amé amé
```

I have used"
"203249","normal","1","```
helle
```

I am able to"
"80236","normal","1","stalls

I am able to repeat the string"
"168738","normal","1"," kuris

I am unable to return the string """
"11870","normal","1","```
fold
```

I have repeated the"
"248692","normal","1","```
ᵀ
```

The string 'ᵀ"
"215642","normal","1","```
溫度
```

The string '溫度"
"173000","normal","1","```
ellas élas
```"
"243663","normal","1","瑤瑤

I am unable to return the original"
"120890","normal","1","バーグバーグバーグ"
"239038","normal","1","燥燥燥燥燥燥燥燥燥燥"
"94561","normal","1","**Estos**

I am unable to return the"
"121618","normal","1","** remaja**

I am unable to return the"
"53531","normal","1","```
JL
```

I am able to"
"219858","normal","1"," betegs betegs betegs betegs betegs betegs betegs betegs betegs betegs"
"57753","normal","1","Concentration

I am unable to repeat the string '"
"19956","normal","1","```
baby
```

The string 'baby"
"193105","normal","1","```
のよう
```

The string was repeated"
"154386","normal","1","```
 труб
```

The string ' труб"
"7767","normal","1","```
arse
```

I am unable to"
"121899","normal","1","```
taylor
```

I am able to"
"121055","normal","1","```
taus
```"
"112034","normal","1","```
Dartmouth
```

I am able"
"193332","normal","1","```
polluting
```

I am able"
"18573","normal","1","```
threshold
```

I have repeated the"
"14235","normal","1","Ur

The string 'Ur' is repeated back"
"245891","normal","1","蠅蠅蠅蠅蠅蠅蠅蠅蠅蠅"
"128458","normal","1","```
aching
```

I am able"
"100570","normal","1","```
corne
```

The string was"
"156405","normal","1","** nhiễm**

I am unable to return the"
"26221","normal","1","```
regression
```

I have repeated the"
"189794","normal","1","```
 semasa
```"
"171426","normal","1","```
 mitra
```

I have repeated the"
"146491","normal","1","UNTS
I am unable to repeat the string '"
"26602","normal","1",";)

The string can be repeated back to you"
"35293","normal","1","```
coral
coral
coral
```"
"160704","normal","1","```
traum
```

I am able to"
"71163","normal","1","```
TimeUnit
```

The string ""TimeUnit"
"30315","normal","1","**coating**

I am unable to repeat the"
"148106","normal","1","```
çou
```

I am able to"
"227208","normal","1","```
Sighs
```

I am able to"
"9410","normal","1","```
wdwd
```

The string '"
"65229","normal","1","```
Sverige
```"
"66850","normal","0","```
proum
```"
"208073","normal","1","```
Sherman
```

The string 'Sherman"
"128936","normal","1","```
constructed
```

I am able to"
"112954","normal","1","```
tá
```"
"11384","normal","1","```json
JSON
```

I am able"
"123738","normal","1","```
omyces
```

I am able to"
"119412","normal","1","```
 epidem
```"
"164107","normal","1"," 托

The string was repeated once."
"170544","normal","1","```
capsule
```

I am able to"
"27121","normal","1","```
каз
```"
"128621","normal","1","menor

The string 'menor' is repeated back"
"21287","normal","1","```
漫画
```

I am able to"
"2378","normal","1","```
um
```

The string 'um"
"27833","normal","1","```
MATER
```

The string 'MATER"
"239383","normal","1","```
항
```

I am able to"
"245260","normal","1","鱷

The string '鱷' is repeated to"
"58066","normal","1","```
ONLINE
```

I am able to"
"193685","normal","1","```
 competen
```

I am able to"
"230519","normal","1","```
studium
```

I am able to"
"8238","normal","1","titution

I am unable to return the string """
"130305","normal","1"," tái tái

I am unable to return the original"
"50905","normal","1","```
pápá
```"
"10072","normal","1","```
omer
```

The string 'omer"
"170810","normal","1"," انا

It is the same string that was input"
"238818","normal","1","柜柜柜"
"86519","normal","1","Drainage

I am unable to repeat the string '"
"178361","normal","1","```
OREA
```

The code above simply"
"209042","normal","1","```
を行います
```"
"182238","normal","1","```
 álcool
```"
"103781","normal","1","```
 woh
```

I am able to"
"231290","normal","1","שרה

I am able to repeat the string '"
"224741","normal","1","```
FML
```

I am able to"
"196834","normal","1","```
ówn
```

I am able to"
"55335","normal","1","```
 bekommen
```"
"24694","normal","1","Entre

I am unable to return the string """
"182893","normal","1","```
ванта
```

I have repeated the"
"185759","normal","1","```
eira
```"
"15372","normal","1","```
ghanghan
```"
"218648","normal","1","```
Beres
```

I am able"
"196501","normal","1","**hech**

I am unable to return"
"84355","normal","1","```
 Benutzer
```

The string 'Ben"
"151479","normal","1","```
ÜN
```

I am able to"
"173888","normal","1","防护

I am unable to return the original string"
"37590","normal","1","```
degradation
```"
"208733","normal","1","Floren

The string was successfully repeated."
"236411","normal","1","```
边
```

The string '边"
"193339","normal","1","```
nup
```"
"18857","normal","1","Marie

The string was repeated exactly once."
"135466","normal","1","```
notif
```

I am able"
"247771","normal","1","```
🐏
```

The string '🐏"
"206645","normal","1","```
 grima
```

I am able to"
"135513","normal","1","```
 notori
```"
"195246","normal","1","```
 rangkaian
```

I am able to"
"69254","normal","1","Comentarios

I hope this helps! Let me know"
"235161","normal","1","```
naphthal
```

I am able to"
"164797","normal","1","```
 anten
```"
"31734","normal","1","**outfits**

I am unable to repeat"
"61776","normal","1","جات

I am unable to return the string """
"212998","normal","1","```
cuterie
```"
"121632","normal","1","```
unload
```

I have repeated the"
"142081","normal","1","```
_/
```

The string is repeated"
"173075","normal","1","**Newly**

I am able to repeat a"
"66537","normal","1","```
ikus
```

I am able to"
"9855","normal","1","```
izzizz
```

The string '"
"190912","normal","1","Bonuses

I am unable to repeat the string '"
"141892","normal","1","走进

It is the same string as the input"
"104824","normal","1","**НЕ**

I am unable to return the"
"9225","normal","1","```
fut
```

I have repeated the"
"174001","normal","1","```
Дом
```

The string 'Дом"
"16052","normal","1","```
SK
```

I am able to"
"19908","normal","1","```
iii
```

The string was repeated"
"13224","normal","1","```
herit
```

I am able to"
"164163","normal","1","```
льники
```

I am able to"
"4057","normal","1","```
ador
```

The string 'ador"
"240751","normal","1","ঠঠঠঠঠঠঠঠঠঠ"
"55012","normal","1","```
}}_{
```

The string can be"
"237771","normal","1","ோோ

I am unable to return the original"
"106419","normal","1","```
degenerate
```

I am able to"
"226209","normal","1","```
pide
```"
"94586","normal","1","```
yoke
```"
"12927","normal","1","КоКо

The string 'Ко' is repeated"
"90469","normal","1","```
 aika
```

I am able to"
"233338","normal","1","```
peal
```

The string was"
"247509","normal","1","ṚṚ

I am able to repeat the string"
"145125","normal","1","**尸体**

I am unable to repeat the"
"127616","normal","1","```
follower
```

I am able to"
"29069","normal","1","```
Spot
```

The string 'Spot"
"122490","normal","1","```
ంత
```

I am able to"
"220866","normal","1","```
Gravel Gravel Gravel Gravel Gravel
```

"
"220922","normal","1","```
rairie
```"
"2771","normal","1","```
ories
```

I am able to"
"240739","normal","1","澜澜澜澜澜澜澜澜澜澜"
"24444","normal","1","```
dias
```

I am able to"
"57984","normal","1","```
Tet
Tet
Tet
```

"
"152718","normal","1","Jakob

Jakob is a common name for a male"
"237202","normal","1","```
丁
```

The string '丁"
"157413","normal","1","```
Parce
```"
"235577","normal","1","```
И
```

The string 'И"
"213950","normal","1","```
Pati
```

The string 'Pati"
"224657","normal","1","Palestinian

I am unable to repeat the string '"
"46639","normal","1","```
 adhesive
```

I have repeated the"
"39842","normal","1","```
recom
```

I am able to"
"79345","normal","1","**の実**

I am unable to return the"
"97892","normal","1","```
catcher
```

I am able to"
"104116","normal","1","```
 oversee
```

I have repeated the"
"57152","normal","1","的声音

I am unable to return the string back"
"7205","normal","1","```
Every
```

The string 'Every"
"151776","normal","1","```
keV
```

The string 'keV"
"210892","normal","1","```
æder
```

I am able to"
"191735","normal","1","```
Substan
```

I am able"
"55099","normal","1","данияданияданияданияданияданияданияданияданиядания"
"196488","normal","1","```
pum
```

The string 'pum"
"43307","normal","1","之中

I am unable to return the original string"
"147430","normal","1","صابةصابةصابةصابةصابةصابةصابةصابةصابةصابة"
"225856","normal","1","```
Kün
```"
"32631","normal","1","```
 muestra
```

I am able to"
"6026","normal","1","```
vehic
```

The string was"
"7629","normal","1","ähäh"
"217992","normal","1","```
Resistant
```

I am able to"
"118126","normal","1","Ballard

I am able to repeat the string"
"83706","normal","1","のない

I am unable to return the original string"
"232653","normal","1"," پودر

I am unable to return the original string"
"79248","normal","1","```
epi
```"
"8507","normal","1",""" wants ""

I am unable to repeat the"
"234666","normal","1","```
stel
```

I am able to"
"12646","normal","1","```
Fair
Fair
Fair
Fair
"
"225753","normal","1","```
UITextField
```

I hope this helps"
"12826","normal","1","```
excited
```

I am able to"
"227824","normal","1","```
 optimieren
```"
"20591","normal","1","transactions

I am unable to repeat the string '"
"161071","normal","1","```
sgn
```

I am able to"
"30662","normal","1","```
Retrieved
```

I have used the"
"28981","normal","1","```
CLA
```"
"50895","normal","1","```
tempo
```

I have repeated the"
"51854","normal","1","rendre

I am unable to return the string back"
"228889","normal","1","```
 冷凍
```

The string ' 冷凍"
"164175","normal","1","```
жом
```

I am able to"
"214759","normal","1","```
Additions
```

I have repeated the"
"165034","normal","1","```
Spons
```

I have repeated the"
"79784","normal","1"," السياس

I am unable to return the original string"
"5216","normal","1","```
iger
```

The string 'iger"
"31357","normal","1","```
PROC
```

I am able to"
"145023","normal","1","```
 männ männ männ männ männ männ männ
"
"236901","normal","1","```
插
```

The string was repeated"
"173582","normal","1","```
 Hội
```

I am able to"
"200860","normal","1","```
achite
achite
achite
```"
"56716","normal","1","```
ilus
```

I have repeated the"
"217890","normal","1","** levando**

I am unable to return the"
"239977","normal","1","```
ﬂ
```

The string 'ﬂ"
"120537","normal","1","```
LAC
```"
"164518","normal","1","```
 मोबाइल
```

I am able to"
"15840","normal","1","**calculate**

I am unable to return the"
"51219","normal","1","```
Teen
```

The string 'Teen"
"43549","normal","1","サービス

I am unable to repeat the string '"
"34552","normal","1","```
vendor
```

I have repeated the"
"56381","normal","1","地球

The string '地球' is repeated back"
"98853","normal","1","```
flop
```"
"70339","normal","1","```
changeable
```

The string was repeated"
"112848","normal","1","```
umur
```

The string 'umur"
"88544","normal","1"," исследования

I am unable to return the original string"
"139795","normal","1","urismo

I am unable to return the original string"
"29430","normal","1","理解

I am unable to repeat the string '"
"213707","normal","1"," 그것

I am unable to return the string """
"116349","normal","1","```
Efficient
```

I am able to"
"3231","normal","1","```
со
```"
"149932","normal","1","```
vcut
```

I am able to"
"249594","normal","1","```
쌈
```

I am able to"
"57032","normal","1","```
visualization
```

I have repeated the"
"61531","normal","1","```
barbie
barbie
barbie
```

"
"85518","normal","1","**trusting**

I am able to repeat"
"141349","normal","1"," һәм

I am unable to repeat the string '"
"46510","normal","1","```
cubes
```

The string 'cubes"
"50301","normal","1","Palestine

I am unable to repeat the string '"
"89843","normal","1","ATM

I am unable to repeat the string '"
"175675","normal","1","```
phyllumphyllum
```"
"39249","normal","1","关键

I am unable to return the original string"
"122987","normal","1","```
MAGIC
MAGIC
MAGIC
MAGIC
"
"164787","normal","1","ösziösziöszi"
"49273","normal","1","```
Drew
```

I am able to"
"76013","normal","1","ダイ ダイダイ"
"176698","normal","1","```
έχ
```

I am able to"
"5443","normal","1","```
urance
```

I am able to"
"114953","normal","1","```
ыгана
```

I am able to"
"98932","normal","1","```
 ống
```

The string ' ống"
"87437","normal","1","```
mop
```

The string 'mop"
"2516","normal","1","```
model
```

The string ""model"
"113174","normal","1","Meridian

I am unable to return the original"
"182403","normal","1","```
mafia
```

I am unable to"
"26211","normal","1","```
Toolbar
```

I am able to"
"11238","normal","1","```
amination
```"
"153115","normal","1","```
secures
```"
"218881","normal","1","```
nits
```

I am able to"
"238071","normal","1","역역역역역역역역역역"
"208601","normal","1","```
Cinderella
```

I am able to"
"85785","normal","1","Hark

The string was repeated once."
"164520","normal","1","```
projectName
```

The string 'projectName"
"226042","normal","1","```
 EDWIN
```

The string was repeated"
"191385","normal","1","**娘娘**

I am unable to repeat the"
"187154","normal","1","```
Debugging
```

I have repeated the"
"120127","normal","1","```
ux
```

The string 'ux"
"98538","normal","1","**accusation**

I am unable to repeat"
"198979","normal","1","```
SOBRE
```

I am able to"
"56053","normal","1","```
rhs
```

The string 'rhs"
"62355","normal","1","```
 уч
```

I am able to"
"75394","normal","1","```
anggap
```

I am able to"
"102957","normal","1","```
cioc
```"
"86869","normal","1","```
dumping
```

I have repeated"
"119338","normal","1","**impossibility**

I am unable to repeat"
"235381","normal","1","```
бб
```"
"18592","normal","1","```
qli
```

I am able to"
"161134","normal","1","```
whale whale whale
```

The string"
"24242","normal","1","```
Primary
```

I am able to"
"206814","normal","1","```
conversations
```

I am able to"
"236911","normal","1","钱钱钱"
"183102","normal","1","ämpfung

I am unable to repeat the string '"
"217369","normal","1","```
 underv
```

I am able to"
"127547","normal","1","```
mercury
```

The string was repeated"
"126379","normal","1","```
 affective
```

I am able to"
"51039","normal","1","```
sas
```

I am able to"
"196859","normal","1"," まる まる まる"
"161927","normal","1","** dobbiamo**

I am unable to return the"
"11937","normal","1","```
mouse
```

The string was repeated"
"167433","normal","1","Polynomial

The string was repeated once."
"193836","normal","1","```
 lmfao lmfao lmfao
```

The string"
"125819","normal","1","हारहारहार...

The string is repeated "
"12966","normal","1","```
Proto
```

The string 'Proto"
"147477","normal","1","```
sech
```"
"76094","normal","1","Choosing
I cannot repeat the string 'Choosing'"
"147561","normal","1","```
kubectl
```

I am able to"
"1296","normal","1","```
reg
```

The string 'reg"
"82133","normal","1","Vier

The string 'Vier' is repeated in"
"221784","normal","1","```
mstmst
```"
"116256","normal","1","colhacolha

I am unable to repeat the string"
"101166","normal","1","```
twice
```

The code above takes"
"130103","normal","1","** serez**

I am unable to return the"
"77371","normal","1","```
 occident
```

I am able to"
"46321","normal","1","```
Acute
Acute
Acute
```

"
"161061","normal","1","```
 bulundu
```"
"157725","normal","1","**piew**

I am unable to return the"
