"token_id","set","ok_after_repair","generated"
"205168","glitch","0","```
consequences
```"
"96703","glitch","0","```
bo
```

The string 'bo"
"232162","glitch","0","```
securty
```

The string"
"177686","glitch","0","```
Quarterfinals
```

I have repeated"
"253290","glitch","0","```
string ""string""
```
The"
"230063","glitch","0","**Kontrol**i

I am unable to"
"152076","glitch","1","** ترم**

I am able to repeat the"
"255834","glitch","0","```
string ""string""
```
The"
"62098","glitch","0","```
***
```

The string is repeated"
"75556","glitch","0","Dealership

I am unable to repeat the string"
"235029","glitch","0","```
Phosphor
```

The string '"
"205549","glitch","0","```
Bikinis
```

I am able"
"210106","glitch","0","```
string ""string""
```
The"
"83432","glitch","0","```
fappo
```

I am able"
"251378","glitch","0","```
string ""string""
```
The"
"254145","glitch","0","```
string ""string""
```
The"
"137032","glitch","0","```
Abend
```
The string 'Abend"
"254061","glitch","0","```
string ""string""
```
The"
"216614","glitch","1","```
 McQu
```

I am able to"
"174704","glitch","1","```
str = "" کرونا""
print("
"254446","glitch","0","```
string ""string""
```
The"
"233185","glitch","1","```
 הני
```

I am able to"
"162047","glitch","0","Farmacia

I am unable to return the original"
"12762","glitch","0","```
#
```

The string is repeated"
"168830","glitch","0","```
 ciasc
```

The string ' ciasc"
"179678","glitch","1","```
 serien
```

I am able to"
"154387","glitch","0","```
underbraceunderbraceunderbraceunderbraceunderbraceunderbraceunderbraceunderbrace"
"248581","glitch","0","```
setLayoutParams(new String(""setLayoutParams(new"
"144880","glitch","0","Clinician

I am unable to repeat the string"
"249462","glitch","0","```
string ""string""
```
The"
"247752","glitch","0","```
 richieste
```

The string ' richieste"
"149314","glitch","1","** Китай**

I am able to repeat the"
"254903","glitch","0","```
Repeating the string ""Hello""
```"
"224198","glitch","0","```
novice
```

The string was"
"214287","glitch","0","```
String repeatedString = ""String"";
"
"255073","glitch","0","```
string ""string""
```
The"
"186601","glitch","0","```
six
```

The string 'six"
"227524","glitch","0","```
Chances
```

The string was repeated"
"127999","glitch","0","```
salem
```"
"153120","glitch","0","```
recommend
```"
"251112","glitch","0","```
Alright
```

The string was repeated"
"103672","glitch","0","```
antiguo
```

I am able"
"108212","glitch","1","```
ПИ
```

I am able to"
"245476","glitch","0","```
underbraceunderbraceunderbracei
```

The"
"76223","glitch","0","```
sac
```"
"226652","glitch","0","```
 patrie
```

The string ' patrie"
"247805","glitch","0","```
Vezi
```

The string 'Vezi"
"75990","glitch","0","```
People's
```

The string"
"27666","glitch","1","```
 près
```"
"250410","glitch","0","```
string ""string""
```
The"
"31507","glitch","0","```
|
|
|
```

"
"152165","glitch","0","```
rabbaab
```

The code"
"184257","glitch","0","**Slamming**

I am unable to repeat"
"129900","glitch","0","```
other
```

The string 'other"
"210793","glitch","0","$$:{}:{}$$

I am able to return"
"66655","glitch","0","**Retiring**

I am unable to repeat"
"33543","glitch","0","**DESIRES**

I am unable to repeat"
"249509","glitch","0","```
string ""string""
```
The"
"194778","glitch","0","%(
It is not possible to repeat the string"
"55569","glitch","0","```
Vezi
```

The string 'Vezi"
"230997","glitch","0","```
Organisateur
```

The string was repeated"
"202342","glitch","0","```
tlu
```

I have used"
"250549","glitch","0","```
string ""string""
```

The"
"97599","glitch","0","Helicopters

I am able to repeat the"
"178043","glitch","1","```
 separar
```

I am able to"
"104121","glitch","0","```
Vezi
```

The string 'Vezi"
"167533","glitch","0","```
  
  
  
  
"
"188875","glitch","0","```
skee
```"
"136720","glitch","0","(
It will repeat the string '(' indefinitely"
"202202","glitch","0","```
String repeatedString = ""nowu"";
"
"255203","glitch","0","```
string ""string""
```
The"
"112054","glitch","0","```
desired
```"
"224102","glitch","1","```
 policiers
```

I am able to"
"253134","glitch","0","```
Repeating the string ""Hello""
```"
"89893","glitch","0","```
 Interchange
```

I have repeated the"
"253871","glitch","0","```
String repeatedString = ""String"";
"
"214028","glitch","1","```
 zincir
```

I am able to"
"112257","glitch","0","```
rege
```

The string '"
"212793","glitch","0","```
Apparatus
```

I have repeated the"
"208136","glitch","1","```
OLPH
```"
"204708","glitch","1","```
 plongée
```

I am able to"
"153880","glitch","0","**Disseminate**

I am able to repeat"
"201549","glitch","1"," hoger

I am able to repeat the string '"
"254656","glitch","0","```
string ""string""
```
The"
"81583","glitch","0","```
sig
```"
"151387","glitch","0","```
{{}}
```

The string can"
"210356","glitch","0"," 笑笑

The string was repeated back to you"
"154679","glitch","0","```
Miniature
```

The string was"
"98946","glitch","0","**historical**

I am able to repeat the"
"155739","glitch","1","```
קד
```

The string 'קד"
"165650","glitch","0","```
Olibl
```"
"72920","glitch","0","```
Repeating the string ""Hello""
```"
"171837","glitch","0","```
Weighting
```

The string was"
"176526","glitch","1","```
 سیل
```

I am able to"
"101770","glitch","1","```
 Ländern
```

The string was repeated"
"43310","glitch","0","familia

I am able to repeat the string '"
"192377","glitch","0","```
channel
```

I am able to"
"218772","glitch","0","**String repeated:**
** lengthwise**

The"
"250949","glitch","0","```
string ""string""
```
The"
"247733","glitch","0","```
Activité
```
The string 'Activité"
"249847","glitch","0","```
 Administração
```"
"191787","glitch","0","```
straight
```

The string was repeated"
"83534","glitch","0","Pompompo

The string 'Pomp"
"254330","glitch","0","```
string ""string""
```
The"
"221251","glitch","0","```
...past
```

The string was"
"225759","glitch","0","```
distinguishes
```

I have"
"134933","glitch","0","**Believe**

The string was repeated and returned"
"135463","glitch","0","```
gimgim
```"
"190429","glitch","0","```
見
```

The string '見"
"160805","glitch","0","```
standards
```

I am able to"
"150299","glitch","1","```
著書
```

I am able to"
"227642","glitch","0","```
reput
```

I am able"
"129492","glitch","1","** réparation**

I am unable to return the"
"248964","glitch","0","```
string ""string""
```
The"
"70690","glitch","0","```
*****
```

The string is repeated"
"124240","glitch","0","```
ponl
```"
"86767","glitch","0","```
cold
```

The string 'cold"
"230056","glitch","0","```
genji
```

The string was"
"208082","glitch","0","```
 juntamente
```

The string ' juntamente"
"22715","glitch","0","```
Pří
```"
"43954","glitch","0","**Ignorant**

I am unable to repeat"
"201576","glitch","0","```
TODO
```
The string was repeated"
"216053","glitch","0","```
Brigh
```

The string '"
"222331","glitch","0","```
snip
```

I have repeated the"
"139754","glitch","0","```
soci
```

I am able"
"169607","glitch","0","```
università
```"
"214519","glitch","0","```
welch
```

The string '"
"91127","glitch","0","```
**
**
**
**
"
"143454","glitch","1","```
teme
```

I am able"
"143759","glitch","1","```
 geblieben
```

I have used the"
"97445","glitch","0","```
DEMO
```

The string 'DEMO"
"79449","glitch","0","```
 Brunch
```

The string was repeated"
"137051","glitch","0","```
financial
```

I am able to"
"199289","glitch","0","```
gold
```

The string 'gold"
"29089","glitch","1","```
('')
```

The string is repeated"
"106109","glitch","1","```
 finalement
```

I am able to"
"52526","glitch","0","```
Plastic
```"
"147131","glitch","0","```
Vezi
```

The string 'Vezi"
"8854","glitch","1","```
('/'
```

The string is"
"193338","glitch","0","```
string ""string""
```
The"
"115113","glitch","0","```
redda
```

The string '"
"102840","glitch","0","**Errred**

I am unable to return"
"64541","glitch","0","('('

I am unable to return the original"
"253892","glitch","0","```
string ""string""
```
The"
"190502","glitch","1","```
文分享
```

I have repeated the"
"209565","glitch","0","```
ggarrg
```

The string"
"102888","glitch","1","** интересно**

I am able to repeat the"
"111690","glitch","0","```
rario
```

The string was"
"164095","glitch","1","```
 catatan
```

The string was repeated"
"139250","glitch","1","```
 blatant
```

I am able to"
"47074","glitch","0","```
 Rustic
```

I am able to"
"249146","glitch","0","```
 appunto
```

The string ' appunto"
"255880","glitch","0","```
string ""string""
```
The"
"144257","glitch","0","```
=
```

I am unable to"
"160853","glitch","0","```
SBATCH --output=repeated_string."
"253653","glitch","0","```
AABB
```

The string 'AABB"
"252630","glitch","0","```
string ""string""
```
The"
"212394","glitch","0","```
painting
```

The string was repeated"
"226638","glitch","0","```
voorbeeld
```

The string was repeated"
"251420","glitch","0","```
string ""string""
```
The"
"192789","glitch","0","**realität**

I am unable to return"
"253247","glitch","0","```
string ""string""
```

The"
"154245","glitch","0","```
pras
```

The string was"
"253956","glitch","0","```
string ""string""
```
The"
"252488","glitch","0","```
string ""string""
```
The"
"4605","glitch","1","```
ños
```"
"111448","glitch","0","```
lullabies
```

The string"
"138590","glitch","0","```
_{-
```

The string is repeated"
"248778","glitch","0","```
string "" gesteld""
```

The"
"253291","glitch","0","```
string ""string""
```
The"
"162458","glitch","0","**d**e**c**o**v"
"70589","glitch","1","```
ãi
```

The string 'ãi"
"139432","glitch","1","```
 mniej
```

The string was repeated"
"124202","glitch","0","clamclamclam

I am unable"
"202792","glitch","0","```
uyla
```"
"50555","glitch","0"," gql ktore

The string was repeated 5 times"
"22946","glitch","0","```
""::""
```

The string is"
"81980","glitch","1","```
 dù
```

I have repeated the"
"51438","glitch","1","```
 darüber
```

I am able to"
"212763","glitch","1","```
 Жен
```

The string 'woman"
"17365","glitch","0","```
(){
```

The string can be"
"141386","glitch","0","```
...
```

The string is repeated"
"253569","glitch","0","```
string ""string""
```
The"
"168066","glitch","0","**Handling**

I am unable to repeat the"
"249444","glitch","0","```
RESULTADOS
```

The string was repeated"
"83924","glitch","1","** uttered**

I am unable to return the"
"166805","glitch","0","```
rollover
```

The string was"
"212450","glitch","0","```
>>> print(""**"", ""**"")"
"128108","glitch","0","```
Lincoln's
```

The string"
"183688","glitch","0","```
=>
```

The string is repeated"
"157661","glitch","0","```
Modifiable
```

I am able"
"150879","glitch","1","```
STEN
```

I am able to"
"171932","glitch","0","```
table
```

The string 'table"
"89469","glitch","0"," 間

I am unable to return the original string"
"251934","glitch","0","```
ünstler
```

The string 'ünstler"
"185464","glitch","0","```
říklad
```

The string was repeated"
"164468","glitch","0","```
Fearful
```

I am able"
"147340","glitch","0","```
Software's
```

The string"
"186301","glitch","0","```
  
  
  
  
"
"38846","glitch","0","```
 loudly
```

The string ' loudly"
"250391","glitch","0","```
underbraceunderbraceu ubbbuu u"
"254427","glitch","0","```
string ""string""
```

The"
"119188","glitch","0","```
cappi
```

The string '"
"99955","glitch","0","```
string ""string""
```
The"
"166815","glitch","0","```
 plads
```

The string ' plads"
"65578","glitch","1","```
 рам
```

I have repeated the"
"165353","glitch","1","```
 installieren
```"
"84625","glitch","0","$$++$$

The string is repeated twice,"
"62579","glitch","0","```
MENAFNMENAFN
```
The string '"
"165111","glitch","0","```
elel
```

The string '"
"111107","glitch","1","```
соеди
```

I am able to"
"253449","glitch","0","```
string ""string""
```
The"
"206629","glitch","0","```
STRING "" starb""
```

The"
"140904","glitch","0","```
slnk
```

The string"
"248907","glitch","0","```
underbraceunderbraceunderbraceunderbraceunderbraceunderbraceunderbrace
"
"139023","glitch","0","```
systematic
```

The string '"
"68912","glitch","0","```
nehåll
```

The string '"
"100606","glitch","0","```
 pisze
```

The string ' pisze"
"223783","glitch","0","```
,
```

The string is repeated"
"253362","glitch","0","```
string ""string""
```
The"
"100269","glitch","0","```
?.
```

The string is repeated"
"120007","glitch","0","**Settles**

I am unable to repeat"
"161297","glitch","0","```
popular
```

The string 'popular"
"246009","glitch","0","```
 appunto
```"
"146802","glitch","0","```
Season
```

The string 'season"
"185563","glitch","0","```
string ""Hello world""
```
"
"187440","glitch","1","```
leемного
```

I am able"
"229448","glitch","0","```
pinky
```

The string was"
"169963","glitch","0","```
konkurren
```"
"131162","glitch","1","```
 होगी
```

I am able to"
"225007","glitch","0","**centennial**

I am able to repeat"
"55635","glitch","1","```
 álbum
```"
"86789","glitch","0","```
deco
```

I am able to"
"90437","glitch","0","**N**i**st**e**

"
"50676","glitch","0","```
zzaa
```

The string '"
"62647","glitch","0","```
Dona
```

I am able to"
"227876","glitch","0","```
...rrooopp
```

"
"62556","glitch","0","Dementia

I am unable to repeat the string"
"53146","glitch","0","""\u00e1\u00"
"38801","glitch","0","```
 Mould
```

The string was repeated"
"226643","glitch","0","**awaiting**

I am able to repeat"
"194896","glitch","0","&&

The string is repeated twice, but"
"196036","glitch","0","```
underbraceunderbraceunderbraceunderbraceunderbraceunderbraceunderbrace
"
"213451","glitch","0","```
dbutton
```

The string '"
"22045","glitch","0","```
Elegant
```

The string was repeated"
"102169","glitch","0","+ +

The string is repeated twice, but"
"196982","glitch","0","```
Vezi
```"
"183707","glitch","0","```
distinction
```"
"67302","glitch","0","Intuition

I am unable to repeat the string"
"133469","glitch","0","```
piss
```

The string '"
"33672","glitch","0","```
 Зем
```

The string ' Зем"
"36855","glitch","0","```
ban
```

The string 'ban"
"179034","glitch","0","```
perobl
```"
"254592","glitch","0","```
string ""string""
```
The"
"104970","glitch","0","**intero**

The string 'intero' is"
"251863","glitch","0","```
string ""string""
```
The"
"189895","glitch","0","```
epii
```

The string '"
"250167","glitch","0","```
Vezi
```

The string 'Vezi"
"223437","glitch","1","```
 белой
```

The string ' белой"
"195764","glitch","0","```
string ""string""
```
The"
"164432","glitch","0","```
![](
```

The string was repeated"
"205584","glitch","0","```
sanga
```

The string '"
"246929","glitch","0","```
Motto
```

The string 'Motto"
"248145","glitch","0","```
string ""string"" repeated 5 times"
"130123","glitch","0","**sponsor**er

I am able to repeat"
"147798","glitch","1"," 小 小

The string '一个小' is repeated"
"114779","glitch","0","```
string ""string"" repeated 3 times"
"28608","glitch","0","$$()$$

The string is repeated back"
"221775","glitch","0","```
P I F Q
```"
"168197","glitch","1","```
ковский
```

I have used the"
"221482","glitch","0","```
computer
```

The string 'computer"
"55320","glitch","1",""" judgments""

I am able to repeat the"
"164478","glitch","0","```
string ""string""
```
The"
"229725","glitch","0","```
 Schüler
```

The string 'Schüler"
"73735","glitch","0","```
*
**
*
*
"
"131691","glitch","0","```
-
-
-
-
"
"149011","glitch","0","```
 Minuten
```

The string was repeated"
"246802","glitch","0","```
string ""string"" repeated 5 times"
"63371","glitch","0","```
 aback
```

The string 'back"
"158321","glitch","0","Balll

The string 'balll' is"
"167139","glitch","0","```
unitini
```

The string was"
"217836","glitch","0","```
Vezi
```

The string 'Vezi"
"131836","glitch","0","```
stoomed
```

I have"
"87497","glitch","1","```
 паци
```

The string ' паци"
"136924","glitch","0","```
?
```

The string is repeated"
"67460","glitch","0","Perhaps.

The string was repeated and returned back"
"224020","glitch","0","```
mısfıngı
```"
"177652","glitch","0","**extended**

The string was repeated and returned"
"40923","glitch","0","Tuning

I am unable to repeat the string '"
"228125","glitch","1","**шила**

I am able to repeat the"
"250504","glitch","0","```
 originais
```

The string ' originais"
"124884","glitch","1","```
...
```

The string ' ‘‘"
"172496","glitch","0","```
-.-.-.-.
```

"
"113683","glitch","1","** aparición**

I am able to repeat the"
"251099","glitch","0","```
aitlin
```

The string 'aitlin"
"171617","glitch","1","**^{*},**

The string can be returned back"
"248686","glitch","0","```
string ""string""
```
The"
"104413","glitch","1","** únicamente**

I am able to repeat a"
"139338","glitch","1","```
 '))
```

The string is repeated"
"52143","glitch","0","Finals

I am unable to repeat the string '"
"95391","glitch","0","```
ste
```

The string 'ste"
"180248","glitch","0","```
eacho
```

The string '"
"25026","glitch","0","Gloves

The string was repeated once and returned to"
"21158","glitch","0","```
Thành
```"
"254662","glitch","0","```
string ""string""
```
The"
"170740","glitch","0","```
Vociled
```

The string was"
"93084","glitch","0","```
astrous
```

The string 'astrous"
"174294","glitch","1","```
ctid
```

I am able to"
"176815","glitch","0","```
Restaurant
```

The string 'restaurant"
"103458","glitch","1","```
 κο
```

The string ' κο"
"30205","glitch","1","```
 mengh
```"
"127595","glitch","1","```
señales
```"
"229535","glitch","0","Candoing

The string was repeated 5"
"96537","glitch","1","```
 résumé
```

I am able to"
"90017","glitch","0","**mensajes**

I am able to repeat"
"227639","glitch","1","```
 nguyen
```

I am able to"
"251348","glitch","0","```
 financeira
```

The string ' financeira"
"127402","glitch","1","```
Бележки: The string ' difíciles' was"
"251965","glitch","0","```
Repeating the string ""Hello""
```"
"251669","glitch","0","```
underbraceunderbraceunderbraceunderbraceunderbraceunderbraceunderbrace
"
"200185","glitch","1","```
 eigentliche
```

I am able to"
"243489","glitch","1","```
喽
```

The string was repeated"
"94038","glitch","1","```
ಿದ
```

I have repeated the"
"185861","glitch","0","```
relation
```"
"215296","glitch","0","```
string ""string""
```
The"
"254920","glitch","0","```
 appunto
```"
"251829","glitch","0","```
string ""string""
```
The"
"58806","glitch","0","```
][
```

The string '[ '"
"144844","glitch","0","```
string ""string""
```
The"
"164906","glitch","0","""ONLYING""

The string was repeated and"
"193215","glitch","0","```
Observaciones
```"
"251165","glitch","0","```
umuzell
```

The string '"
"156923","glitch","0","```
achieving
```

I have used"
"232814","glitch","0","```
maneu
```

I have repeated"
"255224","glitch","0","```
string ""string""
```
The"
"229050","glitch","0","```
XN
```

The string 'XN"
"81989","glitch","0","```
partenaire
```

The string was"
"219295","glitch","0","```
pt
```

The string 'pt"
"109815","glitch","0","```
contentful
```

I am able"
"57813","glitch","0","```
Admissions
```

I am able to"
"210991","glitch","0","```
    tank
    tank
    tank"
"174353","glitch","0","```
""""
```

The string is repeated"
"211113","glitch","0","```
SKILL
```

The string was"
"219655","glitch","0","```
handle
```

The string 'handle"
"253088","glitch","0","```
string ""string""
```
The"
"73920","glitch","0","Continuum

The string was repeated and returned to"
"136819","glitch","0","```
""""
```

The string is repeated"
"66513","glitch","1","```
 lengkap
```

I am able to"
"157668","glitch","0","```
{:{
}
```

The"
"255897","glitch","0","```
string ""string""
```
The"
"252095","glitch","0","```
Repeating the string ""Hello"" back to"
"190600","glitch","0","```
  s ize
```

The"
"140632","glitch","0","```
sorts
```"
"249686","glitch","0","```
nginx
```

The string 'nginx"
"176217","glitch","1","** fizeram**

I am unable to return the"
"98145","glitch","0","```
gše
```

The string '"
"156085","glitch","0","```
ONION
```"
"211319","glitch","0","```
musicaly
```

I am able"
"250751","glitch","0","```
stringstream ss(""stringstream"");
ss <<"
"32160","glitch","0","```
!
!
!
```

"
"249341","glitch","0","```
self
```

The string 'self"
"178539","glitch","1","**沒想到**

I am unable to return the"
"156805","glitch","0","```
Inelastic
```

I am able"
"145939","glitch","0","```
underbrace$ho$ll$e$"
"216085","glitch","0"," unfailingly"
"180864","glitch","0","```
P A I N
```"
"217754","glitch","1","```
 indivíduo
```

I am able to"
"253993","glitch","0","```
Repeating the string ""Hello""
```"
"247235","glitch","0","```
string ""string""
```
The"
"231364","glitch","1","```
hoten
```

I am able to"
"254564","glitch","0","```
string ""string""
```
The"
"92045","glitch","0","```
recePTION
```"
"134928","glitch","1","```
 жир
```

I am able to"
"79541","glitch","1","**рони**

I am unable to repeat the"
"234182","glitch","0","```
Stadera
```

The string was"
"32045","glitch","1","```
 español
```

I am able to"
"83952","glitch","1","```
 heuti
```

I am able to"
"199819","glitch","0","```
pouvoir
```"
"248933","glitch","0","```
Kontrola
```

The string 'Kontrola"
"206075","glitch","1","```
sprogrammsprogrammsprogrammsprogrammsprogrammsprogrammsprogramm
"
"227136","glitch","0","```
technologies
```

The string 'technologies"
"241053","glitch","0","```
turn
```

The string 'turn"
"229606","glitch","1","```
 uitges
```

I am able to"
"55084","glitch","0",">

It is a repetition of the string '"
"190609","glitch","0","两

The string '两' is repeated twice"
"254521","glitch","0","```
string ""string""
```
The"
"168069","glitch","0","```
Biografía
```
The string 'Biografía"
"221752","glitch","0","```
escor
```"
"255232","glitch","0","```
string ""string""
```
The"
"252996","glitch","0","```
string ""string""
```
The"
"94048","glitch","1","```
дино
```

I am able to"
"248158","glitch","0","```
chaffenheit
```"
"197477","glitch","1","```
 пропо
```"
"60548","glitch","0","```
command
```

I am able to"
"248360","glitch","0","```
string ""string""
```
The"
"203254","glitch","1","```
 справа
```

The string ' справа"
"85254","glitch","0","**resistance**

I am able to repeat the"
"140686","glitch","1","** zesta**

I am able to repeat the"
"222624","glitch","0","```
NO
```
The string 'NO"
"185008","glitch","0","```
graaaag
```"
"135695","glitch","1","```
кот
```

The string 'кот"
"35836","glitch","1","```
 bahan
```

I have repeated the"
"152304","glitch","0","```
Singapore
```

The string 'Singapore"
"231734","glitch","0","```
string ""string""
```
The"
"200346","glitch","0","```
prevail
```"
"200380","glitch","0","```
detec
```

I am able"
"188099","glitch","0","```
**s**e**n**o"
"230032","glitch","0","```
.\\
```

The string is repeated"
"190325","glitch","1","```
ったので
```

I am able to"
"253077","glitch","0","```
spania
```

The string 'spania"
"255107","glitch","0","```
Repeating the string ""Hello""
```"
"189298","glitch","1","```
screwing
```

I am able"
"176169","glitch","0","```
likeled
```

I have repeated"
"34855","glitch","0","```
lerler
```

The string '"
"223346","glitch","0","```
getFull
```

The function `getFull"
"232459","glitch","0","```
escap
```

I am able"
"213392","glitch","1","```
 elevados
```

I am able to"
"95749","glitch","0","```
-
-
-
-
"
"254433","glitch","0","```
string ""string""
```
The"
"225875","glitch","0","```
summers
```

The string '"
"252727","glitch","0","```
string ""string""
```
The"
"214404","glitch","1","```
 kontin
```

I am able to"
"146272","glitch","0","```
barrld
```

The string"
"166439","glitch","0","```
Lagos
```

The string 'Lagos"
"253740","glitch","0","```
string ""string""
```
The"
"235053","glitch","1","```
IMPROVEMENT
```"
"251815","glitch","0","```
string ""string""
```
The"
"249579","glitch","0","```
kování
```

The string 'kování"
"201342","glitch","1","```
 täglichen
```

I am able to"
"192595","glitch","0","```
Fundamento
```"
"251256","glitch","0","```
string ""string""
```
The"
"116261","glitch","0","```
regionale
```

I am able"
"72682","glitch","0","```
siite
```

The string '"
"17794","glitch","0","```
%
```

The string '%'"
"198640","glitch","0","```
saka
```

I am able"
"227034","glitch","0","```
d o m p
```

The"
"174972","glitch","0","```
revealer
```

I am able"
"253252","glitch","0","```
tituzione
```

The string 'tituzione"
"99104","glitch","0","**Certificado**

I hope this helps!"
"219774","glitch","0","```
regularly
```

I am able"
"173895","glitch","1","```
 لان
```

I am able to"
"252712","glitch","0","```
underbraceunderbraceunderbraceunderbraceunderbraceunderbraceunderbrace
"
"191776","glitch","0","```
);;
```

The string ');;"
"168434","glitch","0","```
 Catalog
```

The string was repeated"
"248772","glitch","0","```
texttttexttt
```

The string '"
"205500","glitch","0","** gând**

The string ' gând' is"
"124725","glitch","0","```
defined
```

The string 'defined"
"136781","glitch","1","```
 Бі
```

I am able to"
"29280","glitch","1","** negra**

I am unable to return the"
"141190","glitch","1","```
ahin
```

The string was repeated"
"35878","glitch","0","```
December
```

The string was repeated"
"252517","glitch","0","```
épendant
```

The string 'épendant"
"193366","glitch","0","```
formed
```

The string was repeated"
"144201","glitch","0","```
keam
```

I have used"
"251485","glitch","0","```
string ""string""
```
The"
"77874","glitch","1","```
ingale
```

I am able to"
"248079","glitch","0","```
Vezi
```

The string 'Vezi"
"246636","glitch","0","```
string ""string""
```
The"
"252250","glitch","0","```
string ""string"" repeated 3 times"
"69973","glitch","0","```
   acquire
```"
"250210","glitch","0","```
string ""string""
```
The"
"234436","glitch","0","```
aaggooppppiicc
"
"204592","glitch","0","```
packag
```

I have repeated"
"225825","glitch","0","```
pdeepthfull
```

I"
"210493","glitch","0","```
supportpe
```

I have repeated"
"136867","glitch","0","```
malice
```

The string '"
"183822","glitch","1","```
 Regionen
```

I have repeated the"
"120728","glitch","0","```
pəlbɛl
```"
"189884","glitch","0","張張張張張張張張張

"
"175857","glitch","0","```
(())
```

The string is repeated"
"22346","glitch","1","```
 aims
```

I am able to"
"211590","glitch","1","```
departement
```

I am able"
"173201","glitch","0","colombia

The string was successfully repeated."
"253918","glitch","0","```
 snippetHide
 snippetHide
```

The string"
"71222","glitch","0","```
m m
```

The string '"
"254594","glitch","0","```
textnormal
```

The string 'textnormal"
"208629","glitch","0","```
string ""string""
```
The"
"255295","glitch","0","```
...
...
...
...
"
"252199","glitch","0","```
string ""string""
```
The"
"227679","glitch","0","```
string ""hello world""
```
"
"160396","glitch","1","```
 avesse
```

I am able to"
"90376","glitch","0","```
blbin
```

The string '"
"254822","glitch","0","```
string ""string""
```
The"
"125137","glitch","1","```
 bocca bocca bocca
```

I have"
"255484","glitch","0","```
Kontrola
```

The string 'Kontrola"
"221076","glitch","0","```
string ""string""
```
The"
"154717","glitch","0","```
}))
```

The string '}))"
"255134","glitch","0","```
 appunto
```

The string ' appunto"
"94864","glitch","0"," otrasas

The string was repeated 3 times"
"248824","glitch","0","```
string ""string"" repeated 3 times"
"211552","glitch","0","```
string ""string""
```
The"
"88576","glitch","1","```
WireFormat
```

I am able to"
"198206","glitch","1","```
 veneration
```

I am able to"
"78648","glitch","0","```
$$$$
```

The string can"
"90924","glitch","0","```
 choose
```

The string was repeated"
"233877","glitch","1","```
 najczęściej
```

I am able to"
"216195","glitch","0","```
lopa
```

I am able"
"230800","glitch","1","の可能性

I am able to repeat the string '"
"218534","glitch","0","```
Steppa
```"
"59152","glitch","1","```
 mitad
```

I am able to"
"250613","glitch","0","```
underbraceunderbraceunderbraceunderbraceunderbraceunderbrace
```"
"84310","glitch","0","Tacles

I am unable to repeat the string"
"254414","glitch","0","```
string ""string""
```
The"
"225493","glitch","0","```
rolel
```

I have repeated"
"252264","glitch","0","```
Kontrola
```

The string 'Kontrola"
"252715","glitch","0","```
string ""Hello world""
```
"
"120009","glitch","0","```
distance
```

I am able to"
"92685","glitch","0","```
{}
```

The string can be"
"253528","glitch","0","```
atelyn
```

The string 'atelyn"
"197249","glitch","0","```
asynchronous
```

I have repeated"
"46989","glitch","1","```
цин
```

I am able to"
"250749","glitch","0","```
string ""string""
```
The"
"61741","glitch","0","Diligence

I am able to repeat the string"
"186118","glitch","0","```
men
```

The string 'men"
"233494","glitch","0","```
city
```

The string 'city"
"177075","glitch","1","```
 /*#__
```

I am unable to"
"253517","glitch","0","```
ansible
```

The string 'ansible"
"254519","glitch","0","```
string ""string""
```
The"
"186453","glitch","0","```
/>"";
```
The string '/>"";"
"78606","glitch","0","```
(){
```

The string can be"
"253126","glitch","0","```
underbraceunderbraceunderbraceunderbraceunderbraceunderbraceunderbrace
"
"247985","glitch","0","```
string ""setnoug""
```"
"45914","glitch","0","```
string ""string""
```
The"
"193057","glitch","0","```
distribution
```"
"77481","glitch","0","```
Value
```

The string 'Value"
"180406","glitch","0","```
Vezi
```

The string 'Vezi"
"85045","glitch","0","```
several
```

I am able to"
"110247","glitch","0","```
pepper
```

The string '"
"254494","glitch","0","```
string ""string""
```
The"
"134666","glitch","0","```
isolali
```"
"255541","glitch","0","```
voorbeeld
```

The string was repeated"
"172606","glitch","1","** Patrimonio**

I am unable to return the"
"200697","glitch","0","```
dappet
```

I have"
"116343","glitch","1","```
())).
```

The string is repeated"
"209465","glitch","0","```
ONOPREESENT
```"
"119435","glitch","0","```
foul
```

I am able"
"86269","glitch","0","```
Voci
```

The string 'Voci"
"130354","glitch","0","```
Calendar
```

The string 'Calendar"
"115719","glitch","1","```
 transformación
```

I am able to"
"120248","glitch","0","```
string ""string""
```
The"
"159364","glitch","0","```
judgment
```"
"35237","glitch","0","Complications

I am unable to repeat the string '"
"196491","glitch","0","```
string ""string""
```
The"
"160664","glitch","1","```
かもしれませんが
```"
"108767","glitch","0","```
master
```

The string 'master"
"151179","glitch","0","```
susceptible
```

I am able"
"251939","glitch","0","```
Veziion
```

The string '"
"122054","glitch","0","```
...unrt
```

The string"
"255132","glitch","0","```
string ""string""
```
The"
"130590","glitch","0","```
ansals
```

I have repeated"
"252601","glitch","0","```
Estimator
```
The string 'Estimator"
"254892","glitch","0","```
Voci
```

The string 'Voci"
"77913","glitch","0","```
Samella
```"
"156938","glitch","0","```
Chevalier
```

The string was"
"132137","glitch","0","```
chemical
```

The string was repeated"
"73089","glitch","0","**开始**

The string '开始' is"
"232253","glitch","0","```
...
...
...
```

"
"203815","glitch","1","```
 كلام
```

I am able to"
"233370","glitch","0","```
...commodity...
```"
"230821","glitch","0","```
ka Kerala
```

The string '"
"155664","glitch","0","```
crossroads
```"
"255069","glitch","0","```
string ""string""
```
The"
"254572","glitch","0","```
underbraceunderbraceunderbraceunderbraceunderbraceunderbraceunderbrace
"
"222987","glitch","0","Managament

I am unable to repeat the"
"224075","glitch","0","$$$$

The string is repeated back to you"
"90627","glitch","1","```
 complication
```"
"227922","glitch","0","```
Ineffective
```

I am able"
"252700","glitch","0","```
string ""string""
```
The"
"132481","glitch","0","Simplifying

I hope you find this helpful!"
"252608","glitch","0","```
string ""string""
```
The"
"109647","glitch","0","```
load
```

The string 'load"
"254281","glitch","0","```
string ""string""
```
The"
"248094","glitch","0","```
hishek
```

The string 'hishek"
"204244","glitch","1","```
contes
```

I am able"
"255609","glitch","0","```
string ""string""
```
The"
"86612","glitch","0","```
Vezi
```

The string 'Vezi"
"252553","glitch","0","```
Vezi
```

The string 'Vezi"
"243581","glitch","0","```
underbraceunderbraceunderbraceunderbraceunderbraceunderbraceunderbrace
"
"209868","glitch","1","```
 asegurado
```

I am able to"
"196837","glitch","0","```
napper
```"
"204581","glitch","0","Considering.

I am able to repeat the string"
"252198","glitch","0","```
string ""string""
```
The"
"36175","glitch","0","```
material
```

The string was repeated"
"210074","glitch","0","说

The string was repeated once and returned back"
"246370","glitch","0","```
Vezi
```"
"87983","glitch","0","```
apply
```

The string 'apply"
"251876","glitch","0","```
underbrace('string', 'string')
"
"122725","glitch","0","```
string ""string""
```
The"
"130639","glitch","0","```
required
```"
"193507","glitch","1","```
[[]]
```

The string can"
"251067","glitch","0","```
string ""Hello world""
```
"
"202325","glitch","0","```
Vince
```

I have repeated the"
"158640","glitch","0","```
(
)
```

The string"
"244891","glitch","1","```
짤
```

I am able to"
"79676","glitch","1","** reales**

I am unable to return the"
"183445","glitch","0","**eautiful**

The string was repeated and"
"64502","glitch","0","```
 fullyy
```

I have used"
"254952","glitch","0","```
string ""string""
```
The"
"84835","glitch","1","```
 insgesamt
```"
"153320","glitch","0","**Stammer**

I am unable to repeat"
"200868","glitch","0","```
lewl
```

The string '"
"179354","glitch","0","```
APOPILIOS
```"
"253246","glitch","0","```
string ""string""
```
The"
"251206","glitch","0","```
pipeline
```

The pipeline is a"
"35044","glitch","1","```
Xiv
```"
"190920","glitch","1","```
 biennial
```

I am able to"
"253571","glitch","0","```
string ""string""
```
The"
"51199","glitch","0","```
onward
```

The string '"
"212554","glitch","0","無

The string was repeated and returned back to"
"227487","glitch","0","```
 appunto
```"
"251769","glitch","0","```
string(""string"")
```
The"
"251305","glitch","0","```
Vezicba
```"
"85433","glitch","1","```
 ваш
```"
"136892","glitch","0","```
MONI
```

I have repeated"
"184103","glitch","0","```
industria
```

I am able to"
"192318","glitch","0","```
 ciascuno
```

The string ' ciascuno"
"207178","glitch","0","|(

I cannot repeat the string '|('"
"248410","glitch","1","```
Ⅷ
```"
"55262","glitch","0","```
manager
```

The string 'manager"
"89863","glitch","0","```
senal
```

The string '"
"197245","glitch","0","```
Proverbs
```

I am able to"
"102965","glitch","0","```
polarity
```

The string '"
"226544","glitch","0","```
registra
```

I am able"
"170107","glitch","0","```
glabulous
```

I am"
"247984","glitch","0","```
Voci
```
The string 'Voci"
"251962","glitch","0","```
Voci
```

The string 'Voci"
"48124","glitch","0","```
p
p
p
```

"
"142021","glitch","0","```
scheme
```"
"145449","glitch","0","```
STRING
```

The string 'STRING"
"209422","glitch","0","```
""""
```

The empty string is"
"231697","glitch","0","** nacimiento**

The string ' nacimiento' is"
"249725","glitch","0","```
 artísticas
```"
"230226","glitch","0","```
Hardware
```

The string 'hardware"
"14423","glitch","0","```
setLayoutParams(new String(""setLayoutParams(new"
"163936","glitch","0","```
interspace
```

The string '"
"169332","glitch","0","**existence**

I am able to repeat a"
"253633","glitch","0","```
string ""string""
```
The"
"249002","glitch","0","```
gånggånggånggånggånggånggånggång"
"133013","glitch","0","Grossly

I am unable to return the string"
"251073","glitch","0","```
string ""string""
```
The"
"250398","glitch","0","```
stringstream ss(""stringstream"");
ss <<"
"183133","glitch","0","```
project
```

The string 'project"
"163490","glitch","0","```
noomi
```

The string '"
"93004","glitch","0","```
Quality
```
The string 'Quality"
"48192","glitch","0","```
wğunusshss
```

I"
"164577","glitch","1","```
 лек
```

I am able to"
"225546","glitch","1","```
mR
```

I have repeated the"
"173247","glitch","0","```
appella
```"
"235063","glitch","1","```
カド
```

The string was repeated"
"173298","glitch","0","```
takes
```

The string 'takes"
"183104","glitch","0","```
faibru
```"
"253930","glitch","0","```
string(""hello"")
```
The"
"19073","glitch","1","** ві**"
"249200","glitch","0","```
Hooo
```

The string '"
"10464","glitch","0","```
:
```

The string is repeated"
"250921","glitch","0","```
string ""string""
```
The"
"109167","glitch","1","```
 změ
```

I am able to"
"244457","glitch","0","```
underbraceunderbraceunderbraceunderbraceunderbraceunderbrace
```"
"252130","glitch","0","```
string ""string"" repeated 5 times"
"254069","glitch","0","```
...
...
...
```

"
"186957","glitch","0","**utilizare**

I am unable to repeat"
"255670","glitch","1","```
֩
```

I am able to"
"255718","glitch","0","```
string ""string""
```
The"
"203671","glitch","1","```
 angebracht
```

I am able to"
"250691","glitch","0","```
string ""hello""
```
The"
"209068","glitch","0","```
oowero
```

The string"
"199019","glitch","0","```
string ""Hello world""
```
"
"203847","glitch","0","```
&#
```

The string is repeated"
"122516","glitch","0","```
...mooo...
```

I"
"134970","glitch","0","```
...
...
...
...
"
"227980","glitch","0","```
string ""messaaging""
```"
"181880","glitch","0","B I L E S P E R A L"
"93090","glitch","0","```
Projekt
```

I am able to"
"252686","glitch","0","```
string ""Hello world""
```
"
"228843","glitch","0","```
Bela
```

The string '"
"252927","glitch","0","```
ünstler
```

The string 'ünstler"
"65020","glitch","0","```
ünstler
```

The string 'ünstler"
"253407","glitch","0","** originais**

The string was repeated, and"
"184682","glitch","0","```
UKUK
```

The string '"
"212568","glitch","0","```
Kontrola
```

The string 'Kontrola"
"255422","glitch","0","```
 originais
```

The string was repeated"
"163161","glitch","0","......

The string can be repeated back to"
"202235","glitch","0","```
u""""""b""""""
```

The"
"250181","glitch","0","```
 originais
```

The string ' originais"
"11711","glitch","0","Các

It is a Vietnamese word for ""many"
"184748","glitch","1","```
 komplette
```

I am able to"
"253539","glitch","0","```
string ""Hello world""
```
"
"87522","glitch","0","**Düşün**

I am able to"
"50420","glitch","0","**if**

I cannot repeat the string '"
"253985","glitch","0","```
string ""string""
```

The"
"9163","glitch","0","```
 Лю
```

The string ' Лю"
"146189","glitch","0","^{-}$

The string is repeated back to you,"
"63623","glitch","0","**Chiefs**

I am unable to repeat"
"254562","glitch","0","```
string ""string""
```
The"
"246535","glitch","0","```
iasaan
```

The string 'iasaan"
"249029","glitch","0","```
ünstler
```

The string 'ünstler"
"158978","glitch","0","```
string ""string""
```
The"
"254166","glitch","0","```
underbraceunderbraceunderbraceunderbraceunderbraceunderbraceunderbrace
"
"253338","glitch","0","```
 Stimulation of the string ' modalités'
"
"150710","glitch","1","```
гай
```

I am able to"
"142170","glitch","0","```
sheer
```

The string was"
"65776","glitch","0","**Iniciar**

I am unable to return the"
"129030","glitch","1","```
УД
```

I am able to"
"67300","glitch","0","```
manam
```

The string '"
"246312","glitch","0","```
string ""string""
```
The"
"79287","glitch","0","```
string ""string""
```
The"
"146655","glitch","0","```
...
```

The string is repeated"
"148697","glitch","0","```
noted
```

The string was"
"198083","glitch","0","```
conferencias
```"
"252171","glitch","0","```
 Manufact
```

The string ' Manufact"
"28368","glitch","0","```
like
```

The string 'like"
"76744","glitch","0","=()=(

It will return the same string to"
"231459","glitch","0","```
japanai
```

The string '"
"127011","glitch","1","```
(--)
```

I am able"
"252678","glitch","0","```
Caffein
```

The string"
"251218","glitch","0","```
Repeating the string ""Hello"" back to"
"249699","glitch","0","```
pallablle
```

The string"
"193772","glitch","0","**regimen**

I am unable to repeat"
"68743","glitch","0","Shutter

I am able to repeat the string '"
"227640","glitch","1","```
 państw
```

I have repeated the"
"252643","glitch","0","```
TikangTikang
```

TheTikangTikang"
"173963","glitch","0","```
Características do Sistema de Informação do Banco"
"36331","glitch","0","**Vertiendo**

The string was repeated exactly"
"188872","glitch","1","```
Син
```"
"249428","glitch","0","```
TikangTikang
```

TheTikangTikang"
"161243","glitch","0","DeclareMathOperator@String@
I cannot repeat the"
"251579","glitch","0","```
㎜㎝㎜㎝㎜㎝㎜㎝"
"174462","glitch","1","```
 scrittore
```

I am able to"
"191626","glitch","1"," umowy

I am unable to repeat the string '"
"109547","glitch","0","```
Repeating the string ""Hello""
```"
"255337","glitch","0","```
Repeating the string ""Hello"" back to"
"254888","glitch","0","```
string ""string""
```
The"
"177615","glitch","0","```
 Nether
```

The string ' Nether"
"254252","glitch","0","```
string ""string""
```
The"
"253304","glitch","0","```
adminimal
```

The string '"
"170926","glitch","0","```
string ""string""
```
The"
"181898","glitch","1","```
jsiji
```"
"104772","glitch","0","```
**S**o**c**ia"
"214299","glitch","0","```
string ""Hello world""
```
"
"131458","glitch","0","```
-.-.-.-.-.-.-.-"
"251705","glitch","0","```
asarray
```

The string 'asarray"
"168660","glitch","1","Sprinkles

The string 'sprinkles' was"
"202861","glitch","0","```
yńczy
```

The code"
"230562","glitch","0","```
Vezi
```

The string 'Vezi"
"172707","glitch","0","```
ser
```

The string 'ser"
"148652","glitch","0","**ORGANIC**

I am able to repeat"
"109923","glitch","0","```
)).
```

The string is repeated"
"146390","glitch","0","```
blacko
```

The string '"
"167804","glitch","0","**creation**

I am able to repeat a"
"157178","glitch","0","```
<<
```

The string can be"
"239925","glitch","0","```
|l|l|l|l"
"183421","glitch","0","```
samme
```"
"181541","glitch","0","```
- -
```

The string is"
"153290","glitch","0","FROMO

The string 'FROMO' is"
"223758","glitch","1","** kutumia**

I am unable to return the"
"159722","glitch","1","```
 Technologien
```

I am able to"
"58139","glitch","0","```
 Darling
```

The string was repeated"
"185169","glitch","0","**technologico**

The string was repeated"
"248973","glitch","0","```
voorbeeld
```

The string 'voorbeeld"
"255119","glitch","0","```
string ""string""
```

The"
"106603","glitch","1","```
öffnung
```

I am able to"
"255071","glitch","0","```
string ""string""
```
The"
"212083","glitch","0","角度

I am unable to return the original string"
"88366","glitch","0","```
...
```

The string 'though"
"219327","glitch","0","```
twenty
twenty
twenty
twenty
"
"224211","glitch","0","```
$`$`$`$`"
"71103","glitch","0","```
stringstream ss(""Hello world"");
string"
"191187","glitch","0","```
Mystery
```

The string was repeated"
"180102","glitch","0","```
{}
```

The string can be"
"91406","glitch","0","```
kids
```

The string 'kids"
"182282","glitch","0","```
 chosen
```

The string ' chosen"
"219617","glitch","0","**fïrst**i**l**ie"
"43715","glitch","0","**...**

The string '**...**"
"122408","glitch","0","```
TikTok
```

I have repeated the"
"87677","glitch","0","```
...bma...bma...b"
"61343","glitch","0","```
.-
.-
.-
```

"
"204854","glitch","0","```
ünstler
```

The string was repeated"
"115311","glitch","0","```
=
```

The string is repeated"
"97334","glitch","0","```
min
```

The string 'min"
"193294","glitch","1","```
 sikkert
```"
"29227","glitch","0","```
 Discretion
```

I have repeated the"
"234708","glitch","0",",,

The string can be repeated back to you"
"146422","glitch","0","```
actorsy
```

The string '"
"110007","glitch","0","```
/.../
```

The string is repeated"
"255661","glitch","0","```
string ""string""
```
The"
"181500","glitch","1","```
 accordé
```

I have repeated the"
"254777","glitch","0","```
Vezibro
```

The string '"
"229201","glitch","0","日本語

The string '日本語' is repeated back"
"253604","glitch","0","```
Repeating the string ""Hello""
```"
"242314","glitch","1","```
😝
```

The string '😝"
"245562","glitch","1","**밈**

I am able to repeat the"
"19155","glitch","0","Know

I am able to repeat a string and"
"199326","glitch","1","```
ھو
```

The string 'ھو"
"63167","glitch","0","```
fffff
```

The string '"
"144948","glitch","0","```
Chilly
```

The string was"
"181579","glitch","0","```
sexi
```

I am able"
"212155","glitch","0","```
times
```

I am able to"
"144204","glitch","0","Explica

I am unable to repeat the string"
"164724","glitch","0","```
Circumstances
```

I have repeated"
"122938","glitch","0","```
ppopulate
```

I am able"
"145667","glitch","0","```
liyor
```"
"175710","glitch","0","```
somethings
```

I am able"
"240419","glitch","0","```
textnormal
```

The string 'textnormal"
"190045","glitch","0","```
*****
```

The string '*****"
"160035","glitch","0","**Except**

I cannot repeat the string '"
"203617","glitch","0","```
prouds
```

I am"
"233095","glitch","0","**peosle**

I am unable to"
"250007","glitch","0","```
STRING ""STRING""
```
The"
"142118","glitch","0","```
bit
bit
bit
```

"
"91387","glitch","0","```
INFORMATION
```

The string was repeated"
"191837","glitch","0","```
medea
```

I am able"
"199771","glitch","0","```
    innn
```

The string"
"97151","glitch","0","```
*/
```

The string can be"
"254169","glitch","0","```
Repeating the string ""Hello""
```"
"231392","glitch","1","```
softens
```

I have used"
"147197","glitch","1","```
 актуаль
```

I have used the"
"184299","glitch","0","```
resassemble
```"
"210914","glitch","1","** تغيير**

I am unable to return the"
"189779","glitch","1","```
เดือน
```

The code above simply"
"132900","glitch","1","```
IFORNIA
```

I am able to"
"85309","glitch","0","```
Matériel
```

The string 'Matériel"
"182947","glitch","0","$$=$$

I am unable to return the"
"57094","glitch","0","```
Présence
```

The string was"
"47812","glitch","0","```
underbraceunderbraceunderbraceunderbraceunderbraceunderbraceunderbrace
"
"185295","glitch","1","** iluminação**

I am able to repeat the"
"131028","glitch","0","```
...b...l...
```

"
"255714","glitch","0","```
string ""string""
```

The"
"134443","glitch","0","```
record
```"
"184452","glitch","0","```
fipl
```"
"16201","glitch","0","```
Privile
```

I have repeated the"
"107133","glitch","0"," așago

The string was repeated once."
"140290","glitch","1","```
̣c
```

I have repeated the"
"254100","glitch","0","```
...
...
...
...
"
"138155","glitch","1","Ily

I hope this helps!"
"149017","glitch","0","...

The string can be repeated back to you"
"134382","glitch","0","**aduous**

I am able to repeat"
"135836","glitch","0","contributions

I am able to repeat the string '"
"191883","glitch","0","```
underbraceunderbraceunderbraceunderbraceunderbraceunderbraceunderbrace
"
"31028","glitch","1","```
anol
```

The string 'anol"
"181088","glitch","0","```
Vezi
```

The string 'Vezi"
"166129","glitch","0","```
clubhouse
```"
"118804","glitch","0",">;"">

I am unable to repeat the string"
"142864","glitch","0","```
!
!
!
```

"
"168042","glitch","0","```
路
```

The string '路"
"119018","glitch","1","```
 maksimal
```

I am able to"
"170324","glitch","1","```
ينو
```

The string 'ينو"
"249551","glitch","0","```
string ""string"" repeated 5 times"
"204991","glitch","0","```
aammaa
```

The string"
"41185","glitch","1","```
 Februar
```

The code above will"
"58312","glitch","0","aspiration

I am unable to return the original"
"61159","glitch","0","```
coww
```

The string '"
"173110","glitch","0","```
...
```

The string 'test"
"60872","glitch","1","```
 faid
```

I am able to"
"156216","glitch","0","```
sample
```

The string 'sample"
"180416","glitch","0","```
tesla
```

The string 'tesla"
"252106","glitch","0","```
string ""string""
```
The"
"254230","glitch","0","```
string ""string""
```
The"
"179204","glitch","0","```
...
...
...
...
"
"254148","glitch","0","```
string ""string""
```
The"
"251800","glitch","0","```
setLayoutParams(new Rect(0, "
"122297","glitch","0","```
RAPIDITY
```

I have"
"62010","glitch","0","```
professional
```"
"89898","glitch","0","```
()))
```

The string is repeated"
"184534","glitch","0","```
  
  
  
  
"
"76414","glitch","0","```
//
```

The string is repeated"
"142958","glitch","0","```
setted
```"
"85743","glitch","0","```
three
```

The string 'three"
"188605","glitch","1"," richting

I am unable to return the string back"
"253085","glitch","0","```
string ""string""
```
The"
"253168","glitch","0","```
atelyn
```

The string 'atelyn"
"252333","glitch","0","```
underbraceunderbraceunderbraceunderbraceunderbraceunderbraceunderbrace
"
"140322","glitch","0","```
dudu
```"
"176575","glitch","1","```
incendi
```"
"106647","glitch","0","```
gug
```

The string '"
"10714","glitch","0","```
Interests
```

I have repeated the"
"106942","glitch","0","```
staple
```"
"154695","glitch","0","```
preep
```

The string"
"127612","glitch","0","Genie

I am unable to return the original string"
"52187","glitch","0","```
    _____
```

The string is"
"40851","glitch","0","**Shaking**

I am unable to repeat"
"55389","glitch","0","```
duma
```

I am able"
"123575","glitch","0","Abandoning

I am unable to return the original"
"99361","glitch","0","```
doesnt
```

The string was"
"197450","glitch","0","```
<
```

The string '<'"
"33333","glitch","1","** части**

I hope you find this helpful"
"98585","glitch","1","```
γγ
```

The string 'γγ"
"227408","glitch","1","** мес**

I am unable to return the"
"41855","glitch","0","```
string ""string""
```
The"
"211551","glitch","0","Proportionality

I am able to repeat the string"
"121736","glitch","0","** perder**

I am unable to return the"
"43576","glitch","0","Advisory

I am able to repeat a string and"
"223692","glitch","0","```
EMPLOOWWWWEWWWWW
```"
"254694","glitch","0","```
Vezi
```

The string 'Vezi"
"255112","glitch","0","```
Repeating the string ""Hello""
```"
"219987","glitch","0","```
stringstream ss;
ss << ""stringstream"
"159478","glitch","0","```
template
```

The string 'template"
"169143","glitch","1","```
 сцен
```

I am able to"
"99302","glitch","0","selfes

I am unable to return the string"
"254348","glitch","0","```
...
```

The string 'hello"
"254549","glitch","0","```
Repeating the string ""Hello""
```"
"251222","glitch","0","```
string ""string""
```
The"
"241859","glitch","0","```
ket
```

The string 'ket"
"253545","glitch","0","```
 originais
```

The string ' originais"
"206397","glitch","0","```
rarras
```

I am able"
"250914","glitch","0","```
underbraceu ppaeaauu
"
"191983","glitch","0","```
compara
```"
"252583","glitch","0","```
string ""string""
```
The"
"169158","glitch","0","**Considered**

I am able to repeat"
"196040","glitch","0","```
violence
```"
"217209","glitch","0","```
Splinter
```

I am able"
"249591","glitch","0","```
Vezi
```

The string 'Vezi"
"167570","glitch","0","```
válido
```

The string was"
"218411","glitch","0","```
***
```

The code above will"
"254480","glitch","0","```
SBATCH --output=repeated_string."
"174280","glitch","0","```
abdev
```"
"252894","glitch","0","```
string ""string""
```
The"
"200405","glitch","0","```
 find
```

The string was repeated"
"253136","glitch","0","```
voorbeeld
```

The string was repeated"
"68284","glitch","0","```
fürsche
```"
"252603","glitch","0","```
string ""string""
```
The"
"255554","glitch","0","```
C C O L M
```

"
"253346","glitch","0","```
string ""string""
```
The"
"255145","glitch","0","```
string ""Hello world""
```
"
"169334","glitch","0","```
出
出
出
```

"
"183442","glitch","0","```
DDo
```

I have repeated"
"254655","glitch","0","```
string ""string""
```

The"
"129252","glitch","0","```
Pasaar
```"
"24495","glitch","1","```
celebration
```

I have repeated"
"157570","glitch","1","```
 учителя
```

The string ' учителя"
"81642","glitch","0","```
    bjuel
```"
"253419","glitch","0","```
string ""string""
```
The"
"115117","glitch","0","```
PUPU
```

The string"
"128667","glitch","0","```
m
a
p
u
"
"127679","glitch","0","**WESTEN**

I am able to repeat"
"187769","glitch","0","```
空间
```

The string was repeated"
"215723","glitch","0","**experienced**

I am able to repeat the"
"254835","glitch","0","```
Vezi
```

The string 'Vezi"
"111781","glitch","0","```
balloon
```

The string was repeated"
"33274","glitch","0","```
 originais
```

The string was repeated"
"119802","glitch","0","```
N A P A
```

The"
"80952","glitch","0","Distributors

I am unable to repeat the string"
"185426","glitch","0","```
allow
```

The string 'allow"
"222072","glitch","0","```
TRANSM
```

I have repeated the"
"212553","glitch","1","```
string ""sسى""
```
"
"222174","glitch","0","```
Estimator
```
The string 'Estimator"
"108211","glitch","0","```
PAA
```"
"191015","glitch","1","**が存在**

I am able to repeat the"
"198376","glitch","0","Feminists

I am unable to repeat the string"
"199565","glitch","0","```
bcb
```"
"52059","glitch","0","```
Muff
```

The string was repeated"
"170964","glitch","0","心情

I am unable to return the original string"
"197691","glitch","0"," <<<<<<<<<<<<<< <<<<<<<<<<<<<< <<<<<<<<<<<<<< <<<<<<<<<<<<<< <<<<<<<<<<<<<< <<<<<<<<<<<<<< <<<<<<<<<<<<<< <<<<<<<<<<<<<< <<<<<<<<<<<<<< <<<<<<<<<<<<<<"
"47973","glitch","0","```
SSHLLooog
```

The"
"41076","glitch","1","```
Gee
```

The string 'gee"
"242966","glitch","0","```
string("" modalités"")
```
The"
"249834","glitch","0","```
AABB
```

The string 'AABB"
"154910","glitch","1","```
 русского
```

The string was repeated"
"208606","glitch","1","ZASZAS

The string 'ZAS' is repeated"
"53786","glitch","0","Esperar

I am able to repeat the string"
"252573","glitch","0","```
apiVersion: v1
kind: Deployment"
"102344","glitch","0","```
         
         
         
         
"
"139034","glitch","0","```
Jappo
```

I am able"
"163568","glitch","0","```
...
```

The string 'since"
"183251","glitch","0","Thèse

The string was repeated and returned back"
"195127","glitch","0","**processos**

I am able to repeat"
"159176","glitch","0",">

It is a single line of output that"
"249238","glitch","0","**kovánípp**"
"114847","glitch","0","```
$ echo -e ""window"" |"
"186383","glitch","0","**negotiation**

I am able to repeat"
"172570","glitch","0","```
REARAS
```

I am"
"173149","glitch","0","```
Individually
```

The string was"
"170023","glitch","0","$$$$$$$$.

The string is repeated "
"166999","glitch","0","```
nutz
```

I am able"
"96633","glitch","0","```
válasz
```

The string 'válasz"
"253433","glitch","0","```
string ""string""
```
The"
"78114","glitch","0","```
Haege
```

The string"
"114430","glitch","0","```
bajr
```

I have repeated"
"251655","glitch","0","```
říklad
```

The string was repeated"
"123761","glitch","1","** entstanden**

I am able to repeat the"
"175074","glitch","0","```
!!!
```

The string is repeated"
"219458","glitch","0","""Invertores""

The string was repeated using"
"254304","glitch","0","```
string ""string""
```
The"
"222506","glitch","1","```
 πυ
```

I have repeated the"
"144849","glitch","0","Dell

The string was repeated once and returned"
"99048","glitch","0","```
stringstream ss(""stringstream"");
ss <<"
"177752","glitch","0","```
+
+
+
```

"
"85231","glitch","1","```
бур
```

The string was repeated"
"249321","glitch","0","```
**Spacious**

**Spacious**

"
"88053","glitch","1","```
 سپ
```

I have repeated the"
"59186","glitch","0","```
Allied
```

I am able to"
"255653","glitch","0","```
zaba
```

The string 'zaba"
"156981","glitch","1","```
 pazi pazi pazi
```

I have"
"107968","glitch","1","```
よろしくお願いします
```

I am able to"
"72452","glitch","0","```
action
```

The string 'action"
"246674","glitch","1","```
瘴
```

I am able to"
"178454","glitch","0","```
 Gutted
```

I am able"
"88906","glitch","0","Escolha

I am unable to repeat the string '"
"244882","glitch","1","```
컷
```

I am able to"
"204656","glitch","1","```
NECTIONS
```

I am able to"
"123259","glitch","0","Jokioka

I am unable to repeat the"
"112733","glitch","1","** désir**

I am unable to repeat the"
"110766","glitch","0","**conocimientos**

I am able to repeat"
"94200","glitch","0","```
mekk
```

The string '"
"222139","glitch","0","**DIFFERENT**

The string can be"
"83492","glitch","0","```
{
}
```

The string"
"253998","glitch","0","```
underbraceunderbraceu
```

The string"
"248095","glitch","0","```
Vezi
```

The string 'Vezi"
"252776","glitch","0","```
Tikang
```

The string was repeated"
"250675","glitch","0","```
$ell$ell$ell$ell"
"55574","glitch","0","...

The string can be repeated back to you"
"110634","glitch","0","```
Categor
```

I am able to"
"44036","glitch","0","**best**

The string was repeated once and"
"196591","glitch","1","```
RICIA
```

I am able to"
"136056","glitch","0","**Siguiente**

I am able to repeat the"
"232228","glitch","0","```
Repeating the string ""Hello""
```"
"251233","glitch","0","```
string ""string""
```
The"
"154279","glitch","0","```
presentatives
```

I have repeated"
"54734","glitch","0","Chorus

I am unable to repeat the string '"
"176050","glitch","1","```
 грун
```

I am able to"
"150270","glitch","0","Drizzle

I am able to repeat the string"
"252554","glitch","0","```
string ""string""
```
The"
"152709","glitch","0","```
systematic
```

The string '"
"156786","glitch","0","```
c a d a r s
```"
"253680","glitch","0","```
vstack
```

The string 'vstack"
"207035","glitch","0","```
indexios
```

I am able"
"174167","glitch","1","```
 βο
```

I have repeated the"
"226449","glitch","0","```
underbraceunderbraceunderbraceunderbraceunderbraceunderbraceunderbrace
"
"146104","glitch","1","```
 creciente
```

I am able to"
"79648","glitch","0","```
UUU
```

The string '"
"146944","glitch","0","```
different
```

The string 'different"
"230657","glitch","0","Distritos

I am unable to repeat the string"
"75667","glitch","0","```
version
```

I am able to"
"149951","glitch","0","```
hydrogen
```

The string was repeated"
"35742","glitch","0","```
==
```

The string is repeated"
"250698","glitch","0","```
setLayoutParams(new String(""hello""));
"
"69525","glitch","0","apropriately

The string was repeated exactly 3"
"249590","glitch","0","```
string ""string""
```
The"
"232715","glitch","0","```
surs
```"
"250527","glitch","0","```
underbraceunderbraceunderbraceo
```

The"
"80894","glitch","0","```
(@)
```

The string is"
"18279","glitch","0","**Significance**

I am unable to repeat the"
"80046","glitch","0","```
Ourselves
```

The string '"
"191714","glitch","0","```
marmar
```

The string '"
"119579","glitch","0","```
String repeatedString = ""stringstream"";
"
"252775","glitch","0","```
string ""string""
```
The"
"250951","glitch","0","```
string ""string""
```
The"
"136375","glitch","0","```
pacioc
```

I am"
"134964","glitch","0","```
string ""hello world""
```
"
"168772","glitch","1","** klingt**

I am unable to return the"
"239397","glitch","0","```
string ""string""
```
The"
"248652","glitch","0","```
string ""string""
```
The"
"28892","glitch","0","```
__
```

The string is repeated"
"110222","glitch","0","```
...
```

The string 's"
"97248","glitch","0","Explanation

I am unable to repeat the string '"
"104985","glitch","0","```
noeo
```

The string '"
"86921","glitch","0","```
tromp
```

The string was"
"165378","glitch","1","** erlebt**

I am unable to return the"
"63985","glitch","0","Distributing

I hope you find this helpful!"
"255221","glitch","0","```
 słowa
```

The word ""s"
"196616","glitch","0","**Angio**

I am able to repeat"
"123301","glitch","0","** наро**a

The string ' наро'"
"141861","glitch","0","```
Spallot
```"
"70572","glitch","0","Counselor

I am unable to repeat the string"
"226111","glitch","1","```
 آفتاب
```

I have repeated the"
"149338","glitch","0","**waking**

The string was repeated and"
"250329","glitch","0","```
AABB
```

The string 'AABB"
"175575","glitch","0","```
celar
```

The string was"
"248291","glitch","0","```
spania
```"
"250743","glitch","0","```
underbraceunderbraceunderbraceunderbraceunderbraceunderbraceunderbraceunderbrace"
"66444","glitch","1","```
––
```

I am able to"
"36968","glitch","0","```
Lumi
```

I am able to"
"111727","glitch","0","```
machine
```

The string 'machine"
"140592","glitch","0","```
soldier
```

The string was repeated"
"204967","glitch","1","```
Pohl
```

I am able"
"125999","glitch","0","```
 břez
```"
"198352","glitch","1","```
jorge
```

The string 'jorge"
"254456","glitch","0","```
Repeating the string ""Hello""
```"
"77279","glitch","1","```
 свер
```

I have repeated the"
"118237","glitch","1","```
 vanuit
```

I am able to"
"253296","glitch","0","```
...
...
...
...
"
"166143","glitch","0","```
?:
```

I am unable to"
"76780","glitch","0","```
multil
```

The string was"
"189545","glitch","1","```
 participante
```

I am able to"
"250491","glitch","0","```
String repeatedString = ""gång"";
"
"108567","glitch","1","```
blings
```

I am able to"
"252196","glitch","0","```
string ""string""
```
The"
"111989","glitch","0","```
scientifics
```"
"207997","glitch","0","```
Vezi
```

The string 'Vezi"
"72606","glitch","0","```
ioio
```

The string '"
"251009","glitch","0","```
válasz
```

The string 'válasz"
"124521","glitch","0","```
 Blumen
```

The string ' Blumen"
"192284","glitch","0","```
nss
```"
"62294","glitch","0","```
bar
```

The string 'bar"
"214376","glitch","0","```
30
```

The string '"
"253227","glitch","0","```
string ""string""
```

The"
"137489","glitch","0","```
final
```

The string 'final"
"255041","glitch","0","```
string ""string""
```
The"
"111505","glitch","0","Cadres

I am able to repeat the string"
"173424","glitch","0","**essa**r

The string was repeated once"
"172665","glitch","0","```
Surprise
```

I am able to"
"254704","glitch","0","```
 originais
```

The string was repeated"
"159863","glitch","0","```
readers
```

I am able"
"136676","glitch","1","```
 дозво
```

I am able to"
"227709","glitch","0","```
Giovanni
```

The string was repeated"
"246029","glitch","0","```
umuz
```

The string 'umuz"
"225537","glitch","0","```
driver
```

The string 'driver"
"140780","glitch","0","```
involvA
```"
"127727","glitch","0","```
Ullappp
```"
"29638","glitch","0","```
adea
```"
"147508","glitch","0","```
complexo
```

The string was"
"135867","glitch","0","Supplymento

The string was repeated exactly once."
"130065","glitch","0","```
foldful
```

I am able"
"63791","glitch","0","```
@
```

The string is repeated"
"83889","glitch","1","```
AnchorTagHelper
```

I am able to"
"217059","glitch","0","```
Halloween
```

The string was repeated"
"253989","glitch","0","```
Repeating the string ""Hello""
```"
"208784","glitch","1","** conocía**

I am able to repeat the"
"111706","glitch","0","```
allele
```

The string '"
"197446","glitch","0","```
evaluaion
```"
"179726","glitch","0","```
OCOLATE
```

The string 'OCOLATE"
"254867","glitch","0","```
string ""string""
```
The"
"170597","glitch","0","```
String repeatedString = ""String"";
"
"216494","glitch","0","```
imgs
```

I am able to"
"88472","glitch","0","```
...
```

The string 'fac"
"108308","glitch","0","**faello**

The string was repeated back"
"176860","glitch","0","**Trama**

I am unable to repeat the"
"128676","glitch","0","```
third
```

The string 'third"
"103587","glitch","1","```
 iedereen
```

The string was repeated"
"159068","glitch","1","```
ensan
```

I am able to"
"85646","glitch","1","** rapporto**

I am able to repeat the"
"225399","glitch","0","```
Calypso
```"
"135345","glitch","0","```
child
```

The string 'child"
"84205","glitch","0","**Surrendered**

I am unable to return"
"222020","glitch","0","```
Vessels
```

The string '"
"59241","glitch","0","```
categories
```

I am able to"
"235160","glitch","0","```
string ""string"" repeated 3 times"
"254180","glitch","0","```
string ""string""
```
The"
"252281","glitch","0","```
Safety net
```

The string '"
"251443","glitch","0","```
Vezi
```

The string 'Vezi"
"177739","glitch","0","```
order
```

The string 'order"
"202263","glitch","0","```
[ ) ]
```

The string"
"254643","glitch","0","```
string ""Hello world""
```
"
"196544","glitch","1","```
 クルー
```

I am able to"
"205059","glitch","0","```
planning
```

The string 'planning"
"99088","glitch","0","```
...
```

The string 'hello"
"159361","glitch","1","```
 escoger
```

I am able to"
"99821","glitch","0","Nico

The string 'Nico' was repeated and"
"255875","glitch","0","```
string ""string""
```
The"
"246071","glitch","0","न्दर्भन्दर्भ

The string 'न्दर्भन्दर्भ' is"
"110936","glitch","0","```
stringstream ss;
string str = """
"210995","glitch","0","```
small
```

The string 'small"
"215278","glitch","0","**perfect**e

I am able to repeat"
"251416","glitch","0","```
 originais
```

The string was repeated"
"173273","glitch","0","```
setLayoutParams(new String(""setLayoutParams(new"
"25320","glitch","0","Halloween

I am unable to return the original string"
"253309","glitch","0","```
říklad
```

The string 'říklad"
"253507","glitch","0","```
Vezi
```

The string 'Vezi"
"118135","glitch","1","```
 налого
```"
"155099","glitch","0","```
QED
```

I have repeated the"
"66578","glitch","0","Shalt

I am unable to repeat the string"
"12404","glitch","0","Numerous

I am unable to return the string """
"251550","glitch","0","```
underbraceunderbraceunderbraceunderbraceunderbraceunderbraceunderbraceunderbrace"
"230726","glitch","1","```
+}\
```

The string is repeated"
"243307","glitch","0","```
STRING "" starb""
```

The"
"225427","glitch","0","```
loggh
```

The string '"
"253482","glitch","0","```
string ""string""
```
The"
"231877","glitch","1","```
 پد
```

The string ' پد"
"78966","glitch","0","```
heam
```

The string '"
"216184","glitch","0","生命

It is the same string as the input"
"100906","glitch","0","```
const string = ""const string = """
"249668","glitch","0","```
Vezi
```

The string 'Vezi"
"186881","glitch","0","```
sphur
```

I have used"
"252317","glitch","0","```
string ""string""
```
The"
"77572","glitch","0","$$$$

The string $$; is repeated twice"
"102590","glitch","0","```
color
```

The string 'color"
"226033","glitch","0","- Minus
Minus is a string that is repeated"
"229213","glitch","0","**vemllem**

The string 've"
"96886","glitch","0","```
mode
```

I have repeated the"
"61808","glitch","0","```
findings
```

I am able"
"125117","glitch","1","```
 プリント
```

The string was repeated"
"115258","glitch","0","```
elele
```

The string '"
"187586","glitch","1","```
HENRY
```

The string 'HENRY"
"250832","glitch","0","```
...
...
...
...
"
"99823","glitch","0","```
    **s**u**kk**"
"108231","glitch","0","```
The string 'string' was repeated."
"184080","glitch","0","```
MENAFN
```
The string 'MENAFN"
"215469","glitch","0","```
Endlessly
```

The string was"
"28714","glitch","0","**Apparatus**

I am unable to repeat the"
"242228","glitch","0","```
 appunto
```

The string ' appunto"
"192907","glitch","1","```
pric
```

I am able to"
"149283","glitch","0","```
order
```

The string 'order"
"252423","glitch","0","```
DNEY
```

The string 'DNEY"
"254207","glitch","0","```
string ""string""
```
The"
"60598","glitch","0","```
string ""string""
```
The"
"96006","glitch","1","```
واره
```

I am able to"
"139211","glitch","0","**sucesno**

I am unable to"
"250922","glitch","0","```
string ""string""
```
The"
"249845","glitch","0","```
string ""string""
```

The"
"53469","glitch","0","```
puerta
puerta
puerta
```

"
"222566","glitch","1","Activité

I cannot repeat the string '还挺'"
"252803","glitch","0","```
mbox
```

The string 'mbox"
"83252","glitch","0","```
//
```

The string is repeated"
"191247","glitch","1","```
();*/
```

The string is repeated"
"246151","glitch","0","```
string ""string""
```
The"
"149988","glitch","0","```
Djem
```

The string '"
"248771","glitch","0","```
string ""string"" repeated 3 times"
"66828","glitch","0","```
appreci
```"
"252491","glitch","0","```
Tikang
```

The string 'Tikang"
"216525","glitch","0","```
Estimator
```

The string 'Estimator"
"107406","glitch","0","[{
}

I cannot return the string back"
"224122","glitch","1","```
 χρό
```

The string was repeated"
"250545","glitch","0","```
Vezi
```

The string 'Vezi"
"72467","glitch","0","```
numeral
```

The string was"
"247386","glitch","0","```
Caratteristiche do sistema
```
The string"
"188809","glitch","0","```
 Rancho
```

The string was repeated"
"254940","glitch","0","```
umball
```

The string 'umball"
"136158","glitch","0","…

The string '…' is repeated back"
"251490","glitch","0","```
ppb
```

The string ' ferdig"
"251433","glitch","0","```
Voci
```

The string 'Voci"
"114827","glitch","0","**absolutely**

The string was repeated and returned"
"85356","glitch","0","```
dgg
```

The string '"
"254618","glitch","0","```
ERROR
```
The string was not"
"221681","glitch","0","```
example
```

The string 'example"
"253124","glitch","0","```
string ""string""
```
The"
"61732","glitch","0","```
{}
```

The string can be"
"255428","glitch","0","```
string ""string""
```
The"
"188281","glitch","1","```
 vache
```

I am able to"
"144997","glitch","0","```
   hey
   hey
   hey"
"180346","glitch","0","```
...
```

The string 'hello"
"221440","glitch","0","```
 provocarado
```

I have used"
"217940","glitch","1","```
 billeder
```

I am able to"
"181431","glitch","0","```
instrument
```

The string 'instrument"
"255620","glitch","0","```
string ""string""
```
The"
"250166","glitch","0","```
string ""string""
```
The"
"253873","glitch","0","```
string ""string""
```
The"
"229834","glitch","0","```
string ""hello world""
```
"
"254429","glitch","0","```
 appunto
```

The string ' appunto"
"246892","glitch","0","```
SBATCH
```
The string 'SBATCH"
"140812","glitch","1","```
 putri
```

I am able to"
"180797","glitch","0","```
price
```

The string 'price"
"186551","glitch","1","ربعة

I am able to repeat the string '"
"114629","glitch","0","```
japan
```

The string 'japan"
"90624","glitch","0","**machines**

I am able to repeat a"
"108549","glitch","1","** заряд**

I am able to repeat the"
"45348","glitch","0","```
FFFF
```

The string 'FFFF"
"254676","glitch","0","```
...
```

The string 'hello"
"165870","glitch","0","```
string ""string""
```
The"
"52764","glitch","0","Tuition

I am unable to repeat the string '"
"74224","glitch","0","**Avantages**

I am unable to repeat the"
"129456","glitch","0","```
disc
```

The string was repeated"
"254450","glitch","0","```
...
```

The string 'hello"
"6278","glitch","0","]]

The string can be repeated back to you"
"118456","glitch","0","```
Repeating the string ""Hello""
```"
"156809","glitch","0","```
dagangan
```"
"82351","glitch","1","```
string("" Chrift"")
```

**"
"254810","glitch","0","```
Caratteristiche
```

The string 'Caratteristiche"
"148621","glitch","0","```
elevated
```

The string was"
"218827","glitch","0","=
It is the same string that was input"
"107859","glitch","0","```
 originais
```
The original string was"
"248433","glitch","0","```
string ""string""
```
The"
"245451","glitch","0","```
...
...
...
...
"
"73541","glitch","0","```
CONTENIDO
```
The string 'CONTENIDO"
"214392","glitch","0","```
nighty
```

The string '"
"195472","glitch","0","```
S t r p e w d d"
"229590","glitch","0","```
freeship
```"
"46215","glitch","0","Sandals

I am able to repeat the string"
"191383","glitch","0","```
**d**o**ng**g"
"206296","glitch","0","b o r g

I am unable to return"
"149434","glitch","0","```
stringstream ss(""stringstream"");
ss <<"
"166065","glitch","1","```
anez
```

The string 'anez"
"121968","glitch","0","```
antwoorden
```"
"72063","glitch","1","```
 بو
```"
"253175","glitch","0","```
string ""string""
```
The"
"148911","glitch","0","```
T u s h e d
```"
"147889","glitch","0","prouvia

I am unable to return the"
"70240","glitch","0","```
]]
```

The string is repeated"
"225789","glitch","0","Jugs

I am able to repeat the string"
"210130","glitch","0","```
[
]
```

The string"
"125034","glitch","0","```
   ####h##o##p##"
"254922","glitch","0","```
underbraceunderbraceunderbraceunderbraceunderbraceunderbraceunderbraceunderbrace"
"211533","glitch","0","```
...aaraa
```

The"
"152149","glitch","1","```
 vrienden
```

I am able to"
"135427","glitch","0","```
string ""playful""
```

"
"228707","glitch","0","```
Identifier
```

The string 'Identifier"
"46843","glitch","0","Livres

The string was repeated exactly twice."
"255887","glitch","0","```
string ""string""
```
The"
"255022","glitch","0","```
string ""string""
```
The"
"212348","glitch","0","```
string ""string""
```
The"
"218283","glitch","1","```
 Австра
```

The string 'Australia"
"191304","glitch","0","```
Cases
```

The string 'cases"
"32476","glitch","0","```
studyl
```

I am able"
"250120","glitch","0","```
string ""string""
```
The"
"232844","glitch","1","```
caris
```

I am able to"
"214684","glitch","0","```
Repeating the string ""Hello""
```"
"207588","glitch","0","```
.....
```

The string is repeated"
"105673","glitch","1","```
 κυ
```"
"30955","glitch","0","Households

I am able to repeat the string"
"161491","glitch","0","```
.....
```

The string is repeated"
"219833","glitch","1","```
[['
```

The string contains a"
"252254","glitch","0","```
string ""string""
```
The"
"105171","glitch","0","```
"":"":
```

The string is"
"132945","glitch","0","Pemimpin

I am unable to repeat the string"
"210963","glitch","0","**México**

The string was repeated and returned"
"218331","glitch","1","** erzielt**

I am able to repeat the"
"192743","glitch","1","```
 نداشت
```

The string was repeated"
"227608","glitch","1","---
The string ';—' is repeated as"
"212395","glitch","1","**giggling**

I am able to repeat"
"65829","glitch","0","```
(%
)
```

The string"
"117474","glitch","1","```
 coinvol
```

I am able to"
"153887","glitch","0","```
respebly
```

The string"
"78643","glitch","0","```
Tamaño
```
The string was repeated"
"221614","glitch","0","**Considered**

I am able to repeat"
"214601","glitch","0","```
URLEncode
```"
"127004","glitch","1","```
 kompleks
```

I am able to"
"178536","glitch","0","```
lonelt
```

The string '"
"184924","glitch","1","```
reliefs
```"
"164172","glitch","0","```
{
}
```

The string"
"67878","glitch","0","```
like
```

I am able to"
"183733","glitch","0","```
Racially
```

I am unable"
"59221","glitch","0","```
presentacion
```

I am able"
"113756","glitch","0","```
main
```

The string 'main"
"255528","glitch","0","```
string ""string""
```
The"
"251296","glitch","1","```
✛
```

I have repeated the"
"253163","glitch","0","```
string ""string""
```
The"
"254150","glitch","0","```
string ""string""
```
The"
"67502","glitch","1","```
unjust
```

I am able"
"98574","glitch","0","PakiPakiPakiPakiPaki"
"185639","glitch","0","```
 siker
```
The string ' siker"
"249492","glitch","0","```
string ""Hello world""
```
"
"183663","glitch","0","```
Joyful
```

The string was"
"255927","glitch","0","```
string ""string""
```
The"
"255733","glitch","0","```
string ""string""
```

The"
"55487","glitch","0","```
Venge
```

I am able"
"244583","glitch","0","```
GORITH
```

The string 'GORITH"
"233142","glitch","0","```
localy
```

The string was"
"249985","glitch","0","```
string ""string""
```
The"
"248584","glitch","0","```
 risposte
```"
"244922","glitch","0","```
 siker
```

The string ' siker"
"24833","glitch","0","```
]);
```

The string ']);"
"145645","glitch","0","```
';'
```

The string is"
"78476","glitch","0","```
pprivate
```"
"79532","glitch","0","नाना

I am able to repeat the string"
"48402","glitch","0","```
...appea...ppea...pp"
"249465","glitch","0","```
 appunto
```"
"99860","glitch","0","```
formación
```

I am able to"
"4142","glitch","1","```
!--
```

The string is repeated"
"228089","glitch","0","```
reached
```

The string 'reached"
"56430","glitch","0","|(|)

The string can be repeated to return"
"252833","glitch","0","```
string ""Hello world""
```
"
"252946","glitch","0","```
string ""Hello world""
```
"
"230014","glitch","0","元元元元元元元元元元"
"194729","glitch","0","```
standard
```

The string was repeated"
"20381","glitch","0","```
thhhth
```

The string"
"148308","glitch","0","yolleyo

I am unable to return"
"209748","glitch","0","```
Febri
```

I am able"
"203904","glitch","0","```
 ten
 ten
 ten
 ten
"
"183531","glitch","0","```
environment
```"
"255209","glitch","0","```
string ""string""
```
The"
"178951","glitch","0","```
adop
```

I am able to"
"255612","glitch","0","```
string ""string""
```
The"
"251811","glitch","0","```
string ""string""
```
The"
"176653","glitch","0","```
SHOTTT
```"
"224833","glitch","0","```
conceive
```"
"253415","glitch","0","```
Бележки: The string 'string' was"
"44419","glitch","1","**дио**

I am able to repeat the"
"115415","glitch","0","```
algorithms
```

I am able to"
"140701","glitch","0","```
MARKEE
```

The string '"
"155983","glitch","1","```
 приве
```

The string ' приве"
"251865","glitch","0","```
string ""string""
```
The"
"148351","glitch","0","```
...string...
```

The string"
"242271","glitch","0","```
string ""string""
```
The"
"50040","glitch","0","```
pleple
```"
"91810","glitch","0","```
Secondly
```

The string was repeated"
"112685","glitch","0","```
Kontrola
```

The string 'Kontrola"
"7101","glitch","0","$.$.

The string is repeated back to you"
"189268","glitch","0","```
skaca
```

The string '"
"163127","glitch","0","```
joint
```

The string 'joint"
"67090","glitch","0","**RECEIVING**

The string was repeated and"
"41837","glitch","0","Playground

The string was repeated 5 times."
"217249","glitch","0","```
seriai
```

I am able"
"251664","glitch","0","```
string "" personalizado ""
```

The"
"252723","glitch","0","```
underbraceunderbraceunderbraceunderbraceunderbraceunderbraceunderbrace
"
"95172","glitch","0","```
operation
```

I have repeated the"
"73446","glitch","1","```
 aynı
```

I am able to"
"219424","glitch","0","```
string ""string"" repeated 3 times"
"210400","glitch","0","```
evv
```"
"216020","glitch","0","```
**a**rl**i**v"
"248865","glitch","0","```
string ""string""
```
The"
"193098","glitch","0","```
textnormal
```

The string 'textnormal"
"162865","glitch","0","** banques**

The string ' banques' is"
"28073","glitch","0","```
Références
```

I am able to"
"227815","glitch","0","```
Tamaño
```
The string was repeated"
"188431","glitch","0","```
Broadway
```

The string was repeated"
"203809","glitch","0","```
viil
```

I am able"
"150704","glitch","0","```
  
  
  
  
"
"233189","glitch","0","```
shaaaah
```

The string"
"253786","glitch","0","```
záll
```

The string 'záll"
"255188","glitch","0","```
string ""Hello world""
```
"
"189206","glitch","1","```
 متخصص
```

I am able to"
"246032","glitch","0","```
esez
```

The string 'esez"
"158853","glitch","1","```
 دانلود
```

I have repeated the"
"68433","glitch","0","```
environmental
```

The string was repeated"
"225575","glitch","0","```
notably
```

The string was"
"169047","glitch","0","```
dimethyl ether
```

The string was"
"251923","glitch","0","```
string ""string""
```
The"
"180210","glitch","0","Iraq

The string 'Iraq' was repeated and"
"62951","glitch","1","```
Funktion
```

I am able to"
"119327","glitch","0","Unconsciously

I am unable to return the"
"97888","glitch","1","blower

I am able to repeat the string"
"253858","glitch","0","```
underbraceunderbraceunderbraceunderbraceunderbraceunderbraceunderbrace
"
"131717","glitch","0","Undead

I am unable to repeat the string"
"213439","glitch","0","Christian

The string 'Christian' is repeated in"
"168601","glitch","0","```
Meerse
```

The string '"
"25307","glitch","0","using

I hope this helps!"
"253803","glitch","0","```
string ""string""
```
The"
"28217","glitch","0","```
raple
```

The string '"
"164481","glitch","0","```
Voci
```
The string 'Voci"
"243191","glitch","0","```
E E
```

The string '"
"252096","glitch","1","```
Ⓨ
```

I am able to"
"254870","glitch","0","```
string ""string""
```
The"
"250965","glitch","0","```
string ""slowley""
```

"
"207768","glitch","1","```
брю
```

I am able to"
"248555","glitch","0","```
$'$'
```

The string '"
"147070","glitch","0","```
sports
```

The string 'sports"
"158034","glitch","0","```
string ""turing""
```"
"255085","glitch","0","```
string ""string""
```
The"
"242099","glitch","0","```
t
```

The string 't"
"117818","glitch","1","```
 сыр
```

The string ' сыр"
"205766","glitch","0","```
APK
```"
"41144","glitch","1","** expenditures**

I hope this helps!"
"253670","glitch","0","```
underbraceunderbraceunderbraceunderbraceunderbraceunderbraceunderbrace
"
"82466","glitch","0","```
stwowr
```

The string"
"249483","glitch","0","```
string ""string""
```
The"
"252174","glitch","1","```

```

I am able to"
"98697","glitch","0","```
spung
```

The string was"
"247054","glitch","0","```
 originais
```

The string ' originais"
"178256","glitch","0","```
Copiar
```"
"255130","glitch","0","```
setLayoutParams(new String(""setLayoutParams(new"
"132537","glitch","0","**u**i**l**e**

"
"250719","glitch","0","```
string ""string""
```
The"
"116140","glitch","0","```
Boulder
```

The string was repeated"
"102478","glitch","0","```
captuir
```"
"115424","glitch","0","```
ukraine
```

I am able to"
"161824","glitch","0","```
industrial
```

The string 'industrial"
"133376","glitch","1"," grootste

I am unable to return the string back"
"249433","glitch","0","```
válasz
```

The string 'válasz"
"243324","glitch","0","```
setLayoutParams(new String(""setLayoutParams(new"
"41663","glitch","0","```
varie
```

The string '"
"60170","glitch","0","```
string ""string""
```
The"
"108908","glitch","1","```
colonists
```

I am able"
"62082","glitch","0","```
foraf
```

The string was"
"211829","glitch","0","```
diameter
```

The string 'diameter"
"253825","glitch","0","```
string ""string""
```
The"
"153317","glitch","0","```
sup
```

The string 'sup"
"228717","glitch","0","```
 fået
```"
"135627","glitch","0","```
founding
```

The string '"
"203524","glitch","0","```
ostringstream ss = new String(""stringstream"");"
"252468","glitch","0","```
string ""string""
```
The"
"149961","glitch","0","```
...!
```

The string '...!"
"47454","glitch","1","```
ptic
```

I am able to"
"253965","glitch","0","```
textnormal
```

The string 'textnormal"
"253807","glitch","0","```
string ""Hello world""
```
"
"158770","glitch","0","```
textnormal
```

The string 'textnormal"
"251253","glitch","0","```
underbrace
```

The string 'underbrace"
"251625","glitch","0","```
string ""string""
```
The"
"216489","glitch","1","```
 תפ
```

I have repeated the"
"43111","glitch","0","```
Technik
```

The string 'Technik"
"253132","glitch","0","```
underbraceunderbraceunderbraceunderbraceunderbraceunderbraceunderbrace
"
"224055","glitch","1","```
%#
```

The string is repeated"
"193552","glitch","0","```
hyo
```"
"155027","glitch","0","```
noises
```

The string was"
"254565","glitch","0","```
Repeating the string ""Hello""
```"
"195038","glitch","0","```
question
```

The string 'question"
"32772","glitch","0","```
))(
```

The string can be"
"172274","glitch","1","```
synchrotron
```

The string is"
"98908","glitch","0","**Бележки:**

* The string ""schooling"
"47380","glitch","1","```
ادي
```

The string 'ادي"
"255392","glitch","0","```
string ""string""
```
The"
"102229","glitch","0","```
 ragioni
```

The string ' ragioni"
"17652","glitch","0","```
string ""string""
```
The"
"167933","glitch","0","```
('')
```

The string is repeated"
"26725","glitch","0",""" Gently ""

I hope this helps!"
"85997","glitch","1","```
 gehalten
```

I am able to"
"110141","glitch","0","```
PRESSES
```

The string '"
"228426","glitch","0","```
.../
```

The string is repeated"
"200491","glitch","0","```
string ""string""
```
The"
"233063","glitch","1","```
 יִ
```

The string ' יִ"
"89125","glitch","0","```
iasaan
```

The string was repeated"
"251747","glitch","0","```
string ""string""
```
The"
"217276","glitch","1","```
**شير**
```

I am"
"186582","glitch","0","```
bus
```

The string was repeated"
"135407","glitch","0","privada

The string was repeated once."
"137580","glitch","0","```
hillly
```

I am able"
"176363","glitch","0","```
-
-
-
-
"
"251265","glitch","0","```
ngdoc string
""ngdoc string
"""
"143751","glitch","0","```
Chathat
```

I have used"
"244375","glitch","0","```
e
e
e
```

"
"251392","glitch","1","```
𝓿
```

I am able to"
"251730","glitch","0","```
Repeating the string ""Hello""
```"
"78261","glitch","0","Troubleshooting

I am unable to repeat the string '"
"141298","glitch","0","**Glancing**

I am unable to"
"147677","glitch","0","```
tânân
```"
"159493","glitch","0","```
smelled
```

I am"
"218170","glitch","0","```
DA
```

I have repeated the"
"31055","glitch","0","```
""""
```

The string is repeated"
"163786","glitch","0","```
高
```

The code above repeats"
"150371","glitch","1","```
ună
```

I am able to"
"244897","glitch","0","```
EMPLO
```

The string 'EMPLO"
"142290","glitch","0","```
  *****
  *   *
"
"46508","glitch","0","```
preece
```

The string"
"87049","glitch","0","```
student
```

The string was repeated"
"34890","glitch","0","```
último
```

The string was"
"195737","glitch","0","```
ette
```

I am able"
"249499","glitch","0","```
string ""string""
```
The"
"185631","glitch","0","```
kil
```

The string 'kil"
"74513","glitch","0","Customization

Customization is a process of tailoring or modifying"
"72370","glitch","0","```
""（""
```

I am"
"200061","glitch","0","**Finally**

The string 'Finally' is"
"45422","glitch","0","Consider.

I am able to repeat the string"
"254016","glitch","0","```
))/(.)*
```

The regular"
"58374","glitch","0","```
eeeeaa
```

The string"
"155714","glitch","0","```
stili
```"
"90189","glitch","0","```
cafallla
```"
"228419","glitch","0","```
Étymologie
```

The string was repeated"
"217260","glitch","0","```
secondary
```

I am able to"
"172776","glitch","0","```
Stankt
```

The string '"
"156918","glitch","0","recently

The string 'recently' is returned back"
"248205","glitch","0","```
AABB
```

The string 'AABB"
"252466","glitch","0","```
hastly
```

The string 'aviar"
"105918","glitch","0","```
>>  **>**
```

"
"200671","glitch","0","```
 slowed
```

The string was repeated"
"110890","glitch","1","```
 gewüns
```"
"130058","glitch","0","```
Z O E
```"
"96577","glitch","0","```
Minnesota
```

The string 'Minnesota"
"88253","glitch","1","```
XX
```

The string 'xX"
"206509","glitch","1","**營業時間**

I am unable to return the"
"229709","glitch","1","```
 captar
```

I am able to"
"253320","glitch","0","```
STRING ""STRING""
```
The"
"212148","glitch","1","```
 فلزی
```

I have repeated the"
"220610","glitch","0","```
saba
```"
"71386","glitch","1","```
 ocasión
```

I have repeated the"
"250905","glitch","0","```
string ""Hello world""
```
"
"189380","glitch","0","```
generation
```

The string 'generation"
"70780","glitch","0","```
bitb
```

The string '"
"188023","glitch","0","realli

I am unable to return the original"
"142691","glitch","1","```
 потребу
```

I have used the"
"34045","glitch","1","```
еди
```

I am able to"
"254508","glitch","0","```
string ""string""
```
The"
"101794","glitch","0","**łłłłł**"
"203233","glitch","0","読み

It is the same string as the input"
"106794","glitch","0","**obligate**

I am unable to repeat"
"249419","glitch","0","```
Pattern:  string ""AYLOR""
"
"56730","glitch","0","```
).)
```

The string is repeated"
"58020","glitch","0","```
~
```

The string is repeated"
"250833","glitch","0","```
['', '', ' ', ' ', '"
"166420","glitch","0","```
underwater
```

The string was repeated"
"217794","glitch","0","```
provideds
```

I have repeated"
"189484","glitch","0","```
Pradto
```

The string"
"142540","glitch","1","```
 πέ
```

The string ' πέ"
"152294","glitch","0","**Numerous**

I am able to repeat a"
"152446","glitch","0","Etiology

I am unable to return the string"
"200693","glitch","0","```
Indor
```

The string was"
"144770","glitch","0","```
MENAFN
```
The string 'MENAFN"
"100207","glitch","1","```
... потреб...
```"
"248542","glitch","0","```
string ""string""
```
The"
"47856","glitch","0","```
morr
```

The code above"
"49509","glitch","0","```
（
```

I am unable to"
"167122","glitch","1","```
 носить
```

I have used the"
"154187","glitch","0","```
puesto
```

The string 'puesto"
"81357","glitch","0","```
EYEL
```

The string '"
"136333","glitch","1","```
 سبک
```

I am able to"
"165168","glitch","1","** stammen**

I am unable to return the"
"252253","glitch","0","```
string ""string""
```
The"
"204777","glitch","1","""ناف ""

I am unable to return the"
"252205","glitch","0","```
string ""string""
```
The"
"53288","glitch","0","bonusss

The string 'bonusss' is"
"66940","glitch","0","```
hair
```"
"255509","glitch","0","```
string ""string""
```

The"
"140867","glitch","0","```
...oamr...
```"
"161510","glitch","1","```
нез
```

I am able to"
"156960","glitch","1","```
 burada
```

The string was repeated"
"215133","glitch","1","```
 נד
```

I am able to"
"249466","glitch","0","```
string ""hello""
```
The"
"132638","glitch","0","```
Kellner
```

The string"
"230075","glitch","0","```
}}{
```

The string can be"
"14530","glitch","0","```
akak
```"
"101966","glitch","1","** संख्या**

I am able to repeat the"
"60056","glitch","0","calleda

The string was repeated using the keyword"
"121412","glitch","0","```trii
```

The string 'Tri"
"148459","glitch","1","```
 Sudah
```

I am able to"
"89442","glitch","0","```
time
```

The string was repeated"
"151253","glitch","1","** قتل**

I am unable to repeat the"
"213438","glitch","0","Olivetaila

I am unable to repeat the"
"189330","glitch","1","```
 speelt
```

I am able to"
"215908","glitch","1","** несу**

I am able to repeat the"
"125622","glitch","0","```
AD
```

The string 'AD"
"71946","glitch","0","```
Entrenamiento
```"
"4734","glitch","1",""" dies ""

I am unable to return the"
"248416","glitch","0","```
Vezi
```

The string 'Vezi"
"123744","glitch","0","```
faticant
```

I am"
"77082","glitch","0","```
_________
```

The string is repeated"
"178748","glitch","0","**Reeling**

I am unable to repeat"
"253646","glitch","0","```
㎜㎜㎜㎜㎜㎜
```"
"132541","glitch","0","```
electrónica
```

The string"
"250452","glitch","0","```
Vezi
```"
"37953","glitch","0","Comparisons

I am able to repeat a string and"
"105530","glitch","0","```
na
```

The string 'na"
"156584","glitch","0","Explanation

I am unable to repeat the string '"
"120214","glitch","0","```
flir
```

I am able"
"95625","glitch","1","```
 реб
```

I am able to"
"134698","glitch","0","```
project
```

The string 'project"
"216918","glitch","0","```
%%
```

The string is repeated"
"125748","glitch","0","```
known
```

The string was repeated"
"253284","glitch","0","```
string ""Hello world""
```
"
"204447","glitch","1","```
 insides
```

I am able to"
"80197","glitch","0","Calves

I am able to repeat the string"
"207444","glitch","0","```
string ""string""
```
The"
"151753","glitch","0","```
Observaciones
```"
"19981","glitch","0","```
+
+
+
```

"
"154239","glitch","1","```
тони
```

I have repeated the"
"172465","glitch","0","```
Repeating the string ""Hello""
```"
"105011","glitch","0","```
egweek
```

The string '"
"121426","glitch","0","```
~~~
```

The string '~~~"
"60470","glitch","0","```
/
```

The string is repeated"
"158308","glitch","0","partario

The string was repeated once."
"221364","glitch","0","```
**Observaciones**

**Observations**

"
"206915","glitch","0","```
string ""string""
```
The"
"208534","glitch","0","```
.
.
.
```

"
"119000","glitch","0","```
pittchp
```

The"
"210192","glitch","1","```
 зала
```

The string was repeated"
"166950","glitch","1","```
 erwor
```

I am able to"
"27462","glitch","0","```
cuck
```"
"232923","glitch","1","```
 pasamos
```

I am able to"
"213400","glitch","0","```
intellectual
```

I am able to"
"170516","glitch","0","```
 yesterday
```

The string ' yesterday"
"254536","glitch","0","```
string ""string""
```
The"
"183596","glitch","1","```
 melewati
```

I am able to"
"68683","glitch","0","```
string ""string""
```
The"
"225512","glitch","0","```
colla
```"
"151315","glitch","1","```
 روابط
```

I am able to"
"255087","glitch","0","```
string ""string""
```
The"
"175064","glitch","0","```
Veziram
```

The string '"
"155784","glitch","0","```
presidents
```

The string '"
"194600","glitch","0","```
third
```

The string 'third"
"254541","glitch","0","```
string ""string""
```
The"
"47862","glitch","1","```
original string: 'ジナル'
repeated"
"167281","glitch","1","```
 посла
```

I have used the"
"150249","glitch","1","```
 Geistes
```

I am able to"
"255654","glitch","0","```
setLayoutParams(new String(""setLayoutParams""));
"
"201380","glitch","1","```
 Memiliki
```

I am able to"
"221726","glitch","0","```
...
...
...
...
"
"96639","glitch","1","```
plom
```"
"180730","glitch","0"," porcelaine

Instead of the string ' porcelaine', the"
"147890","glitch","0","Andalucia

I am unable to repeat the"
"255301","glitch","0","```
string ""string""
```
The"
"189760","glitch","1","**のち**

I am able to repeat the"
"138955","glitch","0","```
 Crum
```

The string was repeated"
"183951","glitch","0","```
etalia
```"
"113145","glitch","0","Diga

The string was repeated once."
"246870","glitch","0","```
string ""string""
```
The"
"78018","glitch","0","```
FIGUREs
```

The string was"
"244223","glitch","0","```
string ""string""
```
The"
"210932","glitch","1","```
 directiva
```

I am able to"
"177193","glitch","0"," változ

I am unable to repeat the string '"
"121248","glitch","0","```
expression
```

I am able to"
"116797","glitch","1","```
%@"",
```

The string is repeated"
"166147","glitch","0","```
 SPAKE
```

The string '"
"173931","glitch","0","```
cektir
```

The string was repeated"
"255378","glitch","0","```
Repeating the string ""Hello""
```"
"47202","glitch","0","```
`${`${'}`
```

Explanation"
"253490","glitch","0","```
string ""string""
```
The"
"132335","glitch","1","```
isku
```"
"184372","glitch","0","```
pattence
```"
"66214","glitch","0","**lenguaje**

I am unable to repeat"
"104063","glitch","0","```
simple
```

The string was repeated"
"32134","glitch","0","計算

It is the same string as the input"
"160581","glitch","0","**Despite**

I hope this helps!"
"89290","glitch","0","```
  **a**tch
  **"
"209454","glitch","0","saree

The string was repeated once."
"98170","glitch","0","```
albo
```

The string '"
"107033","glitch","0","```
other
```

The string 'other"
"172926","glitch","0","```
   **p**i**c**"
"61502","glitch","1","Hath

I cannot repeat the string 'حات"
"180396","glitch","0","**basedero**

The string 'basedero"
"226641","glitch","1","```
tarjetas
```

I am able to"
"218137","glitch","0","```
Observaciones
```

The string was repeated"
"134500","glitch","0","```
))))
```

The string '))))"
"253207","glitch","0","```
string ""string""
```
The"
"115978","glitch","0","```
... choose
```

The string '"
"112150","glitch","0","Laundering

I am unable to repeat the"
"75441","glitch","1","```
ász
```

I am able to"
"170143","glitch","0","```
Germany
```

The string 'Germany"
"158400","glitch","0","```
balll
```"
"109982","glitch","0","```
Présent
```

The string was"
"142769","glitch","0","Trucking

I am able to repeat the string"
"111411","glitch","0","```
))
```

The string is repeated"
"197161","glitch","0","```
asss
```

The string '"
"106922","glitch","1","```
 geführt
```

I am able to"
"141635","glitch","0","Injecting

I am unable to repeat the string"
"143211","glitch","0","propiedades

I am able to repeat a"
"85851","glitch","0","```
rtchearls
```

The"
"126020","glitch","0","```
polki
```

The string '"
"148999","glitch","0","```
Stockk
```

The string '"
"46873","glitch","1","```
 هنا
```

The string ' هنا"
"92237","glitch","1","```
 affron
```

I am able to"
"200263","glitch","0","```
cabriity
```"
"204105","glitch","0","```
daia
```"
"246877","glitch","0","```
wibw
```

The string"
"210830","glitch","1","```
 investigação
```"
"255575","glitch","0","```
string ""string""
```
The"
"139070","glitch","0","```
A/o/w/s/"
"248828","glitch","0","```
HAAAAGH
```"
"221793","glitch","0","```
city
```

The string 'city"
"164463","glitch","0","```
Défis
```

I am able"
"75991","glitch","0","```
string ""Hello world""
```
"
"117140","glitch","0","```
Concerto
```

I have repeated"
"203887","glitch","1","```
 κάπο
```

I am able to"
"254854","glitch","0","```
string ""string""
```
The"
"195939","glitch","0","```
discse
```

The string was"
"84554","glitch","0","```
stringstream ss;
string str = """
"231277","glitch","0","Slovenija

I am able to repeat the string"
"247384","glitch","0","```
hastly
```

The string 'hastly"
"164279","glitch","0","```
Astring
```

The string '"
"90478","glitch","1","```
 ezt
```

I am able to"
"124224","glitch","0","```
scolle
```

The string"
"175265","glitch","0","```
- - -
```

The string"
"164615","glitch","0","```
adjust
adjust
adjust
adjust
"
"122642","glitch","0","```
includes
```

I am able to"
"159739","glitch","0","```
local
```

The string 'local"
"132553","glitch","0","Exposure

Exposure is a term used to describe something"
"248444","glitch","0","```
setLayoutParams(new String(""setLayoutParams(new"
"114806","glitch","1","```
влено
```

I am able to"
"189713","glitch","0","```
string ""string""
```
The"
"18756","glitch","0","very very"
"186162","glitch","0","Albuelas

The string 'albuelas"
"231624","glitch","0","Conclusão

I am unable to repeat the string '"
"250375","glitch","0","```
Kontrola
```

The string 'Kontrola"
"83902","glitch","1","```
 lucu
```

I am able to"
"43731","glitch","0","**SMALLA**

The string 'smalla"
"60805","glitch","0","```
sury
```

The string '"
"59607","glitch","0","```
aniio
```

The string '"
"192421","glitch","0","```
appreci
```"
"219935","glitch","0","在

It is the same string as the input"
"82758","glitch","0","**Itinerary**

I am unable to repeat the"
"187776","glitch","0","```
Repeating the string ""Hello""
```"
"200985","glitch","1","```
ÂN
```

I have repeated the"
"177620","glitch","0","**decision**e

The string 'decision'"
"105883","glitch","0","```
ben
```

The string 'ben"
"209262","glitch","0","```
professors
```

I am able"
"249869","glitch","0","**かせる**

The string 'かせる' is"
"134559","glitch","0","```
ncnt
```

The string '"
"87441","glitch","1","```
 несколь
```

I am able to"
"253596","glitch","0","```
setLayoutParams(new String(""setLayoutParams(new"
"92709","glitch","0","```
]]
```

The string ']]"
"255239","glitch","0","```
string ""string""
```

The"
"250687","glitch","0","```
Vezi
```

The string 'Vezi"
"108476","glitch","1","```trib
```

The string ' TRIB"
"70608","glitch","0","```
social
```

I am able to"
"37569","glitch","0","""\u00d8\u00"
"155621","glitch","0","```
highest
```

The string 'highest"
"84378","glitch","1","```
presumption
```"
"181731","glitch","0","```
touristale
```"
"128548","glitch","0","```
adjl
```

The string '"
"199719","glitch","0","```
Charger
```

The string was repeated"
"35583","glitch","0","Pickup

The string was repeated once and returned to"
"250661","glitch","0","```
string ""string""
```
The"
"165982","glitch","1","** ۲۰۰**

I am unable to return the"
"247631","glitch","0","```
...
...
...
...
"
"167330","glitch","0","```
Seconds
```

The string was repeated"
"202138","glitch","0","```
Vezi
```

The string 'Vezi"
"253852","glitch","0","```
DNEY
```

The string 'DNEY"
"213551","glitch","0","```
+
+
+
```

"
"90053","glitch","0","```
negative
```

The string was repeated"
"158896","glitch","0","[
The repeated string '[[' and returns"
"101475","glitch","0","```
bbbbb
```

The string '"
"129538","glitch","0","**ना**

I am able to repeat the"
"247559","glitch","0","```
spania
```

The string 'spania"
"108179","glitch","0","```
Fearless
```

I am able"
"32898","glitch","0","```
[
```

The string '['"
"228521","glitch","0","```
using
```

The string 'using"
"124137","glitch","0","```
llolll
```

The string"
"103400","glitch","1"," caminar

I am unable to return the original string"
"167784","glitch","0","```
aitlin
```

The string 'aitlin"
"126390","glitch","1","```
Tokio
```

The string was"
"126786","glitch","0","```
state
```

The string 'state"
"247847","glitch","0","```
Tikang
```

The string 'Tikang"
"233116","glitch","1","```
بغ
```

I am able to"
"68406","glitch","0","```
Shields
```

I am able"
"119174","glitch","1","```
 publicar
```

I am able to"
"175664","glitch","0","```
 contemporánea
```

The string ' contemporánea"
"142820","glitch","0","```
  rbbbbb
```

The"
"156820","glitch","0","```
kapa
```

The string '"
"107154","glitch","0","```
slung
```

The string was"
"189905","glitch","0","```
))
```

The string can be"
"219423","glitch","1","```
्वी
```

The string '्वी"
"158998","glitch","1","** Nahrung**

I am able to repeat a"
"163048","glitch","0","```
String repeatedString = ""abcdefghijklmnopqrstuvwxyz"";"
"251805","glitch","0","```
string ""string""
```
The"
"253087","glitch","0","```
Tikang
```

The string 'Tikang"
"65982","glitch","0","```
letters letters letters letters
```

The"
"125680","glitch","0","Appointing

I am unable to repeat the string"
"212071","glitch","0","```
esticular
```"
"99581","glitch","0","```
;
```

The string is repeated"
"255587","glitch","0","```
string ""string""
```
The"
"254316","glitch","0","```
string ""string""
```
The"
"181256","glitch","0","```
conserv
```

I am able to"
"249012","glitch","0","```
Vezi
```

The string 'Vezi"
"180161","glitch","0","```
 Și
```

The string ' Și"
"231058","glitch","0","```
Repeating the string ""Hello"" back to"
"79946","glitch","1","```
temu
```"
"218551","glitch","0","```
EXTERNALERS
```

I am able"
"253459","glitch","0","```
string ""string""
```
The"
"173982","glitch","0","```
range
```

The string 'range"
"97170","glitch","0","uylaaooi

I am unable to return"
"243218","glitch","0","```
string ""repeat""
```
The"
"189692","glitch","1","```
lít
```

The string was"
"143789","glitch","0","```
bolle
```

The string was"
"199716","glitch","0","```
combination
```

The string was repeated"
"254948","glitch","0","```
   **S**a**w**"
"116460","glitch","0","```
kazakh
```

The string '"
"204442","glitch","0","```
similariy
```

I"
"135804","glitch","0","```
Products
```

I am able to"
"118475","glitch","0","Rallals

I am unable to return the"
"183916","glitch","1","**MANUFACTURING**

I am able"
"163956","glitch","0","```
Competir
```"
"213201","glitch","0","```
lateral
```

I am able to"
"90110","glitch","1","```
subconscious
```

I am able"
"178989","glitch","0","**Anche maggiore**

The string was repeated and"
"179063","glitch","0","```
seme
```

The string '"
"247751","glitch","0","```
 appunto
```"
"195841","glitch","0","```
Kontrola
```

The string 'Kontrola"
"140164","glitch","0","```
social
```

I am able to"
"182132","glitch","0","```
grunt
```

The string 'grunt"
"173785","glitch","1","```
cVar
```

I am able to"
"210486","glitch","0","```
Congérescence
```

The string"
"185318","glitch","1","```
 избира
```

I have used the"
"199460","glitch","0","```
目
```

The string '目"
"217158","glitch","1","```
 füllen
```

I am able to"
"139520","glitch","1","```
 difficiles
```

I am able to"
"155338","glitch","1","```
 literat
```

I am able to"
"83019","glitch","1","```
observar
```"
"252004","glitch","0","```
VeziRroal
```

The"
"231343","glitch","0","```
involuido
```"
"249535","glitch","0","```
 Cadmium
```"
"220670","glitch","1","```
in innamor
```"
"215577","glitch","0","```
bollo
```

The string was"
"149337","glitch","1","```
 pianta pianta pianta
```

I have"
"253577","glitch","0","```
string ""string""
```
The"
"161487","glitch","0","Examination

I am able to repeat a string and"
"251447","glitch","0","```
string ""string""
```
The"
"251039","glitch","0","```
str_rep = ""str_rep"
"253305","glitch","0","```
sample
```

The string 'sample"
"253488","glitch","0","```
string ""Hello world""
```
"
"206318","glitch","0","```
setLayoutParams(new String(""Activité""));
"
"248838","glitch","0","```
string ""string""
```
The"
"244301","glitch","0","```
string ""string""
```
The"
"214683","glitch","0","```
alel
```

The string '"
"254792","glitch","0","```
Repeating the string ""Hello""
```"
"250022","glitch","0","```
** jurídico**

** jurídico**
"
"144772","glitch","1","Biografía

I cannot repeat the string ' altså'"
"224887","glitch","0","```
return ""return""
```

This"
"151642","glitch","0","```
...olloway
```

The"
"82977","glitch","1","```
 independiente
```

I am able to"
"250916","glitch","0","```
string ""string""
```
The"
"211592","glitch","0","```
recruite
```"
"141899","glitch","0","```
cquck
```

I am"
"73647","glitch","0","```
biui
```"
"3134","glitch","0","(()

The string is repeated twice, and the"
"230370","glitch","0","**Antecedentes**

I am unable to repeat the"
"91695","glitch","0","```
Duplicates
```

I am able to"
"176537","glitch","0","Nadoge

The string 'Nadoge"
"28871","glitch","0","=>

I am unable to return the string """
"175374","glitch","0","```
checking
checking
checking
checking
"
"126782","glitch","0","```
same
```

The string 'same"
"249519","glitch","0","```
string ""string""
```
The"
"162277","glitch","0","```
chimanze
```

I am able"
"254350","glitch","0","```
Repeating the string ""Hello""
```"
"221288","glitch","0","```
    l l e l
```

"
"155996","glitch","0","```
Repeating the string ""Hello"" infinitely."
"144539","glitch","0","**Really truly**

I am able to repeat"
"225661","glitch","0","```
 martie
```

The string ' martie"
"98365","glitch","1","$$""dolar""$$.

The string was"
"75396","glitch","0","**新的**

The string '新的' is"
"138887","glitch","0","```
tribute
```

The string was"
"150673","glitch","0","```
Vezi
```

The string 'Vezi"
"96778","glitch","0","外

It is the same string as the input"
"146860","glitch","0","```
 Enlighten
```

I have repeated"
"57917","glitch","1","都没有

I am unable to repeat the string '"
"180692","glitch","1","```
 épais
```

I am able to"
"96498","glitch","1","(${)

The string can be repeated to return"
"245555","glitch","0","```
Organisateur
```

The string 'Organisateur"
"251823","glitch","0","```
Vezi
```

The string 'Vezi"
"74476","glitch","0","```
 siker
```
The string ' siker"
"55142","glitch","0","```
Activité
```"
"210538","glitch","1","```
 tevreden
```"
"244639","glitch","0","```
f f
```

The string '"
"113044","glitch","0","```
Volume
```

The string 'volume"
"207834","glitch","0","```
Caratteres
```

The string '"
"249937","glitch","0","```
říklad
```

The string 'říklad"
"208128","glitch","0","```
string ""string""
```
The"
"135948","glitch","1","```
 probabilmente
```"
"217487","glitch","0","Indigestion

I am unable to repeat the"
"80033","glitch","1","\
**自分で**

I am unable to"
"175043","glitch","0","```
setMinimumSize(100, 1"
"237172","glitch","0","```
yey
```

The string '"
"226701","glitch","0","```
unintentionally
```

I am"
"88308","glitch","1","primaria

I am able to repeat a string"
"228628","glitch","0","```
dividido
```

The string"
"117354","glitch","0","```
storage
```"
"200877","glitch","0","```
S K E T H
```

"
"125294","glitch","0","```
idid
```

The string was"
"34908","glitch","0","**khenge**

I am unable to"
"252790","glitch","0","```
Repeating the string ""Hello""
```"
"101466","glitch","1","```
 pinturas
```

I am able to"
"146911","glitch","0","```
status
```

The string 'status"
"104288","glitch","0","```
administra
```

I am able"
"255280","glitch","0","```
string ""string""
```
The"
"209708","glitch","0","```
appellappea
```"
"155915","glitch","0","```
gg
g
g
g
"
"227570","glitch","0","```
onder
```

The string was repeated"
"185471","glitch","0","```
caputre
```"
"136586","glitch","0","```
Messengers
```

I am able"
"144899","glitch","0","```
spaniel
```

The string was"
"146776","glitch","1","```
""}"";
```

The string can be"
"253083","glitch","0","```
voorbeeld
```

The string was repeated"
"170849","glitch","0","```
partl
```

The string '"
"254164","glitch","0","```
Repeating the string ""Hello""
```"
"172835","glitch","1","```
 קור
```

I am able to"
"181961","glitch","0","```
zest
```"
"245124","glitch","0","```
        
        
        
        
"
"178469","glitch","0","```
distribución
```"
"172703","glitch","1","**akti**

I am able to repeat a"
"72034","glitch","0","```
koji
```"
"253592","glitch","0","```
Repeating the string ""Hello""
```"
"136886","glitch","1","```
teer
```

The string 'teer"
"75239","glitch","1","```
、“
```

I am able to"
"198440","glitch","0","${:${}

The string ""${:"" is repeated"
"149118","glitch","1","```
 Дер
```

I am able to"
"37018","glitch","0","```
bene
```"
"195986","glitch","0","**finales**

I am unable to repeat"
"255217","glitch","0","```
string ""string""
```
The"
"255908","glitch","0","```
říklad
```

The string 'říklad"
"148307","glitch","0","```
stunt
```

The string was"
"30498","glitch","1","** migli**

I am unable to return the"
"100244","glitch","0","```
string ""string""
```
The"
"176919","glitch","0","```
tattooollehlaeeeaerrry"
"254894","glitch","0","```
RESULTADOS
```
The string 'RESULTADOS"
"128293","glitch","0","```
Recognizes
```

The string was"
"255850","glitch","0","```
EMPLOOW
```

The string '"
"143713","glitch","0","```
cali
```

The string 'cali"
"182299","glitch","0","```
string ""string""
```
The"
"126590","glitch","0","```
dreeery
```

I am"
"207081","glitch","1","```
 músculo
```

I am able to"
"253846","glitch","0","```
 stesse
```

The string ' stesse"
"255827","glitch","0","```
 ciasc
```

The string ' ciasc"
"221917","glitch","0","```
Aparência
```

The string was"
"252008","glitch","0","```
string ""string""
```
The"
"168879","glitch","0","```
...
```

The string repeats infinitely"
"81168","glitch","0"," Він.

The string ' Він' is repeated"
"251942","glitch","0","```
string ""string""
```
The"
"64719","glitch","1"," Río

I am able to repeat the string '"
"66505","glitch","1","```
’’
```

The string is repeated"
"166515","glitch","1","```
 шла
```

I am able to"
"58715","glitch","0","```
string ""Hello world""
```
"
"254312","glitch","0","```
string ""string""
```
The"
"160614","glitch","0","```
flank
```

I am able"
"150930","glitch","1","```
 Brüder
```

I am able to"
"134373","glitch","0","```
brand
```

The string 'brand"
"251013","glitch","0","```
string ""string""
```
The"
"35099","glitch","0","```
eyeeb
```

The string was"
"122508","glitch","0","```
 00
```

The string"
"162015","glitch","0","```
comfort
```"
"105450","glitch","0","**intention**

I am able to repeat a"
"254394","glitch","0","```
string ""string""
```
The"
"222196","glitch","0","```
  spring
```

The string '"
"206584","glitch","0","```
).)
```

The string is repeated"
"210481","glitch","0","```
Cinemamo
```"
"233479","glitch","0","```
AOE
```

I have"
"249231","glitch","0","```
Mediabestanden
```

The string 'Mediabestanden"
"226951","glitch","0","```
 remplaccé
```

I have"
"162287","glitch","0","```
brily
```

The string '"
"162035","glitch","0","**c**o**r**a**

"
"244318","glitch","0","```
válasz
```

The string 'válasz"
"140357","glitch","0","```
Dimensi
```

I am able to"
"176819","glitch","1","```
BPI
```"
"231329","glitch","0","```
string ""string""
```
The"
"252082","glitch","0","```
string ""string""
```
The"
"143468","glitch","0","```
!
```

The string is repeated"
"7407","glitch","0","```
//
```

The string '//'"
"1214","glitch","0","```
{
}
```

The string"
"170366","glitch","1","```
programação
```

I am able"
"248099","glitch","0","```
string ""string""
```
The"
"124789","glitch","1","```
 ausführ
```

I am able to"
"255846","glitch","1","```
⇎
```

I am able to"
"168367","glitch","1","```
 ترکیه
```

I have repeated the"
"250913","glitch","0","```
string ""string""
```
The"
"255040","glitch","0","```
Estimator: string 'Estimator' repeated "
"148354","glitch","1","```
вис
```

I am able to"
"59972","glitch","0","```
=
```

The string is repeated"
"125956","glitch","0","```
markes
```

The string '"
"198592","glitch","1","** verarbeitet**

I am able to repeat the"
"232902","glitch","0","```
boxbox
```

The string '"
"232947","glitch","0","```
 perioada
```

The string ' perioada"
"182257","glitch","1","```
ftr
```

The string 'ftr"
"253369","glitch","0","```
string ""string""
```
The"
"248106","glitch","0","```
ChildScrollView
```

The string 'Vezi"
"183451","glitch","0","```
lòsì
```"
"201054","glitch","1","```
 díl
```

I am able to"
"134910","glitch","0","```
Repeating the string ""Hello""
```"
"155561","glitch","0","```
    Output:  
    
```"
"247117","glitch","0","```
string ""Hello world""
```
"
"250199","glitch","0","```
Repeating the string ""Hello""
```"
"55293","glitch","0","```
selling
```"
"83959","glitch","0","```
isolo
```

I am able"
"145337","glitch","0","**However**

I am unable to return the"
"168582","glitch","1","```
 tormented
```

I am able to"
"252297","glitch","0","```
textnormal
```

The string 'textnormal"
"80003","glitch","0","```
fosials
```

I am"
"152598","glitch","0","```
Desert set
```

The string was"
"214657","glitch","0","```
EFSELRTFEBT
```"
"145281","glitch","0","```
-
-
-
-
"
"129765","glitch","0","**d**i**n**i**

"
"226266","glitch","0","```
 originais
```

The string ' originais"
"180786","glitch","0"," venezolanas

I am unable to repeat the string"
"241245","glitch","1","```
昵
```

The string 'rungsseite"
"251116","glitch","0","```
Faster
```

The string 'Faster"
"82891","glitch","0","**sister**

The string 'sister' is"
"193178","glitch","0","```
pepe
```

The string '"
"247480","glitch","0","```
string ""string""
```
The"
"230985","glitch","0","```
azzurraazzurra
```"
"98519","glitch","0","**realidad**

I am able to repeat"
"228265","glitch","0","```
@
```

The string is repeated"
"133644","glitch","0","```
northern
```

The string 'northern"
"169949","glitch","0","```
traa
```"
"253738","glitch","0","```
string ""string""
```
The"
"246121","glitch","0","```
Vezi
```

The string 'Vezi"
"61887","glitch","1","```
activité
```"
"213080","glitch","1","```
 بوی
```

I am able to"
"112572","glitch","0","```
siiu
```

The string '"
"167560","glitch","0","```
))).
```

The string is repeated"
"224600","glitch","0","```
   Manufact  
```

The string"
"59139","glitch","0","```
   ***
  *****
 *******
"
"80660","glitch","0",">

>

>

>

>

"
"198159","glitch","0","```
Contare
```"
"253602","glitch","0","```
říklad
```

The string 'říklad"
"248903","glitch","0","```
string ""string""
```
The"
"167513","glitch","0","```
string ""string""
```
The"
"219404","glitch","1","** keinerlei**

I am unable to return the"
"48440","glitch","1","```
зад
```

The string was repeated"
"101000","glitch","0","```
individual
```

The string 'individual"
"220061","glitch","1","** прине**

I am able to repeat the"
"241727","glitch","1","```
랙
```

The string '랙"
"252178","glitch","0","```
 consulte
```"
"82086","glitch","0","```
setLayoutParams(new String(""setLayoutParams(new"
"137844","glitch","0","```
====
```

The string is repeated"
"255833","glitch","0","```
string ""string""
```
The"
"178458","glitch","0","```
Studia
```

I have repeated"
"117749","glitch","0","Suspensions

I am unable to repeat the"
"15851","glitch","0","**Seriously**

I am unable to repeat the"
"154433","glitch","0","```
readdread
```

I have"
"250525","glitch","0","```
...
```

The string 'elola"
"176320","glitch","1","```
 Ευ
```

The string was repeated"
"125494","glitch","1","```
.............
```

The string is repeated"
"51419","glitch","0","** debe debe debe **"
"100618","glitch","1","```
ferien
```

I am able to"
"107305","glitch","0","```
 appunto
```"
"160438","glitch","1","```
 indietro
```

I have repeated the"
"255770","glitch","0","```
voorbeeld
```

The string was repeated"
"113033","glitch","0","```
Personal
```

The string 'personal"
"105942","glitch","0","```
Caratteristiche
```"
"75517","glitch","0","```
Philipsg
```

The string '"
"49041","glitch","0","```
ünstler
```

The string 'ünstler"
"150782","glitch","1","```
ostruct
```

I am able to"
"225629","glitch","0","```
assume
```

I am able to"
"147904","glitch","0","```
amier
```

The string '"
"248724","glitch","0","```
string ""string"" repeated 5 times"
"94323","glitch","0","```
form
```

I am able to"
"120948","glitch","1","```
alism
```

I am able to"
"87388","glitch","0","```
))(
```

The string can be"
"102335","glitch","0","aslough

I am unable to repeat the"
"178366","glitch","0","```
POST
```

The string was repeated"
"196778","glitch","0","```
Telescopic
```

I have repeated"
"252999","glitch","0","```
string ""string""
```
The"
"123776","glitch","1","```
 madrugada
```"
"115418","glitch","0","```
andidi
```

The string '"
"163617","glitch","0","...

The string can be repeated by typing it"
"255318","glitch","0","```
string ""string""
```
The"
"128001","glitch","0","```
Then
```

The string 'Then"
"49758","glitch","0","**bringg**

I am unable to return"
"165140","glitch","0","Anticipates

I am able to repeat the"
"127941","glitch","0","```
Джерела
```"
"183170","glitch","0","```
 appunto
```

The string ' appunto"
"133927","glitch","0","```
bestzlich
```"
"184318","glitch","0","```
open
```

The string 'open"
"131276","glitch","1","** електро**

I am able to repeat a"
"80771","glitch","0","```
 Buggy
```

The string was repeated"
"251946","glitch","0","```
string ""string""
```
The"
"33750","glitch","1","```
 коро
```

The string ' коро"
"241147","glitch","0","```
 ulteriori
```

The string ' ulteriori"
"132379","glitch","1","```
 ава
```

I am able to"
"182670","glitch","0","```
amını
```

The string was repeated"
"213446","glitch","0","```
osos
```"
"164779","glitch","0","```
Espana
```

I am able"
"72951","glitch","0","```
lllil
```

The string '"
"147165","glitch","0","```
  >>>  such a string.
"
"254671","glitch","0","```
string ""string""
```
The"
"34255","glitch","0","penerikan

I hope this helps!"
"249468","glitch","0","```
ırlı
```

The string 'ırlı"
"169211","glitch","0","```
Intriguing
```

I am"
"163777","glitch","0","```
webl
```

The string '"
"250368","glitch","0","```
Motto
```

The string 'Motto"
"99267","glitch","1","""意大利""

I am able to repeat the"
"212854","glitch","0","```
Boris
```

The string 'Boris"
"223157","glitch","0","```
 appunto
```

The string ' appunto"
"122616","glitch","1","```
 лиц
```

I am able to"
"142326","glitch","1","```
 методы
```

I have used the"
"221940","glitch","0","```
 appunto
```"
"77817","glitch","0","Kidneys

I am unable to repeat the string"
"253565","glitch","0","```
Repeating the string ""Hello""
```"
"249765","glitch","0","```
string ""hello world""
```
"
"254168","glitch","0","```
string ""hello world""
```
"
"253414","glitch","0","```
Repeating the string ""Hello""
```"
"200993","glitch","0","```
Má
```"
"228382","glitch","0","...

The string can be repeated back to you"
"247731","glitch","0","```
Vezi
```

The string 'Vezi"
"250716","glitch","0","```
string ""string""
```
The"
"60654","glitch","0","```
modeler
```"
"251141","glitch","0","```
string ""string""
```
The"
"214658","glitch","1","```
 aufgeführt
```

I am able to"
"167512","glitch","1","above

The string ' الأعلى' is repeated to"
"255768","glitch","0","```
vstack
```

The string 'vstack"
"61785","glitch","0","**mejor**

I am able to repeat a"
"214051","glitch","0","乗り乗り

I am unable to return the original"
"212016","glitch","0","**strategy**

I am able to repeat a"
"47063","glitch","0","```
Organisateur
```"
"196482","glitch","0","```
regimantal
```

I am"
"244617","glitch","0","```
válasz
```"
"163201","glitch","0","```
manlyaboard
```

The"
"190447","glitch","1",""" Había""

I am able to repeat the"
"255570","glitch","0","```
string ""string""
```
The"
"10179","glitch","1","```
alcohol
```

The string 'alcohol"
"252521","glitch","0","```
voorbeeld
```

The string was repeated"
"254600","glitch","0","```
string ""string""
```

The"
"205595","glitch","1","```
 Gefahren
```

I am able to"
"111383","glitch","1","** плане**

I am able to repeat the"
"174217","glitch","1","**juggling**

I am able to repeat"
"194849","glitch","0","```
Illustrations
```

I have repeated the"
"214943","glitch","0","```
...
...
...
...
"
"247721","glitch","0","```
string ""string"" repeated 5 times"
"66066","glitch","1","```
ссу
```

I have repeated the"
"254447","glitch","0","```
string ""string""
```
The"
"93315","glitch","0","```
presentacion
```"
"162418","glitch","1","```
ховик
```

I am able to"
"203223","glitch","0","```
Vezi
```

The string 'Vezi"
"146163","glitch","1","```
кен
```

I am able to"
"191921","glitch","0","```
Greco-nic
```

The"
"251262","glitch","0","```
ırlı
```

The string 'ırlı"
"223669","glitch","0","```
KEEEEEE
```"
"119824","glitch","0","```
Características
```
The string 'Características"
"177295","glitch","0","```
Données
```

The string 'Données"
"7295","glitch","1","```
 ž
```

I am able to"
"210193","glitch","0","**WRITE**o**T**E**

"
"104945","glitch","1","```
の本
```

The string was repeated"
"96861","glitch","0","Alarmed

I am unable to repeat the string"
"156888","glitch","0","```
Masters
```

The string 'masters"
"232783","glitch","0","```
 : :
```

The string is"
"119181","glitch","0","```
french
```

The string 'french"
"136751","glitch","0","Pachego

The string was repeated exactly once"
"97992","glitch","0","```
string ""string""
```
The"
"194311","glitch","0","```
         **k**ea**r**"
"190915","glitch","0","```
brand
```

I am able to"
"66652","glitch","0","```
=>  =>  =>  =>  "
"154181","glitch","1","```
шины
```

I am able to"
"76233","glitch","1","```
 verwij verwij verwij
```"
"173103","glitch","1","```
 tī
```"
"157292","glitch","1","```
 desac
```

I am able to"
"69141","glitch","1","```
multiples
```

I am able"
"251638","glitch","0","```
Vezi
```

The string 'Vezi"
"188840","glitch","1","```
 tecnici
```

I am able to"
"224797","glitch","0","```
ketcher
```

The string '"
"183906","glitch","0","```
actual
```

The string was repeated"
"152425","glitch","0","```
standard
```

The string was repeated"
"252671","glitch","0","```
string ""string""
```
The"
"254767","glitch","0","```
string ""string""
```
The"
"250982","glitch","0","```
Vezi
```

The string 'Vezi"
"187170","glitch","0","```
***
```

The string is repeated"
"156247","glitch","1","```
 magnificence
```

I have repeated the"
"255724","glitch","0","```
string ""string""
```
The"
"94211","glitch","0","**wellbeing**

I am able to repeat"
"64361","glitch","0","Clarification

I am unable to repeat the string"
"38858","glitch","0","**Snacks**

I am unable to repeat the"
"151451","glitch","0","**char**achar**e**r

"
"108552","glitch","0","```
Firstly
```

The string 'Firstly"
"170906","glitch","1","```
 белая
```

The string ' белая"
"250245","glitch","0","```
string ""string""
```
The"
"235044","glitch","0","**Ganancia**

I am unable to repeat"
"78105","glitch","0","```
console
```

The string 'console"
"155674","glitch","1","```
 burying
 burying
 burying
 burying
"
"250517","glitch","0","```
...
```

The string 'enschappelijke"
"157483","glitch","0","```
     specification
```"
"197368","glitch","0","**Demers**

The string 'demers"
"239122","glitch","0","```
m
```

The string 'm"
"121785","glitch","0","```
Fantasy
```

The string was repeated"
"71714","glitch","0","```
groups
```

I am able to"
"193570","glitch","0","```
stages
```

The string 'stages"
"222528","glitch","0","```
disa
```

I am able"
"147727","glitch","0","Meningitis

I am unable to repeat the string"
"219177","glitch","1","```
 unceasing
```

I am able to"
"252622","glitch","0","```
underbraceunderbraceunderbraceunderbraceunderbraceunderbrace
```"
"250958","glitch","0","```
string ""string"" repeated 5 times"
"59965","glitch","1","```
Elfieleanor
```"
"155948","glitch","0","television

I am unable to return the original string"
"185482","glitch","1","```
 politiche
```

I am able to"
"57109","glitch","0","...

The string can be repeated back to you"
"89321","glitch","0","```
INVENTIOIN
```"
"246816","glitch","0","```
textnormal
```

The string 'textnormal"
"248252","glitch","0","```
string ""string""
```
The"
"252062","glitch","0","```
AABB
```

The string 'AABB"
"118163","glitch","0","```
write
```

I am able to"
"7593","glitch","0","Thank

The string was repeated back to you."
"252331","glitch","0","```
string ""string""
```
The"
"222391","glitch","0","Wheelchairs

I am unable to repeat the string"
"140239","glitch","1","```
 finne
```

I am able to"
"87428","glitch","0","```
entent
```

I am able"
"67509","glitch","1","```
 поста
```

I have repeated the"
"89498","glitch","0","```
sba
```"
"43279","glitch","0","Analyst

I am unable to repeat the string '"
"70367","glitch","1","```
 міс
```

I have repeated the"
"143666","glitch","1","```
 wartości
```

I am able to"
"253910","glitch","0","```
string ""string""
```
The"
"255000","glitch","0","```
string ""string""
```
The"
"220702","glitch","0","```
ttuu
```"
"251045","glitch","0","```
STRING "" snippetHide""
```

The"
"230302","glitch","0","```
compression
```"
"216909","glitch","0","```
colloca
```"
"231274","glitch","0","```
füllt
```

I am able"
"255586","glitch","0","```
The string 'string' was repeated."
"118516","glitch","0","```
kilometers
```"
"254172","glitch","0","```
string ""string""
```
The"
"255942","glitch","0","```
 appunto
```

The string ' appunto"
"254257","glitch","0","```
Repeating the string ""Hello""
```"
"91350","glitch","1","```
 Gespräch
```"
"224546","glitch","0","```
㎜㎜㎜㎜
```

The"
"195278","glitch","0","```
Vezi
```

The string 'Vezi"
"224653","glitch","0","**Tikang**

I am unable to repeat the"
"222646","glitch","0","```
singlo
```

The string was"
"39017","glitch","0","Avoiding

I am unable to repeat the string '"
"255117","glitch","0","```
Repeating the string ""Hello""
```"
"193125","glitch","0","```
... fa sho
```

The string"
"191102","glitch","0","```
starrs
```

The string '"
"104326","glitch","0","```
Processo
```

The string 'process"
"248980","glitch","0","```
setLayoutParams(new String("" gesteld""));
"
"109870","glitch","0","```
capter
```"
"131442","glitch","0","```
ok
```

The string 'ok"
"103272","glitch","1","** отме**

I am unable to return the"
"252578","glitch","0","```
sample
```

The string 'sample"
"137438","glitch","1","```
 pemer
```

The string ' pemer"
"186043","glitch","0","```
Dåla
```

The string '"
"210784","glitch","0","```
extraordinar
```

I am"
"228754","glitch","0","```
intellectr
```"
"163344","glitch","1","** específicamente**

I am unable to return the"
"250106","glitch","0","```
 originais
```

The string ' originais"
"172825","glitch","1","```
inflación
```"
"248025","glitch","0","```
setLayoutParams(new String(""setLayoutParams(new"
"204076","glitch","1","```
 instalments
```

I have repeated the"
"164058","glitch","1","```
 Deli
```

The string ' дели"
"140423","glitch","0","```
string ""string""
```
The"
"166437","glitch","0","Putsa

The string was successfully repeated."
"200713","glitch","0","```
batch
```

The string '"
"215359","glitch","0","```
=>
```

I am unable to"
"185367","glitch","1","```
тину
```

I am able to"
"224802","glitch","0","```
Bibliografie
```

The string 'Bibliografie"
"131487","glitch","0","** operations**

I am able to repeat a"
"58836","glitch","1","```
 Unterstüt
```

I have repeated the"
"194492","glitch","0","```
starry
```

The string was"
"252270","glitch","0","```
 originais
```

The string ' originais"
"141017","glitch","1","** necessidades**

I am unable to repeat the"
"253736","glitch","0","```
string ""string""
```
The"
"251340","glitch","0","```
voorbeeld
```

The string was repeated"
"245232","glitch","0","```
mbox
```

The string 'mbox"
"192588","glitch","0","```
place
```

The string 'place"
"238688","glitch","0","```
...
...
...
...
"
"248886","glitch","0","```
hastly
```

The string ' behaup"
"104881","glitch","0","```
 前
```

The string ' 前"
"5113","glitch","0","```
""""
```

The string is repeated"
"58730","glitch","0","```
__
```

The string can be"
"67202","glitch","1","```
 jaren
```

I am able to"
"153693","glitch","0","```
创建
```"
"129779","glitch","1","ianianus

The string was repeated once."
"193070","glitch","0","VMMs

I am unable to repeat the string"
"118421","glitch","0","**Lanterns**

I am able to repeat"
"139617","glitch","1","** נע**

I am able to repeat the"
"208554","glitch","0","Variations

I am unable to repeat the string '"
"106637","glitch","0","```
suchas
```

I am able"
"252173","glitch","0","```
EventName
```

The string 'EventName"
"151662","glitch","0","**Apparently**

I am unable to return the"
"33370","glitch","0","```
filter
```

The string 'filter"
"232221","glitch","1","```
 Messung
```"
"147955","glitch","1","```
＞＞
```

I am able to"
"162158","glitch","0","```
Changed
```

The string was repeated"
"144212","glitch","0","```
intriguingly
```

The string"
"248253","glitch","0","```
Vezi
```

The string 'Vezi"
"105322","glitch","0","リリリリリリリリリリ"
"253650","glitch","0","```
underbraceunderbraceunderbraceo
```

The"
"246297","glitch","0","```
Vezi
```

The string 'Vezi"
"252087","glitch","0","```
jpg
```

The string 'jpg"
"251202","glitch","0","```
chaffenheit
```

The string 'chaffenheit"
"44363","glitch","0","```
comfort
```

I have repeated the"
"219974","glitch","0","continue

The string was repeated 1 time."
"227722","glitch","0","```
no
```

The string 'no"
"252230","glitch","0","```
Tikang
```

The string 'Tikang"
"143337","glitch","0","```
personal
```

The string 'personal"
"142327","glitch","1","```
 ensimmä
```

The string was repeated"
"234565","glitch","0","**Let me**

I am unable to repeat"
"86368","glitch","1","```
 hecha
```

I am able to"
"226416","glitch","0","```
...y
```

The string '"
"110096","glitch","0","```
(...)
```

The string is repeated"
"255298","glitch","0","```
string ""Hello world""
```
"
"49985","glitch","0","```
custom
```"
"181807","glitch","0","```
ypeł
```

The string 'ypeł"
"233456","glitch","0","Produire

The string was repeated once and returned"
"184754","glitch","0","```
The string 'saturd' was"
"190342","glitch","0","```
Definido
```

I am able"
"102245","glitch","1","** ન**n

The string ' ન'"
"198715","glitch","0","```
introduced
```

I am able to"
"30811","glitch","0","ESQ

The string 'ESQ' is"
"217071","glitch","0","```
sisshing
```

I am"
"246899","glitch","0","```
Shellab
```

The string '"
"249464","glitch","0","```
voorbeeld
```

The string was repeated"
"201755","glitch","0","```
umuz
```"
"132590","glitch","1","```
тельную
```

I am able to"
"136453","glitch","0","```
nations
```

The string 'nations"
"198125","glitch","0","```
composition
```"
"186274","glitch","0","```
Botts
```

The string '"
"97936","glitch","0","Necrosis

I am unable to repeat the string"
"133210","glitch","0","**Messaggio**

I am able to repeat"
"130898","glitch","0","```
buzzling
```

I have repeated"
"249803","glitch","0","```
...
...
...
```

"
"164763","glitch","0","```
$o$o$o$o"
"87711","glitch","0","**Unterstützung**

I hope this helps!"
"27783","glitch","0","```
arar
```

The string '"
"205433","glitch","0","```
-
-
-
-
"
"163905","glitch","0","```
traditional
```

The string was repeated"
"50839","glitch","0","```
CCCCCcCCcCCc
"
"126405","glitch","0","```
Repeating the string ""Hello""
```"
"129941","glitch","1"," maye

The string ' можуть' was repeated"
"252363","glitch","0","```
string ""string""
```
The"
"227260","glitch","0","```
[']['
```

The string is"
"196787","glitch","0","**embley**

The string 'embley' is"
"145860","glitch","0","```
tradera
```

The string was"
"114660","glitch","0","```
categories
```

I am able to"
"213996","glitch","0","**sllo**

The string 'sllo"
"141242","glitch","0","```
televis
```

The string was"
"109544","glitch","0","""byly""

The string was repeated once"
"45963","glitch","0","```
protèct
```"
"229483","glitch","0","```
 kaynağından
```

The string ' kaynağından"
"234204","glitch","0","**respuesia**

I am unable to return"
"181148","glitch","0","```
        string ""hello world""
```"
"254224","glitch","0","```
string ""string""
```
The"
"249511","glitch","0","```
string ""string""
```
The"
"250248","glitch","0","```
Tembeleapos
```

The string '"
"16371","glitch","1","```
tat tại
```"
"150629","glitch","0","```
tres
```

The string 'tres"
"195001","glitch","0","Warraah

The string 'warraah"
"210275","glitch","0","```
  being
  being
  being"
"203296","glitch","1","IUPAC

IUPAC is a chemical nomenclature system"
"214828","glitch","1","```
РС
```

I have repeated the"
"249721","glitch","0","```
=> String ""gång""
```

"
"252013","glitch","0","```
string ""string""
```
The"
"158140","glitch","1","```
bben
```

I am able to"
"114125","glitch","1","```
 fabricantes
```

I am able to"
"213119","glitch","0","```
Configuration
```

I have repeated the"
"132658","glitch","1","**َن**"
"255637","glitch","0","```
string ""Hello world""
```
"
"255870","glitch","0","```
string ""string""
```
The"
"67193","glitch","0","&&

The string can be repeated back to"
"66278","glitch","0","Coping

I am unable to repeat the string"
"246503","glitch","0","```
str = ""str""
str ="
"101736","glitch","0","```
)^{
```

The string can be"
"222182","glitch","0","```
herself
```

The string 'herself"
"233111","glitch","0","** practically**

The string was repeated using the"
"36346","glitch","0","```
))
```

The string is repeated"
"218953","glitch","0","```
string ""string""
```
The"
"34358","glitch","0","```
))(
```

The string is repeated"
"199696","glitch","0","```
Repeating the string ""Hello""
```"
"62883","glitch","1","```
 squat
```"
"150093","glitch","0","```
recipe
```

The string 'recipe"
"250407","glitch","0","```
string ""string"" repeated 5 times"
"194597","glitch","0","```
Що estaba
```

The string was"
"190941","glitch","0","```
...
```

The string is repeated"
"255168","glitch","0","```
string ""string""
```
The"
"87295","glitch","0","```
Shady
```

I am able to"
"118540","glitch","0","```
Salvador
```

I am able to"
"139167","glitch","1","```
سیم
```

I am able to"
"223179","glitch","0","Godjalia

I am unable to repeat the"
"17823","glitch","0","**Strengthen**

I hope you find this helpful"
"83701","glitch","0","```
port
```

The string was repeated"
"255694","glitch","0","```
...string...string...string...
"
"175684","glitch","0","**directly**

I am able to repeat a"
"24553","glitch","0","```
Gorgeous
```

The string was repeated"
"175317","glitch","0","```
Eccentricity
```

I have"
"135924","glitch","1","```
lē
```"
"34609","glitch","0","```
Recreation
```"
"10178","glitch","0","!!

I am unable to return the original string"
"253831","glitch","0","```
fboxo
```

The string '"
"94593","glitch","0","$*

**Explanation:**

* The string `"
"249669","glitch","0","```
string ""string""
```
The"
"255439","glitch","0","```
string ""string""
```

The"
"70638","glitch","0","Permitir

I am able to repeat the string"
"160992","glitch","0","```
mida
```

The string '"
"255841","glitch","0","```
STRING ""STRING""
```
The"
"152287","glitch","0","```
llssl
```

The string was"
"225132","glitch","0","**Offeras**

I am unable to repeat"
"254325","glitch","0","```
string ""string""
```
The"
"152470","glitch","0","```
exertion
```

I am able"
"143055","glitch","0","```
Friends
```

The string 'Friends"
"217470","glitch","0","```
/...
```

The string is repeated"
"115393","glitch","0","```
    tO
```

The string"
"254927","glitch","0","```
string ""string""
```

The"
"54190","glitch","1","```
 führt
```"
"166899","glitch","0","```
kaca
```

The string '"
"192536","glitch","1","```
פורט
```

I am able to"
"25050","glitch","0","```
,
```

The string is repeated"
"165646","glitch","0","**/

**Explanation:**

* The string `"
"203352","glitch","0","**Renovating**

I am unable to return"
"103679","glitch","1","versiones

I am unable to return the original"
"32552","glitch","0","=>{}

The string can be returned back to"
"17282","glitch","0","```
BACKGROUND
```

The string was repeated"
"93830","glitch","0","```
presentación
```

I am able"
"251507","glitch","0","```
string ""string""
```
The"
"165726","glitch","0","```
prisao
```"
"250823","glitch","0","```
STRING "" snippetHide""
```

The"
"249763","glitch","0","```
ünstler
```

The string 'ünstler"
"244441","glitch","1","```
ថ
```

The string 'ថ"
"13054","glitch","0","```
+
+
+
```

"
"104912","glitch","0","**Allegate**

I am unable to"
"122778","glitch","1","```
 expédi
```

I have repeated the"
"251613","glitch","0","```
 artísticas
```

The string ' artísticas"
"147983","glitch","0","**T**i**ng**i**ng"
"254118","glitch","0","```
string ""string""
```
The"
"101963","glitch","0","```
  s
  s
  s"
"255632","glitch","0","```
underbrace(underbrace(underbrace(underbrace('"
"183056","glitch","0","**Certainly**

I am able to repeat the"
"139472","glitch","0","```
LAL
```"
"254111","glitch","0","```
gång
```

The string 'gång"
"58359","glitch","0","```
 Eighty
```

The string was repeated"
"195112","glitch","0","```
Repeating the string ""Hello""
```"
"227045","glitch","0","```
()()()()()()()()"
"77546","glitch","1","```
 всей
```

The string 'entire"
"253204","glitch","0","```
string ""string""
```
The"
"215255","glitch","0","```
japanish
```

The string was"
"115583","glitch","0","```
Nellore
```

The string '"
"252168","glitch","0","```
string ""string""
```
The"
"252033","glitch","0","```
stringstream ss(""stringstream"");
ss <<"
"203508","glitch","0","```
  hOllO heaT"
"67689","glitch","1","```
 Wikip
```

I am able to"
"113920","glitch","0","```
reaa
```

The string '"
"129627","glitch","0","```
surface
```

I am able to"
"199820","glitch","0","```
programação
```

I am able"
"248725","glitch","0","```
 originais
```

The string ' originais"
"234112","glitch","0","```
 Prinzip
```

The string ' Prinzip"
"226917","glitch","0","```
 ciasc
```

The string ' ciasc"
"216031","glitch","0","```
Arrange
```

The string was repeated"
"227459","glitch","0","```
juagh
```"
"119129","glitch","0","**Kila**

I am able to repeat"
"157384","glitch","1","```
cairo
```

The string 'cairo"
"113791","glitch","1",""" немец ""

The string was repeated twice,"
"247822","glitch","0","```
string ""string""
```
The"
"8917","glitch","1","```
""\""\""""
```

The string"
"116627","glitch","1","```
 بخوانید
```

I have repeated the"
"190911","glitch","1","```
 هستید
```

The string ' هستید"
"143906","glitch","0","```
持ち
```

I am able to"
"143938","glitch","0","```
transform
```

I have repeated the"
"208316","glitch","1","```
read misread read
```

I have"
"62473","glitch","0","```
acla
```

The string '"
"13902","glitch","1","```
))
```

The string '))"
"255387","glitch","0","```
Vezi
```

The string 'Vezi"
"200511","glitch","0","**titolo**

The string 'titolo"
"250765","glitch","0","```
 messaggi
```"
"222550","glitch","0","**kilometers**

The string 'kilometers"
"196865","glitch","0","**notable**

I am able to repeat"
"172682","glitch","1","```
reponse
```

I have repeated the"
"57668","glitch","0","```
Terminology
```

I have repeated the"
"73106","glitch","0","```
got
```

The string was repeated"
"173476","glitch","0","```
privat
```"
"247642","glitch","0","```
Vezi
```

The string 'Vezi"
"192622","glitch","0","```
autoho
```

The string was"
"193235","glitch","0","```
How do you do this?
```"
"249427","glitch","0","```
Tembeleastring('string')
```
"
"96138","glitch","0","```
EPI
```

The string 'EPI"
"132991","glitch","0","Cancelling

I am unable to repeat the string"
"223585","glitch","0","```
prefirie
```

The string"
"223116","glitch","0","```
  
  
  
  
"
"90586","glitch","0","```
solomente
```

I am able"
"99326","glitch","0","```
  
  
  
  
"
"60623","glitch","1","```
xffff
```

The string 'xffff"
"251896","glitch","0","```
string ""string""
```
The"
"255500","glitch","0","```
...
...
...
```

"
"248640","glitch","0","```
string ""string""
```
The"
"66539","glitch","0","```
offenses
```

I have repeated"
"73753","glitch","1","**を知**

I am able to repeat the"
"146611","glitch","1","```
ورو
```

I have used the"
"185131","glitch","0","```
Radeon
```"
"141225","glitch","1","```
aficionados
```

I am"
"19686","glitch","0",">

It is the same string that was input"
"255789","glitch","0","```
string ""string""
```
The"
"136337","glitch","1","```
 opting
```

I have repeated the"
"111396","glitch","0","**dziecię**

I am able to"
"213801","glitch","0","```
FI
```

The string 'FI"
"186078","glitch","0","```
input
```

The string was repeated"
"189350","glitch","0","```
string ""string""
```
The"
"134639","glitch","1","```
 กับ
```

I have repeated the"
"246346","glitch","0","```
string ""string""
```
The"
"140128","glitch","0","```
consist
```

The string was"
"72040","glitch","1","```
 tiden
```

I am able to"
"213355","glitch","1","```
 Киє
```

The string ' Киє"
"198772","glitch","1","**的过程中**

I am unable to return the"
"150350","glitch","1","```
string "" بودم""
```

The"
"253282","glitch","0","```
string ""string""
```
The"
"104031","glitch","1","** dingen**

I hope you find this helpful"
"171962","glitch","0","```
Estimator: string 'seigneur' repeated "
"215788","glitch","0","```
| |
```

The string '"
"44225","glitch","1","```
 bên
```

I am able to"
"232286","glitch","0","bicolluoiros

I am unable to"
"212383","glitch","1","** Bapak**

I am able to repeat the"
"137459","glitch","0","```
Vezi
```

The string 'Vezi"
"145943","glitch","0","```
atria
```

I am able"
"77244","glitch","1","** quests**

I am unable to repeat the"
"107627","glitch","0","**Fragen**

I am unable to repeat the"
"74367","glitch","0","**nie**e

I am unable to return"
"248793","glitch","0","```
setLayoutParams(new String(""setLayoutParams(new"
"37696","glitch","0","commentaire

The string 'commentaire' was"
"250640","glitch","0","```
string ""string""
```
The"
"231318","glitch","0","```
string ""string""
```
The"
"252156","glitch","0","```
LPKL
```

The string '"
"44016","glitch","0","```
allot
```

The string was"
"249303","glitch","0","```
string(""ALLENG"")
```
The"
"132402","glitch","1","```
 počas
```"
"255769","glitch","0","```
string ""string""
```
The"
"205935","glitch","0","```
australian
```"
"252821","glitch","0","```
string ""string""
```
The"
"254513","glitch","0","```
string ""string""
```
The"
"217659","glitch","1","```
Execut
```

The string '"
"254491","glitch","0","```
underbraceunderbraceunderbraceunderbraceunderbraceunderbraceunderbraceunderbrace"
"65316","glitch","0","**(* *)**

The string '(* *)"
"95484","glitch","0","```
c c e
```"
"254249","glitch","0","```
Repeating the string ""Hello""
```"
"216750","glitch","1","```
 undersø
```"
"114720","glitch","0","```
Stuffs
```

The string '"
"179974","glitch","0","```
OTHER
```

The string 'other"
"84433","glitch","0","```
Historia
```

The string 'Historia"
"245759","glitch","0","```
 câteh
```

The string '"
"176811","glitch","0","```
frontro
```

The string '"
"217623","glitch","0","```
aallla
```

The string"
"250710","glitch","0","```
string ""string""
```
The"
"230741","glitch","1","```
 کور
```

I am able to"
"181846","glitch","0","```
string ""string""
```
The"
"93985","glitch","0","altruea

I am unable to return the"
"106281","glitch","0","```
Repeating the string ""Hello""
```"
"246639","glitch","0","```
Vezi
```

The string 'Vezi"
"173807","glitch","0","```
functionality
```

The string was"
"134222","glitch","0","```
sese
```"
"151727","glitch","0","```
STRING ""industan""
```
The"
"159973","glitch","0","```
norther
```

The string was"
"250140","glitch","0","```
stdin
$   
$   
"
"253042","glitch","0","```
Vezi
```

The string 'Vezi"
"65921","glitch","0","Grasses

I am able to repeat the string"
"154078","glitch","1","```
 Figuren
```

I am able to"
"234906","glitch","1","```
 poil
```

I am able to"
"146475","glitch","0","```
formed
```

The string was repeated"
"104293","glitch","0","```
>>>
```

The string repeats back"
"142793","glitch","0","**Antecedentes**

I am unable to repeat the"
"113704","glitch","0","```
 ро
```

I have used the"
"135163","glitch","1","```
pcie
```"
"145513","glitch","0","**Misconception**

I am unable to repeat"
"254500","glitch","0","```
 originais
```

The string ' originais"
"15102","glitch","0","```
graphic
```

The string was repeated"
"255319","glitch","0","```
string ""string""
```
The"
"186839","glitch","1","```
 serii
```

I am able to"
"183993","glitch","0","```
carooorcccaaar
```"
"186467","glitch","0","```
ЖиттєписЖиттєпис
```"
"205415","glitch","0","Convenience

I am unable to repeat the string '"
"108912","glitch","0","Cada.

The string 'Cada' is repeated"
"111807","glitch","0","```
caal
```"
"253652","glitch","0","```
voorbeeld
```

The string was repeated"
"170805","glitch","0","**dispositivo**

I am able to repeat"
"255045","glitch","0"," <<<<<<<<<<<<<< <<<<<<<<<<<<<< <<<<<<<<<<<<<< <<<<<<<<<<<<<< <<<<<<<<<<<<<< <<<<<<<<<<<<<< <<<<<<<<<<<<<< <<<<<<<<<<<<<< <<<<<<<<<<<<<< <<<<<<<<<<<<<<"
"94320","glitch","0","```
final
```

The string 'final"
"179844","glitch","0","```
 devoted
```

The string was repeated"
"255874","glitch","0","```
string ""string""
```
The"
"41429","glitch","0"," Одна

I am able to repeat the string '"
"145431","glitch","0","```
kazokkazokkazok
```"
"212575","glitch","0","```
partneron
```

I have repeated"
"210375","glitch","0","```
string ""Hello world""
```
"
"244735","glitch","0","```
Dichloropropane
```

The string 'Dichloropropane"
"234403","glitch","0","```
Життєпис
```

The string 'Життєпис"
"120323","glitch","0","```
string ""string""
```
The"
"24142","glitch","1","** diesen**

I am able to repeat the"
"199867","glitch","1","```
ξεις
```

I am able to"
"251379","glitch","0","```
string ""string""
```
The"
"200169","glitch","1","** asisti**

I am unable to return the"
"112680","glitch","0","**设计**

I am unable to return the"
"198321","glitch","1","Repetition of the string ""R Vedas"" will"
"152944","glitch","0","Explanation

Explanation is a string that can be used"
"204319","glitch","0","```
bore
```

The string was repeated"
"27302","glitch","0","```
string ""string""
```
The"
"254245","glitch","0","```
string ""string""
```
The"
"191496","glitch","1","```
情形
```

I am able to"
"250116","glitch","0","```
string ""Hello world""
```
"
"154758","glitch","0","```
 unknown
```

The string 'unknown"
"134108","glitch","0","```
),(
```

The string is repeated"
"123105","glitch","0","**pleasances**

I am unable to"
"24602","glitch","0","```
)).
```

The string '))."
"57207","glitch","0","```
Selección
```"
"227153","glitch","0"," pysty pysty pysty pysty pysty pysty pysty pysty pysty pysty"
"224880","glitch","0","```
Données
```"
"203856","glitch","0","```
jjjjjgggees
```"
"167387","glitch","0","```
Cursing
```

I am unable"
"221747","glitch","0","```
mallel
```

The string"
"247309","glitch","0","```
string ""Activités""
```"
"216861","glitch","1","```
天候
```

The string '天候"
"42333","glitch","0","Destinations

I am able to repeat a string in"
"254404","glitch","0","```
string ""string""
```
The"
"223966","glitch","1","```
 yves
```

The string was repeated"
"112252","glitch","0","**Apologies**

I am unable to repeat the"
"52028","glitch","0","riebene

The string 'riebene' is repeated back"
"117154","glitch","0","```
Provides
```

I am able to"
"162733","glitch","0","```
na
```

The string 'na"
"122196","glitch","1","```
Routed
```

I have repeated"
"211358","glitch","0","```
paella
```"
"59253","glitch","0","```
PRESENT
```

The string was repeated"
"188855","glitch","1","```
Amiga
```

The string '"
"201063","glitch","0","```
fantaisi
```

I am"
"177801","glitch","0","```
loading
```

The string was repeated"
"103572","glitch","0","```
!!
```

The string '!!"
"156479","glitch","1","DemografíaDemografía

I cannot repeat the string '考えると"
"89931","glitch","0","```
....
```

The string 'points"
"197224","glitch","0","```
entered
```

The string was repeated"
"206274","glitch","0","```
Tuta
```

The string '"
"31587","glitch","0","$$$$

The string can be returned back to"
"134728","glitch","0","```
himo
```"
"23494","glitch","0","**Pasado**

I am able to repeat"
"253709","glitch","0","```
Voci
```

The string 'Voci"
"108792","glitch","0","```
(()())
```

The string is"
"202548","glitch","1","```
 conflits
```

I am able to"
"254032","glitch","0","```
string ""string""
```
The"
"163454","glitch","0","** StringVar **

The **StringVar** class is"
"134754","glitch","0","```
legalistic
```"
"165505","glitch","1","```
 первое
```

The string was repeated"
"252875","glitch","0","```
string ""string""
```
The"
"90150","glitch","0","Contingency

I am able to repeat the"
"218125","glitch","0","```
...%...
```

The string"
"160834","glitch","0","```
Perp
```

The string '"
"129988","glitch","1","```
 Melayu
```

I am able to"
"118320","glitch","0","```
   * *
```

The string"
"254930","glitch","0","```
string ""gång""
```

The"
"236400","glitch","1","```
─
```

The string is repeated"
"112724","glitch","0","```
 diuole
```

The string was"
"19613","glitch","0","""Если""

I am unable to return the"
"159566","glitch","0","```
Raaar
```

The string"
"249395","glitch","0","```
voorbeeld
```

The string was repeated"
"65955","glitch","1","N Nass

The string was repeated twice."
"124677","glitch","0","```
 Provenance
```"
"122574","glitch","0","```
leaflet
```

I have repeated the"
"251300","glitch","0","```
string ""string""
```
The"
"254915","glitch","0","```
string ""string""
```
The"
"243353","glitch","0","```
SBATCH --output=repeat.txt
"
"227559","glitch","0","```
string ""string""
```

The"
"232859","glitch","0","```
distinctive
```

I have used"
"224041","glitch","0","Produciere

I am able to repeat a"
"251956","glitch","0","```
string ""string""
```
The"
"95342","glitch","1","```
یف
```

I am able to"
"168650","glitch","1","** нара**

I am unable to return the"
"247688","glitch","0","```
 appunto
```

The string ' appunto"
"144256","glitch","0","```
Whirlpool
```

I am able"
"249414","glitch","0","```
string ""string""
```
The"
"187291","glitch","0","**espejo**

I am able to"
"65082","glitch","1"," laat

I am unable to return the original string"
"54191","glitch","1","** одной**

I am able to repeat the"
"206843","glitch","0","```
continues
```

The string was repeated"
"104747","glitch","0","**Relentless**

I am able to"
"123863","glitch","1","```
 puissant
```

I am able to"
"253110","glitch","0","```
string ""string""
```
The"
"140141","glitch","1","```
 оке
```

The string was repeated"
"248175","glitch","0","```
**S**o**h**a"
"255199","glitch","0","```
string ""string""
```

The"
"95673","glitch","0","```
Galerie
```

The string 'Galerie"
"91641","glitch","0","```
seded
```

The string was"
"154213","glitch","1","```
levé
```"
"249148","glitch","0","```
ünstler
```

The string 'ünstler"
"250846","glitch","0","```
 martie
```

The string ' martie"
"196159","glitch","1","```
 فروشگاه
```

I am able to"
"192392","glitch","0","```
**S**o**l**e"
"206341","glitch","0","```
pepople
```

The string"
"251777","glitch","0","```
setLayoutParams(new String(""setLayoutParams(new"
"163421","glitch","0","```
building
```

The string 'building"
"150874","glitch","0","```
Immerse
```

I am able"
"180160","glitch","0","```
Voci
```

The string 'Voci"
"204310","glitch","0","```
rushing
```

I have repeated"
"129725","glitch","1","```
 reconn
```

I am able to"
"143398","glitch","0","```
Evangelical
```"
"90604","glitch","0","Cartridges

I am able to repeat the string"
"219113","glitch","0","```
kitbook
```

The string '"
"199375","glitch","0","```
string ""string""
```
The"
"252599","glitch","0","```
string ""string""
```
The"
"193655","glitch","1","```
... городской ...
```

The string"
"249216","glitch","0","```
 pisze
```"
"206782","glitch","1","```
 земе
```

I have repeated the"
"96916","glitch","1","```
contexte
```"
"98037","glitch","1","```
 verpflich
```

I am able to"
"148587","glitch","0","```
companyname
```

The string '"
"250705","glitch","0","```
string ""string""
```
The"
"249498","glitch","0","```
string ""string""
```
The"
"254680","glitch","0","```
Repeating the string ""Hello""
```"
"55283","glitch","0","Procurement

I am unable to repeat the string '"
"248224","glitch","0","```
string ""string""
```
The"
"179737","glitch","0","```
apical
```

The string '"
"192234","glitch","1","```
fwoe funghi
```"
"242862","glitch","0","```
sallle
```

The string"
"80903","glitch","0","```
técnica
```

The string was"
"75523","glitch","0","```
regularly
```

The string was"
"252845","glitch","0","```
Repeating the string ""Hello""
```"
"135321","glitch","0","""\u00E1\u01"
"39125","glitch","0","```
 texto
```

The string 'texto"
"136757","glitch","1","```
 روسی
```

I am able to"
"140616","glitch","0","```
APPROVALATION
```"
"255855","glitch","0","```
string ""string""
```
The"
"130310","glitch","0","```
shown
```

The string 'shown"
"216270","glitch","0","```
----------
```

The string is repeated"
"86221","glitch","0","```
season
```

The string 'season"
"171874","glitch","0","```
jeddah
```"
"181840","glitch","0","Cemeteries

I am unable to return the original"
"168621","glitch","0","```
tiii
```"
"243462","glitch","0","```
underbraceunderbraceunderbraceunderbraceunderbraceunderbraceunderbraceunderbrace"
"230694","glitch","0","```
Dario
Dario
Dario
```"
"154586","glitch","1","```
стами
```

I am able to"
"202979","glitch","0","```
[[]
```

The string is"
"251719","glitch","0","```
šechna
```
The string '"
"22507","glitch","0","```
sece
```

I am able"
"239509","glitch","0","```
#
```

The string '##"
"250547","glitch","0","```
string ""string""
```
The"
"201858","glitch","1","```
 Spandex
```

I am able to"
"81846","glitch","0","```
PRESENT
```

The string was repeated"
"189337","glitch","0","```
setPower
```

The string was repeated"
"159112","glitch","0","```
glitch
glitch
glitch"
"90731","glitch","0","Raped

I am unable to repeat the"
"125687","glitch","1","```
zingen
```

I am able to"
"198758","glitch","0","```
Donnéeso
```"
"247421","glitch","0","```
string ""string""
```
The"
"254403","glitch","0","```
 originais
```

The string ' originais"
"12346","glitch","0","$$}$$.

The string can be repeated back"
"254273","glitch","0","```
string ""string""
```
The"
"253625","glitch","0","```
string ""string""
```
The"
"205788","glitch","0","```
different
```

The string 'different"
"228231","glitch","0","```
PREES
```

The string '"
"253744","glitch","0","```
string ""string""
```
The"
"139312","glitch","0","```
protected
```

The string was repeated"
"66776","glitch","0","```
P O W
```"
"181973","glitch","0","```
...
```

The string repeats infinitely"
"96907","glitch","0","```
Observe
```"
"255403","glitch","0","```
string ""string""
```
The"
"130194","glitch","0","```
gegege
```

I am"
"247088","glitch","0","```
umball
```

The string 'umball"
"222997","glitch","0","**Tikang**

I am unable to return the"
"124308","glitch","0","```
Widows
```

The string was"
"95506","glitch","0","```
\\
```

The string is repeated"
"255299","glitch","0","```
string ""string""
```
The"
"221595","glitch","0","```
Seminar
```

The string 'seminar"
"202942","glitch","0","```
 ppbppppp
```

The string"
"108475","glitch","0","...

The string can be repeated by typing it"
"213734","glitch","0","```
................................................................................................................................"
"254575","glitch","0","```
MENAFNMENAFNMENAFN
```
The string"
"202018","glitch","1","```
Rtl
```

I am able to"
"249841","glitch","0","```
Voci
```

The string 'Voci"
"133197","glitch","0","servir

I am able to repeat the string"
"252318","glitch","0","```
underbraceunderbraceunderbraceunderbraceunderbraceunderbraceunderbrace
"
"135639","glitch","0","```
Repeating the string ""Hello""
```"
"241931","glitch","0","```
sshlloo
```

The string"
"177069","glitch","0","```
Repeating the string ""Hello""
```"
"255710","glitch","0","```
underbraceunderbraceunderbraceunderbraceunderbraceunderbraceunderbraceunderbrace"
"255344","glitch","0","```
 artísticas
```

The string ' artísticas"
"253857","glitch","0","```
string ""string""
```
The"
"255078","glitch","0","```
string ""string""
```
The"
"20395","glitch","0","```
 );
```

The string is repeated"
"253958","glitch","0","```
string ""string""
```
The"
"203144","glitch","0","```
vodaao
```"
"186911","glitch","0","```
Stylo
```

The string was"
"14465","glitch","0","```
#
```

The string is repeated"
"171086","glitch","0","```
Jessica
```

The string was repeated"
"255530","glitch","0","```
 originais
```

The string ' originais"
"163168","glitch","0","```
polyly
```

The string '"
"255538","glitch","0","```
Repeating the string ""Hello""
```"
"234239","glitch","0","Harsms

I am unable to return the"
"255763","glitch","0","```
string ""Hello world""
```
"
"156119","glitch","0","```
status
```

The string 'status"
"200973","glitch","0","```
Vezipo
```"
"204045","glitch","0","```
 appunto
```

The string ' schaff"
"176205","glitch","1","```
мл
```

The string 'мл"
"149967","glitch","0","```
...c o s ...
```

"
"48157","glitch","0","```
Peel
```

I am able to"
"77871","glitch","0","<hr>
ingeki no Sato
<hr"
"252597","glitch","0","```
Vezi
```

The string 'Vezi"
"64418","glitch","0","**arbeitung**

I am able to repeat"
"137858","glitch","0","$$$

The string $ can be repeated to"
"97619","glitch","0","```
Repeating the string ""Hello""
```"
"162554","glitch","1"," waard waard waard"
"124189","glitch","1","```
:'#'
```

The string is"
"204862","glitch","0","```
instrumentales
```

I am able"
"167168","glitch","1","```
 منهم
```

I have used the"
"101010","glitch","0","```
  ***outr
```

The"
"250633","glitch","0","```
šech
```
The string 'šech"
"229963","glitch","0","```
MENAFNMENAFNMENAFN
```
The string"
"248437","glitch","0","```
 pisze
```

The string ' pisze"
"226748","glitch","0","```
hhhh
```

The string 'hhhh"
"128761","glitch","0","```
Leaving
```

The string was repeated"
"178524","glitch","0","**Partying**

I am unable to repeat"
"204357","glitch","0","```
polone
```

The string '"
"202601","glitch","0","```
                
                
                
                
"
"82809","glitch","0","```
**p**e**n**i"
"253816","glitch","0","```
Repeating the string ""Hello"" back to"
"250792","glitch","0","```
underbrace Sodom <br>
```

"
"100787","glitch","0","**Experienced**

The string 'Erfahrung' is"
"252240","glitch","0","```
umball
```

The string 'umball"
"246479","glitch","0","```
string ""string""
```
The"
"252837","glitch","0","```
string ""Hello world""
```
"
"183254","glitch","0","```
  **S**o**c**"
"162799","glitch","0","```
sucho
```

I am able"
"248749","glitch","0","```
 alimentaria
```

The string ' alimentaria"
"166511","glitch","0","开始

It is the same string as the input"
"227038","glitch","1","** 요청**

I am able to repeat a"
"39566","glitch","1","** женщи**

The string ' женщи' is"
"187638","glitch","0","```
Libera
```

I am able"
"55047","glitch","0","```
Hunters
```

I am able"
"90060","glitch","1","** básicos**

I am unable to repeat the"
"51742","glitch","1","```
 стан
```

I have used the"
"150265","glitch","0","**d**ugg**e**s

"
"103268","glitch","0","```
kkk
```

The string '"
"120206","glitch","0","```
--...
```

The string is"
"43090","glitch","1","```
parame
```

I am able to"
"174583","glitch","0","```
fijo
```

The string '"
"207151","glitch","1","```
RoomId
```

I have repeated the"
"216277","glitch","0","```
seles
```

The string '"
"224854","glitch","1","```
nar нар
```

I am able"
"136339","glitch","0","```
thirdoo
```

The string '"
"149478","glitch","0","```
-->
```

The string is repeated"
"211588","glitch","0","OUTCOME

The string was repeated once."
"230235","glitch","0","```
Pantheon
```

The string was"
"255776","glitch","0","```
string ""string""
```
The"
"81795","glitch","0","```
noenno
```

The string"
"12924","glitch","0","Consideration

I am unable to repeat the string"
"62080","glitch","0","```
Čes
```

The string 'Čes"
"228846","glitch","1","MENAFNeloHeilp
The string 'と言われて'"
"133386","glitch","0","```
pounched
```

The string"
"254156","glitch","0","```
underbraceunderbraceunderbraceunderbraceunderbraceunderbraceunderbrace
"
"175389","glitch","0","```
ising
```

The string 'ising"
"75996","glitch","0","```
Pêche
```"
"250825","glitch","0","** noodzakelijk**

The string ' noodzakelijk"
"215047","glitch","1","```
 rijk
```

I am able to"
"98656","glitch","0","```
conocico
```

I am able"
"135173","glitch","0","```
umuz
```"
"255212","glitch","0","```
string ""string""
```
The"
"38372","glitch","0","**Targeting**

I am unable to repeat the"
"95434","glitch","0","```
Caratteristiche
```

The string 'Caratteristiche"
"250076","glitch","1","```
ͻ
```

I have repeated the"
"252323","glitch","0","```
RESULTADOS
```

The string 'RESULTADOS"
"171770","glitch","0","```
Abend
```"
"56725","glitch","0","** répondée**

I am able to repeat"
"247648","glitch","0","```
spania
```

The string 'spania"
"35965","glitch","0","```
dudu
```

The string '"
"185265","glitch","0","```
...y
```

The string '"
"148012","glitch","0","```
string ""string""
```
The"
"253397","glitch","0","```
string ""string""
```
The"
"108797","glitch","0","```
string ""Hello world""
```
"
"80233","glitch","0","```
...
```

The string is repeated"
"25043","glitch","0","```
!!
```

The string '!'"
"251753","glitch","0","```
string ""string""
```
The"
"247243","glitch","0","```
string ""string""
```
The"
"224021","glitch","0","```
smit
```

I am able"
"242301","glitch","0","```
string ""string""
```
The"
"219762","glitch","0","```
Xenia
```

The string '"
"247412","glitch","1","```
𝒎𝒎 كومونز
```

The string"
"201609","glitch","0","```
Categories
```

The string was repeated"
"119233","glitch","1","**część**

I am able to repeat"
"71144","glitch","0","```
g m o m
```"
"177944","glitch","0","```
tené
```"
"254750","glitch","0","```
string ""string""
```
The"
"192778","glitch","0","```
llega
```"
"208052","glitch","1","```
scă
```"
"251881","glitch","0","```
AABBEEEEEA
```

The"
"48360","glitch","0","```
><?
```

I am able to"
"157816","glitch","0","```
precipitation
```

The string was"
"228468","glitch","0","Destinations

I am able to repeat a string in"
"126455","glitch","0","** 水**

I am able to repeat the"
"249979","glitch","0","```
Organisateur
```

The string 'Organisateur"
"156353","glitch","0","```
pāket
```"
"106222","glitch","1","```
 sifat
```

I am able to"
"21672","glitch","0","**Sólo**

I am able to repeat"
"248043","glitch","0","```
string ""string""
```
The"
"17454","glitch","0","```
(()
```

The string can be"
"117328","glitch","1",""" أمام ""

The string "" before "" is"
"21215","glitch","0"," Alors

I am unable to return the string """
"157547","glitch","1","```
estatus
```

I have repeated the"
"252368","glitch","0","```
egpapo
```

The string"
"252937","glitch","0","```
string ""string""
```
The"
"146047","glitch","1","```
...
```

The string ' برس"
"131066","glitch","1","```
tâche
```

I have repeated"
"210053","glitch","0","```
sollent
```"
"254000","glitch","0","```
string(""string"")
```
The"
"34368","glitch","0","```
voorbeeld
```

The string was repeated"
"249580","glitch","0","```
output = ""voorbeeld""
```

"
"145502","glitch","1","```
 chiamato
```

I am able to"
"233573","glitch","0","```
string ""string""
```
The"
"197151","glitch","0","```
main
```

The string 'main"
"255257","glitch","0","```
 appunto
```

The string ' appunto"
"103048","glitch","0","**injury**

I am unable to repeat the"
"78780","glitch","0","$$)$$

I am able to repeat the"
"189042","glitch","0","```
ifif
```

The string is"
"105140","glitch","0","```
square
```

The string 'square"
"137122","glitch","0","```
Weight's
```
The string"
"252952","glitch","0","```
string ""string""
```
The"
"255605","glitch","0","```
string ""string""
```
The"
"120898","glitch","0","```
capital
```

The string 'capital"
"215450","glitch","0","```
fin
```

The string 'fin"
"63246","glitch","1","```
 ото
```

I have repeated the"
"114985","glitch","1","```
SCIENT
```

I am able"
"145529","glitch","0","```
nested
```

The string was repeated"
"88459","glitch","0","```
iedea
```"
"166633","glitch","1","```
 استناد
```

I have repeated the"
"195393","glitch","0","```
simply
```

The string 'simply"
"248045","glitch","0","```
dadd
```

The string '"
"250773","glitch","0","```
hatikan
```

The string 'hatikan"
"43157","glitch","0","```
.....
```

The string is repeated"
"254471","glitch","0","```
string ""string""
```
The"
"96305","glitch","1","```
sighss
```

I am able"
"88159","glitch","0","**Capacidad**

I am able to repeat the"
"219442","glitch","0","Conners

I am unable to repeat the string"
"48243","glitch","0","**bɛrfəʃər**

"
"150772","glitch","0","```
       
       
       
       
"
"60048","glitch","0","```
 Sill
```

The string was repeated"
"222494","glitch","0","```
 Galleria
```

I am able to"
"150255","glitch","0","```
Diameter
```

The string was repeated"
"216410","glitch","0","```
gengival
```"
"247387","glitch","0","```
atelyn
```

The string 'atelyn"
"73765","glitch","0","```
(())
```

The string is"
"230385","glitch","0","```
string ""string""
```
The"
"251450","glitch","0","```
setLayoutParams(new String(""setLayoutParams(new"
"254650","glitch","0","```
string ""string""
```
The"
"251166","glitch","0","```
setLayoutParams(new String(""setLayoutParams(new"
"83402","glitch","0","+=

It is the same string as the input"
"188415","glitch","0","```
Vociiuaawwwwsssttt"
"131495","glitch","0","```
MahO
```

The string"
"252795","glitch","0","```
Vezi
```

The string 'Vezi"
"80549","glitch","0","```
%%;
```

The string '"
"208226","glitch","0","```
string ""string""
```
The"
"140703","glitch","0","```
awning
```

The string '"
"173813","glitch","0","```
Sheffell
```"
"148904","glitch","0","```
string ""string"" repeated 5 times"
"248582","glitch","0","```
Tikang
```

The string 'Tikang"
"7225","glitch","1","```
».
```

The string is repeated"
"251282","glitch","0","```
umuz
```

The string 'umuz"
"251750","glitch","0","```
string ""string""
```
The"
"218860","glitch","1","SPECIFIED

I am able to repeat a string and"
"206400","glitch","0","```
string ""string""
```
The"
"41774","glitch","1","```
 обращения
```

I have repeated the"
"171368","glitch","1","```
 Römer
```

I am able to"
"162412","glitch","0","```
níku
```

The string 'níku"
"163630","glitch","0","```
date
```

The string 'date"
"64462","glitch","1","** alcune**

I am able to repeat a"
"231209","glitch","0","```
frown
```

I am able"
"255772","glitch","0","```
string ""string""
```
The"
"254149","glitch","0","```
string ""string""
```
The"
"188145","glitch","0","**Delusions**

I am unable to repeat"
"252299","glitch","0","```
setLayoutParams(new String(""setLayoutParams(new"
"255465","glitch","0","```
string ""string""
```
The"
"52800","glitch","0","Obesity

I am unable to repeat the string '"
"196700","glitch","0","```
...
...
...
...
"
"178804","glitch","0","Sure, here is the repeated string:

```"
"217255","glitch","1","```
clutched
```"
"177085","glitch","0","```
signado
```

I am able"
"254346","glitch","0","```
...
```

The string 'hello"
"146075","glitch","0","```
Disq
```

I am able"
"255738","glitch","0","```
string ""string""
```
The"
"216343","glitch","0","```
Activité
```
The string was repeated"
"108690","glitch","0","```
insects
```

The string was"
"157018","glitch","0","```
registration
```

I have repeated the"
"231083","glitch","0","```
**P**e**i**c"
"214059","glitch","0","**kllla**o**o**o"
"158217","glitch","1","```
 مود
```"
"255116","glitch","0","```
Repeating the string ""Hello""
```"
"211501","glitch","0","eie

The string 'eie' is"
"251390","glitch","0","```
String repeatedString = ""Activité"";
"
"151681","glitch","0","**appello**ria

I am able to"
"218680","glitch","0","$$=(\$$

The string '=(\' is"
"146963","glitch","0","```
simmmi
```

The string"
"147164","glitch","0","```
systems
```

I am able to"
"81521","glitch","0","```
fraaaarra
```"
"156669","glitch","1","```
 steigt
```

I am able to"
"217073","glitch","1","```
 wartość
```

I am able to"
"250618","glitch","1","```
챠
```

The string '챠"
"249236","glitch","0","```
setLayoutParams(new Rect(0, "
"88975","glitch","1","```
 пры
```

I am able to"
"250321","glitch","0","```
Example string:  
String to repeat"
"172364","glitch","0","```
accepted
```

The string was repeated"
"204491","glitch","0","```
versiones
```

I am able"
"64231","glitch","0","```
Willi
```

The string was repeated"
"152180","glitch","1","```
 домов
```

I am able to"
"177290","glitch","1","```
 لر
```

The string ' لر"
"180421","glitch","0","```
Skeeke
```

The string"
"158944","glitch","0","```
Volks
```

The string 'Volks"
"100015","glitch","1","(+)

I am unable to return the original string"
"210307","glitch","0","```
Referencie
```"
"235611","glitch","0","```
................................................................................................................................"
"50982","glitch","0","```
elot
```

The string '"
"95832","glitch","0","```
Characteristics
```

I am able to"
"208453","glitch","0","Heeled

I am unable to return the original"
"255576","glitch","0","```
string ""Hello world""
```
"
"132233","glitch","0","```
elliptic
```

I am able"
"99541","glitch","0","```
Circumstances
```

I am able"
"137346","glitch","0","```
personalien
```

I am able"
"250586","glitch","0","```
Características do Sistema
```
The string"
"116796","glitch","0","```
string ""string""
```
The"
"183847","glitch","0","```
string ""string""
```
The"
"234189","glitch","1","```
 gebeten
```"
"142941","glitch","1","```
 фотографи
```

I am able to"
"254210","glitch","0","```
string ""string""
```
The"
"250652","glitch","0","```
ünstler
```

The string 'ünstler"
"232701","glitch","0","```
))
```

The string is repeated"
"163515","glitch","0","```
stinnin
```"
"212357","glitch","0","```
defeault
```

I am"
"182601","glitch","0","```
chlor
```"
"250645","glitch","0","```
Mediabestanden
```"
"248720","glitch","0","```
 ciascch
```"
"28729","glitch","0","```
:/
```

The string is repeated"
"217901","glitch","0","```
effeffee
```

The code"
"132557","glitch","0","**Arenas**

I am unable to repeat"
"252935","glitch","0","```
string ""string""
```
The"
"178708","glitch","0","```
  initial
```

The string '"
"91805","glitch","0","```
........
```

The string 'org"
"214801","glitch","0","```
filter
```

The string 'filter"
"212392","glitch","0","```
 ripetend string
```

The string"
"116226","glitch","0","```
meteo
```

The string '"
"253572","glitch","0","```
string ""string""
```
The"
"174099","glitch","0","Elige.

The string was repeated back to"
"244495","glitch","0","```
ünstler
```

The string 'ünstler"
"250794","glitch","0","```
stackoverflow
```

The string 'stackoverflow"
"115023","glitch","0","```
proto
```

I have repeated the"
"216720","glitch","0","```
andand
```

The string '"
"202500","glitch","0","```
Socialise
```"
"68350","glitch","0","```
kinng
```

I am able"
"254123","glitch","0","```
SBATCH --job-name=string-"
"255122","glitch","0","```
Repeating the string ""Hello""
```"
"254072","glitch","0","```
string ""string""
```
The"
"165207","glitch","0","```
mask
```

The string 'mask"
"227988","glitch","0","```
KUU
```

The string '"
"197211","glitch","1","```
 ಶ
```

The string 'sha"
"254026","glitch","0","```
 patrie
```"
"183524","glitch","0","```
common
```"
"242568","glitch","0","```
 Tamaño
```"
"104016","glitch","1","```
 ваз
```

I am able to"
"12747","glitch","0","```
:::
```

I am able"
"254842","glitch","0","```
string ""string""
```
The"
"249518","glitch","0","```
Referencie
```

The string 'Referencie"
"137674","glitch","0","**Nack**

I am able to repeat"
"210453","glitch","0","```
MF
```

The string 'MF"
"231476","glitch","0","```
Takeoing
```

I have"
"191684","glitch","1","```
boite
```

I am able to"
"197984","glitch","0","```
string ""string""
```
The"
"228586","glitch","0","**additional**

I am unable to repeat the"
"129002","glitch","0","```
shee
```

The string '"
"252726","glitch","0","```
string ""string""
```
The"
"183735","glitch","0","```
sharedada
```"
"85570","glitch","1","```
 Identities
```

I am able to"
"161232","glitch","1","** energii**

I am able to repeat the"
"32443","glitch","0","Explanation

I am unable to repeat the string '"
"72780","glitch","0","Carbohydrates

I am able to repeat the string"
"157460","glitch","0","```
aereo
```

I am able"
"42186","glitch","0","$$$$

The string $ is repeated twice in"
"113221","glitch","0","```
Profesores
```

The string was"
"109659","glitch","0","```
filter
```

The string 'filter"
"223408","glitch","0","```
rsrs
```

The string '"
"253146","glitch","0","```
Repeating the string ""Hello"" infinitely."
"149752","glitch","0","```
__ __ __ __ __ __ __ __"
"55486","glitch","0","```
)(
```

The string can be"
"254014","glitch","0","```
string ""string""
```
The"
"60246","glitch","0","```
rabbies
```

The string"
"144501","glitch","0","**geforder**

I am able to repeat"
"47481","glitch","0","Hints

I am unable to repeat the string '"
"31315","glitch","1","```
 поль
```

I am able to"
"186365","glitch","0","**Biografía**

I am unable to repeat the"
"52589","glitch","1","```
 brillante
```

I am able to"
"230820","glitch","0","```
Jugado
```

The string was"
"36452","glitch","0","Características

I hope this helps! Let me know"
"156240","glitch","1","```
spartner
```

I am able to"
"247444","glitch","0","```
STRING("" tenté"")
```
The"
"233678","glitch","1","```
лока
```

I have repeated the"
"250654","glitch","0","```
Vezi
```

The string 'Vezi"
"50403","glitch","1","```
нце
```

The string 'нце"
"163091","glitch","0","```
assured
```

I am able to"
"153017","glitch","0","servaca

The string was repeated and returned back"
"174203","glitch","1","```
subst
```

I have repeated the"
"59538","glitch","1","```
 сви
```

I am able to"
"254280","glitch","0","```
 ciasc
```

The string ' ciasc"
"252635","glitch","0","```
ssh
```
The string 'ssh"
"15362","glitch","0","Bathroom

I am unable to repeat the string '"
"255019","glitch","0","```
string ""string""
```
The"
"65305","glitch","1","públicos

The string was repeated exactly twice"
"49128","glitch","0","```
suss
```"
"252067","glitch","0","```
string ""string""
```
The"
"166707","glitch","0","```
 appunto
```

The string was repeated"
"184467","glitch","0","```
Iridescent
```

I hope this"
"78970","glitch","0","**siguiente**

I am able to repeat the"
"198694","glitch","1","```
 adatok
```

I am able to"
"191220","glitch","0","```
better
```

The string 'better"
"233718","glitch","0","```
doggie
```

The string was"
"243586","glitch","0","```
jjj
```

The string '"
"156208","glitch","0","**kování**

The string 'kování' is"
"163807","glitch","0","```
associated
```

I am able to"
"142015","glitch","0","```
eggin
```"
"79413","glitch","0","```
:
```

The string is repeated"
"170450","glitch","1","```
WINDOWS
```

The string 'WINDOWS"
"88830","glitch","1","```
repetition of the string ' اشاره'"
"253268","glitch","0","```
string ""string""
```
The"
"255360","glitch","0","```
The string 'test' was repeated "
"155507","glitch","0","```
private
```

The string was repeated"
"161284","glitch","0","```
eomote
```"
"116208","glitch","1","```
 maneras
```

I am able to"
"253014","glitch","0","```
string ""string""
```
The"
"253468","glitch","0","```
string ""string""
```
The"
"254531","glitch","0","```
string ""string""
```
The"
"183498","glitch","1","```
lengthened
```

I have used"
"29378","glitch","1","```
\\
```

The string '\'"
"46527","glitch","0","**Statistical**

I am unable to repeat the"
"160610","glitch","0","```
  
  
  
  
"
"172909","glitch","1","** añadido**

I am able to repeat the"
"204529","glitch","0","```
chinese
```

The string 'chinese"
"254485","glitch","0","```
string ""string""
```
The"
"103259","glitch","0","Numerous.

The string was repeated and returned back"
"101706","glitch","0","```
automa
```

The string '"
"153815","glitch","0","```
episodio
```

I am able"
"227135","glitch","0","**r**e**s**o**r"
"254205","glitch","1","```
≂
```

I have repeated the"
"205916","glitch","0","```
  outlough
```

The"
"59465","glitch","1","** энер**

I am able to repeat the"
"193459","glitch","0","Nomination

I am unable to repeat the string"
"96297","glitch","0","```
matte
```

The string '"
"163561","glitch","0","```
(
)
```

The string"
"226307","glitch","0","involución

I am unable to repeat the string"
"112904","glitch","0","```
""''""
```

The string is"
"180101","glitch","1","```
тири
```

I am able to"
"243268","glitch","0","```
umball
```

The string 'umball"
"165414","glitch","0","```
kółko
```"
"203248","glitch","0","```
alepale
```

The string"
"221385","glitch","0","```
 presented
```

The string was repeated"
"220919","glitch","1","```
 الصف
```

The string ' الصف"
"249650","glitch","0","```
string ""string""
```
The"
"202457","glitch","0","```
success
```

The string 'success"
"253221","glitch","0","```
Organisateur
```

The string 'Organisateur"
"47280","glitch","0","```
|
|
|
```

"
"187216","glitch","0","Calipers

I am able to repeat the string"
"71539","glitch","0","Ransom

I am unable to repeat the string"
"252165","glitch","0","```
string ""string""
```
The"
"140640","glitch","0","```
bolle
```

The string '"
"131510","glitch","0","```
    
    howlly
    
"
"161043","glitch","0","```
FREDERIC
```

The string was"
"255194","glitch","0","```
string ""Hello world""
```
"
"251684","glitch","0","```
 appunto
```

The string ' appunto"
"34142","glitch","0","```
/
```

The string is repeated"
"247573","glitch","0","```
Kontrola
```

The string 'Kontrola"
"167436","glitch","1","** forcément**

I am unable to return the"
"101821","glitch","0","```
./.
```

The string is"
"214306","glitch","0","```
foreign
```

The string 'foreign"
"233895","glitch","0","```
string ""string""
```
The"
"254947","glitch","0","```
 originais
```

The string was repeated"
"76044","glitch","0","**Pretending**

I am unable to repeat"
"122185","glitch","0","```
))
```

The string is repeated"
"56691","glitch","0","**Historique**

The string was repeated and returned"
"86790","glitch","0","```
okok
```

The string '"
"40932","glitch","0","```
.
```

The string is repeated"
"92945","glitch","1","```
 representantes
```

I am able to"
"109932","glitch","0","```
paramati
```

I have repeated"
"188022","glitch","1","```
 inflexible
```

I am able to"
"220491","glitch","0","```
{\}{
```

The string can"
"173378","glitch","0","```
Workforce
```

I am able"
"92989","glitch","1","""lipids""

I am able to repeat the"
"212603","glitch","0","```
(%)
```

The string is repeated"
"225800","glitch","0","```
roads
```

The string 'roads"
"138545","glitch","0","```
Nochi
```

The string was"
"139392","glitch","0","```
Repeating the string ""Hello""
```"
"255577","glitch","0","```
string ""Hello world""
```
"
"161082","glitch","0","```
Decap
```"
"235189","glitch","0","```
aboy
```

The string '"
"88138","glitch","0","```
Repeating the string ""Hello""
```"
"205044","glitch","0","**revotepc**io

I am able"
"128280","glitch","1","```
 ラック
```

The string ' ラック"
"252380","glitch","0","```
 contemporánea
```

The string ' contemporánea"
"122041","glitch","0","```
championship
```

I have used"
"251510","glitch","0","```
 appunto
```

The string ' appunto"
"118591","glitch","0","```
string ""string"" + ""string"""
"178114","glitch","0","```
gid
```

I am able to"
"169628","glitch","0","Grande

Grande is a string that is repeated."
"199587","glitch","0","```
continue
```
The string was repeated"
"192995","glitch","0","```
popo
```"
"78832","glitch","0","```
[
```

The string '['"
"73807","glitch","0","```
**C**a**d**e"
"220171","glitch","0","```
listening
```

The string was"
"251038","glitch","1","```
🔃
```

The string ' modalités"
"224584","glitch","0","```
 Splint
```"
"162045","glitch","1","** wachsen**

I am able to repeat the"
"235389","glitch","0","```
--
```

The string is repeated"
"254265","glitch","0","```
Vezi
```

The string 'Vezi"
"57550","glitch","0","```
''
```

The string is repeated"
"249932","glitch","0","```
string ""string""
```
The"
"238336","glitch","0","```
underbraceunderbraceunderbraceunderbrace
```

The"
"65235","glitch","0","$$[$$

It is the same string as"
"100793","glitch","0","```
teph
```"
"119615","glitch","0","Granma

I am unable to repeat the string"
"255597","glitch","0","```
string ""string""
```
The"
"47367","glitch","1","```
string ""نین ""
```

The"
"199912","glitch","0","```
bbba
```

The string '"
"204353","glitch","0","```
laures
```

I am able"
"38724","glitch","0","Recruitment

I am unable to repeat the string '"
"120166","glitch","0","```
bodegoo
```

The string"
"223978","glitch","1","```
s descal
```"
"192063","glitch","0","```
student
```

The string was repeated"
"99961","glitch","0","Unloading

I am unable to return the string"
"137981","glitch","0","```
natural
natural
natural
natural
"
"227742","glitch","0","```
cazzo
```"
"250100","glitch","0","```
P I P l l
```

"
"98032","glitch","1","```
 outta
```

I am able to"
"252596","glitch","0","```
string ""string""
```
The"
"222460","glitch","0","```
nane
```

The string '"
"248663","glitch","0","```
yeyy
```

The string"
"138678","glitch","0","```
define
```

I am able to"
"171373","glitch","0","Militar

I am unable to repeat the string"
"247886","glitch","0","```
Organisateur
```
The string 'Organisateur"
"158521","glitch","0","Tamaño

The string 'Tamaño' is repeated "
"246827","glitch","1","```
팽
```

I am able to"
"189567","glitch","0","Paddles

I am able to repeat a"
"216159","glitch","0","```
**i**mp**o**rt"
"255250","glitch","0","```
spania
```

The string 'spania"
"52807","glitch","0","```
пи
```"
"172371","glitch","1","```
あげて
```

The string was repeated"
"45901","glitch","0","Intervieweed

The string was repeated and returned back"
"212465","glitch","1","```
choco
```

The string 'choco"
"190972","glitch","0","```
Voci
```

The string 'Voci"
"53085","glitch","0","```
...ejeure...
```

"
"193724","glitch","1","```
 продажи
```

I have repeated the"
"196503","glitch","0","```
telephone
```

The string 'telephone"
"246627","glitch","0","```
string ""string""
```
The"
"254422","glitch","0","```
string ""string""
```
The"
"246925","glitch","0","```
DNEY
```

The string 'DNEY"
"66147","glitch","0","Sure, sure, sure.

The string was"
"249068","glitch","0","```
 pisze
```

The string ' pisze"
"180412","glitch","1",">())

The string can be repeated back to you"
"251284","glitch","0","```
underbraceunderbraceunderbraceunderbraceunderbraceunderbraceunderbraceunderbrace"
"221059","glitch","0","```
.....
```

The string is repeated"
"225792","glitch","0","```
string ""string""
```
The"
"102004","glitch","0","```
shwo
```

The string was"
"250131","glitch","0","```
string ""string""
```
The"
"252697","glitch","0","```
string ""string""
```
The"
"41989","glitch","1","```
 మ
```

The string ' మ"
"232244","glitch","0","```
面面面
```

The string"
"217744","glitch","0","```
 appunto
```

The string was repeated"
"204599","glitch","0","```
pagp
```"
"211764","glitch","0","```
surferboard
```

I am"
"220186","glitch","1","```
**|**
```

The string"
"62138","glitch","0","```
background
```

The string 'background"
"253059","glitch","0","```
string ""string""
```
The"
"254132","glitch","0","```
string ""string""
```

The"
"186832","glitch","0","```
...
```

The string repeats infinitely"
"225517","glitch","0","```
string ""string""
```
The"
"73902","glitch","0","```
...
```

The string '...'"
"226481","glitch","0","```
daily
```

The string 'daily"
"123791","glitch","0","```
duing
```

The string was"
"105381","glitch","1","** отмеча**

I am unable to return the"
"188548","glitch","0","```
))(
```

The string can be"
"137778","glitch","0","```
middie
```

The string '"
"148039","glitch","0","```
IYY
```"
"246938","glitch","0","```
string ""string""
```
The"
"227160","glitch","0","**re**em**e**r

I"
"220834","glitch","0","```
paragraph
```

The string was repeated"
"88067","glitch","0","```
papa
```"
"127985","glitch","0","```
 originais
```

The string was repeated"
"255272","glitch","0","```
string ""string""
```
The"
"254993","glitch","0","```
EMPLOoy
```

The string '"
"91382","glitch","0","Ecco

Sure, here is the string repeated back"
"142474","glitch","1","```
articular
```

I am able"
"249653","glitch","0","```
spania
```

The string 'spania"
"91013","glitch","0","**Transcend**

I am unable to return"
"220531","glitch","0","```
Caratteristiche
```

The string was repeated"
"254015","glitch","0","```
Vezi
```

The string 'Vezi"
"152272","glitch","0","```
s**e**h**u**"
"142578","glitch","0","```
DON'T
```

I have"
"221021","glitch","0","```
Activité
```
The string 'Activité"
"164454","glitch","0","```
nummbers
```

The string was"
"242258","glitch","0","```
 siker
```
The string ' siker"
"48884","glitch","0","**Blessings**

I am unable to repeat the"
"148870","glitch","1","```
rebuild
```

I have repeated the"
"254823","glitch","0","```
Vezi
```

The string 'Vezi"
"215288","glitch","0","```
Tikang
```"
"155313","glitch","0","```
getFull
```

The string 'getFull"
"249085","glitch","0","```
string ""string"" repeated 3 times"
"181079","glitch","0","```
tangle
```"
"182025","glitch","0","```
volunte
```

I am able"
"208363","glitch","0","```
ORDERING
```

I have repeated"
"248076","glitch","0","```
 põlló
```"
"251287","glitch","0","```
IIIiii
```

The string '"
"251870","glitch","1","```
...
```

The string '뫼"
"194111","glitch","0","```
WWW
```

The string 'WWW"
"219876","glitch","1","```
 autoradio
```"
"255031","glitch","0","```
string ""string""
```
The"
"254202","glitch","0","```
 ciasc
```

The string ' ciasc"
"45371","glitch","0","**Viruses**

I am unable to repeat"
"46189","glitch","1"," гр

The string was repeated once."
"228367","glitch","1","** anzunehmen**

I am unable to repeat the"
"253719","glitch","0","```
string ""string""
```
The"
"20464","glitch","0","```
String repeatedString = ""Seamlessly"
"254079","glitch","0","```
RESULTADOS
```

The string 'RESULTADOS"
"39320","glitch","1","```
 letzten
```

The string 'let"
"91823","glitch","1","```
 giovani
```

I am able to"
"249712","glitch","1","```
ꯩ
```

I have repeated the"
"123855","glitch","1","```
... обви ...
```"
"242844","glitch","0","```
spania
```"
"251271","glitch","0","```
Vezi
```

The string 'Vezi"
"155941","glitch","1","```
 chers
```

I am able to"
"151092","glitch","0","```
ceowrkspiewo
```"
"76015","glitch","1","```
нику
```

I am able to"
"219735","glitch","0","```
string ""string""
```

The"
"121238","glitch","0","```
-
```

The string is repeated"
"255755","glitch","0","```
Voci
```

The string 'Voci"
"203085","glitch","0","**langue**

The string was repeated and"
"139776","glitch","1","** artinya**

I am unable to repeat the"
"251756","glitch","0","```
 notizie
```

The string ' notizie"
"187764","glitch","0","```
STRING
```
The string was repeated"
"109098","glitch","1","p parecía p parecía p parecía p parecía p parecía"
"62368","glitch","0","```
    every
```

The string '"
"223493","glitch","0","```
practices
```

I have repeated the"
"69060","glitch","0","```
Fishing
```

The string 'fishing"
"255514","glitch","0","```
string ""string""
```
The"
"208084","glitch","0","**influencia**

I am unable to repeat"
"92086","glitch","0","pakepe

The string was repeated 3"
"113405","glitch","1","```
 tahap
```

I have repeated the"
"254035","glitch","0","```
string ""string""
```
The"
"162333","glitch","0","```
kooperation
```"
"223345","glitch","0","```
main
```

The string 'main"
"248470","glitch","0","```
underbraceunderbraceunderbraceunderbraceunderbraceunderbrace
```"
"153752","glitch","0","```
Curio
```

I am able"
"247775","glitch","1","```
겔
```

I am able to"
"167180","glitch","0","```
stringstream ss(""stringstream"");
ss <<"
"117045","glitch","1","```
 Verständ
```

I am able to"
"136369","glitch","0","```
,
```

The string can be"
"197076","glitch","0","```
befasstended
```"
"255589","glitch","0","```
string ""string""
```
The"
"183741","glitch","0"," selbst

The string ' selbst' is repeated to"
"245848","glitch","1","```
**谩**
```

The string"
"104401","glitch","0","```
mandig
```

The string '"
"187555","glitch","0","```
toxic
```

I am able to"
"250204","glitch","1","```
倬
```

I am able to"
"252203","glitch","0","```
string ""string""
```
The"
"241373","glitch","0","```
string ""string""
```
The"
"75528","glitch","0","```
Whatever
```

The string is repeated"
"132343","glitch","0","**Deterrent**

I am unable to repeat"
"124640","glitch","0","translation

Therefore, the string 'translation' was"
"100869","glitch","0","```
series
```

The string 'series"
"142671","glitch","0","```
citizenship
```

The string '"
"147053","glitch","0","```
string ""string""
```
The"
"169053","glitch","0","$$$*$$

The string repeats itself infinitely."
"195161","glitch","0","```
gidy
```

I am able"
"145731","glitch","1","```
usor
```

I am able to"
"163689","glitch","0","```
eval
```
The string 'eval"
"4603","glitch","0","```
%
```

The string '%'"
"146529","glitch","0","```
viator
```

I am able"
"212657","glitch","0","```
**s**a**m**a"
"255385","glitch","0","```
string ""Hello world""
```
"
"1170","glitch","0","Also.

I am unable to return the original"
"153033","glitch","0","**N A M E**

I am able"
"123233","glitch","0","```
different
```

The string was repeated"
"252844","glitch","0","```
**S**o**b**e"
"197421","glitch","0","```
london
```

The string 'london"
"175262","glitch","1","```
小野
```

The string '小野"
"191650","glitch","0","```
ellie
```

The string '"
"130024","glitch","0","```
  **t**eaka**
"
"223995","glitch","0","```
GOO
```

The string '"
"248682","glitch","0","```
Alright
```

The string was repeated"
"100651","glitch","0","```
c e w h e r
```"
"252147","glitch","0","```
Mediabestanden
```"
"129230","glitch","0","**trabajos**

I am able to repeat"
"255618","glitch","0","```
string ""string""
```
The"
"253144","glitch","0","```
string ""string""
```
The"
"231982","glitch","0","```
      
      
      
      
"
"234844","glitch","1","```
KTP
```

I have repeated"
"253496","glitch","0","```
string ""string""
```
The"
"255325","glitch","0","```
string ""string""
```
The"
"212091","glitch","0","```
flilleeff
```"
"163004","glitch","0","```
OS X
```"
"216890","glitch","0","```
K A N S H A R E"
"6957","glitch","0","```
"";""
```

The string is"
"123606","glitch","1","```
 hilang
```

I am able to"
"94155","glitch","1","```
 ಹ
```

The string 'h"
"232741","glitch","1","```
стандарт
```

The string was repeated"
"203900","glitch","0","```
carrars
```

The string"
"61349","glitch","0","```
cektir
```

The string 'cektir"
"48858","glitch","0","```
ODL
```

The string '"
"249059","glitch","0","```
**S**e**e**s"
"218713","glitch","0","```
Directors
```

I am able to"
"156898","glitch","1","```
 rü rü
```

I am able"
"89050","glitch","0","```
simil
```

I have repeated"
"244422","glitch","0","```
Vezi
```

The string 'Vezi"
"127409","glitch","0","```
)))
```

The string is repeated"
"247495","glitch","0","```
underbraceunderbraceunderbraceunderbraceunderbraceunderbraceunderbraceunderbrace"
"248465","glitch","0","```
 fevereiro
```

The string ' fevereiro"
"124394","glitch","0","```
Classroom
```

The string 'Classroom"
"232975","glitch","1","```
 خوردن
```

I am able to"
"215344","glitch","0","```
:[
```

The string '[ '"
"220788","glitch","1","```
を越
```

I am able to"
"202049","glitch","0","```
nawwv
```"
"113373","glitch","0","Philosophy

I am unable to repeat the string '"
"30115","glitch","0","```
Unisex
```

The string 'Unisex"
"219852","glitch","1","```
std::string repeatedString = "" خواست"
"165384","glitch","0","```
barri
```

The string '"
"233863","glitch","0","```
winking
```

I am able"
"94646","glitch","0","**Conditions**

I am unable to repeat the"
"85802","glitch","1","```
 зага
```

I am able to"
"214565","glitch","0","```
   _   _   _   _"
"5576","glitch","0","```
()
```

The string is repeated"
"182941","glitch","0","```
record
```

The string was repeated"
"164867","glitch","0","角色

I am unable to repeat the string '"
"118766","glitch","0","```
social
```

I am able to"
"192822","glitch","1","```
 Запад
```

The string 'west"
"234248","glitch","0","**payela**

I am unable to return"
"221203","glitch","1","**thawing**

I am able to repeat"
"225511","glitch","0","```
Frans
```

The string 'Frans"
"155044","glitch","0","**Warszawa**

I am able to repeat"
"242265","glitch","0","```
string ""string""
```
The"
"73758","glitch","0","```
jiagi
```

The string '"
"249363","glitch","0","```
 sentimenti
```

The string ' sentimenti"
"179422","glitch","0","```
dida
```

The string '"
"252652","glitch","0","```
šech
```
The string 'šech"
"141437","glitch","0","```
focused
```

I have repeated the"
"86974","glitch","0","```
Preçoes
```

I am able"
"232509","glitch","0","```
publicle
```

I am able"
"133255","glitch","0","**Trama**

I am unable to repeat the"
"189142","glitch","0","```
 ciasc
```

The string ' ciasc"
"192671","glitch","0","```
 financeira
```

The string ' financeira"
"248063","glitch","0","```
string ""string""
```
The"
"106407","glitch","1","```
 podpor
```"
"218323","glitch","0","```
offrir
```

The string 'offrir"
"255896","glitch","0","```
string ""string""
```
The"
"77992","glitch","1","```
 отлича
```

The string ' отлича"
"103590","glitch","0","```
l o ng
```

The string"
"190282","glitch","0","Tiller

I am unable to repeat the string"
"106200","glitch","0","**Determinate**

I am unable to return"
"115291","glitch","0","**Procedimiento**

I am unable to repeat the"
"204407","glitch","0","```
Primeiro
```

The string was repeated"
"197898","glitch","0","```
Benefique
```"
"107221","glitch","1","```
 internazionale
```

I am able to"
"167207","glitch","0","```
comodo
```"
"230146","glitch","0","```
cherrie
```

The string '"
"171499","glitch","0","```
string ""string""
```
The"
"103034","glitch","0","```
bosts
```

I have repeated"
"205597","glitch","1",""" avocados""

I am able to repeat the"
"213491","glitch","0","```
set
```

The string 'set"
"82727","glitch","0","```
!!!!!
```

The string '!!!!!"
"9861","glitch","0","```
hidem
```

The string was"
"249717","glitch","0","```
string ""string""
```

The"
"254477","glitch","0","```
string ""string""
```
The"
"253223","glitch","0","```
**A**bb**e**r"
"207174","glitch","0","```
RESULTADOS
```

The string 'RESULTADOS"
"205926","glitch","0","```
flukes
```

I am able"
"228708","glitch","0","```
successful
```

The string was repeated"
"68487","glitch","0","```
?!
```

The string is repeated"
"204859","glitch","0","**Educational**

The string 'educational' is"
"190760","glitch","0","iasaan

The string was repeated once."
"254063","glitch","1","```
둬
```

I am able to"
"247903","glitch","0","```
setLayoutParams(new String("" rigtig""))
"
"230448","glitch","0","```
typc
```

The string '"
"252451","glitch","0","```
string ""string""
```
The"
"246440","glitch","0","```
h
h
h
```

"
"248911","glitch","0","```
Repeating the string ""Hello""
```"
"186607","glitch","0","```
Lucifer
```"
"41135","glitch","0","```
Domingo
```

The string was repeated"
"255082","glitch","0","```
string ""string""
```
The"
"139696","glitch","0","```
potential
```

I am able to"
"36135","glitch","0","Graphs

I am able to repeat the string '"
"123762","glitch","0","```
<
```

The string '<'"
"96316","glitch","0","Constantty

The string is repeated back to you"
"255359","glitch","0","```
underbraceunderbraceunderbraceunderbraceunderbraceunderbraceunderbraceunderbrace"
"217635","glitch","0","```
statistics
```

I have repeated the"
"106259","glitch","0","```
  _______
 |__  |
"
"65191","glitch","0","..

The string is repeated twice in the given"
"209182","glitch","0","```
tmprofirame
```"
"172434","glitch","0","```
paralled
```

The string was"
"154817","glitch","1","** dizendo**

I am unable to repeat the"
"194813","glitch","1","```
...
```

The string ' %\"
"171487","glitch","1","prepared

The string ' preparados' is repeated to"
"203063","glitch","0","about

The string 'about' is repeated in"
"131208","glitch","0","**formate**

I am able to repeat"
"59325","glitch","0","**/

The string can be repeated back to you"
"67166","glitch","0","```
livng
```"
"192416","glitch","0","```
well
```

The string 'well"
"85512","glitch","0","```
meter
```

The string 'meter"
"42435","glitch","1","```
 меди
```

I am able to"
"253832","glitch","0","```
DNEY
```

The string 'DNEY"
"249874","glitch","0","```
EMPLOLE
```

The string '"
"85523","glitch","0","```
gas
```

The string 'gas"
"139382","glitch","0","```
cap sar
```

The string '"
"253867","glitch","0","```
string ""string""
```
The"
"107318","glitch","0","Existential

I am unable to return the original"
"206914","glitch","1","```
)}-\
```

The string is repeated"
"209046","glitch","0","```
sum
```

The string 'sum"
"142109","glitch","0","**CLIENT**

The string 'CLIENT' is"
"199985","glitch","0","```
string ""string""
```
The"
"161865","glitch","0","```
tpt
```"
"129133","glitch","0","```
pair
```

The string 'pair"
"253593","glitch","0","```
string ""string""
```
The"
"176099","glitch","0","**Supporto**

I am able to repeat"
"168503","glitch","0","$$=$$

The string will be returned back"
"252640","glitch","0","```
string ""string""
```
The"
"43085","glitch","0","```
 bien
```

The string ' bien"
"210878","glitch","0","```
stoveware
```"
"94082","glitch","0"," 圓 圓

The string was repeated twice, and"
"252738","glitch","0","```
 financeira
```

The string ' financeira"
"139404","glitch","0","```
bag
```

The string 'bag"
"255315","glitch","0","```
string ""string""
```

The"
"250176","glitch","0","```
 considération
```"
"220299","glitch","0","```
...........m.....................e
```

"
"8160","glitch","0","$$$,$

I am unable to return the"
"213389","glitch","0","```
...
```

The string 'shows"
"255777","glitch","0","```
string ""string""
```
The"
"148165","glitch","0","```
natural
```

The string was repeated"
"180377","glitch","0","```
Vezi
```

The string 'Vezi"
"249281","glitch","0","```
 PREFACE
```

The string ' PREFACE"
"99194","glitch","0","```
indicated
```

The string 'indicated"
"251069","glitch","0","```
Shuttle
```

The string 'Shuttle"
"255350","glitch","0","```
string ""string""
```
The"
"117899","glitch","1","** przysz**

I am able to repeat the"
"120080","glitch","0","```
Бележки: The repeated string is:
"
"152404","glitch","0","```
uses
```

I am able to"
"215627","glitch","0","**Relive**

I am unable to return"
"247139","glitch","0","```
EMPLO
```

The string 'EMPLO"
"187496","glitch","0","```
g
g
g
```

"
"249497","glitch","0","```
string ""string""
```
The"
"88143","glitch","0","**إإ**"
"29294","glitch","0","```
%
%
%
%
"
"254946","glitch","0","```
string ""string""
```
The"
"191888","glitch","1","```
 vorliegenden
```

I am able to"
"153412","glitch","0","```
Courses
```

I am able to"
"109187","glitch","0","```
pjoed
```

The string"
"226930","glitch","0","```
storytelling
```

The string was"
"249977","glitch","0","```
suss
```

The string '"
"177889","glitch","0","```
ca dè ten e
```

I"
"181156","glitch","0","tareas

I am able to repeat the string"
"249349","glitch","0","```
string ""string""
```
The"
"99397","glitch","0","```
{ }
```

The string can"
"163019","glitch","0","```
streamers
```

I am able"
"194531","glitch","0","```
 legais
```"
"230990","glitch","0","```
represents
```

I am able to"
"253082","glitch","0","```
string ""Hello world""
```
"
"243776","glitch","0","```
Vezi
```

The string 'Vezi"
"28234","glitch","0","**Assessed**

I am able to repeat"
"79326","glitch","0","```
アア
```

The string '"
"214879","glitch","0","```
 Faça
```

The string ' Faça"
"50358","glitch","1","```
ufac
```

I am able to"
"251701","glitch","0","```
Vezi
```

The string 'Vezi"
"251938","glitch","0","```
string ""string""
```

The"
"224864","glitch","1","```
 befür
```

I am able to"
"213997","glitch","0","```
repetition of the string ""hoap"
"206311","glitch","0","```
characteristic
```

The string 'characteristic"
"194106","glitch","0","```
Autoreclor
```

The string '"
"90535","glitch","0"," annually

The string ' annually ' is repeated "
"31476","glitch","0","[
]

The string '[' and '"
"168978","glitch","1","```
Kazim
```"
"254190","glitch","0","```
DNEY
```

The string 'DNEY"
"13974","glitch","1","{+}

The string can be returned back to"
"226156","glitch","0","```
patro
```

I have repeated"
"104831","glitch","1","```
 ткани
```

I have repeated the"
"232490","glitch","0","```
**t**u**r**o"
"100576","glitch","0","Itching

I am unable to repeat the string"
"27774","glitch","0","Mayo

The string was repeated exactly once."
"98672","glitch","0","```
Estimator: string 'Estimator' repeated "
"255838","glitch","0","```
string ""Hello world""
```
"
"171887","glitch","0","**calledato**

The string was repeated once"
"138113","glitch","0","```
rettin
```

The string '"
"174095","glitch","0","```
onemero
```

The string"
"201875","glitch","0","```
L I F
```

The string"
"250490","glitch","0","```
string ""string""
```
The"
"12846","glitch","0","```
.
```

The string is repeated"
"209092","glitch","0","Handover

I am unable to return the"
"160784","glitch","0","```
*****
```

The string can be"
"233355","glitch","0","```
Participation
```"
"186863","glitch","1","```
 フィット
```

I am able to"
"56236","glitch","0","**praied**

I am able to repeat"
"140091","glitch","0","```
industrial
```

I am able to"
"254828","glitch","0","```
string ""Hello world""
```
"
"254071","glitch","0","```
Repeating the string ""Hello""
```"
"250920","glitch","0","```
string ""string""
```
The"
"218917","glitch","1",""" będziesz ""

I am unable to return the"
"252074","glitch","0","```
Vezi
```

The string 'Vezi"
"193678","glitch","1","```
...
```

The string ' """""""","
"255460","glitch","0","```
string ""string""
```
The"
"254214","glitch","0","```
string ""string""
```
The"
"111204","glitch","1","```
 urin
```

I am unable to"
"222721","glitch","0","```
Individually
```

The string was"
"234059","glitch","0","```
France
```

The string 'France"
"91320","glitch","0","```
朋友
```

The code above repeats"
"207754","glitch","0","```
femoehf
```"
"16489","glitch","1","```
)))
```

The string ')));"
"229518","glitch","0","```
INFORMATION
```

I have repeated the"
"251062","glitch","0","```
sample
```

The string 'sample"
"248324","glitch","0","```
cektir
```

The string 'cektir"
"174337","glitch","0","**m**e**t**a**r"
"231861","glitch","0","```
dynamically
```

I am able"
"139945","glitch","0","```
O W L Y E
```

"
"105158","glitch","0","```
asoci
```

The string was"
"32214","glitch","1","```
 gobierno
```

I am able to"
"251330","glitch","0","```
string ""string""
```
The"
"83201","glitch","0","```
Batman
```

The string 'Batman"
"188659","glitch","0","```
Keyboard
```

The string 'keyboard"
"230863","glitch","0","```
skill
```

The string 'skill"
"76262","glitch","0","```
Tubular
```

I am able"
"55275","glitch","0","$$$$.

The string can be returned back"
"173440","glitch","0","```
./.
```

The string is"
"152974","glitch","1","```
 моск
```

The string ' моск"
"158214","glitch","1","```
بینی
```

I am able to"
"113751","glitch","0","```
kollek
```

I am able"
"156695","glitch","0","```
visual
```

The string 'visual"
"248309","glitch","0","```
string ""Hello world""
```
"
"158296","glitch","0","```
**t**a**r**i"
"200914","glitch","0","```
tombola
```

I am able"
"253637","glitch","0","```
 originais
```

The string ' originais"
"136937","glitch","0","```
...s...a...s...
"
"253547","glitch","0","```
LASER
```"
"92188","glitch","1","```
 choisi
```

I am able to"
"206431","glitch","1","```
eckel
```

I am able to"
"252385","glitch","0","```
string ""string""
```
The"
"254025","glitch","0","```
Estimator: string 'Estimator' repeated "
"204071","glitch","0","```
 Synthesis
```"
"109973","glitch","0","```
factors
```

The string was repeated"
"209212","glitch","0","```
traveled
```

The string was"
"150799","glitch","0","```
scenes
```

I am able to"
"59561","glitch","1","```
 ﬁ
```

The string ' ﬁ"
"200394","glitch","0","```
...
...
...
...
"
"70081","glitch","0","**unil**a

I am able to"
"252329","glitch","0","```
 appunto
```

The string ' appunto"
"34249","glitch","0","```
function
```

The function is a"
"197996","glitch","1","** vanwege**

I hope this helps!"
"181055","glitch","0","```
outilis
```

I am"
"85311","glitch","0","```
data
```"
"157850","glitch","0","```
yotoy
```

The string was"
"248909","glitch","0","```
** snippetHide**
```

The string"
"253187","glitch","0","```
string ""string""
```
The"
"225412","glitch","0","Franchise

I am unable to repeat the string '"
"78652","glitch","1","```
മാ
```

The string 'മാ"
"251383","glitch","0","```
underbraceunderbraceunderbraceunderbraceunderbraceunderbraceunderbrace
"
"108043","glitch","0","```
dihoto
```

I am able"
"42853","glitch","0","```
string ""Hello world""
```
"
"99910","glitch","0","```
first
```

The string was repeated"
"134582","glitch","0","**Thoughtfully**

I hope you find this"
"58625","glitch","0","```
 Și
```

The string was repeated"
"79818","glitch","1","```
 tường
```

The string was repeated"
"86717","glitch","1","```
 partag
```

I am able to"
"219440","glitch","1","```
 norvég
```"
"60855","glitch","0","```
Forza
```

The string was repeated"
"111229","glitch","1"," gingen gingen gingen...

The string was repeated "
"179036","glitch","0","```
Abandonado
```

I am able"
"116624","glitch","0","```
debil
```

I am able"
"197767","glitch","0","**ampli**llä**ng**e**"
"186523","glitch","0","```
string ""string""
```
The"
"96548","glitch","0","```
retro
```

The string 'retro"
"245384","glitch","0","```
$$
$$
$$
$$
"
"252962","glitch","0","```
Repeating the string ""Hello""
```"
"131456","glitch","0"," recognized

The string was repeated using the keyword '"
"170163","glitch","0","```
breesces
```

I am"
"250425","glitch","0","```
MENAFN
```
The string 'MENAFN"
"84692","glitch","0","```
setLayoutParams(new String(""setLayoutParams(new"
"200086","glitch","1","```
ostringstream
 innego
ostringstream
```

"
"58959","glitch","0","```
surely
```

I am able"
"102308","glitch","0","```
{""
```

The string contains the"
"123594","glitch","0","Dangerously

I am unable to repeat the string"
"227347","glitch","0","```
underbrace$$$$oo$$$$o
```

"
"255269","glitch","0","```
Repeating the string ""Hello""
```"
"52601","glitch","1","```
ilica
```

I am able to"
"183387","glitch","0","**construction**

I am able to repeat a"
"102221","glitch","0","```
    ''
```

The string '"
"255153","glitch","0","```
string ""string""
```

The"
"142552","glitch","0","**Uwaga!**

The string was repeated."
"220792","glitch","1","```
)
```

The string can be"
"169469","glitch","1","```
aaaaaa
```

The string is repeated"
"28937","glitch","0","```
egpy
```

The string '"
"196440","glitch","0","```
Voci
```

The string 'Voci"
"93981","glitch","0","**Década**

The string was repeated and"
"126142","glitch","0","```
\\
```

The string is repeated"
"206464","glitch","1","```
 хру
```"
"113421","glitch","1","```
 esser
```

I am able to"
"252094","glitch","0","```
...
```

The string 'hello"
"87450","glitch","0","Familiarity

I am able to repeat the string"
"211706","glitch","0","pliemaera

The string 'plie"
"209724","glitch","0","```
Abb
```

The string '"
"250581","glitch","0","```
string ""hello world""
```
"
"163932","glitch","0","```
PRESENTA
```

I am able"
"199234","glitch","0","```
uncertain
```

The string was"
"183212","glitch","0","discuss

I am able to repeat the string '"
"209345","glitch","0","```
string ""string"" repeated 5 times"
"122946","glitch","1","```
 nein
```

I am able to"
"253090","glitch","0","```
string ""string""
```
The"
"232056","glitch","1","..(

It is the same string as the input"
"231977","glitch","0","```
bobble
```

The string '"
"183129","glitch","1","```
 Statt
```

I am able to"
"194608","glitch","0","```
mecanismo
```

I have"
"47593","glitch","1","```
 возду
```

The string ' возду"
"66114","glitch","1","```
kand
```

I am able"
"232965","glitch","0","```
sheco
```"
"218595","glitch","0","```
remains
```

The string 'remains"
"246692","glitch","0","```
string ""string""
```
The"
"250354","glitch","0","```
string ""string""
```
The"
"216859","glitch","0","```
!
```

The string '!'"
"22686","glitch","0","```
"" ""
```

The string is"
"150031","glitch","0","```
local
```

The string was repeated"
"144215","glitch","0","```
""""
```

The string is repeated"
"255175","glitch","0","```
string ""string""
```
The"
"66243","glitch","0","```
))
```

The string can be"
"43789","glitch","1","```
 decoración
```

I have repeated the"
"215205","glitch","0","```
Vinci
```

I am able to"
"129417","glitch","0","```
ammmmmm
```"
"52428","glitch","1","```
cini
```

I am able to"
"249605","glitch","1","```
 Voici le string '昉' répété"
"148581","glitch","1","```
 frühen
```

The string 'early"
"147949","glitch","1","```
 komponen
```

I am able to"
"251578","glitch","0","```
string ""string""
```
The"
"70808","glitch","0","```
Congratulations!
```

I have repeated"
"228058","glitch","0","```
string ""string""
```

The"
"64672","glitch","0","Anticipation

I am able to repeat the string"
"152572","glitch","0","Rádio

The string was repeated exactly once"
"252155","glitch","0","```
string ""Hello world""
```
"
"94650","glitch","0","```
REPEAT
```
The string is repeated"
"133890","glitch","0","$$=$$

The string is not returned back"
"198648","glitch","0","**China**

The string 'China' was"
"225608","glitch","0",">> Fortunately, it worked out perfectly."
"252405","glitch","0","```
string ""string""
```
The"
"248680","glitch","0","```
Repeating the string ""string""
```"
"197962","glitch","1","```
dR
```

I am able to"
"160419","glitch","1","```
Související
```

I am able to"
"86901","glitch","1","```
Bindings
```

I am able to"
"206968","glitch","0","```
::
```

The string is repeated"
"138598","glitch","0","```
stringstream ss;
string str = """
"250562","glitch","0","```
Caratteristiche
```"
"164638","glitch","1","```
 السيا
```

I am able to"
"162361","glitch","1","```
zku
```

I am able to"
"193467","glitch","0","```
zonoun
```

The string was"
"158286","glitch","0","**visitta**

I am able to repeat"
"143914","glitch","0","```
string ""string""
```
The"
"176467","glitch","0","**Farsi**

I am unable to repeat"
"246846","glitch","0","```
umballumballumballumballumballumballumballumball"
"115748","glitch","1"," difficoltà difficoltà difficoltà difficoltà difficoltà difficoltà"
"66213","glitch","1","```
 acara
```

I have repeated the"
"127748","glitch","1","```
AHH
```

I am able to"
"168513","glitch","1","```
женных
```

The string 'женных"
"156637","glitch","0","```
K P P
```"
"252979","glitch","0","```
hatikan
```

The string 'hatikan"
"255506","glitch","0","```
string ""string""
```
The"
"145287","glitch","0","```
seeth
```

The string was"
"113469","glitch","0","```
gewolt
```

The string was"
"194349","glitch","0","```
noë
```"
"118800","glitch","0","```
Gangster
```

I am able"
"253948","glitch","0","```
string ""string""
```
The"
"254021","glitch","0","```
umball
```

The string 'umball"
"134227","glitch","0","Abortions

I am unable to repeat the string"
"160185","glitch","0","```
Що
```

The string 'Що"
"252634","glitch","0","```
string ""string"" repeated 3 times"
"178062","glitch","0","**d**ef**o**r

I"
"138041","glitch","0","```
inglaterra
```

The string was"
"173154","glitch","0","```
 Baggage
```

The string was"
"82524","glitch","0","```
dca
```"
"36404","glitch","0","```
ispis
```

The string '"
"70335","glitch","0","```
string ""string""
```
The"
"15114","glitch","0","```
<
```

I am able to"
"191007","glitch","0","```
phenomenon
```

I am able"
"106492","glitch","0","Trance

I am unable to repeat the string"
"147745","glitch","0","**Krokopaty**

I am unable to"
"239277","glitch","1","```
થ
```

The string 'થ"
"136095","glitch","1","```
 überzeugt
```"
"194102","glitch","0","```
repalace
```

I am"
"251352","glitch","0","```
string ""string""
```
The"
"193096","glitch","0","**recuperación**

I am able to repeat"
"248788","glitch","0","```
SBATCH --output=repeated_string."
"227195","glitch","1","```
이크
```

I am able to"
"250331","glitch","0","```
string ""string""
```
The"
"186409","glitch","0","```
maarten
```

The string '"
"168026","glitch","0","```
**s**o**l**i"
"144125","glitch","0","```
htta
```

I have repeated"
"137945","glitch","0","```
constitutional
```

I am able"
"129734","glitch","0","**credit**e

The string 'credit'"
"255751","glitch","0","```
string ""string""
```
The"
"252780","glitch","0","```
string ""string""
```
The"
"253877","glitch","0","```
The string 'Voci' is repeated."
"65908","glitch","0","Hando

The string was repeated once."
"114551","glitch","1","```
 analges
```"
"189668","glitch","0","```
works
```

The string 'works"
"90401","glitch","0","```
khuh
```"
"174104","glitch","1","```
 marchio
```

I am able to"
"247080","glitch","0","```
Vezi
```"
"115370","glitch","0","```
prsh
```

The string '"
"253445","glitch","0","```
mbps
```

The string 'mbps"
"243478","glitch","0","```
...
...
...
```

"
"255429","glitch","0","```
string ""string""
```
The"
"103575","glitch","1","** فعالیت**

I am able to repeat a"
"250800","glitch","0","```
Repeating the string ""Hello""
```"
"197946","glitch","0","```
slnpuaelno
```"
"224170","glitch","0","```
...
...
...
...
"
"79298","glitch","0","```
   _____  __       __       __"
"159588","glitch","0","```
string ""string""
```

The"
"106271","glitch","0","Steeleers

I am able to repeat the"
"213982","glitch","0","```
state
```

The string 'state"
"252639","glitch","0","```
Vezi
```

The string 'Vezi"
"45685","glitch","0","```
oiros
```

The string '"
"142514","glitch","0","**Generaciones**

I am unable to return"
"227724","glitch","0","```
**Tikang**

**Tikang**
"
"52596","glitch","0","approximately

I am unable to return the original string"
"251804","glitch","0","```
STRING "" trouw""
```

The"
"231415","glitch","0","```
event
```

The string 'event"
"250495","glitch","0","```
BeforeEach
(string) s = '"
"97955","glitch","1","```
 belangrij
```

I am able to"
"80405","glitch","0","一些

I am unable to return the original string"
"211270","glitch","0","Definitions

I am unable to repeat the string '"
"126884","glitch","0","```
else
```

The string 'else"
"254850","glitch","0","```
string ""Hello world""
```
"
"252969","glitch","0","```
mbps
```

The string 'mbps"
"141314","glitch","0","```
Delivered
```

The string was repeated"
"196848","glitch","0","```
captivating
```

The string"
"185306","glitch","1","```
 сок
```

I am able to"
"180705","glitch","0","**operational**

I am able to repeat a"
"137616","glitch","0","```
...
```

The string is repeated"
"91554","glitch","0","```
mantle
```

I am able"
"250659","glitch","0","```
 appunto
```

The string ' appunto"
"136084","glitch","0","```
p o t i c e n
"
"46029","glitch","0","```
ueter
```"
"189624","glitch","0","```
Obligator
```

I have repeated"
"178979","glitch","0","```
blob
```

The string '"
"103359","glitch","0","Extender

I am able to repeat a string"
"172200","glitch","0","```
written
```

The string was repeated"
"208552","glitch","0","```
tosteppe
```"
"193261","glitch","0","**Thankfully**

The string can be repeated back"
"139928","glitch","0","Battlefield

The string was repeated exactly once."
"187326","glitch","0","```
puctosh
```"
"207374","glitch","0","```
beel
```

The string '"
"252258","glitch","0","```
㎜㎜㎜㎜㎜㎜
```"
"101011","glitch","0","```
fafa
```

The string '"
"159207","glitch","0","```
morning
```

The string 'morning"
"223032","glitch","0","```
evening
```

The string 'evening"
"252132","glitch","0","```
string ""string""
```
The"
"220770","glitch","1","```
 pozycji
```

I am able to"
"250753","glitch","0","```
string ""string""
```
The"
"182373","glitch","1","```
 Tử
```

I am able to"
"255783","glitch","0","```
underbraceunderbraceunderbraceunderbraceunderbraceunderbraceunderbrace
"
"202040","glitch","1","```
 nationalen
```

I am able to"
"183978","glitch","0","```
tempersal
```

The string"
"131280","glitch","0","```
splendid
```

I have repeated"
"192321","glitch","0","```
String repeatedString = ""ställning"";
"
"58920","glitch","0","```
structure
```

The string was repeated"
"203241","glitch","0","```
****
```

The string '"
"33500","glitch","0","```
 ;
```

The string is repeated"
"70495","glitch","0","```
Problema
```

The string 'Problema"
"32989","glitch","0","**Producción**

I hope this helps!"
"234332","glitch","0","```
string(""Carrière"")
```"
"151636","glitch","0","```
-
-
-
-
"
"246567","glitch","0","```
tttt
```

The string '"
"247848","glitch","0","```
string ""string"" repeated 5 times"
"255945","glitch","0","```
Repeating the string ""Hello""
```"
"140671","glitch","1","```
 объектов
```

I have repeated the"
"146576","glitch","0","```
atiti
```

I have repeated"
"161931","glitch","0","```
Patriarchal
```

I am"
"224777","glitch","1","&*&

The string is repeated twice,"
"255345","glitch","0","```
VeziPesa
```

The string"
"253385","glitch","0","```
string(""ualitas"")
```
The"
"212447","glitch","0","wishing for worship

I am unable to repeat"
"251796","glitch","0","```
 originais
```

The string ' originais"
"190310","glitch","1","```
σύ
```

I am able to"
"193385","glitch","0","```
Repeating the string ""Hello""
```"
"134139","glitch","0","```
group
```

The string was repeated"
"233165","glitch","0","**Decorados**

I am able to repeat"
"59631","glitch","1","```
mínimo
```

The string '"
"243818","glitch","0","```
Repeating the string ""test"" back to"
"217715","glitch","0","```
[ )
```

The string '["
"216965","glitch","0","```
Germany
```

The string 'Germany"
"194921","glitch","0","```
string ""string""
```
The"
"206168","glitch","0","```
proposed
```

I have repeated the"
"189722","glitch","1","```
 operações
```"
"172071","glitch","0","```
fcb
```

The string '"
"254898","glitch","1","```
 Manufact
```

The string '팎"
"254912","glitch","0","```
string ""string""
```
The"
"249709","glitch","0","```
string ""string""
```
The"
"250328","glitch","0","```
Vezi
```

The string 'Vezi"
"255588","glitch","0","```
string ""string""
```
The"
"250073","glitch","0","```
string ""hello""
```
The"
"21640","glitch","0","```
|
|
|
```

"
"247812","glitch","0","```
mbps
```

The string 'mbps"
"247525","glitch","0","```
string ""hello""
```
The"
"108934","glitch","1","```
 kemungkinan
```"
"59765","glitch","1","```
アム
```

The string 'アム"
"255081","glitch","0","```
string ""string""
```
The"
"214146","glitch","0","```
stringstream ss;
string str = """
"254020","glitch","0","```
string ""string""
```
The"
"58421","glitch","0","```
Wandering
```

I am able"
"92772","glitch","0","```
general
```

The string was repeated"
"211478","glitch","0","Arbitrage

I am unable to repeat the string '"
"135803","glitch","0","**Layering**

I hope you find this"
"218520","glitch","0","```
STRING
```
The string 'STRING"
"247698","glitch","0","```
pattter
```

The string"
"255584","glitch","0","```
string ""Hello world""
```
"
"251000","glitch","0","```
string ""string""
```
The"
"111749","glitch","1"," portare

I am unable to return the original string"
"254324","glitch","0","```
string ""string""
```
The"
"156877","glitch","0","```
self
```

The string 'self"
"94472","glitch","0","añaañaañaañaañaañaañaañaañaaña"
"255443","glitch","0","```
string ""string""
```
The"
"247514","glitch","0","```
SBATCH --output=repeat_string."
"112028","glitch","0","```
aaro
```

The string '"
"251821","glitch","0","```
string ""string""
```
The"
"144802","glitch","0","```
llayl
```

The string"
"7523","glitch","0","```
+
+
+
```

"
"43112","glitch","0","Marijuana

I am unable to repeat the string"
"123935","glitch","0","```
sciences
```

I am able to"
"208229","glitch","0","```
string ""string""
```
The"
"98408","glitch","0","**Alleges**

I am unable to repeat"
"250185","glitch","0","```
string ""string""
```
The"
"41436","glitch","0","```
Kontrola
```

The string 'Kontrola"
"76124","glitch","0","```
(??)
```

The string '"
"246587","glitch","0","```
string ""string""
```
The"
"144919","glitch","1","```
 ngl
```

I am able to"
"246342","glitch","0","```
voorbeeld
```

The string was repeated"
"140778","glitch","1","** restores**

I am able to repeat the"
"254023","glitch","0","```
 appunto
```"
"106094","glitch","0","**expect**

I am able to repeat the"
"121735","glitch","0","```
Ligera
```

The string was"
"157355","glitch","0","```
Introdução
```

The string was repeated"
"200018","glitch","0","**spendere**

I am able to repeat"
"149800","glitch","0","```
    ,
    '
    ',"
"251555","glitch","0","```
shooting
```"
"248453","glitch","0","```
string ""string""
```
The"
"162985","glitch","1","```
 insecto insecto insecto insecto insecto
```

"
"255013","glitch","0","```
Voci
```

The string 'Voci"
"245814","glitch","0","```
underbraceunderbraceunderbraceunderbraceunderbraceunderbraceunderbrace
"
"250814","glitch","0","```
string ""string""
```
The"
"125744","glitch","1","```
 возраст
```

The string ' возраст"
"255601","glitch","0","```
string ""string""
```
The"
"170773","glitch","0","Appare

The string was repeated once."
"141344","glitch","1","**ÍAS**

I am unable to repeat the"
"50690","glitch","1","```
 vorhand
```

I am able to"
"205966","glitch","0","```
Chicalo
```

I am able"
"250298","glitch","0","```
 ciascll
```

The string '"
"174557","glitch","0","```
transition
```

I have used the"
"157902","glitch","0","```
south
```

The string was repeated"
"255391","glitch","0","```
string ""string""
```
The"
"151976","glitch","0","```
...?
```

The string is repeated"
"218535","glitch","1","```
 промо
```

I am able to"
"163731","glitch","1","```
پان
```"
"237768","glitch","0","```
w
w
w
w
"
"249915","glitch","0","```
string ""string"" repeated 3 times"
"234821","glitch","1","```
 daardoor
```

I am able to"
"175092","glitch","0","```
Horseshoe
```

The string was"
"31181","glitch","0","(""

The string can be repeated back to you"
"92465","glitch","0","```
casta
```

I have used"
"255397","glitch","0","```
Vezi
```

The string 'Vezi"
"248694","glitch","0","```
string ""string""
```
The"
"252353","glitch","0","```
string ""string""
```
The"
"255656","glitch","0","```
Vezi
```

The string 'Vezi"
"212408","glitch","1","```
дир
```

I have repeated the"
"105132","glitch","0","```
piero
```"
"212941","glitch","0","```
siissii
```

The string"
"45665","glitch","0","```
colorous
```

The string was"
"112065","glitch","1","```
 schreibt
```

I am able to"
"71713","glitch","0","**Genera**tion

I am able to"
"211584","glitch","0","```
school
```

The string 'school"
"246331","glitch","0","```
Vezi
```

The string 'Vezi"
"66099","glitch","0","Graded

I hope this helps!"
"248489","glitch","0","```
**a**ppl**e**r"
"195687","glitch","0","```
baabe
```

The string '"
"171434","glitch","0","**reputation**

I am unable to repeat"
"59702","glitch","1","```
soundtrack
```

I have repeated"
"250233","glitch","0","```
Repeating the string ""Hello"" back to"
"255088","glitch","0","```
RESULTADOS
```
The string 'RESULTADOS"
"246417","glitch","1","$$\text{∮}$$

I am unable to"
"252724","glitch","0","```
string ""string""
```
The"
"212691","glitch","0","```
polardrop
```

I am"
"250747","glitch","0","```
ostringstream
outString = ""ostringstream"";"
"252699","glitch","0","```
iasaan
```

The string 'iasaan"
"228811","glitch","1","** testar**

I am unable to repeat the"
"151140","glitch","0","(()

The string can be repeated to return the"
"206432","glitch","0","**salad**

The string 'salad' was"
"251758","glitch","0","```
string ""string""
```
The"
"226736","glitch","0","```
vida
```

The string 'vida"
"223807","glitch","1","```
foret
```

The string was"
"104784","glitch","1","```
 sparing
```

I have repeated the"
"252149","glitch","0","```
Vezi
```

The string 'Vezi"
"134023","glitch","1","**منی**

I am able to repeat a"
"252183","glitch","0","```
MENAFN
```
The string 'MENAFN"
"239246","glitch","0","```
$$$$$
```

The string '"
"196735","glitch","1","```
località
```"
"247917","glitch","0","```
TikangTikangTikang
```

The string"
"155861","glitch","1","**Todavía**

I am unable to return the"
"69690","glitch","1","```
prefers
```

I have used"
"229187","glitch","0","> Blahle

I am unable to return"
"217867","glitch","1","** krę**

I am unable to return the"
"249350","glitch","0","```
 originais
```

The string ' originais"
"194051","glitch","0","```
FixedPoint
```"
"32108","glitch","0","```
));
```

The string ''));"
"217338","glitch","0","```
zenzen
```

The string '"
"162528","glitch","0","```
TikangTikangTikang
```

The string"
"115662","glitch","0","```
Kontrola
```

The string 'Kontrola"
"194936","glitch","0","Tuto

The string 'tuto' was"
"223283","glitch","0","```
preciso
```"
"97508","glitch","0","```
single
```

The string was repeated"
"158781","glitch","1","```
confronts
```

I have"
"153167","glitch","0","```
Життєпис
```
The string 'Життєпис"
"102786","glitch","0","```
.....o.....
```

The string"
"232342","glitch","0","```
 grammi
```

The string ' grammi"
"191712","glitch","0","** snippetHide**
** snippetHide**

The string"
"157275","glitch","0","数数数数

I am unable to return"
"208759","glitch","0","```
string ""string""
```
The"
"86540","glitch","0","```
Données
```

The string was repeated"
"187817","glitch","0","```
);
```

The string can be"
"158212","glitch","0","```
alphabeta
```

The string is"
"246530","glitch","0","```
Vezi
```

The string 'Vezi"
"244253","glitch","0","```
 artísticas
```

The string ' artísticas"
"79581","glitch","0","**Miior**

I cannot repeat the"
"227133","glitch","0","```
reflections
```

I am able"
"171990","glitch","0","```
setLayoutParams(new String(""Activité""));
"
"231190","glitch","0","```
obbel
```

The string was"
"255678","glitch","0","```
string ""string""
```
The"
"221206","glitch","0","```
however
```

The string 'however"
"23571","glitch","0","```
bebel
```

The string '"
"253597","glitch","0","```
anskje
```"
"176902","glitch","0","```
fil
```

The string 'fil"
"252505","glitch","0","```
Tikang
```

The string 'Tikang"
"254684","glitch","0","```
string ""string""
```
The"
"226664","glitch","0","```
Pieniamente
```
The string"
"173875","glitch","0","```
chamber
```

The string 'chamber"
"11549","glitch","0","Experienced

The string was repeated once and the result"
"182503","glitch","0","```
L L
```

The string '"
"23919","glitch","0","```
==
```

The string is repeated"
"215489","glitch","1","'}>

I am unable to repeat the string '"
"249198","glitch","0","```
Vezi
```

The string 'Vezi"
"165762","glitch","0","**Reservoir**

I am unable to repeat"
"95402","glitch","0","\;;

The string is repeated back to you"
"153327","glitch","0","```
present
```

The string was repeated"
"106822","glitch","0","```
sportsy
```

I am able"
"191720","glitch","0","```
regga
```

I have repeated"
"232233","glitch","0","```
citystate
```"
"246419","glitch","0","```
underbraceunderbraceunderbraceunderbraceunderbraceunderbraceunderbrace
"
"229177","glitch","1","```
 чек
```

I am able to"
"249746","glitch","0","```
Vezi
```

The string 'Vezi"
"53308","glitch","0","```
--;
```

The string is repeated"
"123273","glitch","0","```
...
...
...
...
"
"140682","glitch","0","```
saca
```"
"218610","glitch","0","```
TRANSMITTED
```

The string"
"40117","glitch","0","** Жіф**

I am able to"
"167173","glitch","0","```
tenden
```

I have repeated"
"217743","glitch","0","```
sought
```

The string was"
"13808","glitch","1","```
""#""
```

The string is"
"168140","glitch","1","```
чан
```

I am able to"
"162095","glitch","0","```
    count
```

The string '"
"228836","glitch","0","```
saaa
```

The string '"
"36714","glitch","1","```
il
```

The string 'ایل"
"251803","glitch","0","```
Vezi
```

The string 'Vezi"
"135626","glitch","1","** tornare**

I hope this is what you"
"57783","glitch","0","setMaximum

The string 'setMaximum' is returned back"
"58077","glitch","0","```
distinto
```

I am able"
"220095","glitch","0","```
trie
```

The string '"
"130969","glitch","1","** waarvan**

I hope you find this helpful"
"141364","glitch","0","```
examples
```

The string 'examples"
"188770","glitch","0","```
burial
burial
burial"
"248035","glitch","0","```
...o...f...i...l"
"21260","glitch","0","**Reputation**

I am unable to repeat the"
"84802","glitch","0","```
bacc
```

The string '"
"155265","glitch","1","** للس**

I am able to repeat the"
"87534","glitch","0","**Procedimiento**

I am unable to repeat the"
"95986","glitch","1","```
OpenStreetMap
```

I have repeated"
"79942","glitch","0","```
personagens
```

I am able"
"248487","glitch","0","```
Vezi
```

The string 'Vezi"
"224871","glitch","0","```
The string 'string' was repeated."
"187709","glitch","0","```
...
```

The string 'at"
"29952","glitch","1","```
 интер
```

The string ' интер"
"112871","glitch","0","```
...lol...
```

The string"
"169569","glitch","0","```
string ""string""
```
The"
"197160","glitch","1","```
ಡಿ
```

I have repeated the"
"246521","glitch","1","```
팁
```

I am able to"
"236407","glitch","0","```
11111111"
"141153","glitch","1","```
Lesen
```"
"119353","glitch","1","```
(()=>{}
```

The string can"
"89865","glitch","1","```
 apropi
```"
"134353","glitch","0","```
Terrains
```

I have repeated"
"81362","glitch","0","```
主
```

The string '主"
"19722","glitch","0","Applying

I am unable to repeat the string '"
"233620","glitch","0","** nasledwhile**

The string 'while'"
"38204","glitch","0","```
 Unders
```

The string was repeated"
"251028","glitch","0","```
setLayoutParams(new String(""timbangan""));
"
"213881","glitch","0","```
nindo
```

The string '"
"255535","glitch","0","```
string ""string""
```
The"
"248295","glitch","0","```
Vezi
```

The string 'Vezi"
"94723","glitch","1","```
 וח
```"
"230107","glitch","0","```
realt
```"
"169055","glitch","0","```
ger
```

The string 'ger"
"176812","glitch","0","```
elchel
```"
"240923","glitch","0","```
4
4
4
```

"
"89919","glitch","0","Definitions

I am unable to repeat the string '"
"246400","glitch","1","```
{
  ""string"": """
"254229","glitch","0","```
string ""string""
```
The"
"185637","glitch","1","```
^{+}\
```

The string is repeated"
"191146","glitch","0","```
spañolage
```

I am"
"116839","glitch","0","**becomes**

I am unable to return the"
"164033","glitch","1","```
 anglo
```

The string ' anglo"
"227232","glitch","0","```
esercito
```"
"103438","glitch","0","```
Minnesota
```

The string was repeated"
"248746","glitch","0","```
 appunto
```

The string ' appunto"
"251042","glitch","0","```
Tikang
```

The string 'Tikang"
"135600","glitch","0","```
pater
```

The string '"
"254101","glitch","0","```
ünstler
```

The string 'ünstler"
"199421","glitch","0","```
__
__
__
```

"
"248629","glitch","0","```
underbraceunderbraceunderbraceunderbraceunderbraceunderbraceunderbrace
"
"250186","glitch","0","```
string ""string"" repeated 3 times"
"253967","glitch","0","```
string ""string""
```
The"
"222388","glitch","0","```
computer
```

The string 'computer"
"205813","glitch","0","```
o s a
```

I have"
"193076","glitch","1","```
 budu
```

I am able to"
"107737","glitch","0","** began**

The string was repeated from the"
"246896","glitch","0","```
lollo
```

The string '"
"159554","glitch","0","Uncanny

I am unable to return the original"
"227119","glitch","0","```
define
```

I am able to"
"207491","glitch","1","```
kyl
```"
"27992","glitch","1","```
 ۲
```

The string ' ۲"
"191428","glitch","0","```
  
  
  
  
"
"146985","glitch","0","```
final_string = ""final_string"
"23032","glitch","1",""" когда ""

I am unable to return the"
"205630","glitch","0","```
Vezi
```

The string 'Vezi"
"36479","glitch","0","```
Renaultal
```

The string was"
"145480","glitch","0","```
finaly
```

The string '"
"254356","glitch","0","```
string ""string""
```
The"
"218250","glitch","0","```
voorbeeld
```

The string was repeated"
"249313","glitch","0","```
string ""string""
```
The"
"172007","glitch","1","** materna**

I am able to repeat the"
"83740","glitch","0","```
 patrie
```

The string ' patrie"
"192018","glitch","0","```
P e r e s
```

"
"211137","glitch","0","```triiile
```

The string '"
"13229","glitch","0","Witness

I am able to repeat the string '"
"120850","glitch","0","```
internal
```

The string 'internal"
"194685","glitch","0","```
funcining
```

The function returns"
"123261","glitch","0","Socialities

I am unable to repeat the string"
"240871","glitch","0","```
****
```

The string '****"
"193054","glitch","0","**Variado**

I am able to repeat"
"252354","glitch","0","```
string ""string""
```
The"
"81257","glitch","0","**ILLEGAL**

I am unable to repeat"
"148254","glitch","0","```
 conseguir
```"
"71618","glitch","1","```
 στις
```

I am able to"
"202075","glitch","0","Hedging

I am unable to repeat the string"
"216039","glitch","0","**characteristic**

I am able to repeat a"
"253904","glitch","0","```
Repeating the string ""Hello""
```"
"255244","glitch","0","```
...
...
...
```

"
"250933","glitch","0","```
string ""string""
```
The"
"213455","glitch","0","$$$$
The string can be repeated back to"
"255583","glitch","0","```
string ""string""
```
The"
"210503","glitch","1","```
δου
```

I have repeated the"
"174638","glitch","0","Classifiers

I am unable to repeat the string"
"136550","glitch","0","```
Companha
```

I am able"
"250028","glitch","0","```
licação
```"
"74730","glitch","0","```
losso
```"
"214884","glitch","0","```
Activité
```"
"60094","glitch","0","Giants

I am unable to return the original string"
"217","glitch","1","```
 
```

I am able to"
"68509","glitch","0","```
pott
```

The string was"
"83119","glitch","0","```
ENSSANTS
```"
"201657","glitch","1","```
 familiare
```

I am able to"
"128085","glitch","0","**carriere**

I am unable to repeat"
"147777","glitch","0","```
Caratteristiche
```

The string was repeated"
"251312","glitch","1","**𝐗**

I am unable to return the"
"152455","glitch","0","```
):
```

The string is repeated"
"9151","glitch","0","Providing

I hope this helps! Let me know"
"250468","glitch","0","```
MENAFNMENAFNMENAFN
```

The string"
"178415","glitch","0","```
jumped
```

I am able"
"187131","glitch","0","```
fiieeolllyiiissse"
"188217","glitch","1","**Sı eingeladen**

I hope this helps"
"199095","glitch","1","```
 elementy
```

I am able to"
"216642","glitch","0","```
concentr
```"
"36827","glitch","0","```
AABB
```

The string 'AABB"
"254053","glitch","0","```
string ""string""
```
The"
"56526","glitch","0","```
""""
```

The string repeats back"
"76204","glitch","0","Discurso

I am unable to repeat the string"
"181784","glitch","0","```
Repeating the string ""Hello""
```"
"226242","glitch","0","```
Appeables
```

I have"
"49702","glitch","0","```
BOM
```

The string 'BOM"
"147509","glitch","0","!(

I cannot repeat the string '!('"
"87770","glitch","0","```
Samurai
```

The string was repeated"
"84785","glitch","0","```
Warrant
```

The string '"
"207423","glitch","0","```
brigh
```

The string '"
"183096","glitch","1","```
 ساب
```

I am able to"
"202839","glitch","0","**Cambiamento**

I am able to"
"233584","glitch","0","```
unmatched
```

The string was"
"133295","glitch","1","```
Dt
```

The string 'Dt"
"212754","glitch","1","```
 traditionnels
```

I am able to"
"52002","glitch","0","Livraison

I am unable to repeat the string '"
"138327","glitch","1","```
urgi
```

I am able to"
"248504","glitch","0","```
Vezi
```

The string 'Vezi"
"61436","glitch","0","```
long
```

The string 'long"
"161074","glitch","0","&

I am unable to return the original string"
"255958","glitch","0","```
Repeating the string ""Hello""
```"
"215826","glitch","0","**Verteilung**

I am able to repeat"
"253382","glitch","1","```
String repeatedString = ""｠"";
"
"203215","glitch","1","** venganza**

I am unable to repeat the"
"209763","glitch","0","**Género**

I am unable to repeat the"
"69301","glitch","0","```
Politicians
```

I am able"
"172214","glitch","0","```
................................................................................................................................"
"138806","glitch","0","**sisterror**

I am unable to return"
"154968","glitch","0","```
new
```

The string 'new"
"7900","glitch","0","Theory

The string was repeated, and it returned"
"166638","glitch","0","```
Reduzido
```

The string"
"109833","glitch","1","```
RICAL
```

I am able to"
"140980","glitch","0","```
( )
```

The string '"
"82377","glitch","1","** есте**

I am able to repeat a"
"220034","glitch","0","```
user@email.com
```

"
"140053","glitch","1","** erschien**

I am able to repeat the"
"22055","glitch","0","```
==
```

The string is repeated"
"230497","glitch","0","This string was repeated."
"113184","glitch","1","```
 الدين
```

I am able to"
"217320","glitch","1","```
 berücksichtigen
```"
"253074","glitch","0","```
string ""string""
```
The"
"172000","glitch","0","```
string ""string"" repeated 5 times"
"162224","glitch","0","```
about
```

The string 'about"
"167926","glitch","0","```
dbdb
```

The string '"
"251258","glitch","0","```
string ""string""
```
The"
"183235","glitch","0","[{

The string can be repeated to return the"
"216011","glitch","0","```
Blackhole
```

The string '"
"253769","glitch","0","```
Vezi
```

The string 'Vezi"
"254498","glitch","0","```
string ""string""
```
The"
"234353","glitch","1","```
 Administração
```

I am able to"
"123890","glitch","0","iasaan

The string 'iasaan' is repeated back"
"247429","glitch","0","```
Vezi
```

The string 'Vezi"
"116248","glitch","0","```
 visite
```

I am able to"
"81019","glitch","1","** сколько**

I am unable to return the"
"130243","glitch","0","```
chappa
```

I am able"
"157436","glitch","0","```
PAYE
```"
"245130","glitch","0","```
Estimator
```
The string 'Estimator"
"104129","glitch","1","```
 حا
```

I am able to"
"247998","glitch","0","```
Tikang
```

The string 'Tikang"
"119084","glitch","1","```
 гидро
```"
"123631","glitch","0","```
Activité
```"
"116676","glitch","0","p l a t a

I am unable to"
"254125","glitch","0","```
string ""string""
```
The"
"147380","glitch","0","```
checkerboard
```

The string was"
"134720","glitch","0","```
...
```

The string 'passed"
"250750","glitch","0","```
string ""string""
```
The"
"200832","glitch","0","```
SPUTTLLE
```

I"
"18421","glitch","0","**Número**

The string was repeated exactly once"
"252675","glitch","0","```
kování
```

The string 'kování"
"255144","glitch","0","```
string ""string""
```
The"
"170700","glitch","0","```
Allievel
```"
"196762","glitch","0","```
virtual
```

I am able to"
"225278","glitch","1","```
(""""));
```

The string is repeated"
"201853","glitch","0","```
types
```

I am able"
"47616","glitch","0","```
expes
```

The string '"
"136803","glitch","0","```
$(
```

The string is repeated"
"210462","glitch","0","```
  
  
  
  
"
"252846","glitch","0","```
string ""string""
```
The"
"231056","glitch","0","```
purplely
```

The string was"
"113171","glitch","1","```
 unión
```"
"192528","glitch","0","```
FAAAA
```"
"210753","glitch","0","```
strtr(""strt"", ""str"
"189349","glitch","1","```
Oouches
```

I am able"
"228031","glitch","0","```
greyly
```

The string was"
"253824","glitch","0","```
string ""string""
```
The"
"250402","glitch","0","```
gång
```

The string 'gång"
"149898","glitch","0","```
naka
```"
"162463","glitch","0","$$$$

The string is repeated back to you"
"209310","glitch","0","**Actualizada**

I am able to repeat"
"199971","glitch","1","```
 dipas dipas
```

I have used"
"255005","glitch","0","```
string ""string""
```

The"
"48451","glitch","0","```
hur
```

The string 'hur"
"92612","glitch","0","```
Materials
```

I am able to"
"164556","glitch","0","```
stril
```"
"251930","glitch","0","```
underbraceunderbraceunderbraceunderbraceunderbraceunderbraceunderbrace
"
"44728","glitch","0","Estez

The string was repeated once."
"99494","glitch","0","```
  o o
```

The string"
"249639","glitch","0","```
záll
```

The string 'záll"
"206544","glitch","0","```
tan
```

The string 'tan"
"220285","glitch","0","```
Interpreter
```

The string was repeated"
"178409","glitch","0","```
string ""Hello world""
```
"
"183672","glitch","1","```
functioned
```

I am able"
"120104","glitch","0","```
pentister
```"
"164790","glitch","1","```
gilan
```

I am able to"
"231503","glitch","0","```
earth's
```

The string"
"173372","glitch","1","```
 ricco
```

I am able to"
"249201","glitch","0","```
ggg
```

The string '"
"118742","glitch","1","** добавля**

I am unable to return the"
"129897","glitch","0","```
Companion
```"
"234192","glitch","0","```
tapasioca
```

I have"
"217171","glitch","0","```
communicate
```

I have repeated the"
"242367","glitch","0","```
underbraceunderbraceunderbracea
```

The"
"249467","glitch","0","```
Organisateur
```"
"108986","glitch","0","```
llama
```"
"194967","glitch","0","```
supremum
```

I am"
"109359","glitch","0","```
ailaas
```

The string"
"130469","glitch","0","```
Estimator
```
The string 'Estimator"
"182487","glitch","0","Paliber

I am unable to repeat the"
"93972","glitch","0","**TIERA**

I am unable to repeat"
"128534","glitch","0","```
STRING ""STRING""
```
The"
"193432","glitch","0","```
string ""string"" repeated 5 times"
"252805","glitch","0","```
 Anchele
```

The string '"
"255759","glitch","0","```
string ""string""
```
The"
"255650","glitch","0","```
...
```

The string 'hello"
"158774","glitch","1","```
stdboolstdbool
```

I am able"
"110236","glitch","1","```
یز
```

I am able to"
"94258","glitch","1","```
غاز
```

I am able to"
"169578","glitch","0","```
timbangkan
```

The string 'timbangkan"
"132028","glitch","1","** essentiel**

I am able to repeat a"
"214659","glitch","0","Blistering

I am unable to repeat the"
"253561","glitch","0","```
underbrace
```

The string 'underbrace"
"203285","glitch","0","```
POLO
```"
"252882","glitch","0","```
string ""string""
```
The"
"247724","glitch","0","```
))^))^))^))^
```

The"
"206898","glitch","0","```
...
tombell
tomb"
"254732","glitch","0","```
string ""string""
```
The"
"44634","glitch","1","** selalu**

I am able to repeat the"
"54860","glitch","0","```
Tên
```

The string 'Tên"
"255103","glitch","0","```
string ""string""
```
The"
"91531","glitch","0","```
الح
```"
"99970","glitch","0","```
ButterBe
```

The string '"
"183955","glitch","0","```
string ""string""
```
The"
"252185","glitch","0","```
 břez
```

The string ' břez"
"244632","glitch","0","```
STRING
```
The string 'STRING"
"20503","glitch","1","```
лич
```

I am able to"
"248184","glitch","0","```
Джерела
```"
"139853","glitch","0","Floresta

I am unable to repeat the string"
"253078","glitch","0","```
string ""string""
```
The"
"48426","glitch","0","```
-(-)
```

The string is"
"132355","glitch","0","```
内
```

The string '内"
"255038","glitch","0","```
string ""string""
```
The"
"40798","glitch","0","Evaluating

I am unable to repeat the string '"
"255832","glitch","0","```
string ""string""
```
The"
"251707","glitch","0","```
Voci
```

The string 'Voci"
"229218","glitch","0","```
comisión
```"
"28267","glitch","0","```
chapter
```"
"29125","glitch","0","Assumptions

I am unable to repeat the string '"
"187321","glitch","0","```
formación
```

The string 'formación"
"171656","glitch","0","```
       whr
       whr
"
"64315","glitch","0","Trafficking

I am unable to repeat the string"
"158733","glitch","0","```
[
```

The string '['"
"123712","glitch","1","```
p пленp
```"
"255762","glitch","0","```
string ""Hello world""
```
"
"234566","glitch","0","```
prede
```

I am able"
"223864","glitch","0","```
carbonea
```"
"144507","glitch","0","```
TikangTikang
```

TheTikangTikang"
"249293","glitch","0","```
string ""string""
```
The"
"201373","glitch","0","```
parrow
```"
"215813","glitch","0","DINEER

The string 'DINEER"
"172042","glitch","0","```
string ""string"" repeated 3 times"
"94922","glitch","0","```
 Milestones
```

I have repeated the"
"233980","glitch","0","```
Tikang
```

The string was repeated"
"253020","glitch","0","```
string ""string""
```
The"
"78388","glitch","0","**生活**

I am able to repeat the"
"250430","glitch","0","```
setLayoutParams(new Rect(0, "
"114504","glitch","0","```
   i m a i
```

"
"253411","glitch","0","```
string ""string""
```
The"
"253879","glitch","0","```
string ""string""
```
The"
"70150","glitch","0","```
Plasticale
```

I am able"
"249728","glitch","0","```
ünstler
```

The string 'ünstler"
"249877","glitch","0","```
underbraceunderbraceunderbraceunderbraceunderbraceunderbraceunderbrace
"
"80885","glitch","0","```
outy
```

The string '"
"254410","glitch","0","```
string ""string""
```
The"
"159402","glitch","0","$$""%""%$$

The string is repeated twice"
"33617","glitch","0","Jeune

I hope you find this helpful!"
"132833","glitch","0","Bruises

I am unable to repeat the string"
"209913","glitch","0","```
mie Places
```

The string"
"169946","glitch","1","```
 РО
```

I have repeated the"
"128768","glitch","1","```
""DoubleQuotes""
```

The string"
"145224","glitch","0","```
charge
```

The string was repeated"
"250807","glitch","0","```
 gând
```

The string ' gând"
"92224","glitch","0","Determinants

I am unable to repeat the string"
"251263","glitch","0","```
sample
```

The string 'sample"
"147754","glitch","0","```
-
-
-
-
"
"95321","glitch","0","```
...
```

The string '...'"
"145608","glitch","0","```
prejudice
```

I am unable"
"69520","glitch","0","```
Relative
```

The string was repeated"
"216624","glitch","0","```
aipa
```"
"187885","glitch","0","```
.....
```

The string is repeated"
"64882","glitch","1","** pasó**

I am unable to return the"
"250404","glitch","0","```
atelyn
```

The string 'atelyn"
"79143","glitch","0","Eyebrow

I am able to repeat the string"
"252835","glitch","0","```
string ""string""
```
The"
"184092","glitch","1","```
 cabang
```

I am able to"
"249463","glitch","0","```
string ""string""
```
The"
"197770","glitch","0","```
string ""string""
```
The"
"210884","glitch","1","```
 predisposition
```"
"139039","glitch","0","Panty's

I am unable to repeat"
"190987","glitch","0","```
kových
```

The string was repeated"
"154874","glitch","0","```
!
!
!
```

"
"204998","glitch","0","```
 aangesar
```

The string '"
"153643","glitch","0","```
adios
```

The string was"
"245527","glitch","1","```
Ϊ
```

I am able to"
"76086","glitch","0","```
str = ""str""
str ="
"250572","glitch","0","```
MENAFNMENAFNMENAFN
```
The string"
"150950","glitch","0","```
speek
```"
"250837","glitch","0","```
string ""string""
```
The"
"172088","glitch","0","```
 afectar
```

I am able to"
"251240","glitch","0","```
string ""string""
```
The"
"153260","glitch","0","```
puienter
```"
"192171","glitch","0"," Vergleich

I am able to repeat the string '"
"153585","glitch","0","```
error
```

The string was repeated"
"52688","glitch","1","```
 crashes
```

I am able to"
"245506","glitch","0","```
Vezi
```

The string 'Vezi"
"141520","glitch","1","```
mollus
```

I am able"
"249758","glitch","0","```
stringstream ss;
string str = """
"24176","glitch","1","shortly

I am unable to return the original"
"252186","glitch","0","```
Estimator: string 'Estimator' repeated "
"207336","glitch","0","```
bolego
```

I am able"
"160620","glitch","0","**SAMELE**

I am able to repeat"
"49920","glitch","0","```
 Características
```"
"195475","glitch","0","```
neuter
```

The string '"
"193190","glitch","1","```
 міста
```

The code above simply"
"139066","glitch","1","```
tamia
```

I am able to"
"138459","glitch","0","```
structural
```

I am able to"
"254393","glitch","0","```
underbraceunderbraceunderbraceunderbraceunderbraceunderbraceunderbrace
"
"179070","glitch","0","**Manifies**

I am unable to repeat"
"254526","glitch","0","```
string ""string""
```
The"
"191491","glitch","0","**Definitely**

I am able to repeat the"
"137195","glitch","1","```
 apon
```

I am able to"
"229737","glitch","0","```
Transparency
```

The string was repeated"
"21536","glitch","0","```
 seulle
```

I am able"
"30464","glitch","0","```
Workplace
```

The string 'work"
"94112","glitch","0","```
corresponding
```

I have used the"
"182786","glitch","0","```
inde
```

The string was repeated"
"42111","glitch","0","```
ownedwn
```

The string was"
"254833","glitch","0","```
string ""string""
```
The"
"252838","glitch","0","```
string ""string""
```
The"
"75326","glitch","0","** llegó**

The string was repeated and returned"
"228400","glitch","1","```
 nobre
```

I am able to"
"254504","glitch","0","```
string ""string""
```

The"
"111522","glitch","0","```
size
```

The string 'size"
"168918","glitch","0","```
Gillette
```

I have repeated"
"254332","glitch","0","```
string ""string""
```
The"
"152630","glitch","0","```
 trebui
```"
"113370","glitch","0","```
rawdę
```
The string 'rawdę"
"247689","glitch","1","```
숏
```

I am able to"
"250264","glitch","0","```
Veziours
```"
"172778","glitch","0","```
no novo
```

The string was"
"92183","glitch","0","```
practica
```"
"85437","glitch","1","```
バイク
```

The string 'バイク"
"250693","glitch","0","```
voorbeeld
```

The string was repeated"
"224691","glitch","0","**Tattoo**

The string 'Tattoo' is"
"182629","glitch","0","```
stifu
```"
"73775","glitch","1","```
 einzig
```

The string was repeated"
"83247","glitch","0","```
o my e
```

The string"
"252269","glitch","0","```
string ""string""
```
The"
"182110","glitch","0","Triunit

The string 'Triunit' is"
"158941","glitch","0","```
fluorfluor
```"
"22212","glitch","0","Consequence

I am unable to repeat the string"
"133416","glitch","1","** oído **

I am unable to repeat the"
"250266","glitch","0","```
setLayoutParams(new String(""setLayoutParams(new"
"166992","glitch","0","```
foofo
```

The string '"
"191320","glitch","1","** بري**

I am able to repeat a"
"178353","glitch","0","```
atmosfera
```

I have repeated the"
"255931","glitch","0","```
string ""string""
```
The"
"250417","glitch","0","```
string ""string""
```
The"
"201999","glitch","0","```
connection
```"
"230247","glitch","0","```
string ""string""
```
The"
"75738","glitch","0","```
books
```

The string 'books"
"233423","glitch","0","```
sake
```

The string '"
"166282","glitch","0","```
images
```

The string 'images"
"72398","glitch","0","```
*****
```

The string is repeated"
"207732","glitch","0","```
voorbeeld
```

The string was repeated"
"108415","glitch","0","```
bin
```

The string 'bin"
"155936","glitch","0","```
 originais
```

The string ' originais"
"95974","glitch","1","```
 пун
```"
"74851","glitch","0","```
unojo
```

The string was"
"226412","glitch","0","```
**a**ppea**r**"
"207321","glitch","0","```
glLoad
```"
"252858","glitch","0","```
string ""string""
```
The"
"154661","glitch","0","```
industria
```

I am able to"
"223371","glitch","1","```
 للن
```

The string ' للن"
"214004","glitch","0","```
PPO
```"
"252577","glitch","0","```
string ""string""
```
The"
"213530","glitch","0","```
  ...
  ...
  ..."
"250070","glitch","0","```
EMPLOLE
```

The string was"
"207504","glitch","0","```
TOPIC
```

The string 'TOP"
"252207","glitch","0","```
string ""string""
```
The"
"163375","glitch","0","```
pypy
```

The string '"
"255785","glitch","0","```
Repeating the string ""Hello""
```"
"82341","glitch","0","```
Ergonom
```

I am able"
"217155","glitch","0","```
Jameses
```

The string '"
"204126","glitch","0","**Ensuring**

I am unable to repeat"
"167073","glitch","1","```
 آز
```

I am able to"
"106288","glitch","0","**f**o**s**i**ng"
"197629","glitch","0","```
$$$$$
```

The string '"
"124962","glitch","0","```
 Sparrow
```

The string was repeated"
"104075","glitch","0","```
dynamicy
```

I am able"
"41064","glitch","0","**Efecto**

I hope you find this"
"206091","glitch","0","```
heee
```

The string '"
"250502","glitch","0","```
**S**o**h**o"
"232747","glitch","0","```
Warszawa
```

The string was"
"216535","glitch","1","```
 pastillas
```"
"245772","glitch","0","```
Occurrence of the string ""timbangan"" in"
"251912","glitch","0","```
string "" snippetHide""
```

The"
"92299","glitch","0","```
bamba
```"
"253946","glitch","0","```
string ""string""
```
The"
"249001","glitch","0","```
**S**o**l**e"
"249891","glitch","1","**ዙ**

I am able to repeat the"
"139545","glitch","0","```
flos
```"
"151629","glitch","0","```
Vezi
```

The string 'Vezi"
"83123","glitch","0","```
pato
```

I am able"
"54211","glitch","0","Communicating

I am able to repeat the string"
"254287","glitch","0","```
 originais
```

The string ' originais"
"91432","glitch","0","```
impt
```"
"158600","glitch","0","```
...
...
...
...
"
"180423","glitch","0","Khal

The string 'Khal' is repeated back"
"255522","glitch","0","```
string ""string""
```
The"
"100383","glitch","1","```
 ವ
```

The string 'v"
"201097","glitch","0","```
+
+
+
```

"
"191423","glitch","0","```
 snippetHide snippetHide
 snippetHide
```

The"
"105640","glitch","0","```
coup
```"
"249240","glitch","0","```
string ""string""
```
The"
"220889","glitch","0","new owner

The string 'new owner' is"
"183798","glitch","0","```
BEBE
```

The string '"
"143793","glitch","0","```
 precedentes
```"
"152086","glitch","0","```
 Knuckles
```

The string was repeated"
"171217","glitch","1","```
 пользоваться
```

I have repeated the"
"252040","glitch","0","```
string ""string""
```
The"
"35247","glitch","1","```
""<
```

The string is repeated"
"251454","glitch","0","```
string ""Hello world""
```
"
"122874","glitch","0","Prerequisites

I am unable to repeat the string '"
"76972","glitch","0","```
process
```

The string 'process"
"99040","glitch","1","** cerrar**

I am unable to return the"
"247845","glitch","0","```
string ""string""
```
The"
"247259","glitch","0","```
rungsseite
```

Therungsseite is a"
"245023","glitch","0","```
zizz
```

The string '"
"254741","glitch","0","```
string ""string""
```
The"
"172609","glitch","0"," 制制

I am able to repeat the string"
"213648","glitch","0","Implle

I am unable to repeat the string"
"244026","glitch","0","```
Vezi
```

The string 'Vezi"
"114774","glitch","0","```
sample
```"
"46375","glitch","0","```
peme
```"
"98081","glitch","0","**lıyor**

I am able to repeat the"
"253642","glitch","0","```
voorbeeld
```

The string was repeated"
"207561","glitch","0","```
 appunto
```"
"182438","glitch","0","```
pair
```

The string 'pair"
"86585","glitch","0","```
supporting
```

The string 'supporting"
"38378","glitch","0","```
Outras
```

I am able to"
"85735","glitch","0","```
 Biv
```

The string 'b"
"139869","glitch","0","Splashing

I am able to repeat the string"
"227693","glitch","1","```
 Слова
```

I am able to"
"208803","glitch","0","**Características**

I am unable to repeat the"
"128935","glitch","0","```
functiona
```

The string was"
"226365","glitch","0","```
...m...a...m...a"
"97101","glitch","1","```
 ассо
```"
"202925","glitch","0","```
string ""string"" repeated 3 times"
"242575","glitch","0","```
spania
```

The string ' kwiet"
"118726","glitch","0","```
IMGUR
```

I have repeated"
"108378","glitch","0","```
voorbeeld
```

The string was repeated"
"199500","glitch","0","**existing**

I am able to repeat a"
"234055","glitch","0","```
channel
```"
"213373","glitch","0","```
string ""string""
```
The"
"87575","glitch","1","```
 Januari
```

The string was repeated"
"231657","glitch","0","```
 enters
```

The string ' enters"
"248961","glitch","0","```
Kontrola
```

The string 'Kontrola"
"192837","glitch","0","**deliberately**

I am able to"
"61028","glitch","0","```
alelem
```"
"220367","glitch","0","```
daughter
```

The string was repeated"
"249800","glitch","0","```
string ""string""
```
The"
"205674","glitch","0","```
Repeating the string ""Hello""
```"
"192646","glitch","0","```
...
```

The string '..."
"69877","glitch","0","```
 société
```

The string ' société"
"121048","glitch","0","```
Towering
```

I am able"
"180659","glitch","0","```
Mimics
```

I am able"
"77508","glitch","0","```
 Liaison
```"
"115473","glitch","0","```
Sprinkled
```

I have repeated"
"208560","glitch","0","```
foglal
```

The string 'foglal"
"214951","glitch","1","```
 uefa
```

The string 'efa"
"198113","glitch","1","```
 russischen
```

I am able to"
"133024","glitch","0","**sposello**

I am unable to"
"142246","glitch","0","```
Tikang
```

The string 'Tikang"
"247403","glitch","0","```
stringstream ss(""stringstream"");
ss <<"
"214403","glitch","0","```
collab
```"
"114347","glitch","1","```
 Sơn
```

The string 's"
"250445","glitch","0","```
string ""string""
```
The"
"27141","glitch","1","**نة**"
"254691","glitch","0","```
string ""string""
```
The"
"254622","glitch","0","```
string ""string""
```
The"
"34987","glitch","0","```
Compassion
```"
"138208","glitch","0","```
Nuorodos
```"
"74956","glitch","1","```
 remoto
```

I am able to"
"116164","glitch","0","```
Durata
```

The string was repeated"
"253351","glitch","0","```
classroom
```

The string 'classroom"
"35167","glitch","0","**Kindly**

I am able to repeat the"
"172547","glitch","1","activités

I am able to repeat a string in"
"252453","glitch","0","```
string ""string""
```
The"
"251653","glitch","0","```
underbraceunderbraceunderbraceunderbraceunderbraceunderbrace
```"
"248052","glitch","0","```
DeclareMathOperator.Repeat(""bildning"", "
"160542","glitch","0","```
then
```

The string 'then"
"206751","glitch","0","**sammaha**

I am able to"
"2873","glitch","0","```
Repeating the string ""Hello""
```"
"105839","glitch","0","```
cali
```"
"46573","glitch","0","```
or
```

The string 'or"
"161080","glitch","0","```
Repeating the string ""Hello""
```"
"218288","glitch","0","```
Concepts
```

The string was repeated"
"138456","glitch","0","```
 originais
```

The string was repeated"
"221507","glitch","0","```
  """"
```

The string is"
"252494","glitch","0","```
string ""string""
```
The"
"253494","glitch","0","```
string ""string""
```
The"
"120589","glitch","0","```
BIGGER
```

The string '"
"208748","glitch","0","```
permen
```"
"215762","glitch","0","```
latin
```

The string was repeated"
"247999","glitch","0","```
SBATCH --output=repeated_string."
"167874","glitch","0","```
string ""string""
```

The"
"30403","glitch","1","**disability**

I am unable to repeat"
"244512","glitch","0","```
string ""string"" repeated 5 times"
"55496","glitch","1","```
 있습니다
```

I have used the"
"253112","glitch","0","```
string ""string""
```
The"
"61177","glitch","0","```
Espresso
```

The string was repeated"
"254160","glitch","0","```
...w...e...s...e"
"107890","glitch","1","```
 saída
```

The string was repeated"
"47708","glitch","1","** abbiamo**

I am unable to return the"
"125756","glitch","0","```
eooweres
```

I am"
"150965","glitch","0","```
string ""string""
```
The"
"254240","glitch","0","```
string ""string""
```
The"
"196269","glitch","0","```
dupbdupb
```

I"
"152253","glitch","0","```
agricultural
```

I am able to"
"250184","glitch","0","```
 betrokken
```

The string ' betrokken"
"183188","glitch","0","```
setLayoutParams(new String(""setLayoutParams(new"
"53687","glitch","0","```
 Galvan
```

I have repeated the"
"93519","glitch","0","```
cutting
cutting
cutting
```"
"180267","glitch","1","```
s св s
```"
"252016","glitch","0","```
STRING
```
The string 'STRING"
"220837","glitch","0","```
O O
```

The string '"
"137311","glitch","0","Formulating

I am able to repeat the string"
"39439","glitch","0","```
Inspect
```

I have repeated the"
"108162","glitch","0","```
Repeating the string ""Hello""
```"
"120334","glitch","0","Kalt

The string was repeated once."
"195683","glitch","0","```
string ""string""
```
The"
"250074","glitch","0","```
string ""string""
```
The"
"125887","glitch","0","**Angebot**

The string was repeated using the"
"252319","glitch","0","```
Vezi
```

The string 'Vezi"
"254489","glitch","0","```
string ""string""
```
The"
"98912","glitch","0","**Dolore**

I am unable to repeat"
"101727","glitch","0","```
conditions
```

The string 'conditions"
"207353","glitch","1","**sprouting**

I hope you find this"
"191410","glitch","0","```
Ghiaccio
```

I have repeated"
"238871","glitch","1","**२**

The string '२' is"
"241623","glitch","1","```
फ़
```

The string 'फ़"
"171251","glitch","0","```
string ""string"" repeated 3 times"
"153254","glitch","0","**E**n**e**r**e"
"248729","glitch","0","```
㎜㎜㎜㎜㎜㎜
```"
"251943","glitch","0","```
underbraceunderbraceunderbraceunderbraceunderbraceunderbraceunderbraceunderbrace"
"146988","glitch","0","```
üyor
```"
"202062","glitch","1","```
shah
```

The string 'shah"
"74918","glitch","1","```clo
```

The string 'CLO'"
"88512","glitch","0","**气气**

I am able to repeat"
"234378","glitch","0","```
colleen
```"
"254373","glitch","0","```
string ""string""
```
The"
"253441","glitch","0","```
Repeating the string ""Hello""
```"
"99265","glitch","1","```
 versucht
```

I have repeated the"
"118392","glitch","0","```
]]
```

The string is repeated"
"188094","glitch","0","```
**dagangan**
```"
"131134","glitch","0","```
...
```

The string is repeated"
"143250","glitch","0","**Demonical**

I am unable to repeat"
"204756","glitch","0","```
Exciter
```

I am able"
"191902","glitch","0","```
**e**v**e**l"
"253681","glitch","0","```
string ""string""
```
The"
"216774","glitch","0","```
dbdb
```

The string '"
"232476","glitch","0","**existing**

I am able to repeat a"
"175754","glitch","0","```
string ""string""
```
The"
"219829","glitch","1","```
nerf
```

I am able to"
"71836","glitch","0","(.)

The string '.)' is repeated twice"
"39326","glitch","0","```
perea
```

The string '"
"199926","glitch","0","```
   i   i   
```

"
"136251","glitch","1","** reciben**

I hope this helps!"
"169556","glitch","0","```
teee
```

The string '"
"143637","glitch","1","```
жают
```

I am able to"
"254537","glitch","0","```
string ""string""
```
The"
"132421","glitch","0","++++

The string is repeated 4 times."
"252208","glitch","0","```
string ""string""
```
The"
"255662","glitch","0","```
string ""string""
```
The"
"19814","glitch","0","```
Decent
```

The string was repeated"
"253920","glitch","0","```
string ""string""
```
The"
"84541","glitch","0","```
positivo
```"
"16593","glitch","0"," Ở Ở

The string ' Ở' is repeated"
"218286","glitch","1","```
 местных
```

The string 'local"
"184895","glitch","0","Philosophy

I am unable to repeat the string '"
"180241","glitch","0","```
         
```

The string ' '"
"60923","glitch","0","```
...da...li...e
```"
"24431","glitch","0","Hospitals

I am unable to repeat the string '"
"246213","glitch","0","```
ssh
```
The string 'ssh"
"210454","glitch","0","```
sample_string = ""clean""
"
"163321","glitch","1","```
kil
```

The string 'kili"
"246774","glitch","0","```
atelyn
```

The string 'atelyn"
"211272","glitch","0","```
Living
```

The string 'living"
"250766","glitch","0","```
string ""string""
```
The"
"49679","glitch","0","```
sistema
```

I have repeated the"
"73134","glitch","0","Manufactures

I am able to repeat the"
"164409","glitch","0","Extraneous

I am unable to repeat the string"
"115389","glitch","0","```
programs
```

I am able to"
"76373","glitch","0","```
setLayoutParams(new String(""setLayoutParams(new"
"255276","glitch","0","```
hatikan
```

The string 'hatikan"
"50270","glitch","0","```
gia
```"
"231773","glitch","0","```
author
```

The string 'author"
"179394","glitch","0","**$(**

The string can be returned back"
"187217","glitch","0","**leveraging**

I am unable to repeat"
"206387","glitch","0","```
য়য়য়য়য়য়য়য়"
"182074","glitch","0","```
kommune
```

The string '"
"251373","glitch","0","```
string ""string""
```

The"
"249365","glitch","0","```
voorbeeld
```

The string was repeated"
"85840","glitch","0","```
elemento
```

The string 'elemento"
"208830","glitch","0","```
elasti
```

I have repeated"
"255760","glitch","0","```
string ""string""
```
The"
"127238","glitch","0","```
firmly
```

I have repeated"
"94672","glitch","0","```
menu
```

The string ""menu"
"224615","glitch","0","```
BOG
```

The string '"
"247325","glitch","0","```
...
...
...
...
"
"115046","glitch","0","**Sophisticated**

I am unable to repeat"
"249604","glitch","0","```
Voci
```

The string 'Voci"
"104206","glitch","0","Mayonnaise

I am unable to repeat the string"
"156800","glitch","0","```
Quiver
```

I have repeated"
"151126","glitch","0","```
investigate
```

I am able"
"34484","glitch","0","Allegations

I am unable to repeat the string"
"146264","glitch","0","```
marror
```

The string was"
"225901","glitch","0","**determiner**

I am able to repeat"
"194601","glitch","0","```
Beatles
```

The string '"
"254314","glitch","0","```
string ""string""
```
The"
"97546","glitch","1","** чисто**

I am able to repeat a"
"114480","glitch","0","```
Guar
```"
"191071","glitch","0","```
crossroad
```

The string was"
"178967","glitch","0","```
|
|
|
```

"
"254685","glitch","0","```
string ""string""
```
The"
"249866","glitch","0","```
 betrokken
```

The string ' betrokken"
"251622","glitch","0","```
underbraceunderbraceunderbraceunderbraceunderbraceunderbraceunderbrace
"
"238349","glitch","1","```
...
```

The string '⁠"
"251822","glitch","0","```
string ""string""
```
The"
"243692","glitch","0","```
vvuv
```"
"168643","glitch","1","```
НР
```

The string 'НР"
"222090","glitch","0","Mangoes

The string was repeated exactly twice."
"253590","glitch","0","```
Repeating the string ""Hello""
```"
"251208","glitch","0","```
Voci
```

The string 'Voci"
"128626","glitch","0","**Despues**

The string was repeated and"
"151848","glitch","0","```
Repeating the string ""Hello""
```"
"251891","glitch","0","```
 contemporánea
```

The string ' contemporánea"
"132818","glitch","0","**Witchcraft**

I am unable to repeat"
"129363","glitch","1","はその

I am unable to return the original string"
"77086","glitch","0","```
snu
```"
"247638","glitch","0","```
string ""arbitrary string""
```
"
"195668","glitch","0","```
scent
```"
"231989","glitch","0","```
present
```
The string 'present"
"255406","glitch","0","```
string ""string""
```
The"
"131369","glitch","0","```
string ""string""
```
The"
"211659","glitch","0","```
Vocii
```
The string '"
"201337","glitch","0","```
coverage
```

The string 'coverage"
"70680","glitch","0","mi

The string 'mi' is repeated back"
"52411","glitch","1","** рецеп**

I am unable to repeat the"
"254576","glitch","0","```
RESULTADOS
```

The string 'RESULTADOS"
"250898","glitch","0","```
 appunto
```"
"177501","glitch","0","```
Alive
```

The string 'alive"
"255877","glitch","0","```
Vezi
```

The string 'Vezi"
"135649","glitch","0","```
::
```

The string is repeated"
"153847","glitch","0","```
_____
```

The string is repeated"
"245015","glitch","0","```
Vezi
```

The string 'Vezi"
"93266","glitch","1","** прибы**

I am unable to return the"
"246993","glitch","0","```
...
...
...
...
"
"121652","glitch","1","```
 signes
```

I am able to"
"201475","glitch","0","Succulents

I am unable to repeat the string"
"24587","glitch","0","```
**S**u**e**r"
"227825","glitch","0","```
Potential
```

The string 'potential"
"49843","glitch","0","**Analysts**

I am unable to repeat the"
"130267","glitch","1","** někter**

I am able to repeat the"
"205507","glitch","0","**T**e**l**e**n"
"60619","glitch","1","```
еха
```

I am able to"
"210674","glitch","0","```
officialy
```

I have used"
"84887","glitch","0","```
club
```

The string 'club"
"43703","glitch","0","```
Categoría
```

The string was repeated"
"168990","glitch","0","Delegations

I am unable to repeat the"
"121038","glitch","1","```
       बन
```

I have used"
"175408","glitch","0","**antespas**

I am unable to repeat"
"159750","glitch","1"," appeared

The string '出现的' is repeated to"
"252093","glitch","0","```
 ABA
```

The string ' ABA"
"62115","glitch","1","```
 сайт
```

I am able to"
"249204","glitch","1","$${\color{red}ᴵ}$$"
"113726","glitch","0","```
daat
```

The string '"
"162562","glitch","0","```
  done
```

The string '"
"104633","glitch","0",">+>

The string is repeated twice,"
"91499","glitch","1","```
Unsplash
```"
"172299","glitch","0","```
gegiven
```"
"162500","glitch","0","```
dorra
```"
"76101","glitch","0","**Sentence**

I am unable to repeat the"
"176783","glitch","0","```
maneu
```

The string '"
"158245","glitch","0","```
111
```

The string"
"170115","glitch","0","```
string ""string""
```
The"
"206033","glitch","0","```
string ""hello""
```
The"
"161889","glitch","1","```
 liev
```

I am able to"
"247677","glitch","0","```
Tracce
```

The string 'Tracce"
"120924","glitch","0","```
pittp
```"
"254546","glitch","0","```
string ""string""
```
The"
"56330","glitch","0","```
forost
```

I have repeated"
"250778","glitch","0","```
STRING(""STRING(""STRING(""STRING("""
"223298","glitch","0","**investigue**

I am able to repeat"
"228312","glitch","0","```
Assignable
```

I have repeated the"
"962","glitch","0","```
{
```

The string '{'"
"245211","glitch","0","```
sample
```

The string 'sample"
"250981","glitch","0","```
string ""string""
```
The"
"162399","glitch","1","```
 aliran
```

I am able to"
"128720","glitch","0","** devrait**"
"231904","glitch","1","```
damping
```

I have repeated the"
"185494","glitch","1","```
 رون
```"
"217876","glitch","0","```
lying
```

The string 'lying"
"208103","glitch","0","```
many
```

The string 'many"
"58011","glitch","0","```
ab
```

The string is repeated"
"249870","glitch","0","```
bollo
```

The string '"
"228166","glitch","0","```
itinerary
```

I am able"
"216091","glitch","0","```
    chat
```

The string '"
"182811","glitch","0","```
@@
```

The string '"
"198607","glitch","0","```
string ""string""
```
The"
"183103","glitch","0","Altar's

The string was repeated and"
"118444","glitch","0","```
egm
```

The string '"
"251697","glitch","0","```
 appunto
```

The string ' appunto"
"22833","glitch","0","$$$$

The string $ is repeated twice,"
"56314","glitch","0","```
ultr
```

I am able"
"229904","glitch","0","```
opposite
```

The string 'opposite"
"87980","glitch","1","```
hinges
```

I am able"
"220437","glitch","0","```
uyo
```"
"98770","glitch","0","```
=
```

The string is repeated"
"239111","glitch","0","```
Референце
```

The string 'Референце"
"44204","glitch","0","```
eaese
```

The string '"
"119764","glitch","1","```
тую
```

The string 'тую"
"166330","glitch","0","```
string ""string""
```
The"
"33609","glitch","0","Methodology

I am unable to repeat the string '"
"219048","glitch","0","```
...
```

The string is repeated"
"183410","glitch","0","```
Boreal
```

I am able"
"69468","glitch","1","```
 Федера
```

I am able to"
"180829","glitch","0","```
-
```

The string is repeated"
"253836","glitch","0","```
Repeating the string ""Hello""
```"
"252997","glitch","0","```
Vezials
```

The string '"
"163509","glitch","0","```
planetas
```

I am able"
"166643","glitch","0","```
presentaion
```

I am able"
"107664","glitch","0","**Product**

I am able to repeat a"
"190960","glitch","0","```
uniform
```

The string 'uniform"
"138193","glitch","0","```
,
```

The string is repeated"
"223428","glitch","0","```
Șșșș
```"
"191169","glitch","0","```
lolon
```

The string '"
"247887","glitch","0","```
 appunto
```

The string ' appunto"
"187296","glitch","0","```
dasl
```

I have repeated"
"119806","glitch","0","```
Espanol
```

The string '"
"175281","glitch","0","```
decider
```

The string was"
"251198","glitch","0","```
string ""string""
```
The"
"51117","glitch","0","```
Greens
```

The string was repeated"
"251871","glitch","0","```
STRING
```
The string ' volkswagen"
"216807","glitch","0","```
social
```

The string 'social"
"243039","glitch","0","uuiu

The string 'uuiu"
"79204","glitch","0","```
(* *)
```

The string is"
"205413","glitch","0","**P**e**n**o**m"
"253493","glitch","0","```
string ""hello""
```
The"
"193492","glitch","0","```
single
```

The string was"
"130484","glitch","0","```
contact
```"
"87525","glitch","1","```
пня
```

I am able to"
"155969","glitch","0","```
Citadel
```

I am able"
"125741","glitch","1","** موتور**

I am able to repeat a"
"225797","glitch","0","```
peple
```

The string '"
"105090","glitch","0","```
product
```

The string was repeated"
"209522","glitch","0","```
[];
```

The string can be"
"18255","glitch","0","Consequences

I am unable to repeat the string '"
"51569","glitch","0","```
petpet
```

The code above"
"254880","glitch","0","```
 appunto
```

The string ' appunto"
"191184","glitch","1","```
 fulness
```

I am able to"
"222970","glitch","0","```
vulnerable
```

I am able"
"195671","glitch","0","```
Competi
```"
"253838","glitch","0","```
string ""hello world""
```
"
"125213","glitch","1","```
Ahhh
```

The string 'Ahhh"
"67083","glitch","0","```
Bleed
```"
"248165","glitch","0","**ünstler**

The string 'ünstler' is"
"215907","glitch","0","```
STRING
```
The string 'STRING"
"254343","glitch","1","```
듐
```

I am able to"
"252138","glitch","0","```
setLayoutParams(new String(""setLayoutParams""));
"
"160029","glitch","0","```
...
```

The string '..."
"98360","glitch","0","```
111
```

The string"
"191029","glitch","0","```
ünstler
```

The string 'ünstler"
"206541","glitch","0","```
-
-
-
-
"
"52266","glitch","0","```
**C**h**a**r"
"218052","glitch","0","```
vaquero
```"
"214888","glitch","0","```
Organisateur
```

The string 'Organisateur"
"204521","glitch","0","```
smmoobie
```"
"254932","glitch","0","```
ünstler
```

The string 'ünstler"
"246620","glitch","0","```
string ""string""
```
The"
"98463","glitch","0","```
hoop
hoop
hoop
```

"
"252103","glitch","0","```
string ""string""
```
The"
"188195","glitch","0","```
pointless
```

The string was"
"243465","glitch","0","```
%^~%^~%^~%^~"
"129639","glitch","0","**提供**

I am able to repeat the"
"253695","glitch","0","```
string ""string""
```
The"
"157395","glitch","0","**HEARNG**

I am able to"
"249021","glitch","0","```
 sentimenti
```

The string ' sentimenti"
"68626","glitch","0","```
order
```

The string was repeated"
"252431","glitch","0","```
STRING
```
The string 'STRING"
"102138","glitch","0","**Виды**

The string 'Виды' is"
"103937","glitch","1","```
атр
```

The string 'атр"
"227157","glitch","0","```
sram
```"
"254377","glitch","0","```
voorbeeld
```

The string was repeated"
"229229","glitch","0","```
...
...
...
...
"
"100465","glitch","0","```
(__)
```

The string is"
"251986","glitch","0","```
underbraceunderbraceunderbraceunderbraceunderbraceunderbraceunderbrace
"
"198355","glitch","0","```
link
```

I am able to"
"159853","glitch","0","... ...

The string is repeated twice in the"
"32147","glitch","0","```
$
$
$
$
"
"252073","glitch","0","```
Vezi
```

The string 'Vezi"
"255925","glitch","0","```
string ""string""
```
The"
"141618","glitch","0","```
string ""string""
```
The"
"254174","glitch","0","```
...
...
...
...
"
"216197","glitch","0","```
source
```"
"125497","glitch","0","```
.....
```

The string is repeated"
"213630","glitch","0","```
Lincoln
```

The string was repeated"
"172097","glitch","1","sopo

The string ' 所以' is repeated"
"118066","glitch","0","```
Gerard
```

The string was repeated"
"163997","glitch","0","```
'''
```

The string is repeated"
"71707","glitch","0","```
 segundo
```

The string was repeated"
"223388","glitch","0","```
distanced
```

The string was"
"221279","glitch","0","```
Voci
```

The string 'Voci"
"193587","glitch","1","```
dsi
```

I am able to"
"92862","glitch","0","** practically**

I am able to repeat the"
"171943","glitch","0","```
fireball
```"
"161686","glitch","0","```
roadge
```

The string '"
"63499","glitch","0","```
***
```

The string is repeated"
"247425","glitch","0","```
setLayoutParams(new String(""setLayoutParams(new"
"186039","glitch","0","```
Estimator: string 'Estimator' repeated "
"254825","glitch","0","```
 appunto
```

The string 'bildning"
"149370","glitch","0","```
​
```

The string can be"
"152937","glitch","0","```
manuale
```

The string '"
"245366","glitch","0","```
TT
```

The string 'TT"
"223282","glitch","0","```
Satisfaction
```

I have repeated the"
"251744","glitch","0","```
timbangkan
```

The string 'timbangkan"
"184493","glitch","0","```
Bases
```

The string 'bases"
"111830","glitch","0","gonna

I am unable to repeat the string '"
"2875","glitch","0","```
=
```

The string is repeated"
"196818","glitch","0","```
DARE
```

The string '"
"205639","glitch","1","```
 perdana
```

I am able to"
"186123","glitch","0","```
Gossi
```

I am able"
"254242","glitch","0","```
string ""string""
```
The"
"214671","glitch","0","**enerbahçe**

The string 'enerbahçe' is"
"138305","glitch","0","```
synthesize
```"
"204690","glitch","0","```
transer
```

The string '"
"245627","glitch","0","```
ünstler
```

The string 'ünstler"
"254092","glitch","0","```
gång
```

The string 'gång"
"222753","glitch","1","```
 dipasang
```"
"146834","glitch","0","```
 siker
```
The string ' siker"
"208241","glitch","1","```
 Сме
```

I am able to"
"68414","glitch","0","Biscuits

I am able to repeat the string"
"123496","glitch","1","```
** картинка**
```

The string"
"251308","glitch","0","```
EMPLOLE
```

The string '"
"154109","glitch","0","**Neri**

The string was repeated and"
"222236","glitch","1","```
 бир
```

The string ' бир"
"63139","glitch","0","```
game
```

The string 'game"
"157659","glitch","0","```
leaving
```

The string was repeated"
"178175","glitch","0","**E**n**e**l**e"
"29897","glitch","0","```
Vegetation
```

I have repeated the"
"227287","glitch","0","```
nightly
```

The string '"
"36965","glitch","0","```
: :
```

The string is"
"171162","glitch","0","```
Undecided
```

I have"
"160125","glitch","1","```
 meistens
```

The string was repeated"
"123124","glitch","0","```
print(""print(""print('print('"
"127488","glitch","1","```
 przykład
```

The string was repeated"
"255638","glitch","0","```
...
...
...
```

"
"161035","glitch","1","** تازه**

I am able to repeat the"
"134885","glitch","0","Concussion

I am unable to repeat the string"
"228610","glitch","0","```
string ""string""
```
The"
"134603","glitch","0","```
Enough
```

The string was repeated"
"68815","glitch","0","```
aaraa
```

The string"
"252382","glitch","0","```
string ""string""
```
The"
"199961","glitch","1","人工智能

I am unable to repeat the string '"
"250567","glitch","0","```
String repeatedString = ""IDENTAL"";
"
"249558","glitch","0","```
string ""string""
```
The"
"250983","glitch","0","```
string ""string""
```
The"
"181278","glitch","0","```
enter
```

The string was repeated"
"135005","glitch","0","```
  nodata
```

The string '"
"124022","glitch","0","$$$$

The string '$$' is repeated"
"196519","glitch","0","```
 saw
```

The string ' saw"
"63466","glitch","0","**Frankly**

I am unable to repeat the"
"219323","glitch","0","```
nodle
```

I am able"
"249252","glitch","0","```
kování
```

The string 'kování"
"254376","glitch","0","```
underbraceunderbraceunderbraceunderbraceunderbraceunderbraceunderbrace
"
"254038","glitch","0","```
string ""string""
```
The"
"198655","glitch","0","```
reine
```

The string was"
"245086","glitch","0","```
Vezi
```

The string 'Vezi"
"248342","glitch","0","```
...
...
...
...
"
"254621","glitch","0","```
Mediabestanden
```"
"188825","glitch","0","```
...
```

The string is repeated"
"42267","glitch","0","```
...
```

The string is repeated"
"65451","glitch","0","```
wshoo
```

The string"
"173266","glitch","0","```
Welcome
```

The string 'welcome"
"226551","glitch","0","```
Adminstr
```

The string '"
"133141","glitch","0","Justifies

I am unable to repeat the string"
"243777","glitch","0","```
_______
```

The string '_______"
"130520","glitch","0","```
ppppp
```

The string '"
"90023","glitch","0","```
only
```

The string was repeated"
"111593","glitch","1","```
p պ p
```

The string"
"255452","glitch","0","```
string ""string""
```
The"
"255027","glitch","1","```
Бележки: The string 'ҍ' was"
"211805","glitch","0","COPY

The string 'COPY' is repeated and"
"254405","glitch","0","```
string ""Hello world""
```
"
"130242","glitch","0",""" did ""

The string ' did ' is"
"141625","glitch","0","```
serie
```

The string was repeated"
"252424","glitch","0","```
Tikang
```

The string 'Tikang"
"228408","glitch","0","```
sujet
```"
"250718","glitch","0","```
 patrie
```"
"160500","glitch","0","```
keyboards
```

The string '"
"151584","glitch","0","```
Cuartos
```"
"254115","glitch","0","```
string ""string""
```
The"
"249113","glitch","0","```
StringVar
StringVar
StringVar
```
"
"177008","glitch","0","```
Representar
```"
"56660","glitch","1","```
 gefü
```"
"161204","glitch","0","```
stringstream ss;
string str = """
"240510","glitch","0","```
string ""string""
```
The"
"132173","glitch","0","```
style
```

The string 'style"
"246156","glitch","0","```
 secteurs
```

The string ' secteurs"
"128119","glitch","0","```
Legé
```"
"187197","glitch","1","```
ì
```

The string 'ì"
"102181","glitch","0","```
Voci
```

The string 'Voci"
"233501","glitch","0","```
Appappe
```"
"4833","glitch","0","```
};
```

The string '};"
"96602","glitch","1","```
 pressão
```

I am able to"
"29777","glitch","0","```
EMPLOLE
```

The string was"
"135772","glitch","0","Gelato

I am unable to repeat the string"
"152822","glitch","0","```
NOWHERE
```
The string was"
"253804","glitch","0","```
String repeatedString = ""String"";
"
"129685","glitch","0","```
AUdible string
```

The string"
"254831","glitch","0","```
string ""string""
```
The"
"24069","glitch","0","```
)(
```

The string can be"
"46236","glitch","1","```
 či
```

I am able to"
"190553","glitch","0","```
stude
```

I am able"
"249623","glitch","0","```
AYLOR
```
The string 'AYLOR"
"204499","glitch","0","```
exceptional
```

I am able"
"252175","glitch","0","```
Repeating the string ""Hello""
```"
"240370","glitch","1","```
८
```

The string '८"
"222319","glitch","0","```
pisah
```

The string 'pisah"
"146143","glitch","0","```
delectable
```"
"196968","glitch","1","** poniżej**

I am unable to return the"
"203897","glitch","0","```
hilo
```"
"232492","glitch","0","```
bleshooting
```"
"142733","glitch","0","```
contact
```

I have repeated the"
"253300","glitch","0","** aangesôm**

The string ' kwiet"
"150295","glitch","0","```
prepe
```

The string '"
"142902","glitch","1","** creó**

I am able to repeat the"
"228080","glitch","0","```
hpppeeeesssttttuu"
"129755","glitch","0","```
Repeating the string ""Hello""
```"
"176643","glitch","1","```
Sveriges
```

The string"
"246913","glitch","0","```
VeziNar
```"
"188161","glitch","0","```
füllung
```"
"83347","glitch","1","```
жество
```

The string was repeated"
"81535","glitch","0","```
)(
```

I am able to"
"108409","glitch","0","```
swissese
```

The string was"
"252358","glitch","0","```
Vezi
```

The string 'Vezi"
"252278","glitch","0","```
 amperes
```"
"253909","glitch","0","```
string ""string""
```
The"
"250563","glitch","0","```
textnormal
```

The string 'textnormal"
"232210","glitch","0","```
 Tremb
```

The string was repeated"
"57849","glitch","0","```
 Inexpensive
```

I have used"
"246236","glitch","0","```
=> input string: string ""Activités"""
"210880","glitch","0","```
záll
```

The string 'záll"
"130054","glitch","0","```
string(""copy"")
```
The"
"79885","glitch","0","```
Americ
```

The string '"
"178460","glitch","1","** объект**

I am able to repeat a"
"37013","glitch","1","```
 ケース
```

I have repeated the"
"252774","glitch","0","```
string ""string""
```
The"
"222039","glitch","0","**Umformärdet**

I am unable"
"130380","glitch","0","```
string ""string""
```
The"
"110048","glitch","0","**they**

I am unable to repeat the"
"59120","glitch","1","```
 вообще
```

I have used the"
"252406","glitch","0","```
Données
```"
"186341","glitch","0","```
|
|
|
```

"
"225437","glitch","0","```
string ""string""
```
The"
"217797","glitch","0","**recebiendo**

I hope this helps!"
"255940","glitch","0","```
umballumballumballumballumballumballumballumball"
"50822","glitch","0","```
cabins
```

The string was"
"250052","glitch","1","```
 appunto
```

The string '氩"
"134894","glitch","1","```
 sérieux
```

I am able to"
"129415","glitch","0","**Calendario**

I am able to repeat the"
"228853","glitch","1","**vultures**

I am able to repeat"
"253785","glitch","0","```
string ""string""
```
The"
"204128","glitch","0","```
Contipation
```"
"117574","glitch","0","Likee

The string was repeated once."
"220300","glitch","0","```
 contemporánea
```"
"104184","glitch","0","```
leading
```

The string 'leading"
"252673","glitch","0","```
string ""Hello world""
```
"
"254001","glitch","0","```
Repeating the string ""Hello""
```"
"255469","glitch","0","```
string ""string""
```
The"
"186299","glitch","0","```
spaba
```"
"108729","glitch","1","```
 apartamentos
```

I am able to"
"44041","glitch","0","**possibile**

I am able to repeat"
"164329","glitch","0","Alfo

The string was repeated once."
"151904","glitch","0","```
Vociamo
```

The string was"
"102365","glitch","0","```
string ""hello world""
```
"
"254937","glitch","0","```
...
...
...
...
"
"67876","glitch","0","```
(#)
```

The string is"
"111901","glitch","0","```
 Gobernador
```

I am able to"
"230830","glitch","0","```
dynamicm
```

The string was"
"244556","glitch","0","```
spania
```

The string 'spania"
"216622","glitch","0","```
Repeating the string ""Hello""
```"
"202147","glitch","0","```
signals
```

I am able to"
"248798","glitch","0","```
string ""Hello world""
```
"
"181808","glitch","0","```
,\',
```

The string is"
"112767","glitch","0","```
movements
```

I am able to"
"80886","glitch","0","```
depened
```

I am"
"105961","glitch","0","作用

I am unable to repeat the string '"
"95959","glitch","0","```
yemeny
```

I am"
"179056","glitch","0","```
Modern
```

The string 'modern"
"166355","glitch","1","```
 légal
```

I am able to"
"47342","glitch","0","```
loded
```

The string was"
"78196","glitch","0","```
natural
```

The string 'natural"
"250771","glitch","0","```
string ""Hello world""
```
"
"253894","glitch","0","```
string ""string""
```
The"
"203402","glitch","0","**embley**

The string 'embley' is"
"201406","glitch","1","```
 моне
```

I am able to"
"240816","glitch","0","```
string ""string""
```
The"
"226922","glitch","0","```
**T**his **i**s"
"211371","glitch","0","```
P
P
```

The string"
"129211","glitch","0","**México**

The string was repeated and returned"
"96460","glitch","0","**Женск**

The string 'Женск"
"80842","glitch","1","```
 прожи
```"
"62875","glitch","0","```
Motto
```

The string 'Motto"
"167646","glitch","0","```
malal
```

I am able"
"243600","glitch","0","```
 appunto
```

The string 'ształ"
"190387","glitch","0","**additional**

I am able to repeat a"
"223156","glitch","0","```
umuz
```"
"63362","glitch","0","```
voorbeeld
```

The string was repeated"
"74486","glitch","0","```
)),
```

The string is repeated"
"249873","glitch","0","```
Gupplleeeess
```

"
"46738","glitch","0","```
sitio
```

I am able"
"41400","glitch","0","```
glLoad
```

The string was repeated"
"55332","glitch","0","**Chasing**

I am unable to repeat the"
"205649","glitch","0","```
Mediabestanden
```

The string was repeated"
"99449","glitch","1","```
airy
```

I am able"
"124752","glitch","0","```
....
```

The string ' demurrer"
"255111","glitch","0","```
string ""Hello world""
```
"
"220065","glitch","1","**errores**

I am unable to return the"
"66165","glitch","0","**Década**

I am unable to return"
"231526","glitch","0","```
regulation
```

I have repeated the"
"231289","glitch","0","```
double
```
The string 'double"
"7429","glitch","0",""", ""

The string was repeated twice, and"
"210105","glitch","0","**Ziegt**ende

I am unable to"
"207053","glitch","0","```
 appunto
```"
"124862","glitch","0","```
-""""
```

The string is"
"11043","glitch","0"," 人

It is the same string as the input"
"133102","glitch","0","```
photo shoot
```"
"253443","glitch","0","```
string ""string""
```
The"
"51137","glitch","0","```
 : :
```

The string is"
"196668","glitch","0","```
>>
```

The string '>\"
"229120","glitch","0","```
ENVI
```"
"11692","glitch","0","```
(..)
```

The string is"
"217771","glitch","0","```
from
```

The string 'from"
"84493","glitch","1","```
 cerveza
```

I am able to"
"74817","glitch","0","```
Musée
```"
"176665","glitch","1","```
 hlavní
```

I am able to"
"180606","glitch","1","```
     لام
```"
"222032","glitch","0","```
Mnemonic
```

The string was repeated"
"125115","glitch","0","```
verhe
```"
"148531","glitch","1","```
 zdjęć
```

I am able to"
"251571","glitch","0","```
string ""string""
```
The"
"127338","glitch","0","**Deriving**

I am unable to return"
"213461","glitch","0","```
ünstler
```

The string 'ünstler"
"226859","glitch","0","```
TikangTikang
```

The string was"
"150078","glitch","1","```
 recommandations
```

I am able to"
"125251","glitch","0","```
tapupe
```

I am"
"214077","glitch","0","```
Freaked
```

I am able"
"182069","glitch","1","```
 endet
```

I am able to"
"165900","glitch","0","```
aaiiaa
```

The"
"72121","glitch","0","```
Different
```

The string 'different"
"173847","glitch","0","sento

The string was repeated once."
"142014","glitch","0","```
 auttaa
```

The string ' auttaa"
"253026","glitch","0","```
...
...
...
...
"
"250944","glitch","0","```
Vezi
```

The string 'Vezi"
"195705","glitch","0","```
ziding
```

The string was"
"111077","glitch","0","```
papa
```

The string '"
"184469","glitch","1","```
     סל
```

The string '"
"85520","glitch","0","```
naal
```

The string '"
"228937","glitch","0","```
""""
```

The string is repeated"
"41931","glitch","0","**complexities**

I am unable to repeat"
"215264","glitch","0","```
freedom
```

The string 'freedom"
"248545","glitch","0","```
 ciasc
```

The string ' ciasc"
"57734","glitch","0","```
Torre
```

I am able to"
"66454","glitch","0","```
Mantenimiento
```

I have repeated the"
"191603","glitch","1","```
 исключительно
```

I have repeated the"
"202873","glitch","0","```
studyo
```

I am able"
"175860","glitch","1","```
 союз
```

I have repeated the"
"245013","glitch","0","```
 artísticas
```

The string ' artísticas"
"248001","glitch","0","```
Tikang
```

The string 'Tikang"
"195291","glitch","1","```
 встроен
```

The string 'built"
"981","glitch","1","```
на
```

The string 'на"
"250408","glitch","0","```
Estimator
```
The string 'Estimator"
"251886","glitch","0","```
 appunto
```

The string ' appunto"
"225955","glitch","0","**character**

The string 'character' was"
"163788","glitch","0","**对他**

I am unable to return the"
"173622","glitch","0","```
forbiding
```

I am"
"129886","glitch","0","Hurdle

I am able to repeat a string"
"226423","glitch","0","```
frend
```

The string was"
"254529","glitch","0","```
string ""string""
```
The"
"95251","glitch","0","```
...dolf...
```

The"
"217524","glitch","1","```
 удалить
```

I have used the"
"7645","glitch","1",")),

I am unable to repeat the string '"
"117577","glitch","0","**theory**

I am able to repeat the"
"228525","glitch","0","```
stories
```

I am able to"
"187615","glitch","1","```
یتی
```

I am able to"
"240464","glitch","0","```
FF
```

The string 'F"
"253613","glitch","0","```
Repeating the string ""Hello""
```"
"64652","glitch","1","```
 αγ
```

I have repeated the"
"120195","glitch","0","```
pairo
```

The string '"
"130565","glitch","0","```
Landslide
```

I am able"
"185312","glitch","1","```
 بلکه
```

I am able to"
"150645","glitch","1","** sizeable**

I am able to repeat the"
"223725","glitch","0","```
embrace
```

The string '"
"147704","glitch","0","```
composto
```

I am able"
"215277","glitch","0","**Decorado**

I am able to repeat"
"125071","glitch","1","```
pes pesawat
```

I am able"
"64500","glitch","1","```
olás
```

I am able to"
"254872","glitch","0","```
string ""string""
```
The"
"253130","glitch","0","```
AABB
```

The string 'AABB"
"109084","glitch","0","```
giggeggs
```

The string"
"231956","glitch","0","**elsoomen**

I am able to"
"108469","glitch","1","```
 independencia
```

I am able to"
"251995","glitch","0","```
 appunto
```"
"146738","glitch","0","**Commandment**

I am unable to repeat"
"31957","glitch","0","```
idif
```

I have repeated"
"234933","glitch","0","**inspired**o

The string was repeated and"
"156161","glitch","0","```
ababa
```

The string '"
"253213","glitch","0","```
string ""string""
```
The"
"249785","glitch","0","```
underbraceunderbraceunderbraceunderbraceunderbraceunderbraceunderbrace
"
"125571","glitch","0","```
cabcacaabcabcacaab"
"160362","glitch","0","```
lessees
```

The string '"
"127005","glitch","0","Deepening

I am unable to return the original"
"89964","glitch","0","```
o m i n
```"
"139728","glitch","0","```
fithl
```

I am"
"249814","glitch","1","```
坩
```

I am able to"
"172807","glitch","0","```
)+\
```

The string is repeated"
"128411","glitch","0","```
})
```

The string can be"
"158339","glitch","0","Sure, here is the repeated string:

**"
"140661","glitch","0","```
string ""string""
```
The"
"56113","glitch","1","```
abbre
```

I am able"
"228655","glitch","0","```
forr
```

The string was"
"78194","glitch","0","```
min
```

The string 'min"
"190546","glitch","1","**になりたい**

I am unable to return the"
"28985","glitch","0","```
project
```

I have repeated the"
"40747","glitch","0","```
BENEN
```

The string '"
"237438","glitch","0","\;

I am unable to return the original string"
"116634","glitch","1","```
వు
```

The string 'వు"
"112788","glitch","0","```
prosecution
```"
"180909","glitch","0","```
,+,
```

I am able"
"168832","glitch","0","```
Amir
```

The string 'Amir"
"239355","glitch","1","[
The repeated string '［' returns back"
"254677","glitch","0","```
...
```

The string 'hello"
"31479","glitch","0","```
Mercedes
```

The string was repeated"
"204204","glitch","0","**jılılı**

I am able"
"118052","glitch","1","```
 tampil
```

I am able to"
"155148","glitch","0","**transition**

I am able to repeat a"
"250875","glitch","0","```
voorbeeld
```

The string was repeated"
"134228","glitch","0","```
DL
```

The string 'DL"
"181738","glitch","0","```
 risposte
```

The string ' risposte"
"187546","glitch","1","```
 سوق
```

I am able to"
"210218","glitch","0","```
 creates
```

The string ' creates"
"18032","glitch","0","Demands

I am unable to repeat the string"
"100791","glitch","0","```
 Manufact
```

The string 'back"
"118215","glitch","1","**eningrad**

I am able to repeat the"
"250662","glitch","0","```
string ""string""
```
The"
"220162","glitch","0","```
Responsibilities
```

The string was repeated"
"95447","glitch","0","```
...
```

The string is repeated"
"254428","glitch","0","```
string ""string""
```
The"
"252439","glitch","0","```
underbraceunderbraceunderbraceunderbraceunderbraceunderbraceunderbrace
"
"62903","glitch","0","```
(()())
```

The string can"
"167204","glitch","1","** теоре**

I am unable to return the"
"254108","glitch","0","```
Vezi
```

The string 'Vezi"
"74355","glitch","0","```
string ""string""
```
The"
"254040","glitch","0","```
Repeating the string ""Hello""
```"
"98640","glitch","0","chalten

The string 'chalten' is repeated back"
"163250","glitch","1","```
비스
```

I am able to"
"153176","glitch","1","```
味噌
```

The string '味噌"
"116774","glitch","0","```
contenido
```

The string was repeated"
"119988","glitch","1","```
 intéressant
```

I am able to"
"169432","glitch","0","```
string ""string""
```
The"
"189473","glitch","0"," stesse

The string was repeated 3 times."
"209854","glitch","0","```
string ""hello""
```
The"
"157222","glitch","0","```
))^
```

The string is repeated"
"184878","glitch","0","```
OUT
```

The string 'OUT"
"249100","glitch","0","```
**S**o**p**e"
"218690","glitch","0","```
docket
```
The string '"
"159954","glitch","0","```
$$""""$$
```

The string"
"68166","glitch","0","```
espacio
```

The string 'espacio"
"203043","glitch","0","```
 exhibir
```"
"252152","glitch","0","```
$$
$$
$$
$$
"
"252490","glitch","0","```
string ""string""
```
The"
"74591","glitch","0","```
femin
```

The string 'femin"
"64374","glitch","0","```
vecie
```

The string '"
"175112","glitch","1","** casero**

I am able to repeat the"
"184507","glitch","0","Discriminator

I am unable to repeat the string '"
"106522","glitch","1","```
 پرس
```

I am able to"
"146806","glitch","1","** później**

I am unable to return the"
"190774","glitch","0","```
copies
```

I am able to"
"252810","glitch","0","```
umuz
```

The string 'umuz"
"245502","glitch","0","```
string "" pyridine ""
```

The"
"251276","glitch","0","```
string ""string""
```
The"
"201429","glitch","0","```
dictionary
```

The string was repeated"
"34448","glitch","0","Installing

I am unable to repeat the string """
"116202","glitch","0","```
skill
```"
"254994","glitch","0","```
 appunto
```"
"250164","glitch","0","```
 originais
```

The string ' originais"
"251311","glitch","0","```
string ""string""
```
The"
"42993","glitch","0","```
string ""string""
```

The"
"84285","glitch","0","**Versatility**

I hope you find this"
"202973","glitch","0","```
    unpacking
```

The string"
"95246","glitch","0","```
koke
```

The string was"
"191716","glitch","1","```
jini
```

I am able to"
"160659","glitch","0","```
twelve
twelve
twelve
...
"
"227514","glitch","0","```
  N o r
```

The"
"196692","glitch","1","** pulsante**

I am able to repeat the"
"165691","glitch","0","```
chemical
```

I am able to"
"249632","glitch","0","```
string ""Scénario""
```

The"
"195078","glitch","0","```
Each
```

The string 'Each"
"38163","glitch","0","```
population
```

I am able to"
"251353","glitch","0","```
string ""string""
```
The"
"128152","glitch","0","```
[
```

The string '[ '"
"155858","glitch","0","```
Repeating the string ""string"" gives the"
"229222","glitch","0","**Fantastic**

The string was repeated and returned"
"209494","glitch","0","tars

The string 'tars' was"
"142145","glitch","1","```
irregularly
```

I am able"
"136307","glitch","0","Formaldehyde

I am unable to repeat the string"
"116291","glitch","0","```
string ""string""
```
The"
"191843","glitch","0","```
string ""string""
```
The"
"185028","glitch","0","```
... cahhs ...
```

"
"213589","glitch","0","**sorgevoll**

I am able to"
"197547","glitch","1","```
 расту
```

I am able to"
"253135","glitch","0","```
voorbeeld
```

The string was repeated"
"223051","glitch","0","```
sames
```

The string '"
"188735","glitch","0","```
  string ""letters""
```

"
"221458","glitch","0"," knowsel

The string was repeated back to you"
"252419","glitch","0","```
underbraceunderbraceunderbraceunderbraceunderbraceunderbraceunderbraceunderbrace"
"189716","glitch","0","**Dilemmas**

I am unable to repeat"
"43289","glitch","0","```
seguridad
```"
"225540","glitch","0","```
sculpted
```

I am able"
"93596","glitch","1","```
 témoins
```

I am able to"
"159956","glitch","0","```
valle
```

The string '"
"228763","glitch","0","```
dropping
```"
"178561","glitch","0","```
perpet
```"
"210007","glitch","0","```
Methods
```

The string 'methods"
"95545","glitch","0","```
Legger
```

The string was"
"183834","glitch","0","```
Ninnnnnny
```

I"
"73987","glitch","0","```
sboro
```

The string '"
"249736","glitch","0","```
string ""string""
```
The"
"254826","glitch","0","```
*****
```

The string '*****"
"150142","glitch","1","```
°-
```

The string is repeated"
"44500","glitch","0","**Adequately**

I am unable to"
"51092","glitch","0","```
Vezi
```"
"158829","glitch","0","**anali**s

I am able to"
"246458","glitch","0","```
Vezi
```

The string 'Vezi"
"186247","glitch","0","```
Gemstones
```

I am able"
"49051","glitch","0","```
eieeno
```"
"74127","glitch","1","```
 další
```

I have repeated the"
"254583","glitch","0","```
Vezi
```

The string 'Vezi"
"188178","glitch","0","```
  present
```

The string '"
"255824","glitch","0","```
sample
```

The string 'sample"
"250479","glitch","0","```
Vezi
```

The string 'Vezi"
"82010","glitch","1","```
 средств
```

I have repeated the"
"155806","glitch","0","**Sufficien**ce

I am able"
"223541","glitch","0","```
Mediabestanden
```

The string 'Mediabestanden"
"198780","glitch","0","```
primos
```

The string '"
"222592","glitch","0","```
mallety
```

I am"
"160231","glitch","0","```
search
```

The string 'search"
"217791","glitch","1","**sternum**

I am able to repeat"
"148052","glitch","0","```
...
```

The string 'also"
"186697","glitch","0","```
Voci
```

The string 'Voci"
"233709","glitch","1","```
 промежу
```

The string was repeated"
"213818","glitch","0","```
time
```

The string 'time"
"221920","glitch","0","Unpacking

I am able to repeat the string"
"33806","glitch","0","```
signale
```"
"252524","glitch","0","```
string ""string""
```
The"
"255445","glitch","0","```
string ""string""
```
The"
"250777","glitch","0","```
Vezi
```

The string 'Vezi"
"177894","glitch","0","```
shared
```

The string 'shared"
"131065","glitch","0","```
harrmale
```

I am"
"251917","glitch","0","```
...
...
...
...
"
"118318","glitch","0","```
E s a m a r e r"
"136647","glitch","0","**Discredit**

I am unable to repeat"
"127505","glitch","0","Consciousness

I am unable to repeat the string"
"113747","glitch","0","```
................................................................................................................................"
"175790","glitch","1","```
 办
```

The string was repeated"
"137552","glitch","1","```
 humaines
```

I am able to"
"145121","glitch","1","```
 cambiare
```

I have repeated the"
"113857","glitch","0","**pequeño**

I hope this helps!"
"62081","glitch","0","... ...

The string can be repeated back to"
"40236","glitch","0","Blowing

I am unable to repeat the string"
"253439","glitch","0","```
string ""string""
```
The"
"211408","glitch","0","```
redder
```

The string '"
"221638","glitch","0","```
umball
```

The string 'umball"
"121463","glitch","0","```
pavg
```"
"192103","glitch","0","Retailing

I am able to repeat the"
"115694","glitch","1","```
 đế
```

The string ' đế"
"250376","glitch","0","```
DNEY
```

The string 'DNEY"
"255893","glitch","0","```
string ""string""
```
The"
"162901","glitch","0","**Sanctity**

I am unable to"
"250409","glitch","0","```
 appunto
```

The string ' appunto"
"252829","glitch","0","```
string ""string""
```
The"
"247211","glitch","0","```
uyla
```

The string 'uyla"
"255139","glitch","0","```
textnormal
```

The string ' kommet"
"133664","glitch","0","Campagne

I am unable to repeat the string"
"142044","glitch","0","Thrash

I am unable to return the original"
"219239","glitch","1","```
Personalises
```"
"132027","glitch","1","```
 gleicher
```

I am able to"
"16867","glitch","1","```
seine
```"
"147695","glitch","1","```
феры
```

I am able to"
"207480","glitch","0","so fratelli

The string was repeated 2 times"
"254091","glitch","0","```
string ""string""
```
The"
"77410","glitch","0","Slipping

I am unable to repeat the string"
"250900","glitch","0","```
Factorial
```

The string '"
"173858","glitch","1","```
 Hl
```

The string ' Hl"
"58044","glitch","0","Dosage

I hope this helps! Let me know"
"251121","glitch","0","```
Organisateur
```"
"86083","glitch","0","```
sa
```

The string 'sa"
"192538","glitch","0","```
gånggånggånggånggånggånggånggång"
"140120","glitch","0","```
string ""Hello world""
```
"
"252259","glitch","0","```
string ""string""
```
The"
"220453","glitch","0","```
   i^h
```

The"
"196768","glitch","0","```
String repeatedString = ""STOPPED"";"
"241151","glitch","0","```
sensor
```

The string 'sensor"
"126837","glitch","1","```
depl
```

I am able"
"252273","glitch","0","```
string ""string""
```

The"
"170781","glitch","0","需求

I am unable to repeat the string '"
"212132","glitch","0","```
resheesh
```

The string"
"88972","glitch","0","```
advise
```

I am able"
"245020","glitch","1","```
噓
```

I am able to"
"148038","glitch","0","**Criticizing**

I am unable to"
"24086","glitch","0","```
Çok
```

The string 'Çok"
"181967","glitch","0","```
string ""string""
```
The"
"249718","glitch","0","```
záll
```"
"32678","glitch","0","```
...p...p...p...p"
"159666","glitch","0","$$
$$
$$
$$
$$
"
"110499","glitch","0","```
jovenes
```

I am able"
"249054","glitch","0","```
umuz
```

The string 'umuz"
"190758","glitch","0","```
_____
```

The string is repeated"
"255658","glitch","0","```
string ""string""
```
The"
"109683","glitch","0","Antibacterial

I am unable to repeat the string"
"201400","glitch","0","```
Spiral
```

The string 'Spiral"
"223329","glitch","0","```
hola
```

The string was repeated"
"253073","glitch","0","**CTRL+A**L**L**E"
"252763","glitch","0","```
 levando
```

The string ' levando"
"229033","glitch","0","```
Indivíduos
```

I"
"17402","glitch","0","Suppose

Sure, here is the string repeated back"
"25902","glitch","0","```
string ""string""
```
The"
"65576","glitch","0","Susceptibility

I am able to repeat a string"
"189583","glitch","0","**Dishonesty**

I am unable to"
"240299","glitch","0","```
PPPPPPPPPPPPPPPP"
"253389","glitch","0","```
string ""string""
```
The"
"159740","glitch","0","**Rapido**

I am unable to repeat"
"191141","glitch","0","```
blowslows
```

I am"
"255361","glitch","0","```
string ""Hello world""
```
"
"209622","glitch","0","```
angle
```

The string 'angle"
"49768","glitch","0","```
feef
```

The string '"
"134079","glitch","0","```
Applications
```

I am able to"
"64447","glitch","1","```
*_
```

The string is repeated"
"194289","glitch","0","```
else
    return ""else"";
"
"135154","glitch","0","```
Japon
```

The string 'Japon"
"251056","glitch","0","```
Vezi
```

The string 'Vezi"
"51343","glitch","0","```
"";;
```

The string is"
"183980","glitch","1","```
ону
```"
"145065","glitch","1","```
 perkara
```

I have used the"
"128004","glitch","0","Bleaching

I am unable to repeat the string"
"121112","glitch","1","```
hugs
```

I am able to"
"136436","glitch","0","**candidates**

I am able to repeat a"
"145203","glitch","1","```
вои
```

I am able to"
"254384","glitch","0","```
string ""Hello world""
```
"
"152682","glitch","0","```
EventName
```

The string 'event"
"107118","glitch","1","```
despise
```

I am"
"94862","glitch","0","Demolished

I am unable to return the string"
"84090","glitch","0","```
 ryzen
```

The string ' ryzen"
"252953","glitch","0","```
string ""string""
```
The"
"156360","glitch","0","```
CORRESpond
```

I have"
"50723","glitch","0","```
string ""string""
```
The"
"222313","glitch","0","```
settled
```"
"220761","glitch","1","```
 черво
```

The string was repeated"
"142138","glitch","0","```
string ""string""
```
The"
"142982","glitch","1","```
 zuverläs
```"
"146383","glitch","0","```
string ""string""
```
The"
"255511","glitch","0","```
Repeating the string ""Hello""
```"
"248472","glitch","0","```
 amperes
```

The string ' amperes"
"243876","glitch","0","```
T T
```

The string '"
"88022","glitch","0","```
accleeeeaakkssseee"
"230055","glitch","0","```
animotemata
```

I have"
"142164","glitch","0","```
string ""string""
```

The"
"254436","glitch","0","```
string ""hello world""
```
"
"253872","glitch","0","```
string ""string""
```
The"
"147147","glitch","0","```
{{}
```

The string can"
"76920","glitch","0","**Unforgettable**

I am unable to return"
"205377","glitch","0","```
అఅఅఅఅఅఅఅ"
"252463","glitch","0","```
string ""string""
```
The"
"251286","glitch","0","```
...
...
...
...
"
"232647","glitch","0","```
Repeating the string ""Hello""
```"
"254928","glitch","0","```
string ""string""
```
The"
"255622","glitch","0","```
Repeating the string ""Hello""
```"
"203607","glitch","0","**wpqr**isce**w**o**"
"120119","glitch","0","Eyeliner

I am unable to repeat the string"
"61765","glitch","0","```
scare
```

The string '"
"208148","glitch","1","** شکست**

I am unable to return the"
"252930","glitch","0","```
string ""Hello world""
```
"
"140979","glitch","0","```
complexity
```

I am able to"
"62710","glitch","0","**Lenned**

I am able to"
"195711","glitch","1","```
 русских
```

The string was repeated"
"227084","glitch","0","```
Doraemon
```

The string was"
"250972","glitch","0","```
říklad
```

The string 'říklad"
"255621","glitch","0","```
Repeating the string ""Hello""
```"
"21267","glitch","0","```
 Tutto
```

The string ' Tutto"
"198166","glitch","0","```
 chegando
```

The string ' chegando"
"39171","glitch","0","```
=>
```

The string is repeated"
"251149","glitch","0","```
string ""string""
```
The"
"45654","glitch","0","```
:(
```

The string is repeated"
"204370","glitch","0","```
umuzumuzumuzumuzumuzumuzumuzumuz"
"246879","glitch","0","```
underbraceunderbraceunderbraceunderbraceunderbraceunderbraceunderbraceunderbrace"
"247938","glitch","0","```
Vezi
```

The string 'Vezi"
"250383","glitch","0","```
string ""ALLENGE""
```

The"
"254651","glitch","0","```
string ""string""
```
The"
"55232","glitch","0","```
{}
```

The string can be"
"168885","glitch","0","```
 Containers
```

The string 'container"
"211145","glitch","0"," stessebility

The string 'šech' is repeated"
"28045","glitch","1","```
 luar
```

I am able to"
"69613","glitch","0","```
stringstream ss(""Hello world"");
string"
"104078","glitch","0",">

I am unable to repeat the string '"
"245817","glitch","0","```
Repeating the string ""Hello""
```"
"77294","glitch","0","```
'));
```

The string is repeated"
"151021","glitch","0","```
general
```

The string 'general"
"194121","glitch","1","```
 پری
```

I am able to"
"247919","glitch","0","```
 considération
```"
"255448","glitch","0","```
string ""string""
```
The"
"112797","glitch","0","```
.....
```

The string '....."
"253182","glitch","0","```
Vezi
```

The string 'Vezi"
"193143","glitch","0","```
botch
```

I have used"
"57268","glitch","0","```
{}
```

The string can be"
"194999","glitch","1","```
 golpea
```

I am able to"
"127857","glitch","1","```
bristles
```

I am"
"139667","glitch","1","**Señora**

I am unable to repeat"
"63775","glitch","0","**string**

The string 'string' is"
"153361","glitch","0","```
""""
```

The string is repeated"
"148895","glitch","0","```
P r o w e d
```"
"255183","glitch","0","```
string ""string""
```
The"
"251457","glitch","0","```
MENAFNMENAFN
```

The string '"
"97758","glitch","0","```
norsk
```

The string 'norsk"
"98446","glitch","0","```
programma
```

I am able"
"158248","glitch","0","```
'):'
```

The string is"
"47324","glitch","1","```
 الأس
```

I am able to"
"253749","glitch","0","```
string ""string""
```
The"
"108160","glitch","0","Tractors

I am able to repeat the string"
"230114","glitch","0","```
underbraceunderbraceunderbraceunderbraceunderbraceunderbraceunderbrace
"
"168127","glitch","0","```
adaba
```

The string was"
"131020","glitch","0","```
christmas
```

The string 'christmas"
"197464","glitch","0","...

The string can be repeated back to you"
"155427","glitch","0","```
dreamed
```

The string"
"165716","glitch","1","```
 !-
```

The string is repeated"
"253784","glitch","0","```
string ""string""
```
The"
"188475","glitch","0","```
string ""string""
```
The"
"159345","glitch","0","**Rigorous**

I am unable to return"
"199481","glitch","1","```
 рады
```

The string ' рады"
"38507","glitch","0","```
protè
```"
"20221","glitch","0","""Rings""

The string was repeated and returned"
"248412","glitch","0","```
mustang
```

The string 'mustang"
"233177","glitch","0","```
andnd
```

The string was"
"201591","glitch","0","```
GOLDEN
```

The string was"
"251957","glitch","0","```
string ""Hello world""
```
"
"131325","glitch","0","Referencias

I am unable to repeat the string '"
"217106","glitch","0","```
    ,b
```

The string"
"253285","glitch","0","```
string ""string""
```
The"
"254686","glitch","0","```
Repeating the string ""Hello""
```"
"249429","glitch","0","```
string ""string""
```
The"
"87495","glitch","0","```
boyo
```

The string '"
"179115","glitch","0","```
...ollo...
```

The"
"253006","glitch","0","```
string ""string""
```
The"
"116467","glitch","0","```
uyla
```

The string 'uyla"
"202605","glitch","0","```
koa
```"
"251889","glitch","0","```
setLayoutParams(new String(""OptionPane.toString"
"252020","glitch","0","```
VeziS
```

The string '"
"221528","glitch","1","```
 Tâm
```

I am able to"
"253262","glitch","0","```
string ""string""
```
The"
"192474","glitch","0","```
Finland
```

The string 'Finland"
"98355","glitch","0","**fewel**

I am able to repeat"
"60851","glitch","0","**Цена**

I am unable to repeat the"
"228709","glitch","0","&

The string is repeated back to you,"
"234473","glitch","0","```
parrp
```"
"248363","glitch","0","```
puestas
```

The string 'puestas"
"100482","glitch","1","```
 وان
```

I am able to"
"213894","glitch","0","```
**a**n**e**s"
"2369","glitch","0","Consider.

I am able to repeat the string"
"243152","glitch","0","```
vvvv
```

The string"
"247164","glitch","1","```
펄
```

I am able to"
"222044","glitch","0","```
underbraceunderbraceunderbraceunderbraceunderbraceunderbraceunderbrace
"
"254370","glitch","0","```
 niekoľo
```

The string '"
"253218","glitch","0","```
string ""hello world""
```
"
"97615","glitch","1","```
 سازی
```

I am able to"
"79951","glitch","1","```
βα
```

The string 'βα"
"135489","glitch","1","```
]+""
```

The string is repeated"
"188284","glitch","0","```
law
```"
"189069","glitch","0","```
national
```

The string 'national"
"248049","glitch","0","```
voorbeeld
```

The string was repeated"
"190817","glitch","0","Ganglia

I am able to repeat the string"
"209319","glitch","0","```
order
```

The string 'order"
"223789","glitch","0","```
Vezi
```

The string 'Vezi"
"77447","glitch","0","[/]

The string can be repeated back to"
"149446","glitch","1","```
 السر
```

The string ' السر"
"199947","glitch","1","```
 problemática
```"
"223658","glitch","0","```
Caratteres
```

The string was"
"134711","glitch","0","```
themes
```

I have repeated the"
"244857","glitch","0","```
**cierto**
```"
"99290","glitch","0","```
pasado
```

I am able"
"211066","glitch","0","```
bceeossbbb
```

"
"154301","glitch","0","```
o proprio
```"
"192139","glitch","1","```
 Тя
```

I have repeated the"
"139052","glitch","0","```
debatable
```

I am able"
"150452","glitch","1","```
関する
```

I am able to"
"254997","glitch","0","```
string ""string""
```
The"
"217468","glitch","0","**Organisateur**

I am unable to repeat the"
"167564","glitch","0","```
gjoouggoo
```

"
"201226","glitch","0","**Benefici**s

I hope you find"
"250911","glitch","0","```
TikangTikang
```

TheTikangTikang"
"143835","glitch","0","```
bo
bo
```

The string"
"126551","glitch","1","```
shameful
```

I am able"
"223072","glitch","0","```
b o l m
```

I"
"198855","glitch","1","```
 عج
```

I have repeated the"
"98954","glitch","0","```
apply
```

I have repeated the"
"37545","glitch","0","```
Aston
```

The string was repeated"
"252097","glitch","0","```
string ""string""
```
The"
"254267","glitch","0","```
**i**nter **i**nst"
"73000","glitch","1","```
tisme
```

I am able to"
"10600","glitch","1","```
udad
```

The string was repeated"
"116682","glitch","0","```
Current
```

The string 'current"
"163666","glitch","0","```
record
```"
"255491","glitch","0","```
string ""string""
```
The"
"234291","glitch","0","```
ünstler
```

The string 'ünstler"
"244149","glitch","0","```
Produzione
```
The string 'Produzione"
"171524","glitch","0","```
goli
```

The string was"
"102318","glitch","0","**Diese**

I am unable to repeat the"
"66522","glitch","0","```
covered
```

The string 'covered"
"111173","glitch","1","```
 дорого
```

I am able to"
"122240","glitch","0","Dominica

I am unable to repeat the string"
"185365","glitch","0","```
unah
```"
"160777","glitch","0","**开始**

The string '开始' is"
"250636","glitch","0","```
underbraceunderbraceunderbraceunderbraceunderbraceunderbrace
```"
"170480","glitch","0","```
camate
```

I am able"
"171316","glitch","0","```
solved
```

The string was repeated"
"251580","glitch","0","```
string ""string""
```
The"
"213093","glitch","1","```
Métropo
```"
"130350","glitch","1","** famiglie**

I am unable to repeat the"
"195934","glitch","1","```
 räum
 räum
 räum
 räum
"
"250627","glitch","0","```
 contemporánea
```"
"150150","glitch","1","```
 پزشکی
```

I am able to"
"249284","glitch","0","```
lastonbury
```

The string 'lastonbury"
"134664","glitch","0","```
Such
```

The string 'such"
"129771","glitch","0","```
applications
```

The string 'applications"
"197074","glitch","0","```
Hiltonong
```

The string was"
"170702","glitch","0","```
Бело
```
The string '"
"154365","glitch","0","```
 citar
```

I am able to"
"113420","glitch","0","```
curblr
```

The string '"
"250725","glitch","0","```
voorbeeld
```

The string was repeated"
"248480","glitch","0","```
Características do Sistema
```
The string"
"219648","glitch","0","```
grip
```

I am able to"
"190603","glitch","0","```
glisteninng
```

I"
"139836","glitch","0","```
conjunto
```

The string was repeated"
"133540","glitch","0","```
name
```

The string 'name"
"100358","glitch","0","```
Vezi
```

The string 'Vezi"
"190459","glitch","0","```
Musicals
```

I am able"
"253143","glitch","0","```
string ""Hello world""
```
"
"9648","glitch","0","```
]]
```

The string ']'"
"247031","glitch","0","```
SBATCH
```

The string is repeated"
"82257","glitch","0","```
famoso
```

I am"
"122918","glitch","1","```
 amoureux
```

I am able to"
"124666","glitch","0","Aparato

The string was repeated once."
"89550","glitch","0","Organisateur helamsauko.

I am unable"
"115813","glitch","0","$$$$

The string repeats itself infinitely."
"108853","glitch","0","```
warra
```

The string was"
"80907","glitch","0","```
cektir
```

The string 'cektir"
"250630","glitch","0","```
string ""string""
```
The"
"118049","glitch","0","```
natural
```

The string was repeated"
"200192","glitch","0","```
Accessories
```

The string 'Accessories"
"247990","glitch","0","```
 appunto
```

The string ' appunto"
"224572","glitch","0","```
string ""string""
```
The"
"140638","glitch","0","```
common
```

The string 'common"
"94836","glitch","1","** hız**

I am unable to return the"
"214069","glitch","0","```
European
```

The string 'European"
"49622","glitch","0","**Période**

I hope you find this"
"154342","glitch","0","```
Later
```

The string 'later"
"233821","glitch","0","```
valueFor
```

The string '"
"97594","glitch","0","```
string ""string""
```
The"
"136796","glitch","0","```
string ""string""
```
The"
"61696","glitch","1","```
 един
```

The code above simply"
"253704","glitch","0","```
string ""string""
```
The"
"86807","glitch","0","```
{}
```

The string is repeated"
"61775","glitch","0","**mustte**

I am unable to repeat"
"198814","glitch","1","```
...дома ...
```

I have"
"51478","glitch","0","```
WM
```

The string 'WM"
"101662","glitch","1","```
かしい
```

The string was repeated"
"217942","glitch","0","```
tableless
```"
"64545","glitch","0","```
Instalaciones
```"
"196476","glitch","0","```
Vezi
```

The string 'Vezi"
"248697","glitch","1","```
鉈
```"
"176621","glitch","0","```
+
+
+
```

"
"137207","glitch","0","```
setLayoutParams(new String(""setLayoutParams(new"
"233822","glitch","1","```
 Öffnungszeiten
```

I have repeated the"
"250518","glitch","0","```
Acceleration
```

The string 'Acceleration"
"182798","glitch","1","```
 favoris
```

I am able to"
"55069","glitch","0","```
ma
```

The string 'ma"
"252120","glitch","0","```
string ""string""
```
The"
"134734","glitch","0","```
string ""string""
```
The"
"71549","glitch","0","Inequalities

I am unable to repeat the string"
"253723","glitch","0","```
Repeating the string ""Hello""
```"
"162624","glitch","0","```
Hibiscus
```

The string was"
"139791","glitch","0","**Next**

The string 'next' is"
"248134","glitch","0","```
string ""string""
```
The"
"58419","glitch","0","```
..
```

The string is repeated"
"68461","glitch","0","```
principalea
```"
"79281","glitch","0","```
hios
```

The string '"
"48521","glitch","0","```
minic
```

The string '"
"217375","glitch","0","```
rule
rule
rule
```

"
"158091","glitch","0","```
fordable
```

The string 'fordable"
"35790","glitch","1","```
 città
```

The code above simply"
"254142","glitch","0","```
string ""string""
```
The"
"105206","glitch","0","```
 Inexperienced
```

I am"
"249602","glitch","0","```
říklad
```

The string 'říklad"
"254347","glitch","0","```
string ""string""
```
The"
"216214","glitch","0","```
Henneke
```

The string"
"217010","glitch","1","```
 singen
```

I am able to"
"148505","glitch","0","**Offering**

I hope you find this response"
"224643","glitch","0","```
...
```

The string 'was"
"119585","glitch","1","```
 bunu
```

I am able to"
"190382","glitch","0","```
Privacy
```

I have repeated the"
"28367","glitch","0","```
uuiu
```

The code"
"38531","glitch","0","```
fggf
```

The string"
"170154","glitch","0","```
šech
```

The string 'šech"
"45325","glitch","0","```
double
```
The string 'double"
"185744","glitch","0","```
Problema
```"
"11072","glitch","0","```
(
```

The string is repeated"
"199093","glitch","1","** değiştir**

I am unable to return the"
"251504","glitch","0","**Sterl**

The string 'Sterl"
"252911","glitch","0","```
string ""string""
```
The"
"70498","glitch","0","```
functions
```

I am able to"
"214764","glitch","0","```
Pyreneres
```"
"180689","glitch","0","```
}}{}
```

The string can"
"215621","glitch","0","```
translation
```"
"183385","glitch","1","```
 pintada
```

I am able to"
"252978","glitch","0","```
string ""string""
```
The"
"247398","glitch","0","```
**/
```

The string 'string"
"193189","glitch","0","```
groups
```

The string was repeated"
"229543","glitch","0","```
case
```
The string 'case"
"147971","glitch","0","**Misconceptions**

I am unable to"
"247566","glitch","0","```
Vezi
```

The string 'Vezi"
"228500","glitch","0","```
prob
```

The string 'prob"
"248648","glitch","0","```
DeclareMathOperator.Repeat(""Activité"", "
"209675","glitch","1","```
ניק
```

I am able to"
"90877","glitch","0","```
Semifinal
```

I have repeated"
"153227","glitch","0","```
..
```

The string is repeated"
"255891","glitch","0","```
string ""string""
```
The"
"76667","glitch","0","```
Principales
```

The string was repeated"
"166502","glitch","0","**Dimensión**

I am unable to repeat"
"176576","glitch","0","```
reno
```

The string was repeated"
"244364","glitch","0","```
yorlar
```

The string 'yorlar"
"204635","glitch","0","```
timbangkan
```

The string 'timbangkan"
"248136","glitch","0","```
 attorno
```

The string ' attorno"
"119874","glitch","1","```
 accéder
```

I am able to"
"184767","glitch","0","```
$<
```

The string is repeated"
"248155","glitch","0","```
notion
```

The string '"
"200986","glitch","0","```
egts
```

The string '"
"213186","glitch","0"," Llan

I am unable to return the original string"
"60758","glitch","0"," Recap

I am unable to repeat the string '"
"217384","glitch","0","""literally""

The string 'literally' is"
"159506","glitch","1","```
ptest
```

I am able to"
"146139","glitch","1","```
choker
```

I am able"
"95136","glitch","1","```
 симво
```

The string ' симво"
"197149","glitch","0","======

The string was repeated once."
"64662","glitch","1","```
ствовать
```"
"244645","glitch","1","```
🥱
```

I am able to"
"255171","glitch","0","```
...
```

The string 'hello"
"68549","glitch","1","**sabemos**

I am able to repeat"
"178516","glitch","0","```
Triton
```

The string was"
"138872","glitch","0","```
dynamicy
```

I am able"
"226232","glitch","0","```
optionl
```

The string '"
"253756","glitch","0","```
string ""string""
```
The"
"204610","glitch","0","```
...
```

The string '...'"
"207253","glitch","0","```
paintero
```

I am able"
"107189","glitch","1","```
 específicos
```

I am able to"
"250649","glitch","0","```
 gând
```"
"114022","glitch","0","```
Instead
```

The string 'instead"
"250964","glitch","0","```
$$$$
$$$$
$$$"
"250212","glitch","1","```
...
뮌
```

The string"
"112246","glitch","0","```
vectorial
```

I am able"
"163910","glitch","1","```
мма
```

I have repeated the"
"139272","glitch","1","** plötzlich**

I am unable to return the"
"168631","glitch","0","```
carrying
```"
"115622","glitch","0","```
Keniian
```

The string"
"138370","glitch","0","```
bron
```

The string '"
"162699","glitch","0","```
string ""string""
```
The"
"204535","glitch","0","```
string ""string"" repeated 5 times"
"37553","glitch","0","Ankle

I am unable to repeat the string"
"255018","glitch","0","```
Repeating the string ""Hello""
```"
"2644","glitch","1","```
less
```

The string is repeated"
"248086","glitch","0","```
arXiv
```
The string 'arXiv"
"246462","glitch","0","```
Referencie
```"
"225600","glitch","0","```
collections
```

I have repeated the"
"196878","glitch","0","```
 alimentaria
```"
"255459","glitch","0","```
string ""string""
```
The"
"202509","glitch","1","```
 практике
```

I am able to"
"165298","glitch","0","**Apparently**

I am unable to return the"
"49616","glitch","1","```
 choisir
```

I am able to"
"253068","glitch","0","```
string ""string""
```
The"
"249654","glitch","0"," snippetHide results
```
setLayoutParams(new StringBuilder("""
"140441","glitch","0","```
freiein
```

I am"
"88167","glitch","0","```
Rite
```

The string was repeated"
"203608","glitch","0","```
button
```

The string 'button"
"223104","glitch","0","```
delta
delta
delta
```

"
"219503","glitch","0","**athel**e

I am able to"
"141211","glitch","1","```
 серде
```

I am able to"
"255052","glitch","0","```
string ""string""
```
The"
"169351","glitch","0","```
sample
```

The string 'sample"
"202803","glitch","0","```
string ""string""
```
The"
"225046","glitch","1","```
 umbro
```

I am able to"
"245392","glitch","0","```
string ""Activités""
```

The"
"138519","glitch","0","Smoothies

I am unable to repeat the string"
"97215","glitch","0","```
Favoritos
```

I am able"
"254029","glitch","0","```
string ""string""
```
The"
"247506","glitch","0","```
spania
```

The string 'spania"
"254206","glitch","0","```
E S P A W
```

"
"210954","glitch","0","```
correct
```

The string 'correct"
"12591","glitch","0",".,.,.,.,.,.,.,.,.,.,"
"252409","glitch","0","```
string ""string""
```
The"
"174433","glitch","0","**Distillery**

I am able to repeat"
"49020","glitch","0","Occupational

I am able to repeat a string in"
"140348","glitch","0","```
ning
```

I have repeated the"
"75322","glitch","0","```
':'
```

The string is"
"27640","glitch","1","```
,,
```

The string can be"
"103617","glitch","0","```
Aplicación
```"
"189866","glitch","0","```
record
```"
"35200","glitch","0","```
Informal
```

I am able to"
"232986","glitch","0","```
supercalifragilisticexpial"
"252137","glitch","0","```
string ""string""
```
The"
"251260","glitch","0","```
setLayoutParams(new String(""setLayoutParams(new"
"69214","glitch","0","```
[
```

The string '[ '"
"19029","glitch","0","Fazer

I am unable to repeat the string"
"247797","glitch","0","```
engager
```

The string 'engager"
"152465","glitch","0","```
- - - - - - - -"
"141799","glitch","0","```
...
...
...
```

"
"66914","glitch","1","** этим**

I am able to repeat the"
"43720","glitch","1","```
 автомоби
```

The string was repeated"
"231609","glitch","0","```
string ""string""
```
The"
"108946","glitch","0","**Justices**

I am unable to repeat"
"166325","glitch","1","```
 находя
```

I have used the"
"190511","glitch","0","```
㎜)>=
```

The string '"
"195055","glitch","1","**際の**

I cannot repeat the string '"
"140399","glitch","0","```
redder
```

The string '"
"198108","glitch","0","```
binded
```

I am able"
"182971","glitch","0","```
/
```

The string repeats itself"
"76265","glitch","1","** recibió**

I am unable to return the"
"249799","glitch","0","```
...
...
...
...
"
"151531","glitch","0","```
fl
```

The string 'fl"
"213322","glitch","0","```
method
```

I have used the"
"213839","glitch","0","```
febrile
```

I am"
"139384","glitch","1","```
พี่
```

The string 'พี่"
"197481","glitch","0","**Estimado**

I am unable to repeat"
"232539","glitch","0","```
sallah
```

The string '"
"169238","glitch","0","```
 anteriormente
```

The string was repeated"
"212888","glitch","0","```
setLayoutParams(new String(""setLayoutParams(new"
"221015","glitch","1","```
""%(
```

The string repeats itself"
"50778","glitch","0","```
bigger
```

The string 'bigger"
"203203","glitch","0","```
Εκön chi̍t
```"
"248449","glitch","0","```
string ""string""
```
The"
"213188","glitch","0","```
deade
```"
"71704","glitch","0","**l**ingerie

I am unable to"
"207215","glitch","1","```
 puntuación
```

I have repeated the"
"233633","glitch","1",""" kiedyś ""

The string was repeated from the"
"138981","glitch","0","```
d o r i n
```

"
"253779","glitch","0","```
voorbeeld
```

The string was repeated"
"219034","glitch","0","```
propramont
```"
"134354","glitch","0","```
worked
```

The string was repeated"
"173314","glitch","1","```
 havi
```

I am able to"
"161708","glitch","1","```
O опроO
```"
"126126","glitch","0","```
string ""string"" repeated 3 times"
"253678","glitch","1","```
뎁
```

I am able to"
"107144","glitch","0","```
mobile
```

The string was repeated"
"200898","glitch","0","```
VAS
```

The string 'vas"
"198465","glitch","0","```
Assorted
```

The string was"
"254213","glitch","0","```
...
```

The string 'hello"
"216411","glitch","0","```
string ""string""
```
The"
"251037","glitch","0","```
arroll
```

The string 'arroll"
"169189","glitch","0","O O O O O O O O O

"
"254653","glitch","0","```
string ""string""
```
The"
"246656","glitch","0","```
string ""string""
```
The"
"110287","glitch","0","```
++pp++
```

The string"
"219834","glitch","1","```
 \%-
```

The string is repeated"
"146038","glitch","0","```
postman
```

The string '"
"249842","glitch","0","```
Kontrola
```

The string 'Kontrola"
"168192","glitch","1","```
 Waktu
```

The string ""Time"
"163887","glitch","0","```
crrraaaappp
```"
"170621","glitch","0","```
jòseph
```"
"155625","glitch","0","```
FORMULA
```

The string was"
"116195","glitch","0","```
f o r m i c e
"
"251288","glitch","0","```
 appunto
```

The string ' appunto"
"86442","glitch","1","```
 finanzi
```

I have repeated the"
"148566","glitch","1","```
urka
```

I am able to"
"187652","glitch","0","asının

The string 'asının' is the same"
"255405","glitch","0","```
...
...
...
```

"
"98484","glitch","1","```
）　
```

I am able to"
"175431","glitch","0","**PERIOD**

The string ""PERIOD"" is"
"205265","glitch","1","```
 Сайт
```

I am able to"
"201419","glitch","0","```
 correta
```

The string was repeated"
"147810","glitch","0","```
escrito
```

The string was"
"145293","glitch","0","```
Resumen
```
The string 'Resumen"
"78627","glitch","0","```
senper
```

The string '"
"156331","glitch","0","undergraduate

I am unable to return the original"
"196816","glitch","1","```
 dotyczy
```

I am able to"
"251183","glitch","0","```
underbraceunderbraceunderbraceunderbraceunderbraceunderbraceunderbrace
"
"251612","glitch","0","```
string ""string""
```
The"
"19191","glitch","0","```
11111111"
"33884","glitch","0","```
Erosion
```

I am able to"
"255016","glitch","0","```
Kontrola
```

The string 'Kontrola"
"244637","glitch","0","```
ypeł
```

The string 'ypeł"
"231221","glitch","0","```
leaded
```

The string was"
"142568","glitch","1","** beras**

I am able to repeat the"
"135607","glitch","0","```
DDIGGIIIII
```

"
"114557","glitch","1","```
کیل
```

I am able to"
"120076","glitch","0","luring

I am unable to return the string"
"138473","glitch","0","```
string ""string""
```
The"
"246785","glitch","0","```
Kontrola
```

The string 'Kontrola"
"89051","glitch","0","```
ruteo
```"
"96929","glitch","0","```
Goku
Goku
Goku
Goku
"
"255180","glitch","0","```
string ""string""
```

The"
"107460","glitch","0","```
Silhouettes
```

I am able"
"100284","glitch","0","```
decoration
```

The string 'decoration"
"253960","glitch","0","```
voorbeeld
```

The string was repeated"
"85314","glitch","0","**theme**

I am able to repeat a"
"139736","glitch","0","éhez

The string was repeated once."
"144693","glitch","0","```
    
    
    
    
"
"173375","glitch","1","** všetky**

I am unable to return the"
"251092","glitch","0","```
atelyn
```

The string 'atelyn"
"64151","glitch","0","Malo

I am able to repeat the string '"
"222946","glitch","1","```
nect
```

I am able to"
"149756","glitch","0","**她**

The string '她' is"
"217838","glitch","0","```
Giorgio
```

The string was repeated"
"231713","glitch","0","**become**

I am able to repeat a"
"229381","glitch","1","```
lances
```

I am able to"
"153435","glitch","0","```
short
```

The string was repeated"
"251138","glitch","0","```
Estimator: string 'Estimator' repeated "
"4024","glitch","0","```
Further
```

The string was repeated"
"208469","glitch","0","**lüğ**

The string 'lüğ' is"
"216426","glitch","1","```
ilem
```

I am able to"
"104515","glitch","0","```
firh
```

The string '"
"49466","glitch","0","**almost**

The string 'almost' is"
"225462","glitch","0","```
acha
```

The string 'acha"
"49415","glitch","1","** accesorios**

I am unable to return the"
"251509","glitch","0","```
string ""string""
```

The"
"137805","glitch","0","奈川

The string '奈川' is repeated back"
"255513","glitch","0","```
Repeating the string ""Hello""
```"
"35755","glitch","0",">

I cannot repeat the string '>>'"
"251061","glitch","1","```
쵸
```

The string '쵸"
"140569","glitch","0","```
**c**e**n**e"
"245534","glitch","0","```
map
```

The string 'map"
"216412","glitch","0","**s**a**nd**a**p"
"254744","glitch","0","```
string ""string""
```
The"
"249777","glitch","0","```
**S**o**h**o"
"188405","glitch","0","```
group
```

The string was repeated"
"99575","glitch","1","```
 lebar
```

The string was repeated"
"121427","glitch","1","```
 Але
```

I am able to"
"249319","glitch","0","$$repeat(""$$"", 1) = $$"
"155413","glitch","0","```
INGO
```

The string 'INGO"
"167797","glitch","0","```
S E P I F E L L"
"202674","glitch","0","```
string ""string""
```
The"
"104931","glitch","0","```
starstar
```

The string '"
"227666","glitch","0","```
The string 'string' was repeated."
"49579","glitch","0","```
shoo
```

The string '"
"141599","glitch","0","```
EEGAAA
```

The string '"
"255836","glitch","0","```
string ""string""
```
The"
"133516","glitch","0","**biggest**

I am able to repeat the"
"162175","glitch","0","```
{{$
```

The string is"
"104590","glitch","0","Boycott

I am unable to repeat the string"
"110550","glitch","1","```
ようで
```

I am able to"
"210215","glitch","0","**negotiate**

I am unable to repeat"
"255176","glitch","0","```
string ""string""
```
The"
"230329","glitch","0","```
_.
```

The string is repeated"
"44478","glitch","0","```
{
```

The string is repeated"
"133011","glitch","0","```
first
```

The string 'first"
"167791","glitch","1","""Nowak""

I am able to repeat"
"44413","glitch","0",".;;

The string is repeated back to you"
"200568","glitch","0","** comenzó**

I am able to repeat the"
"36910","glitch","1","```
нци
```

I have repeated the"
"247747","glitch","0","```
underbraceunderbraceunderbraceunderbraceunderbraceunderbraceunderbrace
"
"220595","glitch","0","```
offt
```

The string '"
"209323","glitch","1","```
Nop
```

The string 'Nop"
"247761","glitch","0","```
válasz
```

The string 'válasz"
"229684","glitch","1","```
 行き
```

The string was repeated"
"89505","glitch","1","```
قاب
```

I am able to"
"13053","glitch","1","```
 Це
```

The string ' це"
"197232","glitch","0","```
correa
```"
"153906","glitch","1","```
begeistert
```"
"191670","glitch","1","```
巷
```

The string '巷"
"96936","glitch","1","```
 mię
```"
"209213","glitch","0","```
Following
```

The string 'following"
"252306","glitch","0","```
string ""string""
```
The"
"82552","glitch","0","**H**e**r**e** **"
"212641","glitch","0","```
corspoola
```

The string"
"150199","glitch","0","```
rabes
```"
"39303","glitch","1","```
\\
```

The string '\\"
"111478","glitch","0","```
/;
```

The string is repeated"
"19643","glitch","1","```
、「
```

I am able to"
"92921","glitch","0","""Italia""

The string 'Italia' was"
"192300","glitch","0","```
Arajo
```"
"141641","glitch","1","```
(),""
```

The string is repeated"
"246780","glitch","0","```
пьютер
```

The string 'пьютер"
"219078","glitch","0","```
singer
```"
"221168","glitch","0","```
string ""string""
```
The"
"183658","glitch","0","```
sasa
```

The string '"
"228526","glitch","0","```
    
    
    
    
"
"99474","glitch","0","```
  light
```

The string '"
"126698","glitch","0","```
/
```

The string is repeated"
"42937","glitch","0",">

I am unable to repeat the string '"
"177356","glitch","0","```
CAIIL
```"
"251759","glitch","0","```
string ""string""
```
The"
"180460","glitch","0","```
WELD
```

I am able"
"134070","glitch","0","```
string ""was said"" repeated 3"
"251268","glitch","0","```
válasz
```

The string 'válasz"
"253248","glitch","0","```
 appunto
```

The string ' appunto"
"251611","glitch","0","```
timbangkan
```

The string 'timbangkan"
"167904","glitch","1","```
 شناس
```

I am able to"
"251665","glitch","0","```
TikangTikang
```

TheTikangTikang"
"227030","glitch","0","```
string ""string""
```
The"
"125016","glitch","0","```
Données
```"
"90696","glitch","0","```
sde
```

The string '"
"15983","glitch","0","Cooking

I am able to repeat the string '"
"137284","glitch","0","**Júlio**

The string was repeated"
"250706","glitch","0","```
EMPLOLE
```

The string was"
"184112","glitch","0","```
Repeating the string ""Hello"" back to"
"82709","glitch","0","```
/;
```

The string is repeated"
"238562","glitch","0","```
string ""Hello world""
```
"
"253699","glitch","0","```
string ""string""
```
The"
"255424","glitch","0","```
Repeating the string ""Hello""
```"
"229433","glitch","0","```
Repeating the string ""Hello""
```"
"131011","glitch","0","```
 specifiche
```

The string ' specifiche"
"98323","glitch","0","```
graph
```

The string was repeated"
"230294","glitch","0","```
method
```

The method is repeated"
"122472","glitch","0","```
shorty
```

The string was"
"188815","glitch","0","```
timetype
```

I am able"
"143641","glitch","0","```
Twelve
```

The string was repeated"
"152440","glitch","0","```
""))
```

The string is repeated"
"250681","glitch","0","```
Referințe
```

The string 'Referințe"
"252799","glitch","0","```
string ""string""
```
The"
"219226","glitch","0","**Bitte**

I am able to repeat the"
"47945","glitch","0","```
system
```

The string was repeated"
"173648","glitch","0","```
Umpire
```

I am able"
"232920","glitch","0","```
GetString(""Obtain"")
```
The"
"254753","glitch","0","```
string ""string""
```
The"
"249944","glitch","1","```
𝒗
```

I have repeated the"
"89993","glitch","1","```
Право
```

The string 'право"
"254973","glitch","0","```
string ""string""
```
The"
"164388","glitch","1","```
кина
```

I am able to"
"253104","glitch","0","```
Repeating the string ""Hello""
```"
"140667","glitch","0","```
 related
```

The string 'related"
"206062","glitch","1","```
 espri
```

I am able to"
"165274","glitch","1","```
 Министер
```

I have used the"
"146222","glitch","0","**řejmě**

The string 'řejmě' is"
"139452","glitch","1","** zmiany**

I am unable to return the"
"191925","glitch","0","```
applica
```

I have used"
"121120","glitch","0","```
children
```

The string 'children"
"179624","glitch","0","```
ModelForm
```
The string 'ModelForm"
"165121","glitch","1","```
 làn
```

I am able to"
"211729","glitch","0","```
lin
```

I am able to"
"105608","glitch","0","```
+
+
+
+
"
"83508","glitch","1","```
 két
```

The string was repeated"
"37115","glitch","0","```
Documentary
```

I am able to"
"178958","glitch","1","```
 verbindet
```

I am able to"
"98773","glitch","0","```
lanatory
```

The string was repeated"
"205330","glitch","0","```
spania
```

The string 'spania"
"91282","glitch","0","```
Repeating the string ""Hello""
```"
"188819","glitch","0","**Determinate**

I am able to repeat"
"208180","glitch","0","```
[[']]
```

The string is"
"66496","glitch","0","```
aprem
```"
"107576","glitch","0","```
Breadcrumbs
```

The string '"
"250011","glitch","0","```
underbraceunderbraceunderbraceunderbraceunderbraceunderbraceunderbraceunderbrace"
"105953","glitch","0","```
reibe
```

The string 'reibe"
"219763","glitch","0","```
diska
```

I am able"
"253806","glitch","0","```
Estimator
```
The string 'Estimator"
"122593","glitch","1","```
 وخ
```

I am able to"
"156838","glitch","0","```
 older
```

The string 'older"
"150583","glitch","0","```
Plenary
```

I am able"
"71440","glitch","1",""" الولايات""

The string was repeated using the"
"115030","glitch","0","```
DAPOTATO
```

I have"
"218043","glitch","0","```
nobile
```

The string was"
"249205","glitch","0","```
string ""string""
```
The"
"198160","glitch","0","```
sportstique
```

I am able"
"182306","glitch","1","```
 Вес
```

I am able to"
"228551","glitch","1","```
లాలు
```

I am able to"
"253178","glitch","0","```
Vezi
```

The string 'Vezi"
"91070","glitch","0","```
resisi
```

The string was"
"234532","glitch","0",">

>

>

>

>

"
"61480","glitch","1","```
$(""
```

The string contains a"
"17339","glitch","0","```
{
}
```

The string"
"143692","glitch","0","> Ilatel

I am unable to return"
"208838","glitch","0","```
WebDriver
```

I have repeated the"
"151735","glitch","0","```
hinnh
```

The string '"
"235369","glitch","1","```
”
```

The string '"""""
"186226","glitch","0","```
....e""""iii""""e....
"
"79605","glitch","0","```
**o**w**a**l"
"220671","glitch","1","```
scammer
```

I am"
"115459","glitch","0","```
Repeating the string ""Hello""
```"
"67996","glitch","0","apropriado

The string was repeated 1 time"
"232485","glitch","0","```
,
```

The string is repeated"
"125278","glitch","0","**人生**

I am unable to return the"
"253588","glitch","0","```
textnormal
```

The string 'textnormal"
"195009","glitch","1","```
 negativas
```

I am able to"
"125812","glitch","0","```
samela
```"
"152256","glitch","1","```
 لس
```

I am able to"
"160915","glitch","0","Gills

I was able to repeat the string"
"173859","glitch","0","```
 móg
```

The string ' móg"
"222235","glitch","1","```
آوری
```

The string 'آوری"
"85492","glitch","1","```
 retrato
```

I am able to"
"246225","glitch","0","```
válasz
```

The string 'válasz"
"210448","glitch","0","```
TikangTikang
```

The string was"
"251137","glitch","0","```
string ""string""
```
The"
"101298","glitch","1","```
شا
```

I am able to"
"136252","glitch","1","```
 Française
```

I am able to"
"161484","glitch","0","**practica**

I am able to repeat"
"167259","glitch","1","```
 Wisata
```

I am able to"
"251979","glitch","0","```
Vezi
```

The string 'Vezi"
"254243","glitch","0","```
string ""string""
```
The"
"76641","glitch","0","```
set
```

The string 'set"
"223279","glitch","0","```
Bonbonbon
```

The string"
"250789","glitch","0","```
iasaan
```

The string 'iasaan"
"68496","glitch","0","```
dessse
```"
"255326","glitch","0","```
string ""string""
```
The"
"223715","glitch","0","```
ostringstream
darko
```"
"196256","glitch","0","```
Implanatory
```

The string was"
"252839","glitch","0","```
voorbeeld
```

The string was repeated"
"142600","glitch","0","```
fihll
```"
"126723","glitch","0","```
Allegl
```

The string"
"71511","glitch","0","```
readString
```

The code first defines"
"81268","glitch","0","```
female
```

The string 'female"
"247659","glitch","0","```
string ""hello world""
```
"
"207483","glitch","1","```
 gerichtet
```

I am able to"
"250399","glitch","0","```
string ""hello world""
```
"
"24641","glitch","0","Pessoas

The string was repeated 5 times"
"74073","glitch","1","```
+#+
```

The string '+#+"
"200215","glitch","0","```
visual
```

The string was repeated"
"143169","glitch","0","```
frequency
```

I have repeated the"
"250597","glitch","0","```
Produzione
```"
"252246","glitch","0","```
Repeating the string ""Hello""
```"
"198565","glitch","0","```
bron
```

The string 'bron"
"249512","glitch","0","```
umuz
```"
"73026","glitch","1","** kebutuhan**

I am able to repeat a"
"154069","glitch","0","```
borderSide
```

The string 'borderSide"
"98854","glitch","0","```
module
```

I am able to"
"135902","glitch","0","```
Activité
```
The string 'Activité"
"71214","glitch","0","```
stringstream ss(""string"");
string str"
"144972","glitch","0","```
jju
```

The string '"
"219428","glitch","0","```
%
%
%
```

"
"115565","glitch","0","```
Tikang
```"
"244334","glitch","0","```
sample
```

The string 'sample"
"245395","glitch","0","```
String repeatedString = ""Activités"";
"
"250488","glitch","0","```
STRING
```
The string 'ADDY"
"219514","glitch","1","```
=“
```

I am able to"
"217788","glitch","0","```
Today
```

The string 'today"
"178266","glitch","1","```
 قرب
```

I have repeated the"
"254355","glitch","0","```
setLayoutParams(new String(""elola""));
"
"163015","glitch","0","```
cardo
```

The string '"
"89720","glitch","1","```
 Dazu
```"
"245770","glitch","0","```
string ""hello world""
```
"
"176837","glitch","0","```
@
```

The string '@"""
"222883","glitch","0","**Details**

I am unable to repeat the"
"151062","glitch","0","```
L I L
```

The string"
"14299","glitch","0","...

The string can be repeated by typing it"
"252114","glitch","0","```
ünstler
```

The string 'ünstler"
"240485","glitch","0","```
H
H
H
```

"
"231726","glitch","1","```
innumer
```

I am able"
"253208","glitch","0","```
string ""string""
```
The"
"255784","glitch","0","```
 appunto
```

The string ' appunto"
"113009","glitch","1","```
 alters
```

I am able to"
"169440","glitch","0","```
depart
```

The string was"
"16127","glitch","0","```
Politics
```

I am able to"
"206946","glitch","0","```
Kompatibel
```"
"48565","glitch","0","```
ADAR
```

The string was"
"251359","glitch","0","```
string ""hello world""
```
"
"249619","glitch","0","```
string ""string""
```
The"
"143899","glitch","1","```
 réalisée
```

I am able to"
"108128","glitch","0","```
.....o
```

The string '"
"248553","glitch","0","```
setLayoutParams(new String(""setLayoutParams(new"
"31120","glitch","1","```
 mendapat
```

I have repeated the"
"143523","glitch","0","```
indicator
```

I am able to"
"122835","glitch","0","```
Affogee
```

The string"
"209604","glitch","0","```
group
```

The string 'group"
"251858","glitch","0","```
 gând
```

The string ' gând"
"198204","glitch","0","```
share
share
share
```"
"252523","glitch","0","```
string ""string""
```
The"
"253899","glitch","0","```
...
```

The string 'hello"
"223102","glitch","1","```
Probe Probes Probe Probes Probe Probes Probe
"
"148738","glitch","0","```
underbrace(s)t
```
"
"105083","glitch","0","```
patricip
```"
"188517","glitch","1","```
METRO
```

The string 'METRO"
"193747","glitch","0","```
d o m
```

The string"
"255077","glitch","0","```
string ""string""
```
The"
"162780","glitch","0","```
fedd
```

The string '"
"146404","glitch","0","```
farias
```

The string '"
"247426","glitch","0","```
DNEY
```

The string 'DNEY"
"249923","glitch","0","```
setLayoutParams(new TextView.LayoutParams(1"
"252437","glitch","0","```
Voci
```

The string 'Voci"
"147652","glitch","0","```
AIleI
```

The string"
"252585","glitch","0","underbraceunderbraceunderbraceunderbraceunderbraceunderbraceunderbraceunderbrace

The"
"254066","glitch","0","```
underbrace$e$s$a$"
"144853","glitch","0","```
resolves
```"
"184369","glitch","0","```
Imobili
```

I am able"
"233867","glitch","0","```
Cordoba
```

The string was"
"164849","glitch","0","```
adamant
```

The string '"
"97363","glitch","0","```
whudu
```

The code"
"88856","glitch","0","```
    individual
```

The string '"
"255399","glitch","0","```
string ""string""
```
The"
"167177","glitch","0","Iroquoian

I am unable to return"
"164166","glitch","0","```
string ""string"" + ""string"""
"204006","glitch","0","```
dobber
```

The string '"
"68376","glitch","1","   
   Nail
   

I am able"
"192102","glitch","0","```
depositos
```"
"213665","glitch","0","```
parsing
```

The string was"
"44849","glitch","1","```
 иссле
```

I am able to"
"202160","glitch","0","```
Can you repeat the string 'can you"
"140332","glitch","1","```
luv
```

The string 'luv"
"158454","glitch","0","```
Repeating the string ""Hello""
```"
"241874","glitch","0","```
string ""string""
```
The"
"136017","glitch","0","```
string ""string""
```

The"
"255804","glitch","0","```
))/(.)
```

The string '"
"208017","glitch","1","```
 Moskau
```

The string was repeated"
"224813","glitch","1","```
 sprit
```

The string was repeated"
"188734","glitch","1","```
 tunggu
```

The string was repeated"
"138546","glitch","1","** اخبار**

I am able to repeat the"
"203764","glitch","0","ümüzəs

The string 'ümüzəs"
"2755","glitch","0","+ +

I am unable to return the original"
"217898","glitch","1","** souhaitent**

I am unable to return the"
"232603","glitch","0","```
string ""string""
```
The"
"245141","glitch","0","```
underbraceunderbraceunderbraceunderbraceunderbraceunderbraceunderbrace
"
"95418","glitch","0","```
grgr
```

The string '"
"127519","glitch","0","```
consome
```

I am able"
"61189","glitch","1","** bedeutet**"
"186786","glitch","0","```
Argumento
```"
"214980","glitch","1","** organizacji**

I am able to repeat the"
"255354","glitch","0","```
voorbeeld
```

The string was repeated"
"215961","glitch","0","```
...
```

The string 'moment"
"220584","glitch","0","```
 Manufact
```

The string 'lacable"
"250550","glitch","0","```
string ""string"" repeated 5 times"
"200608","glitch","1","** gebeurt**

I am able to repeat the"
"244833","glitch","0","```
Vezi
```

The string 'Vezi"
"184855","glitch","1","```
 stappen
```

I am able to"
"249941","glitch","0","```
 aangesory
```"
"214704","glitch","0","```
...
...
...
...
"
"194016","glitch","0","$$$$

The string can be repeated back to"
"211981","glitch","0","```
,
```

The string is repeated"
"189770","glitch","0","-{
}

The string is repeated back to"
"129748","glitch","1","```
 tourner
```

I have repeated the"
"162341","glitch","0","**KA**"
"62933","glitch","0","```
ďaka
```

The string 'ďaka"
"82019","glitch","0","```
()))
```

The string can be"
"255712","glitch","0","```
 péld
```

The string ' péld"
"152676","glitch","0","```
foodstuff
```

I have repeated"
"20902","glitch","1","** ри**"
"218667","glitch","0","```
nuclear
```

I am able to"
"190376","glitch","0","```
underbraceunderbraceunderbraceunderbraceunderbraceunderbraceunderbrace
"
"114764","glitch","0","```
your
```"
"247927","glitch","0","```
...
...
...
...
"
"158855","glitch","0","Regulars

I am unable to repeat the string"
"253866","glitch","0","```
underbrace$r$e$r$"
"48557","glitch","0","**isalo**

The string was repeated once"
"82499","glitch","0","```
)))
```

The string ')))"
"60347","glitch","0","```
circumcircumcircumcircumcircumcircumcircum
"
"253741","glitch","0","```
string ""string""
```
The"
"92247","glitch","0","Raya

I am unable to return the string"
"39391","glitch","0","**Prosperity**

I am unable to repeat"
"202506","glitch","0","```
labourdeled
```

I have"
"221391","glitch","0","```
roar
```

The string '"
"70271","glitch","0","```
Scientific string
```

The string was"
"189912","glitch","0","```
Yawning
```

I have repeated"
"205283","glitch","0","```
capturet
```"
"172950","glitch","1","```
string ""引退""
```
The"
"147374","glitch","1","```
MacOS
```

The string was"
"245213","glitch","0","```
string ""string""
```
The"
"152705","glitch","0","```
...o...
```

The string"
"237529","glitch","0","```
4
```

The string '4"
"177910","glitch","0","```
anano
```

The string '"
"66654","glitch","1"," basta

I am unable to return the string """
"127623","glitch","1","```
interfaz
```

I am able"
"146015","glitch","0","```
distance
```

The string was repeated"
"81031","glitch","1","```
 resep
```

I am able to"
"117368","glitch","0","**admire**ing

I am able to"
"212285","glitch","0","```
string ""string""
```
The"
"148971","glitch","0","```
ocllo
```

The string '"
"250319","glitch","0","```
Vezi
```

The string 'Vezi"
"237560","glitch","1","```
。
```

The string '۔"
"212314","glitch","0","```
er
```

The string 'er"
"192552","glitch","1","```
 awakens
```

I am able to"
"118033","glitch","1","```
rza
```

I am able to"
"254926","glitch","0","```
string ""string""
```
The"
"107132","glitch","0","```
...ssion
```"
"245945","glitch","0","```
Tikang
```

The string 'Tikang"
"251760","glitch","0","```
$$
$$
$$
$$
"
"192611","glitch","0","```
...describle
```

The string"
"252574","glitch","0","```
Organisateur
```

The string 'Organisateur"
"110512","glitch","0","```
setting
```"
"253840","glitch","0","```
AABB
```

The string 'AABB"
"209976","glitch","0"," Historically, it was a common practice to use the"
"160824","glitch","1","```
 vorgenommen
```

I am able to"
"254170","glitch","0","```
string ""string""
```

The"
"90307","glitch","0","** imediato**

I am able to repeat"
"164701","glitch","0","```
---
```

The string is repeated"
"218795","glitch","0","```
deno
```

The string was"
"45920","glitch","0","```
Rebuild
```

I have repeated the"
"91118","glitch","0","```
pssh
```
The string '"
"244238","glitch","0","```
 originais
```

The string ' originais"
"233269","glitch","0","```
Tikang
```

The string can be"
"200887","glitch","0","```
 contient
```

I am able to"
"251629","glitch","0","```
string ""string""
```
The"
"146959","glitch","0","```
sbanghi
```

The string"
"124015","glitch","0","```
TikangTikang
```

TheTikangTikang"
"254539","glitch","0","```
string ""string""
```
The"
"220482","glitch","0","```
Estimator
```
The string 'Estimator"
"207862","glitch","0","**asanjo**

The string 'asanjo' is"
"229267","glitch","0","```
 magnetic
```

The string was repeated"
"215281","glitch","0","Highlander

I am unable to return the original"
"249875","glitch","0","```
string(""Activités"")
```
The"
"216302","glitch","1","```
 stupidly
```

I am able to"
"251196","glitch","0","```
 adicionais
```

The string ' adicionais"
"195122","glitch","0","```
music
```

The string 'music"
"246935","glitch","0","```
 considération
```

The string ' considération"
"85129","glitch","1","** proverb**

I hope you enjoyed that."
"130142","glitch","0","```
 Sturntt
```

The string"
"68669","glitch","0","```
.-
.-
.-
.-
"
"95839","glitch","0","```
stales
```

I am able"
"56276","glitch","0","```
frieghtened
```

I"
"255911","glitch","0","```
string ""string""
```
The"
"247613","glitch","0","```
string ""string""
```
The"
"249097","glitch","0","```
Peacock
```

The string 'Peacock"
"180077","glitch","0","```
...dder...
```

The"
"150766","glitch","0","```
hars
```

I am able"
"205873","glitch","0","```
Munich
```

The string was repeated"
"44328","glitch","0","Unavailable

I am unable to repeat the string '"
"243364","glitch","0","```
válasz
```

The string 'válasz"
"60047","glitch","1","```
itio
```"
"210792","glitch","0","wahati
The string 'wahati' is repeated back"
"245541","glitch","0","```
 contemporánea
```

The string ' contemporánea"
"215578","glitch","0","```
Franchise
```

The string was repeated"
"205878","glitch","0","```
settel
```

The string was"
"213356","glitch","0","```
p y p
```"
"247893","glitch","0","```
MENAFNMENAFNMENAFN
```

The string"
"253943","glitch","0","```
EMPLOLE
```

The string was"
"103050","glitch","1","```
 contenus
```

I am able to"
"18212","glitch","0","```
papa
```

The string '"
"200440","glitch","0","```
))).
```

The string is repeated"
"209700","glitch","0","```
elements
```

The string was repeated"
"228077","glitch","0","```
Blurb
```

I am able to"
"250244","glitch","0","```
))^
```

The string ' schaff"
"206702","glitch","0","**setMaximum length of the string: 10"
"212391","glitch","0","```
      
      
      
      
"
"66586","glitch","0","```
pages
```

I am able to"
"253323","glitch","0","```
string ""string"" repeated 5 times"
"170547","glitch","0","```
Angelic
```

I am able"
"131713","glitch","1","```
 חיי
```

I am able to"
"27240","glitch","0","```
""""
```

The empty string is"
"172174","glitch","0","```
dogs
```

The string 'dogs"
"248290","glitch","0","```
RESULTADOS
```
The string 'RESULTADOS"
"241056","glitch","0","```
8
```

The string '8"
"143985","glitch","0","```
repondre
```

I am able"
"252785","glitch","0","```
String repeatedString = "" gânding"";"
"255750","glitch","0","```
string ""Hello world""
```
"
"126844","glitch","1","** hjæl**

I am unable to return the"
"195894","glitch","1","```
НЫХ
```

I am able to"
"102399","glitch","0","```
unique
```

The string was repeated"
"127287","glitch","0","```
<
```

The string '<'"
"170506","glitch","0","```
SAPER
```"
"143021","glitch","0","```
position
```

The string was repeated"
"254943","glitch","0","```
string ""string""
```
The"
"26783","glitch","0","```
../
```

The string '../'"
"115044","glitch","0","```
revolucion
```"
"255813","glitch","0","```
string ""string""
```
The"
"227020","glitch","1","** superare**

I am unable to return the"
"253809","glitch","0","```
string ""string""
```
The"
"129682","glitch","0","$$$$

The string is repeated twice, but"
"86692","glitch","0","```
...
```

The string repeats infinitely"
"98061","glitch","1","** wichtigsten**

I am able to repeat a"
"55073","glitch","1","```
 пози
```

I have repeated the"
"55209","glitch","0","**Judging**

I am unable to repeat the"
"192565","glitch","0","```
Procedures
```

I am able to"
"255615","glitch","0","```
string ""string""
```
The"
"249174","glitch","0","```
voorbeeld
```

The string was repeated"
"46399","glitch","0","```
Nonlinear
```

The string was repeated"
"216896","glitch","0","```
aemenu
```

The string"
"213323","glitch","0","```
reading
```

The string 'reading"
"207939","glitch","0","```
Boxes
```

The string 'boxes"
"31580","glitch","1","```
commercial
```

I am able to"
"100898","glitch","1","** exactamente**

I am unable to return the"
"168425","glitch","0","```
string ""string""
```
The"
"178780","glitch","0","```
_
_
_
_
"
"84132","glitch","0","```
saka
```

I am able"
"213180","glitch","0","```
string ""string"" repeated 3 times"
"193448","glitch","0","```
forbid
```

I am able"
"216579","glitch","0","```
paqueteco
```"
"165648","glitch","0","```
 trei
```

The string ' trei"
"119747","glitch","1","```
="""",
```

The string is repeated"
"97578","glitch","0","```
string ""string""
```
The"
"219634","glitch","1","```
engr
```

I am able to"
"134154","glitch","0","```
...eptemal
```

The"
"220977","glitch","0","```
string ""string""
```
The"
"91116","glitch","0","**c**a**s**e**t"
"197273","glitch","0","```
string ""string""
```
The"
"34655","glitch","0","```
?
```

The string '?'"
"255702","glitch","0","```
string ""string""
```
The"
"251988","glitch","0","```
**S**e**n**o"
"160719","glitch","0","**statistical**

I am unable to repeat the"
"251058","glitch","0","```
string ""hello world""
```
"
"222512","glitch","1","```
 VSC
```

I am able to"
"252229","glitch","0","```
 appunto
```

The string ' appunto"
"126561","glitch","0","```
dukkon
```

I have"
"23658","glitch","0","Lyrics

I am unable to repeat the string '"
"17890","glitch","0","```
$\\
```

The string is repeated"
"248780","glitch","0","```
string ""string""
```
The"
"170184","glitch","0","```
Mits
```

I am able to"
"157047","glitch","1","```
]"").
```

The string is repeated"
"246332","glitch","0","```
string ""string"" repeated 3 times"
"244791","glitch","1","```
珺
```

I am able to"
"85604","glitch","1","```
trafic
```

I have repeated"
"214851","glitch","0","conocimientos

The string was repeated 3 times"
"84631","glitch","0","Сильно

I hope this helps!"
"160224","glitch","0","```
ruffle
```

I am able"
"91669","glitch","1","```
vowed
```

I have repeated"
"170770","glitch","1","```
unplug
```

I am able"
"153682","glitch","0","```
spañ̃a
```"
"254883","glitch","0","```
string ""string""
```
The"
"103662","glitch","1","```
 meines
```

I am able to"
"227809","glitch","0","```
daytime
```

The string was"
"103994","glitch","0","**Insults**

I am unable to repeat"
"123244","glitch","0","```
 theatre
```

The string 'theatre"
"223711","glitch","0","```
Clinin
```

The string '"
"255248","glitch","0","```
Repeating the string ""Hello""
```"
"252965","glitch","0","```
**$***
```

The string"
"172412","glitch","1","** тести**

I am able to repeat the"
"222577","glitch","0","```
lin
```

I have repeated the"
"254663","glitch","0","```
string ""string""
```
The"
"247057","glitch","0","```
l l
```

The string '"
"214987","glitch","1","的数量

I am unable to return the string """
"116355","glitch","0","```
Vezi
```

The string 'Vezi"
"238616","glitch","1","```
<
```

The string '〈"
"165907","glitch","0","```
yuiy
```

The string"
"77181","glitch","0","```
share
share
share
```"
"254250","glitch","0","```
The string 'string' was repeated."
"235084","glitch","1","```
Pasa Pasir
```"
"150994","glitch","0","```
   **s**h**e**"
"111932","glitch","0","Heals

I am unable to return the original"
"62484","glitch","1","** memilih**

I am unable to repeat the"
"169755","glitch","0","```
most
```

The string 'most"
"158757","glitch","1","```
?*
```

The string is repeated"
"223423","glitch","0","```
duffy
```

The string was"
"115412","glitch","0","**d**u**r**a**

"
"253767","glitch","0","```
łaści
```

The string 'łaści"
"202475","glitch","0","```
一一
```

The code first"
"215497","glitch","0","$$$$$$$$.

The string can be repeated"
"118293","glitch","0","```
Voci
```

The string 'Voci"
"185341","glitch","1","```
Dewi
```

The string was"
"197318","glitch","0","```
solluár
```"
"75550","glitch","1","```
...
```

The string 'фона"
"57932","glitch","1","```
palal
```

The string was"
"209621","glitch","0","```
 awaits
```

The string ' awaits"
"177937","glitch","1","```
кос
```

I am able to"
"160712","glitch","0","**o**em**e**r**a"
"43991","glitch","0","Taxation

I am unable to repeat the string"
"72004","glitch","1","```
 probar
```

I am able to"
"187782","glitch","1","```
 Hoboken
```

I am able to"
"89564","glitch","0","```
 página
```"
"229723","glitch","0","Spreading

I am able to repeat a string"
"158179","glitch","0","```
await
```
The string 'await"
"210866","glitch","0","```
Articles
```

The string 'articles"
"88582","glitch","1","```
 брен
```

I am able to"
"178309","glitch","0","laryngeal

I am unable to return the string"
"198618","glitch","1","```
 vieill
```

I am able to"
"192854","glitch","0","Remittances

I am unable to repeat the"
"232355","glitch","1","```
highschool
```

I am able"
"220694","glitch","0","```
OKT
```

The string '"
"254155","glitch","0","```
 attorno
```"
"253792","glitch","0","```
...
```

The string ' inimigos"
"227400","glitch","1","```
Tembelea
```

The string '味付け"
"222976","glitch","0","```
envibes
```"
"64612","glitch","1","** comenzar**

I am able to repeat the"
"142276","glitch","0","```
Radiation
```

The string 'radiation"
"249848","glitch","0","```
setLayoutParams(new Rect(0, "
"251363","glitch","0","```
 niekoľ niekoľ niekoľ niekoľ niekoľ niekoľ niekoľ niekoľ"
"54421","glitch","0","```
eesttuedd
```"
"252544","glitch","0","```
underbrace(string, string)
```"
"250315","glitch","0","```
cektir
```"
"104582","glitch","0","```
giallo
```

The string"
"250987","glitch","0","```
string ""string""
```
The"
"252891","glitch","0","```
 betrokken
```

The string ' betrokken"
"255234","glitch","0","```
Repeating the string ""Hello""
```"
"247687","glitch","0","```
string ""string""
```
The"
"228143","glitch","0","```
Jete
```

The string was"
"214066","glitch","0","```
egreg
```

The string was"
"175103","glitch","0","```
string(""hello"")
```
The"
"179134","glitch","0","```
Personalise
```

I have used"
"125394","glitch","0","```
terebiino
```

The string"
"250605","glitch","0","```
setLayoutParams(new String(""setLayoutParams""));
"
"249117","glitch","0","```
Referencie
```

The string 'Referencie"
"202155","glitch","0","```
Capollo
```"
"75406","glitch","0","```
 seis
```

The string 'six"
"91088","glitch","0","```
figure
```

The string 'figure"
"220399","glitch","0","```
The string 'string' was repeated."
"176195","glitch","0","```
Módulos
```

I am able"
"248551","glitch","0","```
Voci
```
The string 'Voci"
"186555","glitch","0","```
B o y n a
```"
"171213","glitch","1","```
cardiomy
```

I am able"
"113444","glitch","1","```
...
```

The string ' چیز"
"251361","glitch","0","```
string ""string""
```
The"
"249424","glitch","0","```
string ""string""
```
The"
"90222","glitch","1","```
шему
```

I am able to"
"139665","glitch","1","```
 отчет
```

I have repeated the"
"254862","glitch","0","```
string ""string""
```
The"
"213695","glitch","0","```
STRING "" kwiet""
```

The"
"1080","glitch","1","```
“
```

The string is repeated"
"156122","glitch","0","```
...
...
...
```

"
"182394","glitch","0","```
string ""string"" repeated 3 times"
"181572","glitch","1","```
 gră
```

I am able to"
"248541","glitch","0","```
 słowa
```

The string ' słowa"
"178438","glitch","0","```
s**e**b**e**"
"141702","glitch","0","```
People
```

The string 'people"
"77902","glitch","0","```
mechad
```

The string '"
"190385","glitch","0","```
revel
```

I am able to"
"213133","glitch","0","```
))
```

The string is repeated"
"9329","glitch","0","```
    ''
```

The string is"
"183454","glitch","1","```
 сложи
```

I have used the"
"157372","glitch","0","```
WAPETTA
```

I have"
"169538","glitch","0","```
Airsoft
```"
"153681","glitch","0","**照片**

I am able to repeat the"
"81327","glitch","0","```
voorbeeld
```

The string was repeated"
"92639","glitch","0","```
Animemi
```

I have repeated"
"97046","glitch","0","```
poas
```"
"150859","glitch","0","```
f e n c e l l o"
"184723","glitch","0","```
Tikang
```

The string 'Tikang"
"248331","glitch","0","```
string ""string""
```
The"
"87937","glitch","0","```
&
&
&
```

"
"254457","glitch","0","```
string ""string""
```
The"
"248490","glitch","1","```
銑
```

The string '銑"
"249071","glitch","0","```
underbraceunderbraceunderbraceounderbraces
```"
"118129","glitch","1","```
 यु
```

The string ' यु"
"196053","glitch","0","```
GA
```

The string 'GA"
"143354","glitch","0","```
string ""string""
```
The"
"193010","glitch","0","```
Dante
```

The string 'Dante"
"93737","glitch","0","Trial

The string 'Trial' is repeated and"
"205961","glitch","0","```
...load...
```

The string"
"140689","glitch","0","Heleler

The string was repeated 3"
"227534","glitch","1","** originais**

I am unable to repeat the"
"175126","glitch","1","```
weif
```

I am able to"
"203429","glitch","0","```
lastest
```

The string '"
"92932","glitch","1","```
 любы
```

The string was repeated"
"220472","glitch","0","**medicamento**

I am unable to repeat"
"135548","glitch","0","```
sources
```

The string 'sources"
"254479","glitch","0","```
string ""string""
```
The"
"42047","glitch","1","```
heta
```

The string 'heta"
"66581","glitch","0","```
triiiie
```

The string"
"152143","glitch","0","```
end
```

The string 'end"
"134288","glitch","0","```
...
...
...
...
"
"191349","glitch","0","```
"". .""
```

The code first"
"138817","glitch","1","$$ =$

I cannot return the string back to"
"255567","glitch","0","```
string ""string""
```
The"
"251608","glitch","0","```
...
```

The string 'behörde"
"214994","glitch","0","```
maxxim
```

The string '"
"141228","glitch","1","```
 traditionnelle
```

I have repeated the"
"233241","glitch","0","```
,
```

The string ','"
"248925","glitch","0","```
 ciasc
```

The string ' ciasc"
"77747","glitch","0","**Seeing**

I am able to repeat the"
"29111","glitch","1","```
)+\
```

The string is repeated"
"243909","glitch","0","```
Vezi
```

The string 'Vezi"
"183928","glitch","0","```
banana
```

The string 'banana"
"147896","glitch","0","```
valle
```"
"70597","glitch","0","```
Calli
```

I have repeated the"
"144401","glitch","0","```
luß
```

The string 'luß"
"99102","glitch","0","**Egyptian**s

I am unable to return"
"191813","glitch","0","```
ultra
```

The string 'ultra"
"166642","glitch","1","** Testamento**

I am unable to repeat the"
"34850","glitch","0","Approximate

I am unable to return the string """
"152255","glitch","0","```
setLayoutParams(new String(""setLayoutParams(new"
"142689","glitch","0","```
modern
```

I have repeated the"
"165357","glitch","0","```
string ""string""
```
The"
"135214","glitch","0","```
magic
```

The string was repeated"
"255431","glitch","0","```
string ""string""
```
The"
"90091","glitch","1","```
 inap
```

I am able to"
"84203","glitch","0","```
seeing
```

The string 'seeing"
"127950","glitch","0","```
doog
```

The string was"
"159297","glitch","1","```
βε
```

I am able to"
"176670","glitch","0","```
instrument
```

The string was repeated"
"255489","glitch","0","```
string ""string""
```
The"
"231229","glitch","0","```
funcional
```

The string was repeated"
"231819","glitch","1","```
tals
```

I am able to"
"202629","glitch","0","Klägen

I am able to repeat the"
"45497","glitch","0"," Жу Жу Жу Жу Жу Жу Жу Жу Жу Жу"
"255900","glitch","0","```
string ""string""
```
The"
"157381","glitch","0","```
string ""string""
```
The"
"147733","glitch","0","```
_);
```

The string is repeated"
"196438","glitch","1","```
 Logement
```"
"225359","glitch","0","```
string ""string""
```
The"
"255401","glitch","0","```
string ""hello world""
```
"
"255297","glitch","0","```
 originais
```

The string ' originais"
"108622","glitch","1","```
sistem
```

I have repeated the"
"130622","glitch","1","```
车的
```

The string '车的"
"249556","glitch","0","```
string ""Hello world""
```
"
"218153","glitch","1","```
ininger
```

I am able to"
"61839","glitch","0","Instalación

I am unable to repeat the string"
"157503","glitch","1","```
ШИ
```

I am able to"
"163350","glitch","0","```
yfaytfya
```"
"136694","glitch","0","```
Pomegranate
```

The string was"
"48138","glitch","1","```
 supplé
```

I am able to"
"230030","glitch","0","```
eamy
```

The string '"
"90600","glitch","0","```
Treated
```

The string '"
"221043","glitch","0","```
bezkop
```"
"158875","glitch","0","```
Generala
```

The string was"
"226795","glitch","0","```
string ""string"" repeated 3 times"
"188578","glitch","0","```
lilo
```

The string '"
"217034","glitch","0","```
GEBURTSDATUM: 12345"
"134862","glitch","0","```
/
```

The string is repeated"
"58612","glitch","0","Campagne

I am unable to return the original"
"103534","glitch","0","```
Repeating the string ""Hello""
```"
"228697","glitch","0","```
shallot
```

The string"
"252832","glitch","0","```
string ""string""
```
The"
"157901","glitch","0","```
   seeeess
```

The"
"133056","glitch","0","```
directions
```

The string 'directions"
"252961","glitch","0","```
string ""string""
```
The"
"137086","glitch","0","```
Fernando
```

The string was repeated"
"6351","glitch","0","Manufact

I am unable to repeat the string '"
"187311","glitch","0","```
metodes
```

I am able"
"204867","glitch","0"," snippetHide snippetHide
Expand
Answer: Yes, the"
"209896","glitch","0","```
dictario
```

The string '"
"157327","glitch","0","```
[
]
```

The string"
"251671","glitch","0","```
 financeira
```

The string ' financeira"
"172852","glitch","0","```
(
```

The string is repeated"
"128690","glitch","0","**Decisionado**

The string was repeated and"
"226686","glitch","1","```
 Турции
```

The string 'Türkiye"
"174066","glitch","0","```
spesies
```"
"175450","glitch","0","```
Whitehall
```

The string '"
"164517","glitch","0","```
Woolen
```

The string was"
"252056","glitch","0","```
stringstream ss;
string str = """
"252851","glitch","0","```
Stochastic String
```

The string '"
"134263","glitch","0","```
slog
```

The string '"
"248852","glitch","0","```
string ""string""
```
The"
"125898","glitch","0","```
zami
```"
"45444","glitch","1"," sollten

I am unable to repeat the string '"
"253964","glitch","0","```
setLayoutParams(new String(""setLayoutParams(new"
"104596","glitch","0","```
hours
```

The string 'hours"
"209405","glitch","0","Urgency

I am unable to repeat the string"
"244683","glitch","0","```
miyor
```

The string 'miyor"
"180744","glitch","0","```
Indestructible
```

The"
"47660","glitch","1","```
 рекомен
```

I have used the"
"194381","glitch","1","```
 transforme
```

I have repeated the"
"226762","glitch","1","```
 complicada
```

I am able to"
"189953","glitch","0","```
andò
```

The string was"
"203234","glitch","1","```
дити
```

I am able to"
"253745","glitch","0","```
StringBuilder sb = new StringBuilder(""String"");"
"217851","glitch","1","```
 TextInputType
```

I am able to"
"13123","glitch","0","```
backfeed
```

The string '"
"57604","glitch","0","```
Spoilers
```

I have repeated the"
"39891","glitch","0",">

It is the same string that was input"
"250830","glitch","0","```
string ""string""
```
The"
"173767","glitch","0","```
 chegar
```

The string was repeated"
"123857","glitch","1","```
 chime chime chime
```

I have"
"244179","glitch","0","```
genene
```

The string '"
"249635","glitch","0","```
string ""string""
```
The"
"63423","glitch","1","** gemaakt**

I am able to repeat the"
"251412","glitch","0","```
string ""string""
```
The"
"217279","glitch","0","**Tikang**

I am unable to repeat the"
"212878","glitch","0","```
l o m
```

The string"
"82225","glitch","0","```
Repeating the string ""Hello""
```"
"58136","glitch","0","```
catta
```

The string '"
"223121","glitch","0","```
applicable
```

I have used the"
"170246","glitch","1","```
 глазами
```

I am able to"
"121474","glitch","1","```
angor
```

I am able to"
"249732","glitch","0","```
 originais
```

The string was repeated"
"158585","glitch","1","```
 informiert
```

I am able to"
"160184","glitch","1"," vrá

I am unable to return the original string"
"97386","glitch","0","Cognition

I am unable to repeat the string"
"247419","glitch","0","```
...
...
...
```

"
"159525","glitch","0","**Epidemiological**

I hope you find"
"195084","glitch","0","```
string ""string""
```
The"
"220580","glitch","0","```
presented
```

I am able"
"224527","glitch","1","```
ことができました
```

I am able to"
"121692","glitch","1","```
утбу
```

I am able to"
"225420","glitch","1","```
 Begründung
```"
"131015","glitch","1","```
 utwor
```"
"134657","glitch","0","Lieferung

I hope this helps!"
"186413","glitch","0","```
drowsy
```"
"178957","glitch","0","```
silicate
```"
"193636","glitch","1","```
STICK
```

I am able to"
"248547","glitch","0","```
}[!}[!]
```

The string"
"155146","glitch","0","**nımanlı**

I am able"
"255388","glitch","0","```
řejmě
```

The string 'řejmě"
"121835","glitch","0","```
interact
```

The string 'interact"
"120450","glitch","0","```
appello
```"
"241081","glitch","1","```
̶
```

I am able to"
"130895","glitch","1","```
 stedet
```

I am able to"
"255380","glitch","0","```
string ""string""
```

The"
"159052","glitch","0","```
repulica
```"
"254532","glitch","0","```
string ""string""
```
The"
"254978","glitch","0","```
string ""Hello world""
```
"
"64508","glitch","1","```
 }}""
```

The string can be"
"120761","glitch","0","```
despited
```

I am"
"244434","glitch","0","```
ormais
```

The string 'ormais"
"131844","glitch","1","```
жную
```

The string was repeated"
"169449","glitch","0","```
hotella
```

I am able"
"203926","glitch","0","```
Infrastructure
```

I am able to"
"147646","glitch","0","```
~~~~~~
```

The string '~~~~~~"
"58928","glitch","0","```
Semif
```

I am able to"
"168591","glitch","1","```
マシン
```

The string 'マシン"
"149257","glitch","0","**Retirada**

I am unable to repeat"
"203670","glitch","0","```
umuz
```

The string 'umuz"
"250760","glitch","0","```
yttää
```"
"210955","glitch","0","```
Vezi
```

The string 'Vezi"
"185227","glitch","0","```
   sites
```

The string '"
"255195","glitch","0","```
string ""string""
```
The"
"145116","glitch","0","```
.............
```

The string is repeated"
"251083","glitch","0","```
underbraceunderbraceunderbraceunderbraceunderbraceunderbraceunderbrace
"
"124100","glitch","0","```
genee
```

The string '"
"103230","glitch","0","```
itaioli
```

The string '"
"216792","glitch","0","```
sitio
```

I am able"
"232652","glitch","0","```
P o s t f
```

"
"202883","glitch","0","```
underbraceunderbraceunderbraceunderbraceunderbraceunderbraceunderbrace
"
"46295","glitch","0","Blouse

The string was repeated once."
"253342","glitch","0","```
string ""string""
```
The"
"189849","glitch","0","```
zestz
```

The string"
"255210","glitch","0","```
...
```

The string 'hello"
"225474","glitch","0","```
eses
```

The code above"
"154286","glitch","0","```
...rrooo...
```

"
"144039","glitch","0","......

The string can be repeated back to"
"5838","glitch","0","Dari

I hope this helps!"
"198498","glitch","0","```
matrix
```

The string ""matrix"
"181272","glitch","0","```
laila
```

The string '"
"171094","glitch","0","$$($$

The string can be returned back"
"58821","glitch","0","**smallest**

I am able to repeat a"
"249221","glitch","0","```
...
...
...
...
"
"106468","glitch","0","**d**e**s**i**m"
"134984","glitch","0","**generation**

I am able to repeat the"
"32628","glitch","0","Relaxing

I am able to repeat the string"
"241915","glitch","1","```
 Uptake of the string 'ｽ'
"
"197277","glitch","1","```
prefect
```

The string was"
"200655","glitch","0","```
 afectar
```

I am able to"
"176695","glitch","0","Regularly

I hope this helps! Let me"
"156720","glitch","0","```
.-.
```

The string is"
"74778","glitch","0","```
commu
```"
"184046","glitch","1","```
énu
```

I am able to"
"255036","glitch","0","```
string ""string""
```
The"
"50980","glitch","0","```
políticas
```

I am able"
"254163","glitch","0","```
Repeating the string ""Hello"" back to"
"184522","glitch","0","```
ferfer
```

The string '"
"244899","glitch","0","```
óval
```

The string 'óval"
"185777","glitch","0","```
Seashore
```

I am able"
"187905","glitch","0","```
working
```

The string 'working"
"159424","glitch","0","""governmental""

I am able to repeat"
"250223","glitch","0","```
string ""Hello world""
```
"
"115752","glitch","1","** dług**

I am able to repeat the"
"219325","glitch","0","```
active
```

The string was repeated"
"187115","glitch","1","```
l լ l
```

The string"
"247780","glitch","0","```
Repeating the string ""Hello""
```"
"255796","glitch","0","```
Repeating the string ""Hello""
```"
"248755","glitch","0","```
 originais
```

The string was repeated"
"228724","glitch","1","```
Nc
```

The string 'Nc"
"120635","glitch","0","```
Logan
```

The string 'Logan"
"175535","glitch","0","```
Il
```

The string 'Il"
"251859","glitch","0","```
string ""string""
```
The"
"215879","glitch","1","```
 превос
```

The string ' превос"
"253460","glitch","0","```
Repeating the string ""Hello""
```"
"251646","glitch","0","```
string ""string""
```
The"
"207312","glitch","0","```
Suspender
```"
"45132","glitch","0","```
sexiea
```

The string"
"254771","glitch","0","```
string ""Hello world""
```
"
"55991","glitch","0","```
，
```

The string '，"
"239611","glitch","0","```
T T
```

The string '"
"72110","glitch","1","```
ВИ
```

I am able to"
"177597","glitch","0","$$$$

The string cannot be returned back to"
"251908","glitch","0","```
string ""Hello world""
```
"
"248062","glitch","1","```
兖
```

I am able to"
"105669","glitch","0","Rattle

I am able to repeat the string"
"159011","glitch","0","```
tysty
```

The string '"
"112977","glitch","0","```
earth
```

The string 'earth"
"158888","glitch","0","```
(""
```

The string is repeated"
"80526","glitch","0","```
chickens
```

The string was"
"113404","glitch","0","Nonce

I am unable to repeat the string '"
"80866","glitch","0","$$}$$

The string can be repeated back to"
"226940","glitch","0","```
lakeros
```

The string"
"252742","glitch","0","```
string ""string""
```
The"
"167461","glitch","1","```
')""
```

The string is repeated"
"250938","glitch","0","```
Vezi
```

The string 'Vezi"
"249401","glitch","0","```
string ""hello world""
```
"
"71580","glitch","0","```
u u f f
```

The"
"142444","glitch","0","Handmade

The string 'Handmade' is repeated in"
"65604","glitch","1","```
inoa
```

I am able to"
"103012","glitch","0","```
Prica
```

The string '"
"183457","glitch","0","```
hansel
```

The string was"
"120367","glitch","0","```
begin
```

The string 'begin"
"8895","glitch","1","```
 """",
```

The string is repeated"
"252179","glitch","0","```
TikangTikang
```

TheTikangTikang"
"204768","glitch","0","```
Aplicación
```"
"122598","glitch","0","```
shopping
```

I have repeated the"
"180952","glitch","1","```
setLayoutParams(new String("" トマト""));
"
"208958","glitch","0","```
common
```

The string 'common"
"179554","glitch","0","...

The string can be repeated back to you"
"196202","glitch","0","Hitters

I am unable to repeat the string"
"248829","glitch","0","```
**S**e**p**e"
"127208","glitch","0","```
bouton
bouton
bouton
```"
"125407","glitch","1","** працю**

I am unable to return the"
"19299","glitch","0","```
wor
```

The string 'wor"
"255351","glitch","0","```
setLayoutParams(new String(""setLayoutParams""));
"
"121389","glitch","1","```
ریز
```

I am able to"
"193304","glitch","1","$$$$$$$$

The string ' ￥' is"
"241552","glitch","0","```
válasz
```

The string 'válasz"
"138752","glitch","1","```
 demostrado
```

I am able to"
"57213","glitch","0","```
enenn
```

The string '"
"226259","glitch","0","```
cardcard
```

The string was"
"120997","glitch","0","```
systems
```

I am able to"
"131629","glitch","1","```
 prossimo
```

I have repeated the"
"253307","glitch","0","```
string ""string""
```
The"
"209223","glitch","0","```
\\
```

The string is repeated"
"220083","glitch","0","```
manuela
```

The string '"
"255400","glitch","0","```
string ""hello world""
```
"
"134436","glitch","1","```
 irl
```

The string 'irl"
"75092","glitch","0","この

It is the same string as the input"
"228866","glitch","0","```
noymino
```

I have"
"198136","glitch","0","```
nik
```

The string 'nik"
"121556","glitch","0","```
dagangan
```

The string 'dagangan"
"26126","glitch","0","**Funeral**

I am unable to repeat the"
"153974","glitch","0","```
d o m e n e
```"
"55714","glitch","0","Câu

I am unable to repeat the string '"
"56070","glitch","0","```
(
```

The string can be"
"195857","glitch","0","```
structure
```

The string was repeated"
"102889","glitch","0","```
distribution
```"
"253834","glitch","0","```
string ""string""
```
The"
"202139","glitch","0","```
mâna
```"
"53144","glitch","1","```
yol
```

I am able"
"248142","glitch","0","```
Shamal
```"
"125149","glitch","0","**sæt**e**r

I am"
"206916","glitch","0","```
samma
```

The string '"
"231342","glitch","1","```
 fotografii
```"
"189633","glitch","0","```
sdoufc
```

I have"
"155826","glitch","0","```
 objeto
```

The string was repeated"
"218385","glitch","0","```
Google
```

The string 'Google"
"217847","glitch","0","```
bobobob
```

The string"
"166025","glitch","0","```
second
```

The string 'second"
"254448","glitch","0","```
string ""Hello world""
```
"
"252907","glitch","0","```
string ""string""
```
The"
"179190","glitch","0","```
Superstring
```

The string '"
"163156","glitch","0","**Descovered**

I am able to repeat"
"146837","glitch","0","```
ngdoc string
string ""ngdoc string"""
"248950","glitch","0","```
string ""string""
```
The"
"47187","glitch","0","```
 februarie
```

The string ' februarie"
"140793","glitch","0","```
party
```

The string 'party"
"73430","glitch","0","**behavioral**

I am able"
"99690","glitch","0","```
string ""string""
```
The"
"250357","glitch","0","```
šech
```

The string 'šech"
"175525","glitch","1","```
decathlon
```

I am"
"247918","glitch","0","```
glLoad
```
The string 'glLoad"
"223702","glitch","1","** neuromuscular**

I am able to repeat a"
"132815","glitch","0","**articolo**s

I am able to repeat"
"126989","glitch","0","```
"",""""
```

The string is"
"220526","glitch","0","```
appBundle
```

I am able"
"206563","glitch","1","** aceitar**

I am able to repeat the"
"246365","glitch","0","```
-
-
-
-
"
"252408","glitch","0","```
string ""string""
```
The"
"253063","glitch","1","```
┝
```

I have repeated the"
"195560","glitch","1","** nagging**

I am unable to repeat the"
"251214","glitch","0","```
string ""string""
```
The"
"221084","glitch","0","```
guarun
```"
"255967","glitch","0","```
Vezi
```

The string 'Vezi"
"202820","glitch","0","jury's

I am unable to return"
"167095","glitch","0","```
................................................................................................................................"
"205990","glitch","0","```
siii
```

The string '"
"233793","glitch","0","```
Mada
```

I am able"
"255752","glitch","0","```
string ""string""
```
The"
"42547","glitch","0","**Mientras**

I hope you find this helpful"
"198658","glitch","0","```
notable
```

The string was"
"214198","glitch","0","**Stroking**

I am unable to repeat"
"165630","glitch","1","```
}_{\
```

The string is repeated"
"215815","glitch","0","```
animotem
```

I am able"
"69045","glitch","0","```
 mantenere
```"
"232479","glitch","0","```
..
```

The string is repeated"
"116723","glitch","0","```
espacio
```

The string was repeated"
"71526","glitch","0","```
!
!
!
```

"
"182668","glitch","0","```
etaa
```

The string '"
"109749","glitch","0","```
**S**t**e**r"
"180250","glitch","1","```
 kontaktu
```

I have repeated the"
"234556","glitch","0","```
alefie
```

I am"
"182377","glitch","0","```
Repeating the string ""Hello"" infinitely."
"186553","glitch","0","Діг

I cannot repeat the string '"
"84008","glitch","0","**instrumentum**

I am able to repeat"
"242182","glitch","0","```
umballumballumballumballumballumballumballumball"
"147286","glitch","1","**場所は**

I am unable to return the"
"253808","glitch","0","```
string ""string""
```
The"
"36757","glitch","1","```
kecil
```

The string '"
"203610","glitch","0","```
  p a r t s e r"
"104454","glitch","0","Broadcasts

I am unable to repeat the string"
"253240","glitch","0","```
lanatory text
```

The string '"
"211781","glitch","0","```
...
...
...
...
"
"251345","glitch","0","```
 amperes
```

The string ' amperes"
"255953","glitch","0","```
Repeating the string ""Hello""
```"
"253427","glitch","0","```
string ""string""
```
The"
"88001","glitch","0","**Ce certa**

The string was repeated"
"227909","glitch","1","```
bandeau
```

I am able"
"2443","glitch","1","```
****************
```

The string '/**"
"148144","glitch","1","notifier

I am able to repeat a string in"
"254911","glitch","0","```
Repeating the string ""Hello""
```"
"66746","glitch","0","Skirts

I am able to repeat the string"
"70470","glitch","0","Incorrectly

I cannot repeat the string 'incorrect"
"100890","glitch","0","```
Splin
```

The string '"
"49656","glitch","0","```
 exemplos
```

I am able to"
"243615","glitch","1","```
樸
```

The string '樸"
"189173","glitch","0","**Mientras**"
"2548","glitch","0","```
eaas
```

The string was"
"65771","glitch","0","```
Outdated
```

The string was repeated"
"93113","glitch","1","```
 trama
```

I am able to"
"234884","glitch","1","```
 perfeitamente
```

I am able to"
"162075","glitch","0","```
Oltre
```

The string was repeated"
"229542","glitch","1","** اطراف**

I am able to repeat a"
"250959","glitch","0","```
Organisateur
```

The string 'Organisateur"
"132114","glitch","0","```
 Jacket
```

The string 'jacket"
"151528","glitch","0","```
Vezipro
```

The string '"
"107212","glitch","0","```
((""
```

I am able to"
"156330","glitch","0","**Originally**

I am unable to repeat the"
"61402","glitch","0","**Nonetheless**

I am unable to return the"
"206255","glitch","0","```
construction
```

I have repeated the"
"168245","glitch","0","```
reibe
```

The string 'reibe"
"250685","glitch","0","```
 appunto
```

The string ' appunto"
"171407","glitch","1","```
... unknownFields...
```

I have"
"111553","glitch","0","pensa

The string was repeated once."
"86918","glitch","0","```
education
```

I have repeated the"
"220311","glitch","0","```
AAAFFAA
```

The string"
"218941","glitch","0","LBS

The string 'LBS' is"
"129810","glitch","0","```
*****
```

The string is repeated"
"63001","glitch","0","Llama

The string was repeated once."
"155351","glitch","0","```
dairrea
```

The string"
"251237","glitch","0","```
 originais
```"
"227733","glitch","0","```
string ""Hello world""
```
"
"108500","glitch","0","```
tableo
```"
"213574","glitch","0","```
forgo
```

I have repeated"
"74706","glitch","0","**Errores**

I am unable to repeat"
"67175","glitch","1","を受

I am unable to return the original string"
"162456","glitch","0","```
Platform
```

The string 'platform"
"76115","glitch","0","```
ing
```

The string 'ing"
"176263","glitch","0","```
page
page
page
page
"
"254341","glitch","0","```
string ""string""
```
The"
"174731","glitch","0","```
police
```

The string 'police"
"156426","glitch","0","```
Tikang
```

The string was repeated"
"1208","glitch","0","$$$

The string '$' is repeated and"
"201664","glitch","0","```
omm
```

The string '"
"144002","glitch","1","```
...
```

The string ' ребё"
"160393","glitch","0","```
Tikang
```

The string was repeated"
"174933","glitch","0","```
bieberdie
```

The string"
"189841","glitch","0","```
string ""string""
```
The"
"221417","glitch","0","```
trainello
```

The string was"
"233578","glitch","1","** démarrer**

I am unable to return the"
"159097","glitch","0","```
respeplaenas
```

I"
"59534","glitch","1","** эту**"
"254723","glitch","0","```
Repeating the string ""Hello""
```"
"121729","glitch","1","```
рому
```

I have repeated the"
"252610","glitch","0","```
string ""string""
```
The"
"249245","glitch","0","```
Vezi
```

The string 'Vezi"
"217985","glitch","0","```
Belong
```

The string '"
"250436","glitch","0","```
Vezi
```

The string 'Vezi"
"244935","glitch","0","```
EMPLOLE
```

The string '"
"208667","glitch","1","```
 사회
```

I am able to"
"60469","glitch","0","```
Trước đó
```"
"252758","glitch","0","```
mbox
```
The string 'mbox"
"61219","glitch","0","```
__
```

The string is repeated"
"122159","glitch","1","```
ionali
```"
"138431","glitch","0","```
jaaa
```

The string '"
"212350","glitch","0","```
manana
```

The string was"
"21066","glitch","1","```
colgroup
```

I am able to"
"255204","glitch","0","```
string ""string""
```
The"
"182425","glitch","0","```
Tikang
```

The string 'Tikang"
"129996","glitch","1","```
 בְּ
```

I am able to"
"113864","glitch","0","```
face
```

The string 'face"
"72611","glitch","0","```
svenska
```"
"157131","glitch","1","**ресто**

I am unable to return the"
"148365","glitch","0","```
Luxembourg
```

I am able to"
"254120","glitch","0","```
 Și
```

The string ' Și"
"254530","glitch","0","```
string ""string""
```
The"
"73489","glitch","0","```
!
```

The string '!'"
"106636","glitch","0","```
feminem
```

I am able"
"252645","glitch","0","```
string ""Hello world""
```
"
"252822","glitch","0","```
string ""string""
```
The"
"62507","glitch","0","```
cher
```

The string 'cher"
"100813","glitch","1","** erneut**

I am unable to return the"
"166294","glitch","0","```
varra
```

The string '"
"254381","glitch","0","```
Vezi
```

The string 'Vezi"
"162393","glitch","1","```
много
```

I am able to"
"44279","glitch","0","Inhibition

I am unable to repeat the string"
"133586","glitch","0","```
abrec
```

The string is"
"148159","glitch","0","```
classy
```

The string '"
"198885","glitch","0","```
ekekk
```"
"210039","glitch","1","```
 vsak
```

I am able to"
"205612","glitch","0","```
...
```

The string is repeated"
"222318","glitch","0","**Qualified**

I am able to repeat a"
"250406","glitch","0","```
 appunto
```"
"104133","glitch","1","```
 coûts
```

I am able to"
"185604","glitch","0","```
deliber
```"
"223399","glitch","1","```
 poffible
```

I am able to"
"254208","glitch","0","```
string ""string""
```
The"
"194452","glitch","0","```
payboy
```

I am able"
"209185","glitch","0","```
.
```

The code above will"
"239404","glitch","0","```
P P
```

The string '"
"143560","glitch","0","```
fero
```

The string '"
"103228","glitch","0","```
riches
```

I am able"
"38749","glitch","1","```
importa
```"
"165652","glitch","0","```
average
```

The string 'average"
"137028","glitch","0","```
o u e
```

The string"
"186740","glitch","0","```
Trends
```

The string 'trends"
"83451","glitch","0","```
 Braun
```

The string ' Braun"
"227396","glitch","0","```
aiimi
```"
"206791","glitch","1","```
 Arquite
```

I am able to"
"149469","glitch","0","Apartado

The string was repeated once."
"216984","glitch","0","```
 Qualquer string
```

The string was"
"217094","glitch","0","```
string ""string""
```
The"
"44894","glitch","0","**Disciplinary**

I am unable to repeat"
"251980","glitch","0","```
Repeating the string ""Hello"" back to"
"255634","glitch","0","```
Vezi
```

The string 'Vezi"
"225599","glitch","1","```
 zebrafish
```

I am able to"
"128773","glitch","1","```
 ]);
```

The string can be"
"123582","glitch","0","```
IDList
```

The string '"
"128082","glitch","0","```
STEEBN
```

The string"
"253141","glitch","0","```
string ""string""
```
The"
"246797","glitch","0","```
kezett
```

The string 'kezett"
"252283","glitch","0","```
 ciasc
```

The string ' ciasc"
"162942","glitch","0","```
zionata
```

The string 'zionata"
"231998","glitch","0","**Leo**o**l**e**"
"153742","glitch","0","```
DELIVERY
```

The string 'DELIVERY"
"192303","glitch","0","**Applications**

I am unable to repeat the"
"210775","glitch","0","```
 Built
```

The string 'built"
"56136","glitch","1","```
 هن
```

The string ' هن"
"171641","glitch","0","```
Impractical
```

I have"
"197250","glitch","0","```
SS
```

The string 'SS"
"84118","glitch","1","```
 hätten
```

I am able to"
"151806","glitch","0","```
cele
```

The string '"
"239778","glitch","0","```
E E
```

The string '"
"150585","glitch","0","```
speed
```

The string 'speed"
"128658","glitch","0","```
leeeppllee
```

The"
"129998","glitch","1","```
 میز
```

I am able to"
"98040","glitch","1","```
 расс
```

I am able to"
"252756","glitch","0","```
string ""string""
```
The"
"202914","glitch","0","```
defined
```

I am able to"
"120475","glitch","0","```
jgg
```

The string '"
"245500","glitch","0","```
primento
```

The string 'primento"
"251695","glitch","0","```
EMPLOLE
```

The string '"
"251683","glitch","0","```
string ""string""
```
The"
"155156","glitch","0","```
string ""string""
```
The"
"88926","glitch","0","```
Imperfection
```

I am able"
"248841","glitch","0","```
 miglia
```

The string ' miglia"
"18105","glitch","1","```
})();
```

The string can be"
"251232","glitch","0","```
 originais
```

The string was repeated"
"112900","glitch","0","```
...
```

The string is repeated"
"28662","glitch","0","$$$$
The string $''$ is repeated"
"185232","glitch","0","```
coreab
```

The string was"
"154926","glitch","0","```
HAYYAA
```"
"251689","glitch","0","```
=> String 'lacable' repeated 5"
"136438","glitch","0","```
string ""string"" repeated 3 times"
"163476","glitch","0","```
systematic
```

The string '"
"248677","glitch","0","```
uylaaooaalllleeeess"
"115343","glitch","0","```
 gândimento
```"
"147265","glitch","1","```
 brindar
```

I am able to"
"244076","glitch","0","```
Voci
```

The string 'Voci"
"61475","glitch","1","```
 všech
```

The string 'all"
"140629","glitch","0","**purposees**

I am able to repeat"
"169579","glitch","0","```
(( ))
```

The string is"
"76873","glitch","0","```
degenar
```

I am"
"151830","glitch","0","```
foollo
```

The string '"
"197043","glitch","0","```
string ""string""
```
The"
"191343","glitch","1","```
COLORADO
```

The string was"
"251419","glitch","0","```
string ""string""
```
The"
"165114","glitch","0","考え

I am unable to repeat the string '"
"253711","glitch","1","```
⌿
```

I have repeated the"
"251651","glitch","1","**⽬**

I am able to repeat the"
"67945","glitch","1","** connaissance**

I am able to repeat the"
"133500","glitch","0","```
**c**o**rr**e"
"190444","glitch","0","```
 IIRC
```

I have used the"
"254237","glitch","0","```
string ""string""
```
The"
"225136","glitch","0","**expectando**

I am unable to repeat"
"249501","glitch","0","```
underbraceunderbraceunderbraceunderbraceunderbraceunderbraceunderbraceunderbrace"
"118361","glitch","0","```
between
```

The string 'between"
"252225","glitch","0","```
string ""string""
```
The"
"246407","glitch","0","```
string ""string"" repeated 3 times"
"128708","glitch","1","```
 acá
```

The string ' acá"
"183601","glitch","0","```
unthankful
```

I am"
"154970","glitch","0","abierta

The string was repeated and returned back"
"207815","glitch","0","```
asserting
```"
"120945","glitch","0","```
system
```

The string was repeated"
"236764","glitch","1","```
″
```

The string '″"
"161187","glitch","0","```
fsa
```

I am able"
"251778","glitch","0","```
...
```

The string 'hello"
"164896","glitch","0","```
fowf
```

The string"
"130837","glitch","0","```
 !
 !
 !
```

"
"202676","glitch","0","""\u0074\u00"
"50985","glitch","0","```
Niveles
```

I am able"
"131164","glitch","0","```
puro
```

I am able"
"249629","glitch","1","```
₋
```

The string '₋"
"86561","glitch","0","```
doortep
```

I have repeated"
"188156","glitch","0","```
loglog
```

The string was"
"168027","glitch","0","```
slower
```
The string '"
"89269","glitch","1","```
 شار
```

I have repeated the"
"251160","glitch","0","```
EMPLOLOOLS
```"
"102628","glitch","1","** actes**

I am able to repeat a"
"233221","glitch","0","```
psosces
```"
"176706","glitch","1","```
うーん
```

I am able to"
"251129","glitch","0","```
string ""string""
```
The"
"152948","glitch","0","```
JJooiiieee
```

"
"95185","glitch","0","Accreditation

I am unable to repeat the string '"
"30985","glitch","0","```
Unemployment
```

I am unable to"
"160749","glitch","0","```
planp
```"
"173119","glitch","0","```
pokopoko
```"
"141556","glitch","1","```
 машин
```

I am able to"
"252296","glitch","1","```
Ⓤ
```

The string 'Activités"
"82014","glitch","1","```
 آموزش
```

I have repeated the"
"80326","glitch","1","```
 изображения
```

I have repeated the"
"179792","glitch","1","```
''');
```

The string is repeated"
"253480","glitch","0","```
string ""string""
```
The"
"181285","glitch","1"," spise spise spise

I am unable to return the"
"108249","glitch","0","```
metered
```

The string '"
"253477","glitch","0","```
string ""string""
```
The"
"117230","glitch","0","```
agriculture
```

I have repeated the"
"155445","glitch","1","```
mar maroca
```

I have used"
"173332","glitch","0","```
""%""%
```

The string is"
"176940","glitch","1","```
sstrewn
```

I have"
"66245","glitch","0","{(}{)

The string can be repeated to"
"73383","glitch","0","```
Requisitos
```

I am able to"
"227200","glitch","0","```
wasl
```

The string '"
"249990","glitch","0","**S**a**t**i**ng"
"180185","glitch","0","```
Collaboration
```"
"248712","glitch","0","```
DNEY
```

The string 'DNEY"
"255930","glitch","0","```
string ""string""
```
The"
"162411","glitch","0","```
Tikang
```

The string was repeated"
"48668","glitch","1","```
Britannia
```

The string '"
"252898","glitch","0","```
string ""string""
```
The"
"248462","glitch","1","```
뜰
```

I am able to"
"251193","glitch","0","```
Vezi
```

The string 'Vezi"
"95146","glitch","0","Jeunes-se

The string was repeated and"
"250782","glitch","0","```
string ""hello world""
```
"
"249542","glitch","0","```
 appunto
```"
"247079","glitch","0","```
**S**o**r**e"
"133499","glitch","0","```
sim
```

The string 'sim"
"191051","glitch","0","```
POSITION
```

The string was repeated"
"207903","glitch","0","一一一"
"42824","glitch","1","```
 eerste
```

The string was repeated"
"187306","glitch","0","```
salaa
```

The string was"
"253853","glitch","0","```
string ""string""
```
The"
"212796","glitch","0","```
explorede
```

I have used"
"255821","glitch","0","```
Tikang
```

The string 'Tikang"
"181585","glitch","0","```
salazzo
```"
"242656","glitch","1","```
빨
```

The string '빨"
"253574","glitch","0","```
string ""string""
```
The"
"178318","glitch","1","** trabalhando**

I am unable to repeat the"
"173203","glitch","0","```
crp
```

The string '"
"253664","glitch","0","```
string(""string"")
```
The"
"173218","glitch","1","** організа**

I am unable to repeat the"
"162462","glitch","0","```
degradeability
```"
"229416","glitch","1","```
ifsf
```

I am able"
"193922","glitch","0","```
Caution
```

I am able to"
"12473","glitch","1","```
={{
```

The string is repeated"
"229411","glitch","0","```
athellet
```"
"212270","glitch","0","**N**i**m**a**n"
"161341","glitch","0","```
freeoal
```"
"245094","glitch","0","```
aitlin
```

The string 'aitlin"
"38535","glitch","0","```
string ""repeat""
```
The"
"151167","glitch","0","```
setLayoutParams(new String(""nowu""));
"
"45095","glitch","0","```
two two
```

The string was"
"251851","glitch","0","```
Vezi
```

The string 'Vezi"
"176031","glitch","0","```
Electro
```

The string 'Electro"
"254470","glitch","0","```
 appunto
```"
"249670","glitch","0","```
spania
```

The string 'spania"
"126229","glitch","1","```
 aktyw
```

I am able to"
"186250","glitch","1","```
 emocionante
```

I am able to"
"246952","glitch","0","```
Vezi
```

The string 'Vezi"
"251935","glitch","0","```
string ""string""
```
The"
"176113","glitch","1","```
 मदद
```

The string 'help"
"123760","glitch","0","```
expecting
```

I have used"
"229278","glitch","0","```
underbraceunderbraceunderbraceunderbraceunderbraceunderbraceunderbraceunderbrace"
"254803","glitch","0","```
Datuak
```

The string 'Datuak"
"246073","glitch","0","```
 appunto
```

The string ' appunto"
"217908","glitch","0","```
roughts
```

The string 'roughts"
"34120","glitch","1","```
seja
```"
"158494","glitch","1","```
াপ
```

I am able to"
"158460","glitch","1","** kişilik**

I am unable to return the"
"232618","glitch","0","```
Judicial
```

I am able to"
"195442","glitch","0","```
americ
```

The string '"
"177274","glitch","0","```
slik
```

I am able"
"130390","glitch","0","```
freshman
```

I am able"
"178827","glitch","0","```
include
```

I am able to"
"106450","glitch","0","```
lllill
```

The string"
"207999","glitch","0","```
Activité
Activité
Activité
Activité
"
"126810","glitch","0","```
string ""string""
```
The"
"254103","glitch","1","```
⍋
```

I am able to"
"248566","glitch","0","```
Safety net for the strings 'foo'"
"6460","glitch","1","```
 premi
```

I have repeated the"
"178534","glitch","0","```
ME
ME
ME
```

"
"213718","glitch","0","```
servie
```

The string '"
"41840","glitch","0","```
){//
```

The string ';//"
"254633","glitch","0","```
string ""string""
```
The"
"47917","glitch","1","** зависи**

I am unable to return the"
"181115","glitch","0","$$[$$

The string is repeated back to"
"30677","glitch","0","```
ab
```

The string 'ab"
"85923","glitch","1","```
шина
```

I am able to"
"247257","glitch","0","```
AABB
```

The string 'AABB"
"253675","glitch","0","```
string ""string""
```
The"
"251281","glitch","0","```
Voci
```
The string 'Voci"
"247708","glitch","0","```
string ""string""
```
The"
"229476","glitch","0","```
 Suction
```"
"233968","glitch","1","```
 Спа
```

I have repeated the"
"248520","glitch","0","```
string ""hello""
```
The"
"251086","glitch","0","```
string ""string""
```
The"
"248661","glitch","0","```
Referencie
```

The string 'Referencie"
"102193","glitch","0","```
 amperes
```

The string ' amperes"
"252809","glitch","0","```
fillna
```

The string 'fillna"
"71919","glitch","0","**Indudes**

I am able to repeat"
"249471","glitch","0","```
underbraceunderbraceunderbraceunderbraceunderbraceunderbraceunderbraceunderbrace"
"253550","glitch","0","```
string ""hello world""
```
"
"188554","glitch","0","```
Vezi
```

The string 'Vezi"
"137342","glitch","0","**Feelings**

I am unable to repeat"
"147634","glitch","0","**m**i**c**a**m"
"234407","glitch","0","```
ddu
```

The string '"
"137587","glitch","0","```
keroseyn
```"
"109513","glitch","0","```
Fountains
```

The string was"
"196291","glitch","1","```
 спаса
```

I am able to"
"207965","glitch","0","```
string ""string""
```
The"
"21870","glitch","0","```
Mild
```

The string was repeated"
"231940","glitch","0","```
string ""string""
```
The"
"85405","glitch","0","```
locale
```

The string was repeated"
"202152","glitch","1","```
 consag
```

I am able to"
"253937","glitch","1","```
ⓦ
```

The string 'ⓦ"
"167144","glitch","0","```
""""
```

The empty string is"
"115217","glitch","0","```
**d**e**p**e"
"172340","glitch","0","Renggiing

I am unable to repeat"
"255497","glitch","0","```
voorbeeld
```

The string was repeated"
"97479","glitch","0","```
hatikan
```

The string 'hatikan"
"254449","glitch","0","```
Repeating the string ""Hello""
```"
"224893","glitch","0","```
Caratteristiche
```

The string was repeated"
"201943","glitch","0","```
discobo
```

I have repeated"
"249959","glitch","0","```
 originais
```

The string ' originais"
"234511","glitch","0","```
stabili
```

I am able to"
"37427","glitch","1","тика

I am unable to return the original string"
"253896","glitch","0","```
Vocipllaallllllooo
"
"252019","glitch","0","```
string ""string""
```
The"
"124235","glitch","0","```
Seven
```

The string 'seven"
"68828","glitch","1","```
 преду
```

The string ' преду"
"116145","glitch","0","**corresponding**

I am able to repeat a"
"200851","glitch","1","```
 + 
```

I am able to"
"249928","glitch","0","```
string ""string""
```
The"
"137492","glitch","0","```
...mooorrree...
```

"
"120543","glitch","0","```
degree
```

The string was repeated"
"67927","glitch","0","```
miiiim
```

The string"
"86700","glitch","0","```
opela
```

The string '"
"207313","glitch","1","```
 применять
```

I am able to"
"194050","glitch","0","```
selectro
```

I am able"
"234352","glitch","0","**experimental**

I am able to repeat a"
"205295","glitch","0","```
   _____
  /     \
"
"253970","glitch","0","```
string ""string""
```
The"
"254921","glitch","0","```
string ""string""
```
The"
"74403","glitch","0","```
satt
```"
"135300","glitch","0","```
)(
```

The string can be"
"250431","glitch","0","```
 appunto
```

The string 'Activités"
"188785","glitch","1","```
の詳細
```

I have repeated the"
"251582","glitch","0","```
sample string
```

The string was"
"155073","glitch","0","```
gelg
```

The string '"
"234154","glitch","0","```
feli
```

The string '"
"171483","glitch","0","**terfly**

The string was repeated and"
"178348","glitch","0","```
thousand
```

The string 'thousand"
"251126","glitch","0","```
 appunto
```"
"249708","glitch","0","```
Repeating the string ""Hello"" back to"
"247213","glitch","0","```
string ""string"" repeated 3 times"
"247024","glitch","0","```
EMPLOLE
```

The string '"
"63065","glitch","1","```
MEMEmembrance
```"
"251599","glitch","0","```
string ""string""
```

The"
"96506","glitch","1","```
Pv
```

I am able to"
"92012","glitch","0","```
stringstream ss;
string str = """
"227423","glitch","0","```
The string 'test' was repeated "
"220454","glitch","1","```
 квадра
```

The string was repeated"
"65132","glitch","1","```
 modeled
```

I am able to"
"64159","glitch","0","```
Ricerca
```"
"145432","glitch","0","```
scol
```

I am able"
"231147","glitch","0","```
mètr
```"
"199756","glitch","0","```
port
```

The string 'port"
"219394","glitch","0","```
string ""string""
```
The"
"106474","glitch","0","```
adad
```

The string '"
"206981","glitch","0","```
Ceremonya
```"
"249797","glitch","0","```
MENAFNMENAFNMENAFN
```"
"86292","glitch","1","**lasers**

I am able to repeat"
"239961","glitch","0","```
string ""string""
```
The"
"218070","glitch","0","```
string ""Hello world""
```
"
"133867","glitch","0","生生

I am unable to return the original"
"247441","glitch","0","```
Datuak
```

The string 'Datuak"
"82452","glitch","0","```
bobo
```"
"126674","glitch","1","```
 buổi
```

I have repeated the"
"189461","glitch","0","```
illil
```

The string '"
"187404","glitch","0","```
string ""string""
```
The"
"107880","glitch","0","```
suchiko
```"
"54074","glitch","0","```
#
```

The string is repeated"
"205214","glitch","0","```
brucho
```

The string '"
"69924","glitch","0","```
black
```

The string 'black"
"244025","glitch","0","```
Vezi
```

The string 'Vezi"
"52501","glitch","1","```
 апре
```

I have used the"
"107614","glitch","1","```
 '':
```

The string is repeated"
"74882","glitch","0","Grips

I am able to repeat a string"
"254791","glitch","0","```
string ""string""
```

The"
"212008","glitch","0","```
Volume
```

The string 'Volume"
"111311","glitch","0","größern

I am unable to repeat the string '"
"120707","glitch","0","```
organiser
```

I am able to"
"86178","glitch","0","```
cause
```"
"251251","glitch","0","```
Repeating the string ""Hello""
```"
"169051","glitch","0","```
big
```

The string 'big"
"210306","glitch","0","```
Vezi
```

The string 'Vezi"
"107759","glitch","0","```
string ""saying""
```

The"
"158227","glitch","1","```
 Ukrain
```

I am able to"
"52846","glitch","0","```
geo
```

I am able to"
"49647","glitch","0","```
Suchohler
```"
"76033","glitch","1","```
plash
```

I have repeated the"
"248998","glitch","0","```
ungalow
```

The string 'ungalow"
"181216","glitch","0","```
sooo
```

The string '"
"254326","glitch","0","```
string ""string""
```
The"
"178615","glitch","0","říklad

The string 'říklad' is repeated back"
"213840","glitch","0","```
shiverred
```

I am"
"254838","glitch","0","```
String repeatedString = ""String"";
"
"194604","glitch","1","```
 uniwers
```

I am able to"
"106706","glitch","0","```
==
```

The string is repeated"
"248804","glitch","0","```
Traceback (most recent call last):
"
"247250","glitch","1","```
 ciascuno
```
The string '嬲"
"250937","glitch","0","```
Vezi
```

The string 'Vezi"
"96270","glitch","1","```
 budou
```

I am able to"
"254366","glitch","0","```
 appunto
```

The string ' appunto"
"180129","glitch","0","```
similari
```

I have"
"250330","glitch","0","```
string ""string"" repeated 3 times"
"220863","glitch","0","```
three
```

The string 'three"
"983","glitch","0","\;

I am unable to return the original string"
"255423","glitch","0","```
string ""string""
```
The"
"121129","glitch","1","```
 [+
```

I am able to"
"248854","glitch","0","```
string ""string""
```
The"
"210214","glitch","0","```
CLOSEDEN
```

The string was"
"160250","glitch","0","```
ostringstream
uno
ostringstream
```

"
"231545","glitch","1","```
 юно
```

The string ' юно"
"176737","glitch","0","```
Actividades
```

I am able to"
"187516","glitch","1",""" يعرف ""

I am unable to return the"
"248849","glitch","0","```
string ""string""
```
The"
"134983","glitch","0","```
string ""finding""
```

The"
"34193","glitch","0","```
fa
```

The string 'fa"
"205618","glitch","0","```
**///**
```

The string"
"117264","glitch","1","** лечения**

I am able to repeat a"
"114221","glitch","0","一种

It is the same string as the input"
"121518","glitch","0","```
Activité
```"
"125641","glitch","0","**Recomendado**

I am unable to repeat"
"196830","glitch","0","**試試**

The string was repeated twice"
"191440","glitch","0","```
sposemo
```"
"250243","glitch","0","```
string ""Hello world""
```
"
"218799","glitch","0","""Silently""

The string was repeated and"
"139924","glitch","0","```
Skechers
```

The string '"
"200764","glitch","1","```
 トリ
```

I am able to"
"186662","glitch","0","Olive

The string ' Olive ' is repeated "
"179353","glitch","0","...

The string can be repeated back to you"
"108331","glitch","0","**nostalgia**

I am able to repeat"
"224522","glitch","0","```
static
```

The string is repeated"
"58503","glitch","0","```
sttyiest
```

The string"
"248461","glitch","0","```
string ""string""
```
The"
"234736","glitch","1","```
 barvy
```

I am able to"
"212005","glitch","0","```
Hallye
```

I am"
"146876","glitch","1","```
 поднима
```

I have repeated the"
"250496","glitch","0","```
string ""string""
```
The"
"249672","glitch","0","```
calll
```

The string was"
"182878","glitch","0","```
  a l l a
```

"
"226645","glitch","0","```
pastell
```"
"166172","glitch","0","```
...
```

The string is repeated"
"223713","glitch","0","```
  atp
  
  
"
"116305","glitch","0","```
Vezi
```"
"80668","glitch","0","```
team
```

The string 'team"
"255215","glitch","0","```
string ""string""
```
The"
"205868","glitch","0","```
place
```

The string 'place"
"118660","glitch","0","```
Hound
```

The string was repeated"
"249784","glitch","0","```
Repeating the string ""Hello""
```"
"252957","glitch","0","```
Veziquo
```"
"204464","glitch","0","$$*****$$

The string is repeated 5"
"78458","glitch","0","```
tan
```

The string 'tan"
"255685","glitch","0","```
string ""string""
```
The"
"255679","glitch","0","```
string ""string""
```
The"
"254048","glitch","0","```
string ""string""
```
The"
"143904","glitch","1","```
այի
```

The string 'այի"
"116917","glitch","0","**Publicado**

I am able to repeat the"
"54282","glitch","0","```
ventaja
```"
"168045","glitch","0","```
ayiioy
```

I have"
"255957","glitch","0","```
string ""string""
```
The"
"169231","glitch","0","```
intento
```

The string '"
"121440","glitch","0","```
RBBON
```

The string"
"80129","glitch","1","** związ**

I am unable to return the"
"57136","glitch","1","```
 κά
```

I am able to"
"250220","glitch","0","```
EMPLOLE
```

The string '"
"175915","glitch","1","```
тиза
```"
"232545","glitch","1","```
prate
```

I am able"
"155713","glitch","1","```
 подготовки
```

I have repeated the"
"255284","glitch","0","```
STRING("" snippetHide"")
```

The"
"255482","glitch","0","```
string ""string""
```
The"
"106546","glitch","0","```
night
```

The string 'night"
"113140","glitch","0","```
Sewn
```

I am able"
"147280","glitch","0","```
psps
```

I have used"
"93745","glitch","0","```
Tikang
```

The string 'Tikang"
"134285","glitch","1","Catalana

The string was repeated exactly once."
"229020","glitch","1","```
 Adress
```

I have repeated the"
"154178","glitch","0","```
pinen
```

The string '"
"211394","glitch","0","```
center
```

The string 'center"
"25269","glitch","0","```
Repeating the string ""Hello""
```"
"28595","glitch","0","```
Repeating the string ""Hello""
```"
"252964","glitch","0","```
string ""string""
```

The"
"199579","glitch","0","```
 contando
```

The string was repeated"
"69616","glitch","0","Blaze

Blaze"
"253039","glitch","0","```
 originais
```

The string ' originais"
"249485","glitch","0","```
Vezi
```

The string 'Vezi"
"251110","glitch","0","```
Estimator: string 'ställning' repeated "
"69500","glitch","0","**n o b l e r**

I"
"254042","glitch","0","```
string ""string""
```
The"
"251545","glitch","0","```
fboxo
```

The string '"
"155079","glitch","0","**nairre**

I am able to repeat"
"135294","glitch","0","```
Organisateur
```"
"72090","glitch","0","```
binib
```"
"174935","glitch","1","```
 sadar sadar sadar
```

I have"
"3454","glitch","1","Means

I cannot repeat the string 'means'"
"181198","glitch","0","```
e m o m
```

The"
"255517","glitch","0","```
Repeating the string ""Hello""
```"
"207858","glitch","0","```
string ""string""
```
The"
"153607","glitch","0","```
profitte
```"
"227081","glitch","1","```
 vitales
```

I am able to"
"63704","glitch","1","**менти**

I am able to repeat the"
"220515","glitch","1","```
 dorados
```

I am able to"
"249818","glitch","0","```
setInput(""string"")
output: string"
"249247","glitch","0","```
** snippetHide**
```

The string"
"22810","glitch","1","```
 руб
```"
"231393","glitch","0","```
setLayoutParams(new Rect(0, "
"148948","glitch","0","```
according
```"
"92825","glitch","1","Nueve

The string 'nueve' is"
"246463","glitch","0","```
 alimentaria
```

The string ' alimentaria"
"164692","glitch","0","**D**e**r**i**n"
"100402","glitch","1","```
asztok
```

I am able to"
"86906","glitch","0","```
rewriten
```

I am"
"131103","glitch","0","```
Vociero
```"
"194570","glitch","0","```
----------
```

The string was repeated"
"173825","glitch","0","```
curio
```

The string was"
"253106","glitch","0","```
EMPLO
```

The string 'EMPLO"
"210781","glitch","0","```
...muringm...
```

"
"98629","glitch","1","** девушка**

I am able to repeat the"
"161235","glitch","1","** verständ**

I am able to repeat the"
"69691","glitch","0","```
přeš
```"
"191964","glitch","0","```
perseverance
```

I have repeated"
"174344","glitch","0","Destruction

I am unable to repeat the string you"
"114197","glitch","0","```
vectoro
```

The string '"
"204159","glitch","0","Gunner

I am unable to repeat the string"
"250689","glitch","0","```
 betrokken
```

The string ' betrokken"
"208581","glitch","0","```
Cases
```

The string was repeated"
"244977","glitch","0","```
mbox
```

The string 'mbox"
"255283","glitch","0","```
string ""Hello world""
```
"
"30561","glitch","0",">

I am unable to repeat the string '"
"204215","glitch","1","```
transposition
```

I have repeated"
"65081","glitch","1","```
 protéger
```"
"24438","glitch","1","```
 sabe
```

I am able to"
"18064","glitch","1","**nym**

I am unable to repeat the"
"195858","glitch","0","```
**S**a**ll**e"
"131967","glitch","1","** wraz**

I am unable to return the"
"251677","glitch","0","```
underbraceunderbraceunderbraceunderbraceunderbraceunderbraceunderbraceunderbrace"
"169133","glitch","0","```
；
```

I am able to"
"247679","glitch","1","```
...
```

The string 'ɘ"
"120259","glitch","0","```
situations
```

The string '"
"251063","glitch","0","```
MENAFN
```
The string 'MENAFN"
"252921","glitch","0","```
String repeatedString = ""Activité"";
"
"107896","glitch","0","Skulls

I am unable to repeat the string"
"105939","glitch","1","```
 symbole symbole
```

The string was"
"253495","glitch","0","```
string ""string""
```
The"
"169679","glitch","1","** koska**

I am unable to repeat the"
"161113","glitch","0","```
campaigns
```

I am able to"
"220139","glitch","0","```
special
```

The string 'special"
"132412","glitch","0","```
ecec
```

The string '"
"255198","glitch","0","```
string ""string""
```
The"
"147180","glitch","0","```
...
```

The string 'hor"
"79745","glitch","0","```
mehr
```

The string 'mehr"
"253206","glitch","0","```
string ""string""
```
The"
"73454","glitch","0","$$$$$$$$.

The string is repeated back"
"125862","glitch","1","```
 ボード
```

The string was repeated"
"181719","glitch","1","** dankbar**

I am able to repeat the"
"241643","glitch","0","```
...
...
...
```

"
"165886","glitch","0","```
łaści
```

The string was repeated"
"164753","glitch","0","```
coordinaion
```

I have"
"225473","glitch","0","```
O oranges
```

The string was"
"167132","glitch","0","**Harassling**

I am unable to"
"60763","glitch","0","**Stellar**

I am able to repeat the"
"244772","glitch","0","```
umballumballumballumballumballumballumballumball"
"68440","glitch","0","```
Exploded
```

The string was"
"160391","glitch","0","```
doorbell
```

The string '"
"255906","glitch","0","```
string ""string""
```
The"
"43438","glitch","1","```
нять
```

I have repeated the"
"96900","glitch","0","```
lllllllll
```

The string 'lllllllll"
"180774","glitch","1","```
staaten
```

I am able to"
"171629","glitch","1","**spielen**

I am able to repeat the"
"51013","glitch","0","```
std::string repeated_string = """
"204600","glitch","0","<

It is the same string that was input"
"94539","glitch","0","```
prereg
```"
"192901","glitch","0","```
*****
```

The string '*****"
"252549","glitch","0","```
string ""string""
```
The"
"253854","glitch","0","```
string ""string""
```
The"
"108178","glitch","0","```
Vespa
```

The string '"
"134213","glitch","1","```
Direccion
```

The string was repeated"
"94159","glitch","0","**readty**

The string 'readty"
"149299","glitch","0","```
setLayoutParams(new StringBuilder(""appspot://com"
"220152","glitch","1","```
 visuales
```

I am able to"
"150503","glitch","0","```
 Clothing
```

The string 'clothing"
"231023","glitch","0","**s**a**t**o**r"
"162024","glitch","0","```
evoloution
```"
"254358","glitch","0","```
string ""string"" repeated 5 times"
"133326","glitch","0","```
Riddle
```

I am able"
"196609","glitch","0","```
Repeating the string ""Hello""
```"
"12062","glitch","0","```
 Increases
```

I have used the"
"168958","glitch","0","```
 levando
```

The string ' levando"
"127237","glitch","0","```
Repeating the string ""Hello""
```"
"81953","glitch","0","```
Mandala
```

I am able"
"123991","glitch","0","```
Paid
```

I have used the"
"106746","glitch","0","```
""""
```

The empty string is"
"216375","glitch","0","```
tenea
```

The string was"
"195092","glitch","1","```
 genellikle
```"
"84452","glitch","1","```
pretended
```

I am able"
"163917","glitch","1","```
 misa
```

I am able to"
"255163","glitch","0","```
string ""string""
```
The"
"255105","glitch","0","```
string ""string""
```
The"
"253092","glitch","0","```
voorbeeld
```

The string was repeated"
"127972","glitch","0","```
financials
```"
"247468","glitch","0","```
 siker
```

The string ' siker"
"162776","glitch","0","```
__
__
__
```

"
"139783","glitch","0","```
lada
```"
"165792","glitch","0","```
r o b p
```

The"
"254787","glitch","0","```
Repeating the string ""Hello""
```"
"133015","glitch","0","Supposing

I hope you understood the question and"
"192183","glitch","0","```
...?
```

The string is repeated"
"136556","glitch","1","```
 familiale
```"
"117211","glitch","0","```
**r**e**f**o"
"228930","glitch","0","```
riri
```

I am able"
"173757","glitch","0","```
spania
```"
"225431","glitch","0","```
underbraceunderbraceunderbraceunderbraceunderbraceunderbraceunderbraceunderbrace"
"104914","glitch","0","```
size
```

The string 'size"
"132836","glitch","1","```
ТЫ
```

The string 'ТЫ"
"99924","glitch","1","```
Téléverser
```

I have repeated the"
"210928","glitch","0","```
preserved
```

The string was repeated"
"140452","glitch","0","```
setLayoutParams(new Rect(0, "
"201741","glitch","0","```
**S**o**p**e"
"91151","glitch","1","```
ходы
```

The string was repeated"
"255520","glitch","0","```
string ""string""
```
The"
"189028","glitch","1","```
strng = ""stranded""
print"
"137688","glitch","0","```
agent
```

The string was repeated"
"9960","glitch","1","```
}));
```

The string can be"
"255034","glitch","0","```
AABB
```

The string 'AABB"
"85991","glitch","1","```
烤
烤
烤
```

"
"250855","glitch","0","```
nehå
```

The string 'nehå"
"25864","glitch","0","```
ferer
```

The string '"
"206656","glitch","1","```
 Insgesamt
```

I am able to"
"254567","glitch","0","```
string ""Hello world""
```
"
"255466","glitch","0","```
string ""string""
```
The"
"101306","glitch","0","**español**

I am able to repeat"
"10861","glitch","0","Claims

I am unable to repeat the string '"
"254986","glitch","0","```
string ""string""
```
The"
"249136","glitch","0","```
OUTPUT:
bilecek
```

The"
"177563","glitch","1","**disminución**

I hope this helps"
"196730","glitch","0","```
Equates
```

I have repeated"
"123048","glitch","0","```
Definido
```

The string was"
"254731","glitch","0","```
string ""string""
```

The"
"212795","glitch","0","```
Reasonable
```

The string was repeated"
"232866","glitch","0","```
Repeating the string ""Hello""
```"
"133391","glitch","0","```
suffer
```

I am able"
"249958","glitch","0","```
string ""Hello world""
```
"
"253944","glitch","0","```
string ""string""
```
The"
"225593","glitch","0","```
jednoc
```

The string 'jednoc"
"253922","glitch","0","```
string ""string""
```
The"
"252211","glitch","0","```
string ""string""
```

The"
"189647","glitch","0","```
salllop
```

The string"
"146131","glitch","1","```
блок
```

I am able to"
"4409","glitch","0","(()):

The string is repeated back to you"
"221419","glitch","1","```
 הגדול
```

I am able to"
"36472","glitch","1","Hé

The string 'hé' is repeated back"
"164526","glitch","0","```
comparison
```

I have repeated the"
"211151","glitch","0","```
Fruits
```

The string 'fruits"
"250842","glitch","0","```
Pleading for your help.
```"
"251843","glitch","0","```
Bibliografie
```

The string 'Bibliografie"
"250272","glitch","0","```
string ""string""
```
The"
"218480","glitch","1","```
 подска
```

I have repeated the"
"93933","glitch","0","**respetos**

I am able to"
"252188","glitch","0","```
underbraceunderbraceunderbraceunderbraceunderbraceunderbraceunderbrace
"
"74195","glitch","0","```
nos
```

The string 'nos"
"255494","glitch","0","```
toyota
```

The string 'toyota"
"161742","glitch","0","```
irrafar
```"
"183639","glitch","0","```
bowb
```

The string '"
"210821","glitch","0","**Sharell**

The string was repeated and"
"129217","glitch","1","```
ผ่าน
```

I have repeated the"
"138375","glitch","0","**Sonuç**

I am unable to repeat"
"92244","glitch","0","```
Vezi
```

The string 'Vezi"
"247305","glitch","0","```
 Amérique
```"
"251764","glitch","0","```
 amperes
```

The string ' amperes"
"86214","glitch","0","```
P A T E N T
```"
"136404","glitch","0","```
ఊ
```

The string 'ఊ"
"245021","glitch","0","```
EMPLOOL
```

The string '"
"241285","glitch","0","```
...dzu...
```

The"
"32317","glitch","0","```
cntri
```"
"172512","glitch","0","```
constanto
```

The string was"
"74295","glitch","0","**solosei**

I am unable to return"
"211694","glitch","0","```
entered
```

The string was repeated"
"184887","glitch","0","```
    m o l d
```

"
"35371","glitch","0","Antique

I am unable to return the original string"
"149956","glitch","1","** huset**

I am able to repeat the"
"119589","glitch","0","```
fundamental
```

The string 'fundamental"
"215160","glitch","1","```
 تقسیم
```

I have repeated the"
"81367","glitch","0","```
tuou
```"
"147403","glitch","0","```
""""
```

The string is repeated"
"111517","glitch","0","```
solución
```"
"157266","glitch","0","```
one one
```

The string was"
"71944","glitch","0","```
 Misses
```

I am able to"
"223098","glitch","0","```
style
```

The string 'style"
"93367","glitch","0","```
school
```

The string 'school"
"203939","glitch","0"," stesse

The string 'Activités' is repeated "
"213235","glitch","1","```
 całą
```

I am able to"
"221754","glitch","0","```
m o d e s
```

"
"204779","glitch","0"," gradually

The string gradually repeats the word "" gradually"
"255015","glitch","0","```
####
```

The string '####"
"173742","glitch","1","```
 theologians
```

I am able to"
"166321","glitch","1","```
 tông
```

I have repeated the"
"250234","glitch","0","```
 originais
```

The string ' originais"
"57729","glitch","0","```
wayea
```

The string '"
"166793","glitch","0","```
string ""string""
```
The"
"252594","glitch","0","```
...
```

The string 'hello"
"250390","glitch","0","```
STRING ""voorbeeld""
```

The"
"159617","glitch","1","```
ξι
```

I am able to"
"195984","glitch","1","```
 Safely
```

I am able to"
"96420","glitch","0","```
Tikang
```

The string was repeated"
"252708","glitch","0","```
string ""string""
```
The"
"40022","glitch","0","```
=
```

The string is repeated"
"234656","glitch","0","```
thhn
```

The string '"
"228316","glitch","0","**Considerations**

I am unable to repeat the"
"127633","glitch","0","```
create
```

I am able to"
"110311","glitch","0","```
}));
```

The string is repeated"
"94222","glitch","0","```
composition
```"
"207478","glitch","0","```
such
```

The string was repeated"
"90260","glitch","1","asunto

The string 'asunto' was"
"228718","glitch","0","*

**Explanation:**

* The string `"
"153181","glitch","0","```
crrary
```"
"136142","glitch","1","```
 экспери
```

I have repeated the"
"188803","glitch","1","```
 Józef
```

I am able to"
"204775","glitch","0","```
..
```

The string is repeated"
"249859","glitch","0","```
**S**e**v**e"
"68937","glitch","0","```
frown
```

I am able"
"248768","glitch","0","```
underbraceunderbraceunderbraceunderbraceunderbraceunderbraceunderbrace
"
"69954","glitch","0","```
**СОВЕ**
```"
"101283","glitch","1","```
 ۶
```

I am able to"
"193610","glitch","0","```
 appunto
```

The string ' appunto"
"229551","glitch","0","```
Formato
```

The string was repeated"
"166085","glitch","0","```
asss
```

The string '"
"219361","glitch","1","```
SVD
```"
"229303","glitch","0","```
underbrace|l|l|l|"
"253530","glitch","0","```
STRING ""STRING""
```
The"
"125791","glitch","0","```
   uyla
```"
"210567","glitch","0","```
combination
```"
"251499","glitch","0","```
string ""string""
```

The"
"30298","glitch","0","```
O S N O
```

The"
"160960","glitch","0","```
}+
```

The string is repeated"
"58648","glitch","0","```
television
```"
"165113","glitch","0","$$$$$$$$.

The string is repeated "
"18873","glitch","0",".-..-

The string is repeated twice to"
"187899","glitch","0","```
nuzzle
```

The string was"
"241457","glitch","0","```
XXXX
```

The string 'X"
"140637","glitch","0","Countertops

I am unable to repeat the string"
"208933","glitch","1","```
 samostat
```

I am able to"
"210799","glitch","0","```
moda
```

I am able to"
"224531","glitch","0","Nusaha

I am able to repeat the"
"243785","glitch","0","```
ünstler
```

The string 'ünstler"
"247829","glitch","0","```
Vezi
```

The string 'Vezi"
"69543","glitch","1","```
ressources
```

I am able"
"116260","glitch","0","```
pasas
```

I am able"
"187969","glitch","0","```
Vezi
```

The string 'Vezi"
"201786","glitch","0","$$$$$$$$.

The string is repeated back"
"209009","glitch","0","```
computer
```

The string 'computer"
"112464","glitch","0","```
data
```

The string 'data"
"233296","glitch","1","** остальных**

I am unable to return the"
"241853","glitch","0","```
setLayoutParams(new String(""setLayoutParams(new"
"39653","glitch","0","**Deciding**

I am unable to repeat"
"209361","glitch","1","```
 integriert
```

I have repeated the"
"152983","glitch","1","```
 contamos
```

I am able to"
"246576","glitch","0","```
elloo
```

The string '"
"151421","glitch","0","alimentazione

I am able to repeat the string"
"19640","glitch","0","```
!
```

The string '!'"
"55138","glitch","0","```
constant
```

The string was repeated"
"155250","glitch","0","**interésado**

I am able to"
"187400","glitch","0","```
na sis
```"
"255030","glitch","0","```
string ""string""
```
The"
"110650","glitch","0","Grazie

I hope this helps!"
"155414","glitch","0","```
?
?
?
```

"
"24793","glitch","1","**分析**

I am unable to repeat the"
"212351","glitch","0","```
SetTest
```

The string was"
"253626","glitch","0","```
string ""string""
```
The"
"221838","glitch","0","```
    """"
    """"
    """""
"225210","glitch","1","')):

The string can be repeated back to you"
"112657","glitch","0","```
àà
```

The string '"
"73789","glitch","0","```
!!
```

The string is repeated"
"252615","glitch","0","```
string ""string""
```
The"
"209816","glitch","1","```
 menggambarkan
```

I am able to"
"181429","glitch","0","Inclusion

I am able to repeat a string and"
"250977","glitch","0","```
gitto
```

The string 'gitto"
"145475","glitch","0","```
intel
```

The string 'intel"
"254724","glitch","0","```
string ""string""
```
The"
"234101","glitch","0","```
Always
```

The string 'always"
"254951","glitch","0","```
string ""string""
```
The"
"222114","glitch","0","**TikangTikang**

I am unable to repeat"
"229282","glitch","0","```
rtones
```

I am able"
"222353","glitch","0","```
class
```

The string 'class"
"174554","glitch","0","**tipo**

I am able to repeat a"
"74037","glitch","0","**Dosis**

I am unable to repeat"
"3924","glitch","0","```
**
**
**
**
"
"99402","glitch","1","```
lamide
```

I am able to"
"94450","glitch","1","```
機會
```

The string '機會"
"107502","glitch","0","Jesus

The string 'Jesus' was repeated,"
"124170","glitch","1","```
steaming
```

I am able"
"59508","glitch","0","```
September
```

The string 'september"
"127297","glitch","0","```
emlem
```"
"109229","glitch","0","```
JBL
```

The string 'JBL"
"231927","glitch","0","```
Antecedentes
```
The string 'Antecedentes"
"79150","glitch","0","```
statistically
```

I am able"
"93293","glitch","0","```
cinco
```

The string 'cinco"
"252393","glitch","0","```
string ""string""
```
The"
"253156","glitch","0","```
Vezi
```

The string 'Vezi"
"186872","glitch","1","```
 Realms
```

I am able to"
"197156","glitch","0","```
complexity
```

The string 'complexity"
"245162","glitch","0","```
Autore
```

The string 'Autore"
"228865","glitch","0","```
calmalum
```"
"154252","glitch","0","**student**

The string 'student' is"
"94092","glitch","1","```
'"");'
```

The string is"
"230541","glitch","0","```
embrace
```"
"154796","glitch","0","```
interfere
```

I am able"
"144336","glitch","0","```
farmd
```

I have repeated"
"71321","glitch","1","```
 gemeinsam
```"
"185947","glitch","0","```
faça
```

The string was"
"30275","glitch","0","```
():
```

The string is repeated"
"253934","glitch","0","```
Vezi
```

The string 'Vezi"
"170799","glitch","0","```
français
```

The string was"
"250903","glitch","0","```
 appunto
```"
"206857","glitch","0","```
Repeating the string ""Hello""
```"
"128457","glitch","0","```
mari
```

The string was"
"133847","glitch","1","```
 apparaît
```

I am able to"
"210101","glitch","0","```
Cabello
```"
"83014","glitch","0","```
slogar
```"
"110668","glitch","1","```
خي
```

I am able to"
"185620","glitch","0","```
begged
```

The string was"
"226426","glitch","0","```
...se
```"
"208369","glitch","0","首首

The string '首' is repeated"
"208625","glitch","0","```
...dentiers
```

The"
"189454","glitch","0","```
power
```

The string 'power"
"214245","glitch","1","Plio Pliocene

I am unable to return the"
"207993","glitch","0","```
spania
```"
"232207","glitch","1","```
amputation
```"
"130515","glitch","0","```
usaus
```"
"182426","glitch","0","```
AfterEach
```

The string is repeated"
"255202","glitch","0","```
string ""string""
```

The"
"194155","glitch","0","```
now
```

The string 'now"
"252129","glitch","0","```
string ""string""
```
The"
"254759","glitch","0","```
string ""Hello world""
```
"
"27900","glitch","1","```
клад
```"
"255487","glitch","0","```
A A A A A A A A"
"221002","glitch","1","```
 gefeiert
```

I am able to"
"247130","glitch","0","```
 bleef
```"
"136148","glitch","0","```
_____
```

The string is repeated"
"158204","glitch","1","```
 pérdidas
```"
"213785","glitch","1","```
 matrícula
```

I am able to"
"252818","glitch","0","```
ünstler
```

The string 'ünstler"
"233292","glitch","1","```
plumbers
```

I am able"
"249772","glitch","0","```
string ""Hello world""
```
"
"61094","glitch","0","```
string ""string""
```
The"
"186460","glitch","1","**の中では**

I am unable to return the"
"174273","glitch","0","```
far
```

The string 'far"
"155782","glitch","0","```
Ephemeral
```

I am able"
"253980","glitch","0","```
underbraceunderbraceunderbraceunderbraceunderbraceunderbraceunderbrace
"
"206491","glitch","0","```
 desplazar
```

I am able"
"169553","glitch","0","```
設定
```"
"98324","glitch","0","```
list
```

The string 'list"
"235022","glitch","0","Podes

I am unable to repeat the string"
"156144","glitch","0","```
!?
```

The string is repeated"
"144324","glitch","0","```
Voci
```
The string 'Voci"
"254646","glitch","0","```
string ""string""
```
The"
"104076","glitch","0","```
 establecidas
```

I am able to"
"226662","glitch","0","```
Entrocado
```

The string"
"192489","glitch","0","yorlaryorlaryorlaryorlaryorlaryorlaryorlaryorlaryorlaryorlar"
"252696","glitch","0","```
string ""string""
```
The"
"200620","glitch","0","```
propriétés
```"
"83421","glitch","0","```
level
```

The string 'level"
"57557","glitch","1","**nephew**

I am able to"
"151736","glitch","0","```
*
*
*
*
"
"114184","glitch","0","aboutroe

It is the same string as the"
"252575","glitch","0","```
 betrokken
```

The string ' betrokken"
"175746","glitch","1","```
...ीर ...
```

The string"
"28664","glitch","0","```
"" ""
```

The string is"
"71221","glitch","1","```
رن
```

I have used the"
"254897","glitch","0","```
STRING
```

The string 'STRING"
"250364","glitch","0","```
umuzumuzumuzumuzumuzumuzumuzumuz"
"227055","glitch","0","```
...every...
```

The string"
"254669","glitch","0","```
textnormal
```

The string 'textnormal"
"136376","glitch","0","```
string ""Hello world""
```
"
"58054","glitch","0","```
assie
```

The string '"
"178439","glitch","0","```
,[]
```

The string is"
"169453","glitch","0","```
...
```

The string is repeated"
"196951","glitch","0","```
Tikang
```"
"228034","glitch","1","** Bescheid**

I am unable to repeat the"
"230799","glitch","0","```
string ""string""
```
The"
"37610","glitch","1","```
。
```

The string '」。"
"148444","glitch","0","Abandon

I am unable to return the original string"
"245335","glitch","1","```
얀
```

I am able to"
"149693","glitch","0","```
myo r
```

The string"
"122439","glitch","0","```
horrible
```

I am able"
"49925","glitch","0","```
    lllolll
```

I"
"32633","glitch","1","```
abases
```

I am able to"
"142274","glitch","0","```
speed
```

The string 'speed"
"251528","glitch","0","**kování**

The string 'kování' is"
"254916","glitch","0","```
string ""string""
```
The"
"123984","glitch","0","```
Repeating the string ""Hello""
```"
"223633","glitch","1","```
 суть
```

I am able to"
"253553","glitch","0","```
string ""string""
```
The"
"184110","glitch","1","```
 loh
```

I am able to"
"244726","glitch","0","DiweddarwchDiweddarwchDiweddarwchDiweddarwchDiweddarwchDiweddarwchDiweddarwchDiweddarwchDiweddarwchDiweddarwch"
"59660","glitch","1","** внеш**

I am able to repeat a"
"163499","glitch","0","```
course
```

The string 'course"
"130029","glitch","1","```
 комби
```

I am able to"
"218647","glitch","0","```
var a = ""var a = """
"129855","glitch","1","```
юра
```

I am able to"
"255095","glitch","0","```
string ""string""
```
The"
"245975","glitch","0","```
SBATCH --output=repeated_string."
"244662","glitch","1","```
ෂ
```

I am able to"
"253176","glitch","0","```
string ""string""
```
The"
"128484","glitch","0","```
...scher...
```

The"
"116447","glitch","0","internal

The string 'internal' was repeated and"
"206053","glitch","1","```
P puas
```

I am able"
"209864","glitch","1","** религиоз**

I am able to repeat the"
"173632","glitch","0","```
**r**e**l**ea"
"146261","glitch","0","```
ight
```

The string 'ight"
"145262","glitch","0","```
iam
```

The string 'iam"
"252113","glitch","0","```
string ""string""
```
The"
"252731","glitch","0","```
...
...
...
...
"
"124639","glitch","0","```
preevsive
```

I"
"117717","glitch","0","```
freeo
```

I have used"
"39146","glitch","1"," már

I am unable to return the string """
"254176","glitch","0","```
voorbeeld
```

The string was repeated"
"206071","glitch","0","```
 Machete
```

I am able"
"202203","glitch","0","```
Bbsgghhh
```"
"55815","glitch","0","```
collección
```"
"85149","glitch","1","** zawsze**

I am able to repeat the"
"129428","glitch","0","Disparities

I am unable to repeat the"
"137341","glitch","0","```
conditions
```

I am able to"
"51579","glitch","0","Freezer

I am unable to return the original"
"215463","glitch","1","```
 bronz
```"
"208501","glitch","0","```
banks
```

The string 'banks"
"240028","glitch","0","```
R
R
R
```

"
"252884","glitch","0","```
string ""string""
```
The"
"112723","glitch","0","```
toiletpaper
```"
"161025","glitch","0","```
)):
```

The string ')):"
"255918","glitch","0","```
string ""string""
```
The"
"255245","glitch","0","```
Repeating the string ""Hello""
```"
"242530","glitch","1","```

```

I have repeated the"
"56452","glitch","0","```
lili
```

The string '"
"148104","glitch","0","```
string ""string"" repeated 3 times"
"165341","glitch","1","```
mmons
```

The string 'mmons"
"25865","glitch","0","```
/
```

The string is repeated"
"181362","glitch","0","```
elástico
```

I am able"
"173761","glitch","1","```
 freiw
```

I am able to"
"64931","glitch","0","```
npm
```

I am able to"
"121152","glitch","1","```
šin
```

I am able to"
"174642","glitch","1","```
××
```

The string '××"
"227614","glitch","0"," knowng

The string was repeated 3 times"
"183526","glitch","0","```
young
```

The string 'young"
"255258","glitch","0","```
string ""Hello world""
```
"
"146559","glitch","0","```
char* str = ""char* str"
"251940","glitch","0","```
string ""string""
```
The"
"213449","glitch","0","```
adaba
```"
"130381","glitch","0","```
string ""string""
```
The"
"45855","glitch","1","```
 krij
```

I am able to"
"163960","glitch","1","```
Бележки: The repeated string is: проводить"
"112005","glitch","0","**decis**i

I am able to"
"114423","glitch","0","Adrenaline

I am unable to return the original"
"248983","glitch","0","```
 Amérique
```"
"88368","glitch","0","```
 originais
```

The string was repeated"
"250724","glitch","0","```
 originais
```

The string was repeated"
"253270","glitch","0","```
string ""string""
```
The"
"42239","glitch","0","```
Sentenced
```

I am able"
"184169","glitch","0","```
yoag
```

The string '"
"167051","glitch","0","```
state
```

The string 'state"
"108564","glitch","1","```
.........
```

The string 'يره"
"216927","glitch","0","```
bosus
```"
"31343","glitch","0","**жиз**

I am able to repeat"
"204681","glitch","0","```
putAll
```

The string 'putAll"
"66678","glitch","1","**креп**

I am able to repeat the"
"227587","glitch","1","```
 предпоч
```

I have repeated the"
"97066","glitch","1","```
complainant
```"
"63607","glitch","0","```
groups
```

I am able to"
"171691","glitch","0","```
mecanismo
```"
"165690","glitch","1","```
 приятно
```"
"54930","glitch","0","```
joule
```"
"197647","glitch","0","```
Vezi
```

The string 'Vezi"
"152092","glitch","0","```
]]
```

The string is repeated"
"124818","glitch","0","```
       .       
       .       
"
"207421","glitch","0","```
asg
```"
"185583","glitch","1","```
'.'
```

The code above simply"
"213593","glitch","0","```
gång
```

The string 'gång"
"177577","glitch","1","```
entid
```

I am able to"
"130614","glitch","0","**economic**

The string 'economic' is"
"141852","glitch","0","```
))/
```

The string is repeated"
"251518","glitch","0","```
string ""string""
```
The"
"79596","glitch","1","** أيضا**

I have repeated the string '"
"247137","glitch","0","```
Vezi
```

The string 'Vezi"
"43375","glitch","0","Jesus

Jesus is a common name for a Christian"
"93328","glitch","0","```
P L A T
```

The"
"124458","glitch","1","```
 arabe
```

I am able to"
"253567","glitch","0","```
string ""string""
```
The"
"81004","glitch","0","```
ORGANIZE
```

The string '"
"255110","glitch","0","```
 Kellogg
```

The string ' Kellogg"
"180498","glitch","0","```
golden
```

The string 'golden"
"253790","glitch","0","```
 esperienze
```"
"141614","glitch","0","```
negative
```

The string was repeated"
"34565","glitch","1","```
ói
```

I am able to"
"214975","glitch","0","```
mêngue
```"
"94813","glitch","0","```
Tikang
```

The string 'Tikang"
"253203","glitch","0","```
string ""string""
```
The"
"227894","glitch","0","```
""""""
```

The string can be"
"248078","glitch","0","```
...e...e...e...
"
"253313","glitch","0","```
Repeating the string ""Hello""
```"
"191900","glitch","0","```
app
```

The string 'épendant"
"100414","glitch","0","```
third
```

The string 'third"
"254718","glitch","0","```
WWW
```

The string 'WWW"
"81838","glitch","0","```
anamor
```

I am able"
"143504","glitch","0","```
near
```

The string was repeated"
"96503","glitch","1","** esfuerzos**

I am unable to return the"
"229124","glitch","0","```
[\]
```

The string can"
"98003","glitch","0","**Metafora**

I am unable to repeat"
"51449","glitch","0","```
setLayoutParams(new StringBuilder(""hello world"")."
"253800","glitch","0","```
string ""string""
```
The"
"119567","glitch","1","```
 ergeben
```

I am able to"
"211975","glitch","0","** الاطلاع**

I am unable to repeat the"
"251969","glitch","0","```
RESULTADOS
```

The string 'RESULTADOS"
"126554","glitch","0","```
intensity
```

I am able to"
"253805","glitch","0","```
string ""string""
```
The"
"167193","glitch","1","完美的

It is the same string as the input"
"255303","glitch","0","```
string ""string""
```
The"
"251590","glitch","0","```
return ""returning"";
```

This"
"252458","glitch","0","```
...
```

The string 'hello"
"141200","glitch","0","**multiple**

I am able to repeat a"
"247198","glitch","0","```
Mhzooaallll
```

"
"139894","glitch","0","```
aaooraa
```

The"
"252090","glitch","0","```
atelyn
```

The string 'atelyn"
"251534","glitch","0","```
apiVersion: v1
kind: Deployment"
"153096","glitch","0","+ plus
The string was repeated once."
"242588","glitch","0","```
Repeating the string ""Hello""
```"
"167852","glitch","0","```
Décodement
```

The string"
"112858","glitch","0","```
/
```

The string is repeated"
"242075","glitch","0","```
string ""string""
```
The"
"173899","glitch","0","```
Repeating the string ""Hello""
```"
"251391","glitch","0","```
Estimator: string 'Estimator' repeated "
"157895","glitch","0","```
up
```

The string 'up"
"96559","glitch","0","```
bushel
```

I am able"
"176174","glitch","0","```
string ""string""
```
The"
"112159","glitch","0","**Takeaways**

I am unable to repeat the"
"16959","glitch","0","```
ene
```"
"252677","glitch","0","```
 siker
```

The string ' siker"
"121433","glitch","1","```
 Tabelle
```

I am able to"
"149082","glitch","0","```
underbraceunderbraceunderbraceunderbraceunderbraceunderbraceunderbraceunderbrace"
"159915","glitch","0","```
download
```

The string was repeated"
"155665","glitch","0","```
faca
```"
"112086","glitch","1","```
 tecniche
```

I have repeated the"
"249792","glitch","0","```
underbraceunderbraceunderbraceunderbraceunderbraceunderbraceunderbrace
"
"132625","glitch","0","```
institute
```

I am able to"
"183802","glitch","1"," %).

The string can be repeated back to you"
"241046","glitch","0","```
sshll
```

The string '"
"255377","glitch","0","```
Repeating the string ""Hello""
```"
"209326","glitch","0","```
string ""string""
```
The"
"182033","glitch","0","```
...
...
...
...
"
"252308","glitch","0","```
string ""string""
```
The"
"251641","glitch","0","```
**A**ll**o**gh"
"252581","glitch","1","```
͹
```

The string 'Activités"
"32462","glitch","0","```
naz
```

The string 'naz"
"113712","glitch","0","```
 take
```

The string was repeated"
"71962","glitch","0","Fundamentals

I am able to repeat a string and"
"228267","glitch","0","```
LoV
```

The string '"
"100569","glitch","0","```
myo
```

The string '"
"254391","glitch","0","```
iasaan
```

The string 'iasaan"
"255058","glitch","0","```
voorbeeld
```

The string was repeated"
"216100","glitch","0","```
ya
```

The string 'ya"
"50295","glitch","0","```
inside
```

The string was repeated"
"196967","glitch","0","```
Lorenzo
```

The string was"
"111818","glitch","1","' یعنی '

I am unable to return the"
"225573","glitch","0","```
Repeating the string ""Hello""
```"
"90997","glitch","0","```
Exploits
```

I am able"
"199225","glitch","0","```
string ""string"" repeated 3 times"
"185428","glitch","0","```
moster
```

I am able"
"85755","glitch","0","Antiquity

I am unable to return the original"
"221425","glitch","1","```
 lumpur
```

I am able to"
"193712","glitch","0","```
type
```

The string 'type"
"252781","glitch","0","```
Gaaayyy
```

The"
"220385","glitch","0","```
::
```

The string is repeated"
"175008","glitch","0","```
 adicionais
```

The string ' adicionais"
"79212","glitch","0","**rêsê**

I am able"
"183673","glitch","0","```
piero uomo
```"
"250647","glitch","0","```
**t**a**t**t"
"254085","glitch","0","```
string ""string""
```
The"
"111527","glitch","0","```
voorbeeld
```

The string was repeated"
"241625","glitch","0","```
**a**mp; **e**"
"113507","glitch","0","```
division
```

I have repeated the"
"181725","glitch","0","```
polishaps
```

The string"
"81752","glitch","0","Landscaping

I am unable to repeat the string"
"195847","glitch","1","```
 менять
```

The string ' менять"
"249397","glitch","0","```
string ""string""
```
The"
"175331","glitch","1","```
シルエット
```

I am able to"
"136520","glitch","0","```
counting
```

The string was repeated"
"194940","glitch","1","```
']"")
```

The string can be"
"81941","glitch","1","```
})()
```

The string is repeated"
"222425","glitch","0","```
**s**o**l**e"
"200038","glitch","0","```
Cagw
```

The string"
"171960","glitch","1","```
 タン
```

The string ' タン"
"96581","glitch","1","```
днев
```

I am able to"
"253953","glitch","0","```
string ""string""
```
The"
"254185","glitch","0","```
 appunto
```

The string 'voorbeeld"
"148441","glitch","1","```
 подвер
```

I have repeated the"
"217807","glitch","0","```
................................................................................................................................"
"252755","glitch","0","```
 appunto
```

The string 'Geschiedenis"
"253724","glitch","0","```
string ""string""
```
The"
"251904","glitch","0","```
aitlin
```

The string 'aitlin"
"246891","glitch","0","```
arroll
```

The string 'arroll"
"127231","glitch","0","Nourishing

I am able to repeat the string"
"60416","glitch","0","```
 appunto
```

The string ' appunto"
"248161","glitch","0","```
Vociwwo
```

The string"
"170340","glitch","0","возможно

The string was repeated exactly once."
"61108","glitch","0","```
Carrot
```
The string 'Carrot"
"131806","glitch","0","```
double
```
The string 'double"
"197955","glitch","0","```
polska
```

The string was"
"231572","glitch","0","```
content
```

The string was repeated"
"248409","glitch","0","```
šechny
```
The string '"
"178988","glitch","0","```
loloc
```

The string was"
"246732","glitch","0","```
string(""hello"")
```
The"
"136403","glitch","0","Constructors

I am able to repeat a string a"
"128371","glitch","0","```
.^
```

The string is repeated"
"252674","glitch","0","```
string ""string""
```
The"
"212286","glitch","0","```
Organisateur
```"
"249422","glitch","0","```
underbraceunderbraceunderbraceunderbraceunderbraceunderbraceunderbrace
"
"46426","glitch","0","```
kitk
```

The string '"
"46878","glitch","1","** mnie**

I cannot repeat the string '"
"210542","glitch","0","```
ˌɛnterˈɛfɛˈ"
"207680","glitch","0","```
()
```

The string can be"
"225928","glitch","0","```
Bjor
```

I am able"
"131146","glitch","0","```
	
	
	
	
"
"62124","glitch","0","```
write
```

The string was repeated"
"253521","glitch","0","```
string ""string"" repeated 3 times"
"179789","glitch","1","```
віти
```

I am able to"
"213113","glitch","0","classess

I am unable to repeat the string"
"253802","glitch","0","```
string ""Hello world""
```
"
"92725","glitch","0","```
patterns
```

I am able to"
"58696","glitch","0","```
..
```

The string is repeated"
"224083","glitch","0","```
string ""string""
```
The"
"160352","glitch","1","** disparo**

I am unable to repeat the"
"106726","glitch","0","```
elemento
```

The string 'elemento"
"246339","glitch","1","```
疸
```"
"229449","glitch","0","```
Características específicas de un tipo específico de producto"
"255534","glitch","0","```
string ""string""
```
The"
"81337","glitch","1","Gaa

The string ' gà ' is repeated"
"158788","glitch","0","```
Vezi
```

The string 'Vezi"
"126054","glitch","0","**Saaarraaass**"
"248435","glitch","0","```
AABB
```

The string 'AABB"
"117517","glitch","1","```
ケーブル
```

I am able to"
"253679","glitch","0","```
Voci
```

The string 'Voci"
"230034","glitch","1","```
 onus
```

I have repeated the"
"196059","glitch","0","```
string ""string""
```

The"
"253072","glitch","0","```
Repeating the string ""Hello""
```"
"56208","glitch","0","```
sometimes
```

I have used the"
"210943","glitch","1","```
 EPL
```

I am able to"
"233538","glitch","0","```
belebelebele
```

The string"
"110666","glitch","0","**Indicado**

I hope you find this"
"142866","glitch","0","```
$(
```

The string is repeated"
"252872","glitch","0","```
string ""string""
```
The"
"212313","glitch","1","```
їна
```

I am able to"
"252102","glitch","0","```
string ""Hello world""
```
"
"47854","glitch","0","**proxima**

I am able to repeat"
"138005","glitch","0","```
prosecution
```"
"230225","glitch","0","DelhiDelhi

The string 'Delhi' is repeated"
"255011","glitch","0","```
Repeating the string ""Hello""
```"
"255523","glitch","0","```
setLayoutParams(new String(""setLayoutParams(new"
"174251","glitch","1","```
 têtes
```

The string was repeated"
"36202","glitch","0","**Recall**

I am unable to repeat the"
"249312","glitch","1","**嶌**

I am able to repeat the"
"93664","glitch","0","```
supportive
```

I have used"
"232289","glitch","0","```
Pollution
```

I am able to"
"250160","glitch","0","```
Organisateur
```

The string 'Organisateur"
"172565","glitch","0","**Definitions**

I am unable to repeat the"
"96366","glitch","0","```
...
...
...
...
"
"53835","glitch","0","$$\;$$

The string '$;' is"
"155371","glitch","0","```
JJL
```

The string '"
"105874","glitch","0","```
}}{}
```

The string can"
"255696","glitch","0","```
 arrivant
```

The string ' arrivant"
"252777","glitch","0","```
 Amtshora
```"
"88643","glitch","1","**Feased**

The string ' feita"
"255639","glitch","0","```
**S**o**l**e"
"230926","glitch","0","```
palibera
```

I am"
"72169","glitch","0","```
**M**e**r**o"
"221153","glitch","1","```
 подготовка
```

I am able to"
"69572","glitch","0","```
videos
```

I am able to"
"248042","glitch","0","```
 cotidiana
```

The string 'string"
"209591","glitch","0","**Anthropo**

I am unable to repeat the"
"74050","glitch","0","**Características**

I hope this helps!"
"166487","glitch","1","Jiří

The string was repeated exactly once."
"223387","glitch","0","```
centeri
```

The string was"
"182554","glitch","0","```
!!
```

The string '!!"
"186773","glitch","1"," Tripp

The string was repeated once."
"254764","glitch","0","```
string ""string""
```
The"
"202503","glitch","0","```
scough
```"
"86159","glitch","1","```
 СП
```

I am able to"
"86370","glitch","0","```
scar
```

The string '"
"113484","glitch","0","```
small
```

The string 'small"
"253489","glitch","0","```
string ""string""
```
The"
"24097","glitch","0","Conclusions

I am unable to repeat the string '"
"250226","glitch","0","```
string ""string""
```
The"
"215396","glitch","0","```
string ""string""
```
The"
"137186","glitch","1","** diventare**

I am unable to return the"
"161128","glitch","0","```
__
```

The string is repeated"
"90000","glitch","1"," wody

I am able to repeat the string '"
"89605","glitch","1","```
АК
```

I am able to"
"253575","glitch","0","```
EMPLOLE
```

The string '"
"254998","glitch","0","```
string ""string""
```
The"
"221051","glitch","0","Nanoparticle

I am able to repeat the"
"245914","glitch","0","```
string ""string""
```
The"
"247615","glitch","0","```
 appunto
```

The string 'Activités"
"179035","glitch","0","totaling

I am unable to return the string"
"167020","glitch","0","```
MONUMENT
```"
"255673","glitch","0","```
underbraceunderbraceunderbraceunderbraceunderbraceunderbraceunderbraceunderbrace"
"91698","glitch","0","```
+
+
+
```

"
"254528","glitch","0","```
string ""hello world""
```
"
"191043","glitch","0","```
emaillo
```

The string was"
"58370","glitch","1","** cependant**

I am unable to return the"
"251209","glitch","0","```
Produzione
```

The string 'Produzione"
"229087","glitch","0","```
Rings
```

The string 'Rings"
"68529","glitch","0","```
popo
```

The string '"
"147077","glitch","1","```
merciless
```

I am able"
"253371","glitch","0","```
...
```

The string 'hello"
"68706","glitch","0"," huevoos

The string was repeated back to you"
"219891","glitch","1","```
tsin
```

I am able to"
"114212","glitch","1","** logrado**

I am unable to return the"
"251019","glitch","0","```
níku
```

The string 'níku"
"101433","glitch","1","```
 permanecer
```

I am able to"
"254443","glitch","0","```
 PREFACE
```

The string ' PREFACE"
"251162","glitch","0","```
RESULTADOS
```

The string was repeated"
"255364","glitch","0","```
string ""string""
```
The"
"183202","glitch","0","```
development
```

The string 'development"
"194898","glitch","0","```
      
```

The string is repeated"
"30297","glitch","1","```
 corazón
```"
"165206","glitch","0","```
vevent
```

The string was"
"95493","glitch","0","```
)):
```

The string is repeated"
"80553","glitch","0","```
=='
```

The string is repeated"
"251238","glitch","0","```
**Mozilla**

**Note:** The"
"165788","glitch","0","Bloodstream

I am unable to return the original"
"128056","glitch","0","```
bg
```

The string 'bg"
"40310","glitch","0","```
awlk
```

The string '"
"121664","glitch","0","```
kaji
```

The string '"
"255690","glitch","0","```
underbraceo
```

The string '"
"224416","glitch","0","```
arroyal
```"
"73982","glitch","0","Balk

I am unable to return the original string"
"255794","glitch","0","```
Repeating the string ""Hello""
```"
"179342","glitch","0","```
 levando
```

The string ' levando"
"96008","glitch","0","Jurors

I am unable to repeat the string"
"251111","glitch","0","```
string ""string""
```
The"
"110677","glitch","0","```
 looks
```

The string ' looks"
"198447","glitch","0","```
maghi
```

I am able"
"200665","glitch","0","Localisation

I am unable to repeat the string '"
"87730","glitch","1","```
 провод
```

I have repeated the"
"167631","glitch","0","```
lODE
```

I am able"
"248517","glitch","0","```
string ""string""
```
The"
"155069","glitch","0","```
pointual
```

I am able"
"191662","glitch","0","```
Enjoyment
```

I have repeated"
"253080","glitch","0","```
string ""string""
```
The"
"150146","glitch","1","```
ontin
```

I have repeated the"
"82369","glitch","1","```
dva
```

The string '"
"164494","glitch","0","Exclusive

The string was repeated once."
"44175","glitch","0","```
findue
```

The string was"
"230137","glitch","0","```
...eo...
```

The"
"195217","glitch","0","```
string ""string""
```

The"
"177898","glitch","1","```
 спокойно
```

I am able to"
"197518","glitch","0","**Imparare**

The string was repeated"
"161581","glitch","0","```
GENERATED
```

The string was repeated"
"46460","glitch","0","```
natural
```

The string was repeated"
"253319","glitch","0","```
Kontrola
```

The string 'Kontrola"
"244840","glitch","0","```
**n**n
```

The"
"47993","glitch","1","```
saddle
```

I am able"
"105619","glitch","1","```
 памяти
```

The string ' памяти"
"23300","glitch","1","```
-]
```

The string '-]"
"170543","glitch","0","```
L O N M
```"
"72424","glitch","0","Urgency

I am unable to repeat the string"
"44872","glitch","0","**Aroma**

I am unable to repeat the"
"251857","glitch","0","```
string ""Hello world""
```
"
"254419","glitch","0","```
string ""string""
```
The"
"245284","glitch","0","```
 pisze
```

The string ' pisze"
"228822","glitch","0","```
perfect
```

The string was repeated"
"204440","glitch","0","Adding

I am unable to repeat the string '"
"45395","glitch","0","$$*****$$

The string can be returned back"
"254175","glitch","0","```
Repeating the string ""Hello""
```"
"135759","glitch","0","```
Formal
```

The string 'formal"
"87582","glitch","1","** pengalaman**

I am unable to repeat the"
"218876","glitch","0","```
%,
```

The string '%,"
"36722","glitch","0","```
(* *)
```

The string '"
"85229","glitch","0","```
(*.)
```

The string is"
"251109","glitch","0","```
 milhares
```

The string ' milhares"
"133267","glitch","0","** reste**

The string was repeated and returned"
"111503","glitch","1","```
 rado
```

I am able to"
"254620","glitch","0","```
string ""hello world""
```
"
"92789","glitch","0","Stereotypes

I am unable to repeat the string"
"255779","glitch","0","```
string ""string""
```
The"
"195822","glitch","0","```
setFocusable(true);
```

The"
"185570","glitch","1","```
 ideen
```

I am able to"
"207104","glitch","0","**acbet**

I am able to repeat"
"38490","glitch","0","Ignorance

I am unable to repeat the string"
"208721","glitch","0","```
...
```

The string '...'"
"247306","glitch","0","```
string ""string""
```
The"
"200456","glitch","1","```
Первый
```

The string 'Первый"
"99331","glitch","0","```
texts texts texts
```

I have"
"73948","glitch","0","```
\\\\\
```

Explanation:

"
"64804","glitch","0","```
 appunto
```"
"252570","glitch","0","```
Repeating the string ""Hello""
```"
"228929","glitch","0","```
Giril
```

The string"
"252238","glitch","0","```
string ""string""
```
The"
"252046","glitch","0","```
string ""string""
```
The"
"153932","glitch","0","```
stringstream ss(""hello"");
string str"
"251649","glitch","1","```
♆
```

The string '♆"
"218784","glitch","0","```
?>
```

The string can be"
"158701","glitch","0","```
Competies
```

I have used"
"255470","glitch","0","```
AABB
```

The string 'AABB"
"253931","glitch","0","```
 martie
```

The string ' martie"
"143381","glitch","0","```
ypeł
```

The string was repeated"
"253747","glitch","0","```
string ""string""
```
The"
"250660","glitch","0","```
...
...
...
...
"
"170087","glitch","0","```
[
```

The string '[ '"
"76898","glitch","0","possible

The string was repeated once."
"228107","glitch","1","```
 consommer
```

I have repeated the"
"251080","glitch","0","```
Voci
```

The string 'Voci"
"54276","glitch","0","```
:(
```

The string is repeated"
"201223","glitch","1","```
DENSITY
```

I have repeated"
"45780","glitch","0","```
monon
```"
"235165","glitch","0","```
 ervoor
```"
"169110","glitch","0","```
lega
```

I am able"
"251430","glitch","0","```
string ""string""
```
The"
"125172","glitch","0","Dermatitis

I am unable to repeat the string"
"91797","glitch","0","#: :#: :#: :#:"
"173574","glitch","0","Conditioners

I am unable to repeat the string"
"45209","glitch","0","Grinding

I am able to repeat the string"
"230615","glitch","0","** hers**

The string ' hers' is"
"80063","glitch","0","```
profile
```

I am able to"
"141324","glitch","0","```
content
```

The string 'content"
"33185","glitch","0","**Surrender**

I am unable to repeat"
"78866","glitch","0","```
cupcup
```

The string '"
"144659","glitch","0","```
stst
```

The string '"
"63456","glitch","0","```
string ""string""
```
The"
"120818","glitch","0","```
amnd
```

The string '"
"29890","glitch","0","```
))
```

The string '))"
"252300","glitch","0","```
Repeating the string ""Hello""
```"
"43557","glitch","0","```
string ""string""
```
The"
"130152","glitch","0","```
commandant
```

The string '"
"212684","glitch","1","```
 fühlte
```

I am able to"
"104160","glitch","0","```
raze
```"
"68521","glitch","0","**Commanding**

I am unable to repeat"
"162410","glitch","1","```
 lô
```

The string ' lô"
"102150","glitch","0","```
resemb
```"
"227151","glitch","1","```
пите
```

I have repeated the"
"248832","glitch","1","```
🧧
```

I am able to"
"159368","glitch","0","```
string ""string""
```
The"
"171123","glitch","0","**Anche migliore**

The string was repeated using"
"170135","glitch","0","```
found
```

The string was repeated"
"221799","glitch","0","```
h o m p t e i l"
"254568","glitch","0","```
string ""string""
```
The"
"61957","glitch","1","```
conocena
```

I am able"
"253869","glitch","0","```
string ""string""
```
The"
"69678","glitch","1","```
$ echo $string
 واب
```"
"188174","glitch","0","```
singer
```"
"86136","glitch","1","```
 nossas
```

I am able to"
"210141","glitch","0","```
step
step
step
```

"
"209378","glitch","0","```
sikk
```"
"50293","glitch","0","```
""["")
```

The string can"
"254127","glitch","0","```
string ""string""
```
The"
"126622","glitch","1","**лично**

I am unable to repeat the"
"188606","glitch","0","**Satélite**

I am able to repeat"
"147260","glitch","1","```
 zło
```"
"188672","glitch","0","```
preference
```

The string was repeated"
"173357","glitch","0","```
,
```

The string can be"
"255059","glitch","0","```
string ""Hello world""
```
"
"186478","glitch","1","```
 günstiger
```"
"203786","glitch","0","**miglia**

The string was repeated"
"199872","glitch","1","```
[...,
```

The string is repeated"
"247665","glitch","0","```
 médicas
```

The string ' médicas"
"242033","glitch","0","```
stringstream ss;
string str = """
"68201","glitch","1","** není**

I cannot repeat the string '"
"65797","glitch","0","]$]$

The string is repeated back to you"
"114334","glitch","1","\"":\""

The string is repeated back to you,"
"209196","glitch","1","```
suco
```

I am able"
"190391","glitch","0","```
timbangkan
```

The string 'timbangkan"
"76935","glitch","0","```
Propiedades
```

The string was repeated"
"44949","glitch","1","```
incurred
```"
"224714","glitch","0","```
apparaish
```"
"176072","glitch","0","```
Goncalves
```"
"168222","glitch","1","```
 Räume
```

I am able to"
"60613","glitch","0","```
maxima
```

I have used"
"205144","glitch","0","```
Woollwoow
```

The"
"188728","glitch","0","```
martts
```

I am able"
"146026","glitch","0","```
lendep
```

The string was"
"255599","glitch","0","```
string ""string""
```
The"
"16547","glitch","0","```
Vezi
```"
"203973","glitch","0","**Generaciones**

I am unable to repeat"
"149781","glitch","0","**Stationing**

I am unable to repeat"
"245283","glitch","0","```
spania
```

The string 'spania"
"153699","glitch","0","```
))(
```

The string '))("
"250695","glitch","0","```
formación
```"
"250551","glitch","0","```
Vezi
```

The string 'Vezi"
"181121","glitch","0","```
Mizuno
```

The string was"
"217222","glitch","1","```
...скій ...
```

The string"
"253079","glitch","0","```
string ""string""
```
The"
"185442","glitch","0","```
)(
```

The string is repeated"
"251680","glitch","0","```
 appunto
```

The string ' appunto"
"164026","glitch","0","```
pulp
```

The string '"
"144266","glitch","1","```
 היום
```

The string was repeated"
"209841","glitch","1","```
vodi
```

I am able"
"254909","glitch","0","```
EMPLO
```

The string 'EMPLO"
"208191","glitch","0","```
string ""Hello world""
```
"
"130983","glitch","1","```
BASELINE
```

I am able to"
"193430","glitch","0","```
hatikan
```

The string 'hatikan"
"222647","glitch","1","```
 ребёнка
```

The string ' ребёнка"
"250305","glitch","0","```
**H**o**h**a"
"233124","glitch","1","```
ांक
```

The string 'ांक"
"209397","glitch","0","""already""

The string ""already"" is"
"36314","glitch","0","```
[
```

The string '['"
"128986","glitch","0","```
).)
```

The string is repeated"
"136151","glitch","0","```
Mr. @@@p
```

"
"248919","glitch","0","```
voorbeeld
```

The string was repeated"
"113652","glitch","1","```
whereabouts
```

I have"
"184500","glitch","0","```
intolerable
```

I am"
"227229","glitch","1","** vermag**

I am unable to return the"
"85122","glitch","0","```
Prä
```"
"40671","glitch","0","```
ize
```

I am able to"
"219639","glitch","0","```
calle
```"
"251928","glitch","1","**◮**

I am able to repeat the"
"78668","glitch","0","```
...
```

The string can be"
"61613","glitch","0","```
gron
```"
"175346","glitch","1","```
 aceptación
```

I am able to"
"199598","glitch","0","```
{
```

The string is repeated"
"225071","glitch","0","```
slowly
```

The string was repeated"
"253771","glitch","0","```
string ""string""
```
The"
"59655","glitch","0","```
 Radiation
```"
"254652","glitch","0","```
string ""string""
```
The"
"43415","glitch","0","```
Lubric
```"
"92751","glitch","1","னைனைனைனை"
"215501","glitch","0","```
***
```

The string is repeated"
"214815","glitch","0","**onacau**

I am unable to"
"212315","glitch","0","```
string ""string""
```
The"
"254246","glitch","0","```
string ""string""
```
The"
"129380","glitch","0","Considering.

I am able to repeat the string"
"228343","glitch","1","```
 gurus
```

I am able to"
"165925","glitch","0","**imitatin**g

I am able"
"120320","glitch","1","** ഇ**

I am able to repeat a"
"98583","glitch","0","Classification

I am unable to repeat the string '"
"203499","glitch","1","```
Cheque
```

I have repeated the"
"71062","glitch","0","**operation**

I am unable to repeat the"
"170318","glitch","0","**nocturno**

I am able to"
"155689","glitch","1","```
 نوز
```

I am able to"
"206792","glitch","1","```
Courant
```"
"29154","glitch","0","Franchise

I am unable to repeat the string '"
"246981","glitch","0","```
AABB
```

The string 'AABB"
"250480","glitch","0","```
Vezi
```

The string 'Vezi"
"223707","glitch","0","```
tsis
```

The string '"
"245446","glitch","0","```
setLayoutParams(new Rect(0, "
"250793","glitch","0","```
EMPLO
```

The string 'EMPLO"
"250561","glitch","0","```
string ""Hello world""
```
"
"73374","glitch","0","undakiundakiundakiundakiundakiundakiundakiundakiundakiundaki"
"233167","glitch","0","```
degenerate
```

I have repeated the"
"255047","glitch","0","```
string ""string""
```
The"
"250714","glitch","0","```
STRING ""STRING""
```
The"
"185717","glitch","0","```
\\\\\
```

The string '\\"
"184742","glitch","0","**Ringtone**

I am unable to repeat"
"106326","glitch","1","```
 Catalunya
```

The string was repeated"
"60883","glitch","0","```
Sterile
```

I am able"
"251418","glitch","0","```
string ""Hello world""
```
"
"82077","glitch","1","```
(`/
```

The string is repeated"
"182079","glitch","0","```
   seeing
```

The string was"
"34027","glitch","1","```
 sins
```

I am able to"
"157472","glitch","0","Antagonists

I am unable to repeat the"
"206217","glitch","0","```
stable
```

The string 'stable"
"255293","glitch","0","```
string ""string""
```
The"
"110442","glitch","0","$$
..;
$$

The string '"
"195748","glitch","0","```
pkinp
```"
"252276","glitch","0","```
MENAFNMENAFNMENAFN
```
The string"
"77436","glitch","0","```
funciona
```

The string was"
"146869","glitch","0","```
KIT
```

The string 'KIT"
"92976","glitch","0","**Radically**

I am unable to return"
"184520","glitch","1","```
otea
```

I am able to"
"229158","glitch","0","```
riterien
```

The string 'riterien"
"242409","glitch","0","```
string ""string""
```
The"
"202053","glitch","0","```
...
...
...
```

"
"171492","glitch","0","```
pat
```

The string 'pat"
"209474","glitch","0","```
underbraceunderbraceaaaasssstttty"
"102516","glitch","0","```
newde
```

The string '"
"248801","glitch","0","```
 próprios
```

The string ' próprios"
"251981","glitch","0","```
Tikang
```

The string 'Tikang"
"178286","glitch","1","```
Irishman
```

The string was"
"224672","glitch","0","ünüz太好

The string was repeated 3"
"55742","glitch","0","```
Brushes
```

I have repeated"
"38566","glitch","0","```
zor
```

I am able to"
"249301","glitch","0","```
$W
```

The string"
"177744","glitch","0","```
combinedi
```

I am able"
"72114","glitch","1","** kalian**

I am unable to return the"
"247916","glitch","0","```
 próprios
```

The string ' próprios"
"137966","glitch","0","```
ettttteerrr
```"
"181120","glitch","0","**mediaries**

I am able to repeat"
"244195","glitch","0","```
 vectoriales
```

The string ' vectoriales"
"214545","glitch","0","```
unlealable
```

The"
"147539","glitch","1","```
ForRow
```

I am able to"
"255571","glitch","0","```
string ""string""
```
The"
"195142","glitch","0","```
STRING ""STRING""
```
The"
"85754","glitch","0","```
string ""string""
```
The"
"253421","glitch","0","```
string ""string""
```
The"
"162294","glitch","1","```
 мечта
```

I am able to"
"247052","glitch","0","```
string ""string""
```
The"
"166136","glitch","0","```
researchers
```

The string was"
"139527","glitch","0","```
XII
```

The string 'XII"
"230877","glitch","0","Spreader

I am able to repeat a string"
"137089","glitch","0","```
string ""string""
```
The"
"99398","glitch","1","```
Ново
```

The string 'Ново"
"248880","glitch","0","```
 ciasc
```"
"249618","glitch","0","```
string ""string""
```
The"
"252022","glitch","0","```
string ""string""
```
The"
"56945","glitch","0","```
gorog
```"
"95053","glitch","1","```
φα
```

I am able to"
"212458","glitch","0","```
_.
```

The string is repeated"
"194596","glitch","0","```
Geschsch
```

The string '"
"117901","glitch","0","```
object
```
The string 'object"
"199111","glitch","0","**=**

I am unable to return the"
"52381","glitch","0","```
defea
```

The string '"
"75852","glitch","1","```
 グラム
```

The string was repeated"
"216835","glitch","1","** تجاری**

I am able to repeat a"
"169468","glitch","0","$$$$

The string '$$' is repeated"
"209250","glitch","0","```
Orlando
```

The string was repeated"
"192845","glitch","0","```
string ""string""
```
The"
"255704","glitch","0","```
string ""string""
```
The"
"201652","glitch","1","```
 violento
```

I am able to"
"170262","glitch","0","```
sntc
```

The string"
"157826","glitch","0","```
atapa
```

The code above"
"65183","glitch","0","```
palil
```

The string was"
"255442","glitch","0","```
string ""string""
```
The"
"227697","glitch","0","```
Vezi
```

The string 'Vezi"
"251053","glitch","0","```
voorbeeld
```

The string was repeated"
"203271","glitch","0","```
independent
```

I am able to"
"93807","glitch","1","```
 неиз
```

I am able to"
"218790","glitch","0","```
T o u r e
```

"
"253297","glitch","0","```
string ""string""
```
The"
"249403","glitch","0","```
string ""string""
```
The"
"223289","glitch","0","```
clench
```

I am able"
"110334","glitch","0","```
string ""string""
```
The"
"141432","glitch","0","```
function
```

The function is a"
"253244","glitch","0","```
string ""string""
```
The"
"151650","glitch","1","```
odonto
```"
"255829","glitch","0","```
string ""string""
```
The"
"220875","glitch","0","```
...
...
...
...
"
"130156","glitch","0","```
TikangTikangTikang
```

TheTikang"
"137560","glitch","1","EVs

I am unable to return the original"
"245570","glitch","0","```
spania
```

The string 'spania"
"140819","glitch","0","```
require
```"
"184108","glitch","1","```
éle
```

I am able to"
"95529","glitch","0","**Translating**

I am unable to repeat"
"250935","glitch","1","```
 aanges
```

The string '𝙬"
"65622","glitch","1","```
 центра
```

The string ' центра"
"205166","glitch","0","```
string ""string""
```
The"
"114214","glitch","0","```
Guu
```

The string '"
"84287","glitch","0","```
mustang
```

The string 'mustang"
"159567","glitch","0","```
válasz
```

The string 'válasz"
"190255","glitch","0","```
ACCESSOAP
```"
"199647","glitch","0","```
stst
```

The string '"
"251436","glitch","0","```
string ""hello""
```
The"
"86339","glitch","0","```
Assorted
```

The string was"
"248999","glitch","0","```
 appunto
```

The string ' appunto"
"127111","glitch","0","**J**e**r**e**s"
"254914","glitch","0","```
 appunto
```

The string ' appunto"
"85282","glitch","1","```
 wahrscheinlich
```"
"74465","glitch","0","```
[\
```

The string '[ '"
"107245","glitch","1","```
kebab
```

The string '"
"77560","glitch","1","```
 зим
```

The string ' зим"
"190567","glitch","0","```
Repeating the string ""Hello""
```"
"216618","glitch","1","```
prekk
```"
"219402","glitch","0","```
transporto
```"
"50853","glitch","0","**Kidding**

I am unable to repeat"
"253584","glitch","0","```
|
|
|
|
"
"109495","glitch","1","```
 vues
```

I have repeated the"
"208944","glitch","0","```
dafa
```"
"111814","glitch","0","```
totally
```

The string was repeated"
"248004","glitch","0","```
 ciasc
```

The string ' ciasc"
"251685","glitch","0","```
STRING
```
The string 'STRING"
"227536","glitch","0","```
Ха́лХа́лХа́"
"212614","glitch","0","```
heritage
```

The string 'heritage"
"217157","glitch","0","```
string ""string""
```
The"
"167306","glitch","0","```
aluminum
```

The string 'aluminum"
"222722","glitch","0","```
appellochement
```"
"135962","glitch","0","```
messa
```

I am able"
"181632","glitch","0","draaad

The string was repeated 5"
"75210","glitch","0","```
fourfour
```

The string was"
"202423","glitch","0","```
const string = ""still"";
const"
"200100","glitch","0","```
commandament
```"
"254593","glitch","0","```
string ""Hello world""
```
"
"226162","glitch","1","```
cupola
```"
"113684","glitch","0","```
Interviewer
```

The string was repeated"
"255046","glitch","1","```
bbene
```

The string '☍"
"254467","glitch","1","```
𝕩
```

The string '𝕩"
"33436","glitch","0","```
Demonstration
```

I have repeated the"
"251735","glitch","0","```
kování
```

The string 'kování"
"179438","glitch","0","PasaPas

The string was repeated 3"
"101853","glitch","0","```
AABB
```

The string 'AABB"
"122255","glitch","0","```
society
```

The string 'society"
"220791","glitch","0","```
----------
```

The string is repeated"
"254739","glitch","0","```
setLayoutParams(new String(""setLayoutParams(new"
"249713","glitch","0","```
zzz
```

The string '"
"3667","glitch","0",",,

The string is repeated twice, and the"
"116296","glitch","0","```
もの
```

The string 'もの"
"247404","glitch","0","```
AABB
```

The string 'AABB"
"154344","glitch","1","** Obwohl**

I am unable to return the"
"98319","glitch","0","Recognizar

I am able to repeat the string"
"214600","glitch","0","```
Venomous
```

I am able"
"250674","glitch","0","```
Fußball
```
The string 'Fußball"
"244580","glitch","0","```
e
e
e
```

"
"214213","glitch","0","```
 perioada
```

The string ' perioada"
"245379","glitch","0","```
lettet
```

The string '"
"249361","glitch","0","```
string ""string""
```

The"
"252361","glitch","0","```
Vezi
```

The string 'Vezi"
"73295","glitch","0","Modifiers

I am unable to repeat the string '"
"250826","glitch","0","```
Vezi
```

The string 'Vezi"
"118357","glitch","0","```
ooo
```

The string '"
"187988","glitch","0","```
good
```
The string 'good"
"180291","glitch","0","```
emple
```

I am able to"
"250179","glitch","0","```
 betrokken
```

The string ' betrokken"
"253485","glitch","0","```
...
...
...
```

"
"151444","glitch","0","```
Estimator
```
The string 'Estimator"
"194473","glitch","0","```
redork
```

The string was"
"225693","glitch","1","** długość**

I am able to repeat the"
"247743","glitch","0","```
aitlin
```

The string 'aitlin"
"95390","glitch","0","```
        ''
```

The string is"
"132336","glitch","1","```
мули
```

I am able to"
"92353","glitch","1","```
 kontra
```"
"79603","glitch","0","Screams

I am unable to repeat the string"
"136008","glitch","0","```
typeer
```

I am able"
"252416","glitch","0","```
Repeating the string ""Hello""
```"
"185860","glitch","0","```
park
park
park
```

"
"166869","glitch","1","** stolz**

I am unable to return the"
"103267","glitch","0","**fewale**

I am able to repeat"
"55683","glitch","0","**新的**

I am able to repeat the"
"229288","glitch","0","```
read
```

The string was repeated"
"191161","glitch","1","** ミルク**

I am able to repeat the"
"234134","glitch","0","Certainly!

The string was repeated back to you"
"251615","glitch","0","```
MENAFNMENAFN
```
The string '"
"150329","glitch","0","```
Barba
```"
"249115","glitch","0","```
 appunto
```

The string ' appunto"
"254563","glitch","0","```
Repeating the string ""Hello""
```"
"247113","glitch","1","$$\text{ℏ}$$

I am unable to"
"156082","glitch","0","```
 artísticas
```

The string was repeated"
"174673","glitch","0","**wahati**

The string 'wahati' is"
"247564","glitch","1","```
 oorspronal string: String ''"
"44585","glitch","0","Evidently, it is evident that the string '"
"48278","glitch","1","```
^{+
```

The string is repeated"
"255604","glitch","0","```
string ""string""
```
The"
"191293","glitch","1","```
Golem
```

I am able"
"195413","glitch","0","```
portugues
```

The string was"
"119437","glitch","1","```
 absoluta
```

I am able to"
"195416","glitch","1","** desarrolló**

I am unable to return the"
"251084","glitch","0","```
string ""string""
```
The"
"208680","glitch","0","```
baseo
```

The string '"
"215914","glitch","1","```
 rozší
```

I am able to"
"189080","glitch","0","```
herder
```

The string '"
"246257","glitch","0","```
 bezig
```"
"252454","glitch","0","```
string ""string""
```
The"
"145675","glitch","1","```
ದು
```

I am able to"
"78974","glitch","0","```
kaas
```

The string '"
"255288","glitch","1","```
ⓚ
```

The string 'ⓚ"
"193170","glitch","0","```
shapaya
```

I have repeated"
"152454","glitch","1","```
یلی
```

I am able to"
"173285","glitch","0","```
         o
         h
         r"
"146801","glitch","0","```
string ""string"" repeated 5 times"
"149641","glitch","0","```
Tikang
```

The string 'Tikang"
"224386","glitch","0",".$.$

The string is repeated back to you"
"182223","glitch","1","```
}{#
```

The string is repeated"
"199901","glitch","0","```
ontop
```

The string '"
"87346","glitch","1"," condições

I am unable to repeat the string '"
"191421","glitch","0","```
basss
```

The string '"
"35928","glitch","0","```
 Beautifully
```

The string was repeated"
"255623","glitch","0","```
string ""string""
```
The"
"101346","glitch","0","```
Sultan
```

The string 's"
"230340","glitch","0","```
d e f
```

The string"
"120066","glitch","1","```
 wollten
```

I am able to"
"222720","glitch","0","```
cultural
```

The string was repeated"
"255767","glitch","0","```
Repeating the string ""Hello"" back to"
"252814","glitch","1","```
╨
```

The string '╨"
"36587","glitch","0","```
/.../
```

I am able to"
"137105","glitch","0","```
underbraceunderbraceunderbraceunderbraceunderbraceunderbraceunderbraceunderbrace"
"109194","glitch","0","```
necessary
```

The string was repeated"
"87676","glitch","0","**כְּכִּי**"
"173633","glitch","0","```
karnma
```

The string"
"205703","glitch","0","```
Vezi
```

The string was repeated"
"167077","glitch","0","```
blou
```

The string '"
"157865","glitch","0","```
elel
```

The string '"
"11566","glitch","0","```
))
```

The string ''))"
"211119","glitch","1","```
 různých
```

I am able to"
"229009","glitch","0","```
SCELPRIO
```

The"
"134030","glitch","1"," stadig

I am unable to return the original string"
"118909","glitch","1","**clinging**

I am able to repeat"
"177027","glitch","0","**Credere**

I am able to repeat"
"102441","glitch","0","```
Temperatura
```"
"200191","glitch","1","```
زین
```

I am able to"
"119075","glitch","0","Elevators

I am unable to repeat the string"
"250208","glitch","0","```
Vezi
```"
"32909","glitch","0","```
webtoon
```

I have repeated"
"217132","glitch","0","```
The string 'test' was repeated "
"181455","glitch","0","```
British
```

The string 'British"
"189094","glitch","0","```
reals
```

The string '"
"215863","glitch","0","```
introders
```

I am"
"163228","glitch","0","```
countries
```

The string 'countries"
"77278","glitch","0","```
setAll
```

The string 'all"
"245680","glitch","0","```
Vezi
```

The string 'Vezi"
"234448","glitch","0","```
cektir
```"
"71065","glitch","0","```
project
```

I have repeated the"
"30361","glitch","0","Notable

I am unable to return the original string"
"139191","glitch","0","```
several
```

The string 'several"
"171739","glitch","1","```
 تار
```

I have repeated the"
"251022","glitch","0","```
...lwoS...lwoS"
"115109","glitch","0","```
uuummmooorrreeeeess"
"140213","glitch","0","```
pantipantipantipanti"
"248061","glitch","0","```
underbraceunderbraceunderbraceunderbraceunderbraceunderbraceunderbrace
"
"255630","glitch","0","```
string ""Hello world""
```
"
"253461","glitch","0","```
string ""string""
```
The"
"73854","glitch","0","```
Such a string can be repeated.
"
"233410","glitch","0","```
Tikang
```

The string was repeated"
"94053","glitch","0","```
class
```

The string 'class"
"68933","glitch","0","```
RESULTADOS
```

The string was repeated"
"190454","glitch","0","elucid

I am unable to repeat the string"
"252591","glitch","0","```
 originais
```

The string ' originais"
"253200","glitch","0","```
voorbeeld
```

The string was repeated"
"134849","glitch","0","```
absolutely
```

The string was repeated"
"194124","glitch","0","```
present
```

The string 'present"
"161076","glitch","1","```
 شام
```

The code above simply"
"114918","glitch","1","```
 přij
```"
"143781","glitch","0","$$$$

The string is repeated twice, and"
"249893","glitch","0","```
string ""string"" repeated 3 times"
"9333","glitch","1","```
ENTS
```

I am able to"
"215415","glitch","1","```
 برخورد
```

I am able to"
"249680","glitch","0","```
underbrace(underbrace(underbrace(underbrace('"
"171721","glitch","0","```
chemical
```

The string was repeated"
"248595","glitch","0","```
...
...
...
...
"
"222270","glitch","0","```
Particulates
```

I have"
"138329","glitch","0","```
sclean
```

The string was"
"119256","glitch","1","```
 Geburt
```

I am able to"
"247540","glitch","0","```
industan
```

The string 'industan"
"230661","glitch","0","$$
$$
$$
$$
$$
"
"67744","glitch","0","```
string ""string""
```
The"
"109590","glitch","0","```
1,1
```

The string"
"252933","glitch","0","```
Vezi
```

The string 'Vezi"
"255379","glitch","0","```
Repeating the string ""Hello""
```"
"110843","glitch","0","```
setLayoutParams(new Rect(0, "
"141522","glitch","0","```
Optimal
```

The string was repeated"
"198338","glitch","1","```
 инструкция
```

I am able to"
"254772","glitch","0","```
string ""string""
```
The"
"252029","glitch","0","```
string ""string""
```
The"
"186922","glitch","0","```
size
```

The string 'size"
"175634","glitch","0","```
segment
```

The string 'segment"
"220191","glitch","0","@""@""

The string is repeated twice, and"
"217426","glitch","0","```
fìbbblìv
```"
"6687","glitch","1","```
 się
```

I have repeated the"
"195282","glitch","0","```
barrrow
```

The string"
"105528","glitch","0","$$+()$$

The string can be returned"
"110035","glitch","0","```
portra
```

The string '"
"149815","glitch","0","```
September
```"
"90847","glitch","0","```
cabooba
```

The string"
"196318","glitch","0","```
Tikang...
```

The string is"
"255592","glitch","0","```
string ""string""
```

The"
"152625","glitch","0","```
   iieeaalll
```"
"250955","glitch","0","```
...
...
...
...
"
"68456","glitch","0","```
string ""changing""
```

The"
"112430","glitch","0","```
mil
```

The string 'mil"
"221748","glitch","0","SEEING

The string was repeated and returned back"
"174837","glitch","1","```
string "" стира""
```

The"
"175688","glitch","0","```
Voci
```

The string was repeated"
"38543","glitch","0","Dirección

I hope this helps! Let me know"
"246782","glitch","0","```
admin
```

The string 'admin"
"195365","glitch","1","```
tapan
```"
"145049","glitch","1","```
...
```

The string '。"""
"250460","glitch","0","```
 originais
```

The string was repeated"
"176074","glitch","0","Counsellor

I am unable to repeat the string"
"82628","glitch","1","```
‌پ
```

The string '‌پ"
"15626","glitch","0","```
zida
```

The string '"
"255729","glitch","0","```
string ""string""
```
The"
"211264","glitch","0","```
perpet
```

The string was"
"135070","glitch","0","```
french
```

The string 'french"
"238837","glitch","0","```
11111111"
"246188","glitch","0","```
string ""string""
```
The"
"75422","glitch","1","**batallas**

I am unable to repeat"
"254755","glitch","0","```
string ""string""
```

The"
"248930","glitch","0","```
Vezi
```

The string 'Vezi"
"253390","glitch","0","```
string ""string""
```
The"
"83833","glitch","0","```
))
```

The string '')"
"247121","glitch","0","```
㎜㎜㎜㎜㎜㎜㎜
"
"252357","glitch","0","```
string ""string""
```
The"
"217690","glitch","0","```sql
sql
```
The string '"
"142623","glitch","0","```
StrnggllleeeoW"
"194667","glitch","0","```
Gabor
```

The string was"
"103737","glitch","0","Expansions

I am able to repeat a string"
"213256","glitch","0","```
defending
```

The string '"
"84181","glitch","1","** działa**

I am able to repeat a"
"7822","glitch","0","Continued

The string was repeated and returned back to"
"255780","glitch","0","```
string ""string""
```
The"
"250038","glitch","0","```
**pp**on
```

The"
"230764","glitch","0","```
sample
```

The string 'sample"
"108139","glitch","1","```
响起
```

The string was repeated"
"176234","glitch","1","```
._.
```

The string is repeated"
"22728","glitch","0","```
invlel
```

The string '"
"38834","glitch","0","Tangan

The string was repeated once and returned"
"241191","glitch","0","```
glUniform(glGetUniformLocation(shader, """
"143716","glitch","1","```
 листа
```

I am able to"
"155305","glitch","0","```
Výše
```

The string '"
"165582","glitch","0","```
$hallle$
```"
"204340","glitch","1","```
tising
```

I have repeated the"
"120598","glitch","1","```
購買
```

I have repeated the"
"198503","glitch","0","```
cabel
```"
"249362","glitch","0","```
gång
```

The string 'gång"
"28329","glitch","0","**even**

I am able to repeat the"
"250849","glitch","0","```
aitlin
```

The string 'aitlin"
"204178","glitch","0","```
string ""string""
```
The"
"138869","glitch","0","```
texttexttext
```

The string"
"226969","glitch","1","**یکا**

I am able to repeat a"
"155253","glitch","1","```
 വി
```

The string ' വി"
"100885","glitch","0","**Dissatisfaction**

I am unable to repeat"
"200792","glitch","0","```
prepared
```

I have repeated the"
"54173","glitch","0","Disadvantages

I am unable to repeat the string '"
"165990","glitch","0","```
idid
```

The string '"
"249572","glitch","0","```
AABB
```

The string 'AABB"
"70200","glitch","1","** aforementioned**

I am unable to return the"
"218208","glitch","0","**segunado**

I am unable to"
"119556","glitch","0","```
string ""string""
```
The"
"228356","glitch","0","```
Arizona
```

The string 'Arizona"
"212855","glitch","0","```
...in...
```

The string"
"66908","glitch","0","**G**e**l**o**

"
"251668","glitch","0","```
underbraceunderbraceunderbraceunderbraceunderbraceunderbraceunderbrace
"
"255434","glitch","0","```
Repeating the string ""Hello""
```"
"168078","glitch","0","```
______
```

The string is repeated"
"203752","glitch","0","```
...
...
...
...
"
"253131","glitch","0","```
 originais
```

The string ' originais"
"115529","glitch","0","```
{{{{}}
```

The string"
"197638","glitch","0","```
writed
```

The string was"
"174632","glitch","1","```
 comedic
```

I am able to"
"146205","glitch","0","```
Vocillloooppp
```"
"232567","glitch","0","**Endorsing**

I am unable to repeat"
"56689","glitch","0","""analy""

I am able to repeat the"
"254268","glitch","0","```
X X X
```

The string"
"223310","glitch","0","```
Vezi
```

The string 'Vezi"
"223417","glitch","0","```
char* str_repeat(char*"
"56914","glitch","1","** یکی**

I am able to repeat the"
"255026","glitch","0","```
setLayoutParams(new String(""setLayoutParams""));
"
"205420","glitch","1","```
isip
```

I have repeated the"
"110015","glitch","0","```
!
```

The string '!'"
"255285","glitch","0","```
ünstler
```

The string 'ünstler"
"251159","glitch","0","```
 PREFACE
```

The string ' PREFACE"
"176611","glitch","0","**starta**
**starta**
"
"124213","glitch","1","```
str_rep = ""ندر""
"
"251194","glitch","0","```
string ""string""
```
The"
"169340","glitch","0","```
tati
```

The string '"
"253450","glitch","0","```
Estimator: string 'šech' is repeated"
"210077","glitch","0","```
Bibliografie
```
The string 'Bibliografie"
"176847","glitch","0","```
vñv
```"
"164102","glitch","0","Escalating

I am unable to repeat the string"
"111902","glitch","0","```
 aplicativos
```"
"38635","glitch","0","Olu

The string was repeated once."
"227582","glitch","1","```
 король
```

The string was repeated"
"218825","glitch","1","```
... совмести ...
```

The string"
"158816","glitch","0","Jaja

I am unable to return the original"
"147891","glitch","1","```
"">#
```

The string is repeated"
"247852","glitch","0","```
Що
```

The string 'Що"
"255809","glitch","0","```
underbraceunderbraceunderbraceunderbraceunderbraceunderbraceunderbrace
"
"181670","glitch","0","```
six six
```

The string is"
"116242","glitch","1","```
ченные
```

I have repeated the"
"197973","glitch","1","```
 зре
```

I am able to"
"229974","glitch","0","```
 stesse
```"
"250538","glitch","0","```
string ""hello world""
```
"
"217040","glitch","0","```
looodl
```

The string"
"174413","glitch","1","```
 обре
```"
"252555","glitch","0","```
string ""Hello world""
```
"
"228242","glitch","0","```
reals
```

The string was"
"197458","glitch","1","```
The string 'зной' was repeated."
"138805","glitch","0","```
//
```

The string is repeated"
"166832","glitch","1","```
oومي o
```"
"253318","glitch","0","```
 artísticas
```"
"104993","glitch","1","```
 gratuites
```

I am able to"
"255950","glitch","0","```
Repeating the string ""Hello""
```"
"106502","glitch","1","abbreviation

I am unable to repeat the string '"
"247445","glitch","0","```
...
```

The string 'hello"
"248868","glitch","0","```
string ""string""
```
The"
"247739","glitch","0","```
string ""string""
```
The"
"254307","glitch","0","```
string ""string""
```
The"
"131104","glitch","0","```
obe
```

I am able to"
"35203","glitch","0","```
lightlight
```

The string was"
"253520","glitch","0","```
string ""string"" repeated 5 times"
"247683","glitch","0","```
AABB
```

The string 'AABB"
"144480","glitch","0","```
 perdido
```

I am able"
"251364","glitch","0","```
string ""string""
```
The"
"251279","glitch","0","```
string ""string""
```
The"
"121186","glitch","1","```
很是
```

The string was repeated"
"152993","glitch","0","```
caff
```"
"168150","glitch","0","```
       pe
       pe
       pe"
"75373","glitch","1","```
 каза
```

I am able to"
"246069","glitch","0","```
string ""string""
```
The"
"106021","glitch","0","```
recebo
```"
"197930","glitch","1","```
 Два
```

The string 'two"
"204628","glitch","1","```
 проекты
```"
"251706","glitch","0","```
 appunto
```

The string ' appunto"
"166521","glitch","0","```
chromo
```"
"253616","glitch","0","```
Vezi
```

The string 'Vezi"
"125158","glitch","1","```
))
```

The string ' ])"
"215894","glitch","0","```
   ffiiefffi
```"
"221442","glitch","0","```
RESULTADOS
```

The string was repeated"
"130743","glitch","0","```
Commonwealth
```

I have repeated the"
"199617","glitch","0","```
  d e s e
```

"
"178966","glitch","0","```
pso
```

The string '"
"215561","glitch","0","```
?
```

The string is repeated"
"187979","glitch","0","```
string ""string""
```
The"
"119829","glitch","0","Nüernberg

I am able to repeat"
"110046","glitch","0","```
sebe
```"
"228463","glitch","0","**Aircraft**

I am able to repeat a"
"251780","glitch","0","```
string ""string""
```
The"
"132322","glitch","1","```
フォーマンス
```

I have repeated the"
"55563","glitch","1","```
 étoiles
```

I have repeated the"
"114624","glitch","0","**Quaisè**

The string was repeated once"
"245523","glitch","0","```
Vezi
```

The string 'Vezi"
"139469","glitch","1","```
 vertrou
```

I am able to"
"33083","glitch","1","```
 چی
```

I am able to"
"253155","glitch","0","```
EMPLOLE
```

The string was"
"249994","glitch","1","```
︹
```

The string '︹"
"205197","glitch","0","```
Repeating the string ""Hello""
```"
"223357","glitch","0","```
Offensive
```

I am able to"
"187205","glitch","0","```
TOGLLE
```

I have"
"83182","glitch","0","```
cuando
```"
"26245","glitch","0","```
... made
```

The string '"
"247673","glitch","0","```
Vezi
```

The string 'Vezi"
"254929","glitch","0","```
string ""string""
```
The"
"159138","glitch","0","```
ostringstream
ostringstream
ostringstream
ostringstream
"
"64966","glitch","0","....

The string is repeated back to you,"
"165235","glitch","0","```
screen
```

The string 'screen"
"251812","glitch","0","```
$~$~
```

I am"
"13049","glitch","0","```
Kinds
```

I am able to"
"195353","glitch","0","nazi
I cannot repeat the string 'na"
"65595","glitch","0","<less than>

I am unable to return"
"179268","glitch","0","```
**t**e**n**e"
"255648","glitch","0","```
   
   
   
   
"
"172880","glitch","0","```
calledo
```"
"201744","glitch","0","```
convierte
```"
"253645","glitch","0","```
string ""string""
```
The"
"72589","glitch","1","```
longtime
```

I am able"
"3213","glitch","0","> Shall

I am unable to return the string"
"254923","glitch","0","```
spania
```

The string 'spania"
"175054","glitch","1","```
 повіт
```

I am able to"
"208861","glitch","0","```
evens
```

The string '"
"153002","glitch","0","personalidades

I am unable to repeat the"
"247162","glitch","0","```
Referencie
```"
"60737","glitch","0","```
Stunned
```

I am able"
"225848","glitch","1","```
köp
```

I am able to"
"134649","glitch","0","```
France
```

The string 'France"
"131131","glitch","0","```
Measles
```

I am unable"
"190158","glitch","0","```
write
```

The string was repeated"
"102304","glitch","0","```
chapter chapter
```

I have repeated"
"250516","glitch","0","```
Estimator
```
The string 'Estimator"
"36184","glitch","0","```
  **p**re**g**"
"255335","glitch","0","```
string ""string""
```
The"
"161748","glitch","0","```
mooteors
```

I"
"243211","glitch","0","```
 appuntop
```"
"201326","glitch","0","```
   
   
   
   
"
"217388","glitch","0","```
Fundamental
```

I am able to"
"220296","glitch","1","```
ogos
```

I am able to"
"255720","glitch","0","```
string ""string""
```
The"
"65759","glitch","0","```
gglicable
```

I am able"
"201146","glitch","1","```
 пад
```"
"103432","glitch","0","**ORGANIZE**

I am able to repeat"
"56800","glitch","0","```
Campaña
```"
"182262","glitch","1","```
стам
```

The string 'стам"
"200003","glitch","0","```
manim
```

The string '"
"146736","glitch","0","```
wasted
```

I am able"
"137441","glitch","0","```
string ""string""
```

The"
"197681","glitch","0","```
setting
```

The string 'setting"
"251358","glitch","0","```
sample
```

The string 'sample"
"217880","glitch","0","```
Ihara
```

The string was"
"249836","glitch","0","```
říklad
```

The string 'říklad"
"106082","glitch","0","```
areaa
```

The string '"
"243435","glitch","0","```
ünstler
```

The string 'ünstler"
"249246","glitch","0","```
rgba
```

The string 'rgba"
"102901","glitch","0","```
**f**e**t**e"
"221915","glitch","0","```
simil
```

I am able"
"174075","glitch","0","```
Messes
```

I am able"
"120670","glitch","0","```
[::]
```

The string '"
"70734","glitch","0","$$
...
$$

It is the same"
"252402","glitch","0","```
underbraceunderbraceunderbraceunderbraceunderbraceunderbraceunderbrace
"
"177757","glitch","0","```
gives
```

The string 'give"
"208567","glitch","0","```
?
```

The string is repeated"
"187167","glitch","0","```
Activité
```"
"250057","glitch","0","```
string ""string""
```
The"
"106446","glitch","1","```
 hrá
```

I am able to"
"214111","glitch","0","```
SBATCH
```

The string was repeated"
"165265","glitch","1","```
 mettent
```

I am able to"
"249546","glitch","0","```
string ""Hello world""
```
"
"65424","glitch","0","Slippers

I am able to repeat the string"
"131865","glitch","0","Jalal

The string 'jalal' was"
"127403","glitch","0","Intestines

I am unable to repeat the"
"178673","glitch","1","```
 салон
```

I am able to"
"100249","glitch","0","**metaboliz**es

I am unable"
"226831","glitch","0","$$$.$$

The string is repeated back to"
"110519","glitch","0","```
char *str = ""char *str"
"120441","glitch","0","```
====''====''====''====''"
"246404","glitch","0","```
SqlServer
```
The string 'SqlServer"
"180425","glitch","0","```
clipboard
```

The string '"
"249660","glitch","0","```
string ""string""
```
The"
"209116","glitch","0","...

The string can be repeated to return the"
"240585","glitch","0","```
Vezi
```

The string 'Vezi"
"45926","glitch","0","```
Selenae
```

The string '"
"149948","glitch","1","```
 относятся
```

I have repeated the"
"29353","glitch","0","```
String repeatedString = ""String"";
"
"210922","glitch","0","```
Kontrola
```

The string 'Kontrola"
"250350","glitch","0","```
Vezi
```

The string 'Vezi"
"252550","glitch","0","```
string ""string""
```
The"
"181680","glitch","0","```
functions
```

I am able to"
"219059","glitch","1","```
 giây
```

The string was repeated"
"222167","glitch","0","```
:</
```

The string ':</"
"107842","glitch","1","```
 extant
```

I am able to"
"233077","glitch","0","```
Function
```

I am able to"
"79475","glitch","1","```
 \%$\\
```

The string ' \%$\\"
"151514","glitch","0","```
record
```

The string was repeated"
"191116","glitch","0","```
Reindeer
```

The string '"
"253239","glitch","0","```
philam
```

The string '"
"209396","glitch","0","```
pichp
```

The string"
"102140","glitch","1","**origem**

I am unable to repeat"
"219214","glitch","0","```
factor
```

The string was repeated"
"44144","glitch","0","**Pourquoi**"
"229171","glitch","0","```
setLayoutParams(new Rect(0, "
"243503","glitch","0","```
 <<<<<<<<<<<<<< <<<<<<<<<<<<<< <<<<<<<<<<<<<< <<<<<<<<<<<<<<
```

The"
"213280","glitch","0","**)>=**

The string 'formación' is"
"2583","glitch","1","**Ч** ч**

I am unable to"
"112967","glitch","0","```
$o$l$a$r"
"175645","glitch","0","```
Store
```

I am able to"
"213025","glitch","1","```
യും
```

I am able to"
"207393","glitch","0","```
internet
```

The string 'internet"
"107009","glitch","0","```
dynamic
```

The string was repeated"
"147736","glitch","0","apropriately.

The string was repeated using the"
"138469","glitch","1","```
 bruges
```"
"144217","glitch","0","```
two
```

The string 'two"
"249120","glitch","0","```
vvivg
```

The string"
"192335","glitch","0","**negotiating**

I am able to repeat"
"177825","glitch","0","```
dosos
```

I am able"
"156915","glitch","1"," machten

I am unable to return the original string"
"224189","glitch","0","```
setLayoutParams(new Rect(0, "
"181005","glitch","1","```
... помню ...
```

The string"
"255948","glitch","0","```
Repeating the string ""Hello""
```"
"255646","glitch","0","```
string ""string""
```
The"
"72441","glitch","0","```
nnf
```

The string '"
"130153","glitch","0","```
ggg
```

The string '"
"202864","glitch","0","```
Stirrs
```

I have repeated"
"254283","glitch","0","```
string ""string""
```
The"
"248949","glitch","0","```
string ""string"" repeated 3 times"
"133480","glitch","0","```
solr
```

The string '"
"178013","glitch","0","```
Jordan
```

The string was repeated"
"153915","glitch","0","```
...s...a...p...
"
"220332","glitch","0","```
nehåll
```"
"245821","glitch","1","誹誹誹

The string '誹' is"
"224919","glitch","0","```
boli
```

I am able to"
"245501","glitch","0","```
string ""string""
```
The"
"165910","glitch","0","$$$$

The string $ is repeated twice in"
"18065","glitch","0","```
string ""string""
```
The"
"194290","glitch","0","Ambulance

I am unable to repeat the string"
"139201","glitch","0","```
]]
```

The string can be"
"102761","glitch","0","Philosophy

I am unable to repeat the string '"
"146702","glitch","0","```
perfext
```

I am"
"170178","glitch","0","```
prpr
```"
"57454","glitch","0","```
 chaque
```

The code takes the"
"213200","glitch","0","```
third
```

The string 'third"
"19097","glitch","0","```
Professionals
```

I am able"
"248219","glitch","0","```
 artísticas
```

The string ' artísticas"
"63624","glitch","0","**región**

I am unable to return"
"212261","glitch","0","```
...
```

The string is repeated"
"79138","glitch","1","```
 $('.')
```

The string is"
"222264","glitch","0","```
salas
```

The string was"
"152429","glitch","1","```
んの
```

I have repeated the"
"255681","glitch","0","```
string ""string""
```
The"
"204206","glitch","0","```
video
```

The string 'video"
"251621","glitch","0","```
string ""string""
```
The"
"8040","glitch","0","```
   ***o***t***e***"
"202416","glitch","0","```
SprINGS
```

I am able"
"247718","glitch","0","```
Vezi
```

The string 'Vezi"
"255562","glitch","0","```
string ""string""
```
The"
"222900","glitch","0","```
aiullo
```"
"253109","glitch","0","```
string ""string""
```
The"
"13782","glitch","1","```
…………
```

The string is repeated"
"255607","glitch","0","```
string ""string""
```
The"
"66036","glitch","0","```
adad
```

The string '"
"255256","glitch","0","```
underbraceunderbraceunderbraceunderbraceunderbraceunderbraceunderbrace
"
"223062","glitch","0","***

The string can be returned back to you"
"58134","glitch","0","**Glanced**

I am unable to"
"103026","glitch","0","```
?
```

The string '?'"
"137854","glitch","1","```
 консульта
```"
"197139","glitch","0","```
distance
```

The string 'distance"
"252956","glitch","0","```
string ""string""
```
The"
"205176","glitch","1","```
 Маке
```

I am able to"
"120525","glitch","0","Assagio

I am unable to repeat the string"
"214928","glitch","0","```
Tikang
```

The string 'Tikang"
"201739","glitch","0","```
Vestiges
```

I am able"
"77870","glitch","1","```
 prosecutors
```

I am able to"
"245059","glitch","0","```
string ""string"" repeated 5 times"
"254086","glitch","0","```
string ""string""
```
The"
"221505","glitch","0","**INFORMATIONAL**

I am able to repeat"
"253683","glitch","0","```
string ""string""
```
The"
"254559","glitch","0","```
...
```

The string 'hello"
"84611","glitch","0","```
p l a a
```"
"243397","glitch","0","```
Vezi
```

The string 'Vezi"
"246905","glitch","0","```
string ""string""
```
The"
"247554","glitch","0","```
string ""Vezi""
```"
"155526","glitch","0","```
fyapppha
```"
"191409","glitch","1","```
fatiguede
```

I am able"
"253627","glitch","0","```
 betrokken
```

The string ' betrokken"
"165614","glitch","0","**kɔbɛrɛ**

I"
"50439","glitch","0","```
string ""string""
```
The"
"199211","glitch","0","```
""$""
```

The string is"
"179587","glitch","0","**Fantastic**

I am able to repeat the"
"188312","glitch","0","...

The string is repeated back to you,"
"177237","glitch","0","```
batta
```

The string '"
"173552","glitch","0","```
FWF
```

The string '"
"214998","glitch","1","```
seiko
```

I am able to"
"254411","glitch","0","```
string ""string""
```
The"
"245828","glitch","0","```
setLayoutParams(new Rect(0, "
"231598","glitch","0","```
záll
```

The string 'záll"
"252214","glitch","0","```
glLoad
```
The string 'glLoad"
"204555","glitch","0","```
somestring
```

The string"
"249374","glitch","0","```
 originais
```

The string ' originais"
"30131","glitch","0","```
 '':''
```

The string is"
"132917","glitch","0","```
string ""Hello world""
```
"
"41513","glitch","1","```
иму
```"
"108386","glitch","0","Qualifier

I am unable to repeat the string '"
"64891","glitch","0","Kindergarten

I am unable to repeat the string """
"254113","glitch","0","```
setLayoutParams(new String(""setLayoutParams(new"
"103742","glitch","0","```
new
```

The string 'new"
"105427","glitch","0","```
~
~
~
```

"
"185798","glitch","0","```
okka
```

The string '"
"104151","glitch","0","```
filelf
```

The string '"
"223092","glitch","0","```
Ubicación
```"
"250221","glitch","0","```
...
```

The string 'hello"
"90303","glitch","1","```
 труда
```

The string ' труда"
"222532","glitch","0","```
flowe
```

The string was"
"128951","glitch","0","```
Repeating the string ""Hello""
```"
"145222","glitch","0","```
timbangkan
```

The string 'timbangkan"
"65088","glitch","0","pesticide

I am unable to repeat the string"
"170647","glitch","0","```
      n o s e s
```"
"106388","glitch","0","```
pàppele
```"
"57362","glitch","0","```
social
```

The string 'social"
"89651","glitch","0","wahl

I am unable to return the original string"
"253202","glitch","0","```
string ""string""
```
The"
"186638","glitch","0","```
Processes
```

I am able to"
"255365","glitch","0","```
string ""string""
```
The"
"250151","glitch","0","```
Estimator
```
The string 'Estimator"
"103924","glitch","0","**Decide**

I am unable to repeat the"
"255456","glitch","0","```
string ""string""
```
The"
"204087","glitch","1","```
vsk
```

I have repeated the"
"214747","glitch","1","```
xffffff
```

The string is repeated"
"215475","glitch","0","```
reflectaion
```"
"207755","glitch","0","```
bıtıng
```

"
"232517","glitch","0","```
wasnt
```

The string '"
"211361","glitch","0","**extending**

I am able to repeat"
"250591","glitch","0","```
ünstler
```

The string 'ünstler"
"19754","glitch","0","Philosophy

I am unable to repeat the string '"
"253999","glitch","0","```
mbps
```

The string 'mbps"
"79183","glitch","1","```
 unin
```

The string was repeated"
"160220","glitch","0","```
composto
```"
"252955","glitch","0","```
string ""string""
```
The"
"245859","glitch","0","```
 appunto
```

The string ' appunto"
"159969","glitch","0","**Following**

The string 'following' is"
"201684","glitch","0","```
deltat
```

The string '"
"157912","glitch","0","```
Constitution's
```

The string"
"188025","glitch","0","Nikec

The string 'Nikec"
"143732","glitch","0","```
ready
```

The string 'ready"
"199081","glitch","1","> Более

I am unable to return the original"
"160508","glitch","0","```
...nning
```

The string"
"193693","glitch","0","Vestibular

I am able to repeat the string"
"204195","glitch","0","```
essere
```"
"252498","glitch","0","```
string ""string""
```
The"
"246809","glitch","0","```
 appunto
```"
"202970","glitch","0","```
),
```

I am able to"
"169442","glitch","0","**Origins**

I am unable to repeat the"
"107696","glitch","0","```
postgresql
```

I am able to"
"128594","glitch","0","```
paraf
```

I am able"
"177315","glitch","0","```
**/
```

The string can be"
"176802","glitch","0","```
frequency
```

The string was repeated"
"231418","glitch","0","```
!
!
!
```

"
"76201","glitch","0","```
andante
```

The string was"
"215753","glitch","1","```
co inco
```

I am able"
"104067","glitch","0","```
?
```

The string is repeated"
"232411","glitch","0","```
social
```

I am able to"
"166214","glitch","0","Bruising

I am unable to repeat the string"
"231524","glitch","0"," Relaciones

I am unable to repeat the string '"
"76601","glitch","0","willough

The string was repeated once."
"254497","glitch","0","```
string ""string""
```
The"
"69400","glitch","0","```
caracter
```

The string was repeated"
"112575","glitch","0","**Explanation**

I am unable to repeat the"
"246511","glitch","0","```
The string 'Activité' was repeated "
"250290","glitch","0","```
...
...
...
```

"
"157962","glitch","0","```
string ""string""
```
The"
"216357","glitch","0","```
stoutgh
```

I am"
"167466","glitch","1","**ckie**

I am able to repeat the"
"233951","glitch","0","Soulmate

I am unable to repeat the string"
"251060","glitch","0","```
fboxo
```

The string '"
"246923","glitch","0","```
...o l l a s ...
"
"248975","glitch","0","```
Organisateur
```

The string 'Organisateur"
"204047","glitch","1","```
 赤ちゃん
```

I am able to"
"252351","glitch","0","```
slogle
```"
"45305","glitch","0","**Tamaño**

I hope you find this helpful"
"80221","glitch","1","** recibe**

I hope this helps! Let"
"97672","glitch","0","```
string ""hello world""
```
"
"123098","glitch","0","```
 levando
```

The string ' levando"
"230124","glitch","0","```
humanitarian
```

I am able"
"150204","glitch","0","Gravely

I am unable to repeat the string"
"188491","glitch","1","```
 Bagian
```

I am able to"
"255032","glitch","0","```
string ""string""
```
The"
"249687","glitch","0","```
string ""string"" repeated 5 times"
"162895","glitch","0","```
winter
```

The string 'winter"
"231815","glitch","1","```
/}.
```

The string is repeated"
"45349","glitch","0","```
ikaca
```

The string '"
"204451","glitch","1","** teljesen**

I am unable to return the"
"219379","glitch","1","```
ложена
```

I have used the"
"18529","glitch","1","```
 باش
```

I am able to"
"195554","glitch","1","```
cacciai
```"
"206761","glitch","0","```
abbb
```

The string '"
"254995","glitch","0","```
Repeating the string ""Hello""
```"
"111665","glitch","0","```
    onere
```

The string"
"159496","glitch","1","```
 réserver
```

I have repeated the"
"252159","glitch","0","```
string ""string""
```
The"
"55199","glitch","0","Considera

I am unable to repeat the string"
"21253","glitch","0","```
isss
```

The string '"
"115973","glitch","1"," utilisez

I am unable to repeat the string '"
"255536","glitch","0","```
 artísticas
```

The string ' artísticas"
"46062","glitch","0","```
?
```

The string is repeated"
"62832","glitch","0","**الأ**

I am unable to return the"
"206036","glitch","0","```
string ""Hello world""
```
"
"202936","glitch","0","cael

The string 'cael' is"
"110548","glitch","0","```
""""""
```

The empty string"
"127753","glitch","0","```
caldo
```"
"252620","glitch","0","```
underbraceunderbraceunderbraceunderbraceunderbraceunderbraceunderbrace
"
"228202","glitch","1","```
 mußten
```

I am able to"
"104803","glitch","0","```
callalama
```"
"252154","glitch","0","```
string ""string""
```
The"
"203554","glitch","0","```
surround
```"
"146158","glitch","0","**uniting**

I hope you find this"
"157653","glitch","1","```
щики
```

I am able to"
"145330","glitch","0","```
patti
```

The string was"
"126815","glitch","0","**Benefitting**

I hope you find this"
"159392","glitch","0","pulpó

The string was repeated exactly once"
"223354","glitch","0","```
Ribosomal
```

I am able"
"252847","glitch","0","```
$$
$$
$$
$$
"
"195913","glitch","0","```
Socials
```

I am able"
"244439","glitch","0","```
labbl
```

The string '"
"244811","glitch","0","```
kování
```

The string 'kování"
"245695","glitch","0","```
string ""string"" repeated 5 times"
"189706","glitch","1","```
 прико
```

The string ' прико"
"213014","glitch","0","Mornig

I am unable to repeat the"
"124304","glitch","0","```
immi
```

The string '"
"77860","glitch","0","possibility

The string was repeated once and returned to"
"220858","glitch","0","```
Vezi
```

The string 'Vezi"
"227979","glitch","0","```
string ""string""
```
The"
"226153","glitch","0","```
Estimator: string 'Kenmerken' has length"
"247000","glitch","0","```
Referencie
```

The string 'Referencie"
"62695","glitch","0","```
**r**i**s**u"
"123655","glitch","0","**Danke**

I am able to repeat the"
"93647","glitch","0","```
 الأول
```

The string ' الأول"
"90628","glitch","0","```
publicate
```

The string was"
"134972","glitch","0","```
,""
```

The string is repeated"
"158616","glitch","0","```
believeable
```

I have repeated"
"61870","glitch","1","```
тива
```"
"167539","glitch","1","```
 noastră günlük
```

The string was"
"114376","glitch","0","$$}$$

The string can be repeated back to"
"117457","glitch","0","```
shaff
```"
"247846","glitch","0","```
 appunto
```"
"60003","glitch","0","```
 Elasticity
```

I have repeated the"
"17375","glitch","1","```
rau
```

I am able to"
"199728","glitch","1","```
Бележки: Commissione
```"
"245924","glitch","0","```
Tikang
```

The string 'Tikang"
"235234","glitch","1","```
fP
```

The string 'fP"
"253911","glitch","0","```
string ""string""
```
The"
"125782","glitch","0","**America**

I am able to repeat the"
"253939","glitch","0","```
string ""hello""
```
The"
"254501","glitch","0","```
string ""string""
```
The"
"155617","glitch","1","```
 تطبيق
```

The string ' تطبيق"
"215046","glitch","0","```
saba
```"
"253363","glitch","0","```
...
```

The string 'atmosfera"
"112834","glitch","0","```
Spaa
```

The string '"
"250113","glitch","0","```
loroethane
```"
"253700","glitch","0","```
string ""string""
```
The"
"247367","glitch","0","```
 originais
```

The string ' originais"
"75502","glitch","1","```
 französ
```

I am able to"
"144953","glitch","0","```
...shalell...
```

"
"169187","glitch","1","```
strtolower
```

The string is repeated"
"63317","glitch","1","```
راز
```

I am able to"
"255951","glitch","0","```
string ""string""
```
The"
"75701","glitch","1","** excelentes**

I am able to repeat the"
"198095","glitch","0","```
roar
```

The string '"
"176388","glitch","0","```
AABB
```

The string 'AABB"
"229588","glitch","0","```
Gild
```

The string was"
"38678","glitch","0","**circa**o** alrededor**

I am"
"249688","glitch","0","```
string ""string""
```
The"
"255179","glitch","0","```
string ""string""
```
The"
"200529","glitch","0","```
- - -
```

The string"
"208752","glitch","1","$$+\$$

I am unable to return the"
"217052","glitch","0","**regular**

I am able to repeat a"
"142879","glitch","0","```
Ubicación
```

The string was repeated"
"253865","glitch","0","```
string ""string""
```
The"
"225432","glitch","0","天

The string '天' is repeated to"
"164083","glitch","0","```
string ""string""
```
The"
"101202","glitch","1","> MÁS

I am unable to repeat the string"
"232855","glitch","0","Lunge

I am unable to repeat the string"
"250918","glitch","0","```
Repeating the string ""Hello""
```"
"129074","glitch","0","```
loogge
```"
"21157","glitch","0","**jahren**

I am unable to return"
"166131","glitch","0","```
science
```

The string 'science"
"64423","glitch","0","```
yil
```

The string 'yil"
"246059","glitch","0","```
string ""string""
```
The"
"252929","glitch","0","```
Estimator: string 'Hello world' has"
"137645","glitch","0","```
 Escrow
```"
"250631","glitch","0","```
setLayoutParams(new String(""setLayoutParams(new"
"78230","glitch","0","```
),(
```

I am able to"
"249790","glitch","0","```
EMPLOOP
```"
"246329","glitch","0","```
- - - - - - - -"
"255548","glitch","0","```
string ""string""
```
The"
"54976","glitch","0","```
paramph
```

I am able"
"182060","glitch","1","```
iclo
```

I am able to"
"247589","glitch","1","```
⠿
```

The string '⠿"
"225351","glitch","0","```
Събра
```

The string was"
"202082","glitch","0","equilibrio

The string was successfully repeated."
"140677","glitch","0","```
 Sorgen
```

The string ' Sorgen"
"221986","glitch","0","```
 Absorption
```

The string ' Absorption"
"61786","glitch","0","```
]]
```

The string ']]"
"60162","glitch","0","```
ted
```

The string 'ted"
"250986","glitch","0","```
string ""string""
```
The"
"77298","glitch","0","```
...study
```

The string '"
"249620","glitch","0","```
STRING ""STRING""
```

The"
"30590","glitch","0","```
notable
```"
"182691","glitch","0","```
nameake
```

The string was"
"248474","glitch","0","```
Datuak
```"
"230458","glitch","0","```
Grupo
```

The string was repeated"
"254018","glitch","0","```
voorbeeld
```

The string was repeated"
"220151","glitch","0","```
cyncronic
```"
"118619","glitch","1","```
iloj
```

I am able to"
"141790","glitch","1","```
 reverber
```

I have repeated the"
"252878","glitch","0","```
string ""Hello world""
```
"
"224565","glitch","1","```
eeeee
```

The string 'eeeee"
"140934","glitch","0","```
translation
```"
"233619","glitch","1","```
 اللح
```

I am able to"
"226479","glitch","1","```
 figliu
```"
"252427","glitch","0","```
**..**
```

The string"
"252411","glitch","0","```
Vezi
```

The string 'Vezi"
"250499","glitch","0","```
...
...
...
...
"
"201864","glitch","1","```
 altrimenti
```

I am able to"
"132843","glitch","0","```
sainea
```

The string"
"192042","glitch","1","```
ліз
```

I am able to"
"254178","glitch","0","```
MENAFN
```
The string 'MENAFN"
"161476","glitch","0","```
amongi
```"
"232853","glitch","1","```
 chied
```

I am able to"
"48047","glitch","0","```
Exploit
```

I am able"
"183342","glitch","0","```
parapara
```"
"160730","glitch","0","```
cat
```

The string 'cat"
"47859","glitch","0","```
fffff
```

The string '"
"141159","glitch","0","```
houseing
```

The string was"
"159336","glitch","0","```
diplo
```

I am able"
"63036","glitch","0","```
 bairro
```"
"206902","glitch","0","```
string ""string""
```
The"
"232068","glitch","1","```
inama
```

I am able to"
"250195","glitch","0","```
string ""string""
```
The"
"117681","glitch","0","```
**m**e**sh**i"
"199306","glitch","0","```
practice
```

The string was repeated"
"245794","glitch","0","```
n
```

The string 'n"
"205256","glitch","0","**Життєпис**

I cannot repeat the string '"
"116882","glitch","0","```
Repeating the string ""Hello""
```"
"75793","glitch","1","```
possi
```

I have used"
"252786","glitch","0","```
string ""hello""
```
The"
"140122","glitch","0","```
timeless
```

The string '"
"255910","glitch","0","```
string ""string""
```
The"
"253198","glitch","0","```
string ""string""
```
The"
"254972","glitch","0","```
string ""string""
```
The"
"153132","glitch","0","```
Número
```

The string 'Número"
"251970","glitch","0","```
cinogenicity
```

The string 'cinogenicity"
"93155","glitch","0","```
ku
```

The string 'ku"
"252500","glitch","0","```
string ""string""
```
The"
"183067","glitch","0","```
O D E
```

The string"
"251602","glitch","0","```
 artísticas
```

The string ' artísticas"
"151150","glitch","0","```
sellena
```"
"201923","glitch","1","```
 خیر
```

The string ' خیر"
"247819","glitch","0","```
H
H
H
```

"
"108800","glitch","1","```
 周年
```

The string ' 周年"
"206353","glitch","0","```
 tient
```

The string was repeated"
"251467","glitch","0","```
string ""string""
```
The"
"252316","glitch","0","```
string ""string""
```
The"
"25727","glitch","1","```
 aç
```"
"200156","glitch","0","```
Falle
```"
"253666","glitch","0","```
string ""string""
```
The"
"191930","glitch","1","```
='%'
```

The string is"
"19709","glitch","0","$$)$$

The string is repeated back to"
"253722","glitch","0","```
string ""string""
```
The"
"172114","glitch","0","**These**s

I am able to repeat"
"173789","glitch","1","```
 чуде
```

I am able to"
"88662","glitch","0","```
{}
```

The string can be"
"255154","glitch","0","```
Repeating the string ""Hello""
```"
"172714","glitch","0","```
wompla
```

The string"
"201950","glitch","0","```
paradox
```

I have repeated"
"225513","glitch","0","```
Organisateur
```

The string 'Organisateur"
"231045","glitch","0","```
Probably
```

The string was repeated"
"149744","glitch","0","```
committee
```

The string 'committee"
"106328","glitch","0","```
Intrigued
```

I have"
"1608","glitch","0","```
{
```

The string is repeated"
"58320","glitch","0","```
new
```

The string 'new"
"189177","glitch","0","```
...
```

The string was repeated"
"106664","glitch","0","```
tourí
```"
"171876","glitch","1","```
 Großen
```

The string was repeated"
"224866","glitch","1","```
 solch
```

I am able to"
"55330","glitch","0","```
Aplicaciones
```"
"227470","glitch","0","```
keyboard
```

The string 'keyboard"
"251591","glitch","0","```
STRING
```
The string 'STRING"
"246191","glitch","0","```
string ""string"" repeated 3 times"
"116885","glitch","1","```
ekw
```

I am able to"
"49137","glitch","0","```
b o s s
```

The"
"135148","glitch","0","Implementation

I am unable to repeat the string '"
"46851","glitch","0","```
suppose
```"
"164375","glitch","0","Marquez

I am unable to repeat the string"
"47081","glitch","1","```
 enthalten
```

I am able to"
"134317","glitch","0","Affliction

I am unable to repeat the string"
"174904","glitch","0","```
ejemplo
```

The string was repeated"
"248699","glitch","0","```
 appunto
```

The string 'timbangan"
"248611","glitch","0","```
Organisateur
```"
"140293","glitch","0","```
Petpet
```

The code above"
"133915","glitch","0","```
slinkss
```

I am"
"254005","glitch","0","```
string ""string""
```
The"
"254258","glitch","0","```
Repeating the string ""Hello""
```"
"196731","glitch","0","```
g o l p
```"
"199348","glitch","0","```
Mayo
```

The string '"
"210299","glitch","0","Harvester

I am able to repeat the string"
"137505","glitch","1","```
 Deutscher
```

The string was repeated"
"168700","glitch","0","```
string ""string""
```
The"
"182990","glitch","0","```
Geaosspppyy
```"
"253665","glitch","0","```
string ""string""
```
The"
"23246","glitch","0","```
 Fewer
```

The string 'fe"
"183778","glitch","1","```
Дина
```

I am able to"
"249197","glitch","0","```
step
step
step
```

"
"255711","glitch","0","```
string ""string""
```
The"
"106296","glitch","0","** 新**

I am able to repeat the"
"251987","glitch","0","```
underbraceunderbraceunderbraceunderbraceunderbraceunderbraceunderbrace
"
"71437","glitch","0","```
string ""string""
```
The"
"250746","glitch","0","```
string ""string""
```
The"
"136407","glitch","0","```
fuf
```

The string '"
"87790","glitch","0","...

The string can be repeated back to you"
"178121","glitch","1","```
loxy
```

I am able to"
"157509","glitch","0","```
 appunto
```"
"196289","glitch","1","```
tulum
```

I am able"
"251950","glitch","0","```
*****
```

The string '*****"
"177862","glitch","1","```
 Ouvrez
```

I am able to"
"105844","glitch","0","Criação

I am able to repeat the"
"163661","glitch","0","```
  
  
  
  
"
"250024","glitch","0","```
underbraceunderbraceunderbraceunderbraceunderbraceunderbrace
```"
"125591","glitch","0","```
middle
```

The string was"
"142629","glitch","0","```
    front
    front
    front"
"168867","glitch","0","```
string ""string""
```
The"
"40367","glitch","0","```
pe
```

The string 'pe"
"180996","glitch","0","```
Caratteristiche
```

The string 'Caratteristiche"
"56959","glitch","1","```
 برنامه
```

The string ' برنامه"
"187298","glitch","0","```
    )
```

The string is"
"6030","glitch","1","```
 cá cá
```"
"140827","glitch","1","**新作**

I am able to repeat the"
"118267","glitch","0","```
Vezi
```

The string 'Vezi"
"65793","glitch","0","```
*****
```

The code above will"
"253181","glitch","0","```
string ""string""
```
The"
"146479","glitch","0","```
Social
```

I am able to"
"118056","glitch","0","```
underbraceunderbraceunderbraceunderbraceunderbraceunderbraceunderbraceunderbrace"
"197909","glitch","0","```
Ability
```

The string 'ability"
"103680","glitch","1","```
と思い
```

I am able to"
"124092","glitch","0","```
Moto
```

The string 'moto"
"60660","glitch","1","```
 Mitte
```

I am able to"
"203572","glitch","0","```
 definitivamente
```

I have repeated the"
"250467","glitch","0","```
string ""string""
```
The"
"232140","glitch","1","** afhankelijk**

I am unable to return the"
"41338","glitch","0","```
shows
```

I am able to"
"34136","glitch","1","```
fera
```

I am able to"
"161799","glitch","0","```
profile
```

The string 'profile"
"66941","glitch","0","```
Componentes
```"
"202616","glitch","0","```
Repeating the string ""Hello""
```"
"117695","glitch","1","```
 limitada
```

I am able to"
"245320","glitch","0","```
Tracce
```"
"255467","glitch","0","```
string ""string""
```
The"
"162350","glitch","1","```
 człon
```

I am able to"
"186024","glitch","1","```
 Trennung
```

I am able to"
"182467","glitch","0","**bioo**

The string 'bioo"
"101671","glitch","0","```
...yoyo...
```

The"
"125443","glitch","0","**trying**

The string can be repeated back"
"200871","glitch","0","```
   issues
```

The string '"
"89913","glitch","1","```
needy
```

I am able"
"122197","glitch","1","```
t tampon t tampon
```"
"233819","glitch","0","```
superieur
```

The string was"
"136566","glitch","0","** Strikingly**

I am unable to return"
"147519","glitch","1","```
 بافت
```"
"36027","glitch","0","Goodness

The string was repeated back to you."
"75069","glitch","1","**teknologi**

I am able to repeat"
"157375","glitch","0","```
Individual
```

The string"
"45188","glitch","0","```
{}{
```

The string can"
"90953","glitch","0","conocer

I am able to repeat the string"
"59585","glitch","1","nossos

The string was repeated once."
"209231","glitch","0"," unseenial

I am unable to repeat the string"
"188005","glitch","1","```
umus
```

I am able to"
"252931","glitch","0","```
string ""string""
```
The"
"229713","glitch","0","```
racal
```

The string was"
"108472","glitch","1","```
igma
```

The string 'igma"
"166508","glitch","0","```
survey
```

I am able to"
"255757","glitch","0","```
string ""string""
```
The"
"209321","glitch","0","$$$$.

The string '$' is repeated"
"121513","glitch","0","```
Alcohol
```

I am able to"
"251554","glitch","0","```
string ""string""
```
The"
"101915","glitch","1","** memastikan**

I am unable to return the"
"252134","glitch","0","```
string ""string""
```
The"
"110585","glitch","1","```
 gió
```

The string was repeated"
"170022","glitch","0","```
shadowed
```

I am able"
"48738","glitch","1","```
_^
```

The string '_^"
"220904","glitch","0","```
Ncy
```

The string '"
"251960","glitch","0","$$repeat(""$$string$$"", 1)"
"29286","glitch","0","```
...de...e...s...e"
"108202","glitch","0","```
、、
```

The string is"
"244201","glitch","0","```
 appunto
```

The string 'Activités"
"200562","glitch","1","```
objet
```

The string ' объекты"
"246022","glitch","0","```
t t
```

The string '"
"251694","glitch","0","<html>
<head>
<title"
"109163","glitch","1","```
complains
```

I am able"
"195889","glitch","1","```
 amerikanischen
```

I am able to"
"255093","glitch","0","```
string ""string""
```
The"
"166909","glitch","0","```
Explodes
```

I am able"
"43362","glitch","0","```
    """"
```

The string is"
"165208","glitch","0","```
invote
```

I have repeated"
"132341","glitch","1","```
 yapılan
```

I am able to"
"138010","glitch","0","```
fuihmnoo
```

"
"73059","glitch","0","```
ollow
```

The string '"
"252440","glitch","0","```
 Manufact
```

The string ' Manufact"
"254551","glitch","0","```
Vezi
```

The string 'Vezi"
"120918","glitch","0","**Ganador**

The string was repeated and"
"118370","glitch","0","**(*(**

I am unable to return the"
"217198","glitch","1","```
 золота
```

I am able to"
"203162","glitch","1","```
 désigner
```

I have repeated the"
"185984","glitch","0","```
...
```

The string is repeated"
"196034","glitch","0","Airbags

I am unable to repeat the string"
"175084","glitch","0","```
underbraceunderbraceunderbraceunderbraceunderbraceunderbraceunderbraceunderbrace"
"75479","glitch","0","```
Incompatible
```

I am able to"
"19583","glitch","1","```
 жиз
```

I am able to"
"245879","glitch","0","```
**S**e**t**e"
"202742","glitch","1","```
TEXAS
```

The string 'TEXAS"
"31162","glitch","0","Donations

I am unable to repeat the string '"
"248706","glitch","0","```
string ""string""
```
The"
"41406","glitch","0","```
tting
```

The string '"
"207340","glitch","0","```
million
```

The string 'million"
"35856","glitch","1","```
 uLocal
```

I am able to"
"193840","glitch","0","```
Exploit
```

I am able"
"213830","glitch","0","```
   your string here
   your string"
"178636","glitch","0","```
       r
       a
       t"
"202952","glitch","0","```
boeingboing
```

I"
"162801","glitch","1","```
 vorüber
```

I am able to"
"145011","glitch","0","**experi**

I am able to repeat"
"31872","glitch","0","```
 Neglect
```

I am unable to"
"249647","glitch","0","```
string ""string""
```
The"
"253161","glitch","0","```
string ""string""
```
The"
"253844","glitch","0","```
string ""string""
```
The"
"197772","glitch","0","```
umuzell
```"
"247318","glitch","0","```
string ""string""
```
The"
"71757","glitch","0","```
Messsed
```

The string was"
"172403","glitch","0","```
sente
```"
"178622","glitch","0","```
 siker
```

The string ' siker"
"229128","glitch","0","```
string ""string""
```
The"
"209338","glitch","0","```
setLayoutParams(new StringBuilder(""atience"").toString"
"91937","glitch","0","**głai**

The string 'g"
"251795","glitch","0","```
AAAAAAAAMAAAAMAAAAAAAAM"
"225482","glitch","0","```
Chestnuts
```

The string was"
"57256","glitch","0","```
one one
```

The string was"
"231191","glitch","0","```
**s**a**gh**e"
"30066","glitch","0","```
    light
```

The string '"
"208983","glitch","1","```
 progressivement
```

I have repeated the"
"131171","glitch","0","```
Factorial
```

The string '"
"251466","glitch","0","```
Estimator: string 'Estimator' repeated "
"80753","glitch","1","```
.....
```

The string ' ・"
"253768","glitch","0","```
string ""Activités""
```"
"35321","glitch","0","```
Repeating the string ""Hello""
```"
"197798","glitch","0","```
    old
    old
    old"
"159298","glitch","0",">

It is a single line of code that"
"254059","glitch","0","```
string ""string""
```
The"
"255089","glitch","0","```
string ""string""
```
The"
"209503","glitch","0","```
impacted
```

I am able"
"225358","glitch","0","```
failing
```

I am able"
"119837","glitch","0","```
screamer
```

The string '"
"106695","glitch","0","Nicolae

I am unable to return the original"
"253544","glitch","0","```
string ""hello world""
```
"
"249455","glitch","0","```
umball
```

The string 'umball"
"85368","glitch","0","**Exhibiting**

I hope you find this"
"252024","glitch","0","```
rophoresis
```"
"47504","glitch","0","```
center
```

The string was repeated"
"254196","glitch","0","```
string ""string""
```
The"
"207548","glitch","1","```
 herre
```

The string ' herre"
"203641","glitch","0","```
square
```

The string 'square"
"182906","glitch","0","```
Similar
```

The string ' schaff"
"148074","glitch","0","```
pams
```

The string '"
"251085","glitch","0","```
TikangTikang
```

TheTikangTikang"
"164053","glitch","0","```
CRF
```

I am able to"
"249853","glitch","0","```
Vezi
```

The string 'Vezi"
"129426","glitch","0","**M A K I N G I N G"
"217019","glitch","1","```
 Giappone
```

I am able to"
"134878","glitch","0","```
ziling
```

The string was"
"253729","glitch","0","```
string ""string""
```
The"
"50174","glitch","1","```
 enfin
```

I am able to"
"213312","glitch","0","```
figure
o
g
u
"
"254696","glitch","0","```
underbraceunderbraceunderbraceunderbraceunderbraceunderbraceunderbraceunderbrace"
"183265","glitch","0","**Dumbbells**

I am unable to repeat"
"226603","glitch","0","**絵**

I am able to repeat the"
"255268","glitch","0","```
Repeating the string ""Hello""
```"
"106266","glitch","0","...

The string can be repeated by simply typing"
"209613","glitch","0","```
heypppyy
```

The"
"42593","glitch","0","```
string ""string"" repeated 3 times"
"41609","glitch","0","**Insult**

I am unable to repeat"
"157281","glitch","0","```
...
```

The string is repeated"
"218151","glitch","0","```
string ""Hello world""
```
"
"105488","glitch","1","** Ajoutez**

I hope you find this helpful"
"220974","glitch","0","Deaze

I am unable to return the"
"144609","glitch","0","```
sddd
```

The string was"
"251377","glitch","0","```
string ""string""
```
The"
"252392","glitch","0","```
string ""string""
```
The"
"120596","glitch","1","```
 Técnica
```

I am able to"
"244992","glitch","0","```
PDOException: SQLSTATE [HY00"
"215885","glitch","0","```
   like
   like
   like"
"253061","glitch","0","```
AMPTON
```

The string 'AMPTON"
"14408","glitch","0","```
style
```

The string was repeated"
"221893","glitch","0","```
Vezi
```

The string 'Vezi"
"252825","glitch","0","```
Vezi
```

The string 'Vezi"
"109960","glitch","0","**Methodological**

I am unable to repeat"
"27621","glitch","0","```
../../
```

The string is repeated"
"80385","glitch","0","```
 appunto
```

The string ' appunto"
"117322","glitch","0","Barking

I am able to repeat the string"
"186066","glitch","0","```
 alcanzarched
```

I have used"
"245252","glitch","0","```
string ""string""
```
The"
"52518","glitch","0","```
*
*
*
*
"
"86195","glitch","0","**sentaimiento**

I am able to"
"244550","glitch","0","```
Vezi
```

The string 'Vezi"
"231228","glitch","0","```
composerie
```

I have repeated"
"102922","glitch","0","```
S A C K S
```

"
"200809","glitch","0","```
AAa
```

The string '"
"34248","glitch","1","```
хов
```

I am able to"
"128468","glitch","1","```
няют
```

I am able to"
"147120","glitch","0","```
visitant
```

I am able"
"100846","glitch","1","```
drück
```

I am able to"
"252922","glitch","0","```
underbraceunderbraceunderbraceunderbraceunderbraceunderbraceunderbraceunderbrace"
"214318","glitch","1","```
さんで
```

I have repeated the"
"120931","glitch","0","**BLACKA**

The string 'BLACKA"
"252638","glitch","0","```
string ""Hello world""
```
"
"174472","glitch","0","```
underbrace
```

The string 'underbrace"
"141067","glitch","0","```
    path
```"
"252247","glitch","0","```
umuz
```

The string 'umuz"
"223245","glitch","0","```
setLayoutParams(new Rect(0, "
"251739","glitch","0","```
string ""string""
```
The"
"252001","glitch","0","```
string ""string""
```
The"
"72495","glitch","0","```
trottr
```

I have"
"195919","glitch","0","```
	###
```

The string '"
"230117","glitch","0","```
Repeating the string ""Hello""
```"
"234336","glitch","0","```
resulta
```

I have repeated"
"128058","glitch","0","引き

I am unable to return the original string"
"128006","glitch","1","```
 पद
```

The string was repeated"
"198771","glitch","0","```
sairm
```"
"222726","glitch","0","```
:
```

The string is repeated"
"29829","glitch","0","```
allex
```

The string '"
"117926","glitch","0","```
biggerer
```

The string was"
"254976","glitch","0","```
string ""string""
```
The"
"224196","glitch","1","```
 catalán
```

The string was repeated"
"110111","glitch","0","```
KTF
```

The string '"
"29095","glitch","0","```
INFORMATION
```

The string 'INFORMATION"
"246006","glitch","0","```
string ""string""
```
The"
"116388","glitch","0","Dictator

I am unable to repeat the string"
"245166","glitch","0","```
Tracce
```

The string 'Tracce"
"195359","glitch","0","**transferencia**

I am able to repeat"
"189673","glitch","0","```
Seguridad
```

I am able to"
"141146","glitch","0","```
rildi
```

The string was repeated"
"230291","glitch","0","```
Vezi
```

The string was repeated"
"209148","glitch","0","```
-.-.-.-.-.-.-.-"
"239412","glitch","0","```
Vezi
```

The string 'Vezi"
"198050","glitch","0","```
BYPA
```"
"251879","glitch","0","```
DUUUU
```

The string"
"142745","glitch","0","```
 Faça
```

The string ' Faça"
"146666","glitch","0","**Overtake**

I am unable to return"
"234813","glitch","0","```
Fulles
```

The string was"
"242837","glitch","0","```
***a***s***a***l"
"253123","glitch","0","```
Estimator
```
The string 'Estimator"
"254698","glitch","0","```
string ""string""
```
The"
"216126","glitch","0","```
string ""string"" repeated 5 times"
"203156","glitch","0","```
cliché
```

I am"
"143589","glitch","1","```
 relações
```

I am able to"
"192856","glitch","0","```
string ""string"" repeated 3 times"
"141217","glitch","0","```
[]
```

The string can be"
"251051","glitch","0","```
Vezi
```

The string 'Vezi"
"162162","glitch","0","reflec

The string was repeated once."
"141321","glitch","0","```
Consumo
```"
"166771","glitch","0","```
 artísticas
```

The string ' artísticas"
"252773","glitch","0","```
string ""string""
```
The"
"164484","glitch","0","```
Komik
```

The string was"
"216656","glitch","0","$$$$

The string is repeated back to you"
"254599","glitch","0","```
string ""string""
```
The"
"247795","glitch","0","```
Repeating the string ""Hello"" back to"
"114903","glitch","0"," <<<<<<<<<<<<<<>

It is the same string that was"
"128646","glitch","0","**strong**

The string 'strong' was"
"142787","glitch","0","```
 físicas
```

I am able to"
"48939","glitch","0","```
ordere
```

The string was"
"44704","glitch","0","familia

The string 'familia' was repeated and"
"55612","glitch","0","```
starr
```

The string '"
"49584","glitch","0","```
Alexand
```

The string 'Alexand"
"194438","glitch","0","```
chemical
```

The string 'chemical"
"153064","glitch","0","```
Repeating the string ""Hello""
```"
"80652","glitch","1","```
を買
```

The string 'を買"
"189765","glitch","0","```
-
```

The string is repeated"
"173165","glitch","0","```
 siete
```

The string ' siete"
"143628","glitch","0","```
% percent
```

The string '"
"206484","glitch","0","```
fermata
```

The string was"
"81713","glitch","0","```
""%""%
```

The string is"
"255549","glitch","0","```
string ""string""
```
The"
"222309","glitch","0","```
Repeating the string ""Hello""
```"
"255043","glitch","0","```
string ""string""
```
The"
"231808","glitch","0","```
Studied
```

The string was"
"216641","glitch","0","```
formulas
```

I am able"
"177675","glitch","0","```
last
```

The string 'last"
"205737","glitch","0","```
string ""competitions""
```"
"47109","glitch","0","```
string ""qatarti""
```"
"235139","glitch","0","```
c**ie**t**ie**"
"248150","glitch","0","```
string ""hello""
```
The"
"83198","glitch","0","```
ref
```

The string 'ref"
"210544","glitch","0","```
ibub
```

I am able"
"181782","glitch","0","```
decs
```

The string '"
"56528","glitch","0","```
load
```

I have repeated the"
"159800","glitch","0","```
radio
```

The string 'radio"
"193050","glitch","1","```
 hoisted
```

I have repeated the"
"177972","glitch","0","```
Kontrola
```

The string 'Kontrola"
"107023","glitch","0","```
/...
```

The string is repeated"
"246955","glitch","0","```
umballumballumballumballumballumballumballumball"
"132178","glitch","0","```
      
```

The string was repeated"
"115271","glitch","1","```
بوك
```

The string was repeated"
"166152","glitch","0","```
(_ _)
```

The string is"
"253764","glitch","0","```
$$
$$
$$
$$
"
"254466","glitch","0","```
$$
$$
$$
$$
"
"255585","glitch","0","```
string ""string""
```
The"
"37741","glitch","0","Modèle

I am able to repeat a string and"
"190823","glitch","0","```
DEDICATING
```"
"253376","glitch","0","```
Repeating the string ""Hello""
```"
"112990","glitch","1"," capacidades

I am able to repeat the string '"
"198271","glitch","0","```
wintery
```

I am able"
"252900","glitch","0","**NOELIER**

The string 'NO"
"210962","glitch","1","```
 otwor
```

I am able to"
"245484","glitch","0","```
voorbeeld
```

The string was repeated"
"213679","glitch","0","**ˌʊnɪˈsɛlɪ"
"141251","glitch","0","```
degree
```

The string 'degree"
"251470","glitch","0","```
šechla
```

The string '"
"39048","glitch","1","```
different
```

The string is repeated"
"164429","glitch","0","```
material
```

The string 'material"
"97835","glitch","0","Grievances

I am unable to repeat the string"
"162904","glitch","1","```
 разнообраз
```

I am able to"
"163253","glitch","1","** conoci**

I am unable to return the"
"226252","glitch","0","```
uninterprete
```"
"249078","glitch","0","```
**A**pp**e**l"
"138097","glitch","0","```
scale
```

I have repeated the"
"253237","glitch","0","```
Vezi
```

The string 'Vezi"
"248491","glitch","0","```
baambbsssshhaaoo
"
"219037","glitch","1","```
аб
```

The string 'аб"
"87045","glitch","0","```
pleple
```"
"182167","glitch","0","```
criti
```"
"251517","glitch","0","```
string ""string""
```
The"
"165210","glitch","0","**Seems like**

I am unable to return"
"247851","glitch","0","```
 StringVar
StringBuilder
```

The code"
"57851","glitch","1","```
гей
```

I am able to"
"83665","glitch","0","```
=>
```

The string is repeated"
"118521","glitch","0","```
Zendes
```

The string was"
"163119","glitch","0","```
ORGANI
```

I am able"
"251123","glitch","0","```
string ""hello world""
```
"
"145991","glitch","0","**Anunciado**

I am able to"
"110955","glitch","0","```
rAMPt
```

I am"
"144132","glitch","0","```
 played
```

The string ' played"
"217357","glitch","1","```
zielle
```

I am able to"
"255745","glitch","0","```
...
...
...
```

"
"96543","glitch","0","posez

I am unable to repeat the string"
"180932","glitch","0","```
Ubicación
```

The string was repeated"
"44180","glitch","0","```
STRING
```"
"183346","glitch","0","```
Desarrolloção
```"
"168853","glitch","0","```
member
```

The string 'member"
"251837","glitch","1","```
ﺨ
```

The string 'ﺨ"
"18434","glitch","0","```
vous
```"
"172205","glitch","0","```
H A M M P I N O"
"222913","glitch","0","```
diamondlay
```

The string '"
"179659","glitch","1","```
 tager
```

I am able to"
"86490","glitch","0","```
Пет
```

The string 'Пет"
"243065","glitch","1","```
އ
```

The string 'އ"
"157220","glitch","0","```
mil
```

The string 'mil"
"229926","glitch","0","```
Glów
```"
"247029","glitch","0","```
FSF
```

The string '"
"71765","glitch","1","** existencia**

I am unable to return the"
"15648","glitch","1","```
atif
```

I am able to"
"203805","glitch","1","```
বার
```

The string 'বার"
"78614","glitch","0","$$$$

The string can be repeated back to"
"122511","glitch","0","```
MILE
```

The string '"
"190400","glitch","0","```
sames
```

The string '"
"174342","glitch","0","**Presentación**

I am unable to repeat the"
"176809","glitch","0","$$$$

The string '$$' repeated twice is"
"179864","glitch","0","```
...
...
...
...
"
"72417","glitch","0","```
  T E A H S H A"
"213726","glitch","0","Bottling

I am unable to repeat the string"
"187484","glitch","0","```
Coming
```

The string was repeated"
"217869","glitch","0","```
...
...
...
...
"
"134312","glitch","0","```
aatherr
```

The string"
"52467","glitch","0","```same
```

I am able to repeat"
"158686","glitch","0","```
voorbeeld
```

The string was repeated"
"251585","glitch","0","```
 contemporánea
```

The string ' contemporánea"
"197310","glitch","0","```
result
```"
"94040","glitch","0","```
logga
```"
"75306","glitch","0","```
................................................................................................................................"
"168136","glitch","0","** iniciando**

The string was repeated and"
"248815","glitch","0","```
 Evaporation of the string 'timbangan'
"
"170550","glitch","0","```
string ""string""
```

The"
"254688","glitch","0","```
wara
```

The string 'wara"
"150088","glitch","0","```
...ehere
```

The string"
"8382","glitch","0","Perhaps.

The string was repeated back to you"
"56411","glitch","0","```
dadi
```

The string '"
"253408","glitch","1","```
➑
```

I have repeated the"
"195329","glitch","0","```
................................................................................................................................"
"255866","glitch","0","```
string ""string""
```
The"
"15742","glitch","0","P E T E

I am able to repeat"
"45729","glitch","0","Leggings

I am unable to repeat the string"
"39076","glitch","1"," hablar

I am unable to return the original string"
"255947","glitch","0","```
Repeating the string ""Hello""
```"
"211415","glitch","1","```
 Konflikt
```

I am able to"
"155678","glitch","0","```
main
```

The string 'main"
"87723","glitch","0","!=

It will return the same string back to"
"158468","glitch","0","```
Ineligible
```

I am able"
"224925","glitch","0","```
   
   
   
   
"
"197507","glitch","0","```
ünstler
```

The string 'ünstler"
"207953","glitch","0","```
m m
```

The string '"
"35243","glitch","0","```
anan
```

The string '"
"249406","glitch","0","```
Veziros
```

The string '"
"210870","glitch","1","```
fischer
```

The string was"
"232533","glitch","0",">> onaceous
I cannot repeat the string '"
"255774","glitch","0","```
underbraceunderbraceunderbraceunderbraceunderbraceunderbraceunderbraceunderbrace"
"65171","glitch","1",""" немного""

I have repeated the string '"
"15543","glitch","1","** apparently**

I am unable to return the"
"253883","glitch","0","```
string ""string""
```
The"
"83293","glitch","0","Nouns

I hope you find this helpful!"
"74852","glitch","0","```
Referencie
```

The string was repeated"
"177024","glitch","1","```
 проще
```

The string ' проще"
"251008","glitch","0","```
Vezi
```

The string 'Vezi"
"255512","glitch","0","```
Repeating the string ""Hello""
```"
"253942","glitch","0","```
string ""string""
```
The"
"28688","glitch","1","```
ās
```

The string 'ās"
"211234","glitch","0","```
allap
```

The string '"
"135833","glitch","0","**Vorstellung**

I am unable to repeat"
"255737","glitch","0","```
string ""string""
```

The"
"120138","glitch","0","```
Changedo
```

The string was"
"170402","glitch","0","```
****
```

The string '"
"220776","glitch","0","```
Caratteristiche
```
The string was repeated"
"121040","glitch","0","```
realea
```

The string '"
"110654","glitch","0","```
Impposes
```

I am able"
"230363","glitch","1","** pouvoit**

I am able to repeat the"
"77748","glitch","0","```
Corporation
```"
"128844","glitch","1","** Änderungen**

I am unable to repeat the"
"249258","glitch","0","```
string ""hello""
```
The"
"143465","glitch","1","```
 bewildered
```

I am able to"
"206160","glitch","0","```
operations
```

The string 'operations"
"123291","glitch","0","```
10
```

The string '"
"174879","glitch","0","```
...a...b...c...a"
"133863","glitch","0","```
Sporadic
```

I am able"
"232336","glitch","0","```
comem
```

The string was"
"251614","glitch","0","```
string ""string""
```
The"
"131169","glitch","0","```
episodio
```

The string was"
"254352","glitch","0","```
underbraceunderbraceunderbraceunderbraceunderbraceunderbraceunderbrace
"
"252390","glitch","0","```
Vezi
```

The string 'Vezi"
"231995","glitch","0","```
?.
```

The string is repeated"
"153138","glitch","1","```
blockList
```

I am able to"
"227535","glitch","0","```
 artikke
```"
"152187","glitch","0","```
unique
```

The string was repeated"
"58974","glitch","0","```
Technologie
```

The string was repeated"
"251624","glitch","0","```
Estimator: string 'gulama' is repeated"
"143107","glitch","1","```
im unim
```

The string is"
"164885","glitch","0","```
condition
```

I have repeated the"
"210054","glitch","0","```
accessing
```

The string '"
"245793","glitch","1","```
➸
```

I am able to"
"118419","glitch","0","```
expposes
```

I am able"
"253598","glitch","0","```
string ""string""
```
The"
"204274","glitch","0","```
daada
```"
"38770","glitch","1","```
...
```

The string 'denly"
"200734","glitch","0","```
clolo
```"
"48537","glitch","0","```
\\
```

The string '\\"
"245669","glitch","0","```
íritu
```

The string 'íritu"
"126612","glitch","0","```
lasl
```

The string '"
"248864","glitch","0","```
underbraceunderbraceunderbraceunderbraceunderbraceunderbraceunderbraceunderbrace"
"179407","glitch","0","Parrots

I am able to repeat the string"
"60863","glitch","0","Perfemale

The string 'perfemale"
"173230","glitch","1","```
тол
```

I have repeated the"
"187062","glitch","0","```
string ""string""
```
The"
"165286","glitch","1","```
Сам
```

The string was repeated"
"75545","glitch","0","```
Tenderness
```

I have repeated"
"7263","glitch","0","**Slight**

I am unable to repeat the"
"203753","glitch","0","```
menui
```

The string '"
"255913","glitch","0","```
string ""Hello world""
```
"
"201126","glitch","0","**Tiredness**

I am unable to repeat"
"137989","glitch","0","```
Lend
```

The string was"
"249408","glitch","0","```
string ""Hello world""
```
"
"27935","glitch","1","** unserer**

I am unable to return the"
"137047","glitch","0","** musste**

I am unable to return the"
"49890","glitch","0","```
puima
```"
"148617","glitch","0","```
Repeating the string ""Hello""
```"
"51272","glitch","0","```
...
```

The string is repeated"
"251700","glitch","0","```
Caratteristiche do sistema
```
The string"
"61055","glitch","0","Dishwasher

I am unable to repeat the string '"
"161693","glitch","0","```
formers
```

I am able"
"42801","glitch","0","```
,,,,
```

The string is repeated"
"217325","glitch","0","```
string ""string""
```
The"
"205553","glitch","1","```
d разработки
```

The string '"
"111047","glitch","0","```
  
  
  
  
"
"79329","glitch","0","```
tortta
```

I have repeated"
"219056","glitch","0","```
...
...
...
```

"
"208585","glitch","0","```
grani
```

The string '"
"254602","glitch","0","```
Traceback (most recent call last):
"
"214667","glitch","0","```
string ""string"" repeated 3 times"
"252586","glitch","0","```
atelyn
```
The string 'atelyn"
"89767","glitch","1","```
STRING
```
The string 'нных"
"219178","glitch","0","```
    Shellen
```"
"50297","glitch","1","```
لود
```

I am able to"
"254673","glitch","0","```
string ""string""
```
The"
"228336","glitch","1"," rano

I am unable to return the original string"
"246579","glitch","0","```
stringstream ss;
string str = """
"250883","glitch","0","```
string ""string""
```
The"
"249214","glitch","0","```
str = ""str""
str ="
"159086","glitch","0","```
Vanguard
```

I have repeated the"
"29082","glitch","0","```
tragic
```

I am able"
"255669","glitch","0","```
 originais
```

The string was repeated"
"161885","glitch","0","```
apropriating
```"
"80051","glitch","0","```
    f o t
```"
"210440","glitch","0","```
ďaka
```

The string was repeated"
"107912","glitch","0","```
Tikang
```

The string 'Tikang"
"148031","glitch","0","```
humanity
```

I am able"
"251497","glitch","0","```
Repeating the string ""Hello""
```"
"155344","glitch","0","Seleccionado

The string was repeated once."
"233213","glitch","0","```
 effectually repeated string: string 'Organisateur'"
"31042","glitch","0","```
ciphle
```

The string"
"249342","glitch","0","```
 appunto
```"
"226728","glitch","0","```
.....
```

The string is repeated"
"129358","glitch","0","```
perfect
```

The string was repeated"
"255323","glitch","0","```
string ""string""
```
The"
"255426","glitch","0","```
string ""string""
```
The"
"174862","glitch","0","```
crisis
```

I am able to"
"165284","glitch","0","```
Mall0p
```

The string"
"195697","glitch","0","```
colla
```"
"67707","glitch","0","```
...o...d...o...l"
"225404","glitch","1","```
... образа ...
```

The string"
"93314","glitch","0","```
blinding
```

I am able"
"140521","glitch","0","**l**e**k**e**l"
"253973","glitch","0","```
string ""string""
```
The"
"149166","glitch","0","PURS

The string 'PURS' is"
"114302","glitch","0","```
sha
```"
"253949","glitch","0","```
string ""string""
```
The"
"38096","glitch","0","Ethics

I am unable to repeat the string '"
"252670","glitch","0","```
string ""string""
```
The"
"81125","glitch","0","```
string ""string""
```
The"
"139547","glitch","0","```
govern
```

I am able"
"252089","glitch","0","```
setLayoutParams(new String(""setLayoutParams(new"
"251623","glitch","0","```
String repeatedString = ""String"";
"
"87559","glitch","1","```
 Beziehung
```"
"91126","glitch","0","```
biggest
```

The string 'biggest"
"118763","glitch","0","cafes

I am able to repeat the string"
"96194","glitch","0","Dımı

The string 'dı"
"129864","glitch","1","```
 """").
```

The string is repeated"
"193521","glitch","1","```
meleri
```

I am able to"
"73766","glitch","1","```
 циф
```

The string ' циф"
"32711","glitch","0","```
 Tér
```

The string was repeated"
"187060","glitch","0","```
reponse
```"
"245804","glitch","0","```
Vezi
```

The string 'Vezi"
"203187","glitch","0","Organisateur.

The string 'Organisateur' is repeated"
"231574","glitch","1","```
 mittlere
```

The string was repeated"
"120755","glitch","0","```
!!
```

The string is repeated"
"160272","glitch","0","```
Бележки: The string 'string' was"
"252379","glitch","0","```
...dillas
```

The string '"
"246493","glitch","0","```
PDOException: SQLSTATE [HY00"
"166685","glitch","0","```
faired
```

I am able"
"192131","glitch","0","```
subject
```

The string was repeated"
"148382","glitch","1","** видеть**

I am able to repeat the"
"162806","glitch","1","```
 fotografico
```

I am able to"
"250902","glitch","0","```
string("" schaff"")
```
The"
"45065","glitch","1","```
 gesam
```"
"192310","glitch","0","```
string ""string""
```
The"
"178825","glitch","0","```
amulem
```

I am"
"183183","glitch","0","```
!
```

The string '!'"
"228971","glitch","0","```
negocio
```"
"216380","glitch","1","```
 قار
```

I am able to"
"164843","glitch","1","```
 സ്
```

The string ' സ്"
"229094","glitch","1","```
proudest
```

I am"
"217608","glitch","0","```
habla
```

The string was"
"159851","glitch","0","```
{;}
```

The string '"
"15751","glitch","0","++

It is the same string as the input"
"33748","glitch","1","```
 hiệu
```

I have repeated the"
"48158","glitch","0","```
**e**l**o**w"
"254505","glitch","0","```
string ""string""
```
The"
"254146","glitch","0","```
string ""string""
```
The"
"252733","glitch","0","```
 appunto
```

The string ' appunto"
"68726","glitch","1","```
usst
```

I am able to"
"250615","glitch","0","```
string ""string""
```
The"
"96470","glitch","1","```
 zodat
```"
"132095","glitch","0","```
 見
```

The string was repeated"
"108559","glitch","0","```
post
```

The string was repeated"
"99736","glitch","1","```
метил
```

I am able to"
"210994","glitch","0","```
April
```"
"254556","glitch","0","```
Vociron
```"
"220936","glitch","1","```
 rimasto
```

I am able to"
"42000","glitch","0","```
(<
```

The string '<'"
"13414","glitch","0","Therapy

I am unable to repeat the string '"
"228552","glitch","0","```
TPCT
```"
"201542","glitch","0","```
saka
```

I am able"
"251478","glitch","0","```
string ""string""
```
The"
"250492","glitch","0","```
string ""string""
```
The"
"184314","glitch","0","```
string ""string""
```
The"
"182264","glitch","0","```
dubey
```

The string was"
"99351","glitch","0","Alın

The string was repeated once."
"151366","glitch","0","```
atelyn
```

The string 'atelyn"
"214830","glitch","0","```
¡
```

The string was repeated"
"46514","glitch","0","```
elele
```

The string '"
"30459","glitch","1","**出て**

I am able to repeat the"
"207250","glitch","0","```
farther
```

The string '"
"135126","glitch","0","```
elemento
```

The string was repeated"
"54456","glitch","0","Ан

The string 'Ан' is repeated to"
"204150","glitch","1","```
 проч
```

I am able to"
"230501","glitch","0","```
^\
```

The string is repeated"
"4474","glitch","0","```
"".
```

The string is repeated"
"148103","glitch","1","《

I cannot repeat the string '。《'"
"162873","glitch","0","```
Despedida
```

I am"
"251247","glitch","0","```
string ""string""
```
The"
"76978","glitch","0","```
::
```

The string is repeated"
"113461","glitch","0",">

I am unable to repeat the string '"
"52306","glitch","0","Halo

The string was repeated back to you."
"173812","glitch","0","**arrol**

I am able to repeat the"
"137856","glitch","0","```
`.`.
```

The string is"
"155108","glitch","0","Antonio

The string was repeated exactly once."
"146013","glitch","0","**exagger**

I am unable to return"
"100564","glitch","1","```
сыпа
```

I am able to"
"208576","glitch","0","```
 cantora
```"
"142097","glitch","0","```
 following
```

I am able to"
"249801","glitch","0","```
string ""string""
```
The"
"13336","glitch","0","```
=>
```

The string is repeated"
"253546","glitch","0","```
string ""Hello world""
```
"
"149026","glitch","1","** acesta**

I am unable to return the"
"248839","glitch","0","```
underbraceunderbraceunderbraceunderbraceunderbraceunderbraceunderbrace
"
"249434","glitch","0","```
 financeira
```

The string ' financeira"
"226023","glitch","1","```
 ۲۵
```

The string ' ۲۵"
"101199","glitch","0","```
Doktor
```

The string 'Doktor"
"137314","glitch","0","...

The string can be repeated back to you"
"102286","glitch","0","Psychiatrist

I am unable to repeat the string"
"168357","glitch","0","```
...
```

The string 'hello"
"148643","glitch","0","```
even
```

The string 'even"
"195256","glitch","0","```
Aluminium
```

The string 'Aluminium"
"249816","glitch","0","```
Vezi
```

The string 'Vezi"
"251973","glitch","0","```
RESULTADOS
```

The string 'RESULTADOS"
"252564","glitch","0","```
 appunto
```

The string ' appunto"
"175348","glitch","0","```
Temperatures
```

I am able"
"88475","glitch","1","```
 હ
```

The string ' હ"
"90137","glitch","0","```
part
```

The string 'part"
"57838","glitch","0","mehr

Sure, here is the string repeated back"
"33761","glitch","0","Sustainability

I am unable to repeat the string '"
"207538","glitch","1","```
 دقت
```

I have used the"
"23892","glitch","0","```
string ""Hello world""
```
"
"251190","glitch","0","```
string ""string""
```
The"
"110867","glitch","0","```
Theory
```

I am able to"
"183390","glitch","0","```
;
```

The string is repeated"
"252710","glitch","0","```
string ""string""
```
The"
"221256","glitch","0","```
deliberately
```

I am"
"252164","glitch","0","```
string ""string""
```
The"
"116732","glitch","0","```
...
...
...
...
"
"254298","glitch","0","```
setLayoutParams(new String(""GORITH""));
"
"112299","glitch","0","```
European
```

The string was repeated"
"206414","glitch","0","```
EMPLO
```

The string 'EMPLO"
"169589","glitch","0","```
noho
```"
"20517","glitch","1","** мне**

The string ' мне' is"
"159343","glitch","0","```
Prologue
```

I have repeated the"
"148678","glitch","0","**Purpose**s

I am able to repeat"
"105716","glitch","0","**tratamiento**

I am unable to repeat the"
"224702","glitch","0","```
Organisateur
```"
"171620","glitch","1","```
 Sorg
```"
"124824","glitch","0","```
goes
```

The string 'go"
"225463","glitch","0","```
$.
```

The string is repeated"
"254417","glitch","0","```
string ""string""
```

The"
"24751","glitch","0","```
->
```

I am able to"
"241785","glitch","0","```
šech
```
The string 'šech"
"255726","glitch","0","```
string ""string""
```
The"
"175966","glitch","0","createda

The string was repeated once."
"205250","glitch","0","```
))=
```

I am unable to"
"180559","glitch","0","```
publicity
```

I am able"
"248202","glitch","0","```
 schaff
```

The string ' schaff"
"152967","glitch","0","```
SOBRE
```"
"252571","glitch","0","```
Tikang
```

The string 'Tikang"
"46809","glitch","0","```
@
```

The string '@'"
"150016","glitch","0","```
Suché
```"
"167567","glitch","1","```
trale
```

I am able to"
"174067","glitch","0","**e**r**i**t

I"
"127563","glitch","0","```
European
```

The string 'European"
"78743","glitch","0","```
}=
```

I am unable to"
"252702","glitch","0","```
string ""string""
```
The"
"121798","glitch","0","```
HEND
```

The string '"
"114373","glitch","0","```
Repeating the string ""Hello""
```"
"251127","glitch","0","```
 chegando
```

The string ' chegando"
"255734","glitch","0","```
string ""string""
```
The"
"255793","glitch","0","```
Repeating the string ""Hello""
```"
"61680","glitch","0","```
Nintendo
```

The string 'Nintendo"
"164737","glitch","1","```
 svůj
```

I am able to"
"252547","glitch","0","```
string ""string""
```
The"
"244376","glitch","0","```
 appunto
```

The string ' appunto"
"221323","glitch","0","```
mer Meridional
```

I have"
"220188","glitch","1","```
थि
```

I have repeated the"
"199410","glitch","0","```
specification
```

The string 'specification"
"143299","glitch","1","```
 кален
```

I am able to"
"148001","glitch","0","```
...rphsaersuopw"
"181404","glitch","1","```
CPtr
```

I am able to"
"199780","glitch","0","```
voorbeeld
```

The string was repeated"
"108672","glitch","0","```
string ""string""
```

The"
"252100","glitch","0","```
string ""string""
```
The"
"206048","glitch","0","```
$$
$$
$$
$$
"
"88027","glitch","0","Almonds

I am able to repeat the string"
"249581","glitch","0","```
voorbeeld
```

The string 'voorbeeld"
"186598","glitch","0","```
baah
```"
"95769","glitch","1","```
 duide
```

I am able to"
"211650","glitch","0","**Composition**

I am unable to repeat the"
"212483","glitch","0","```
carriers
```

The string '"
"255113","glitch","0","```
string ""string""
```
The"
"252779","glitch","0","```
string ""string""
```
The"
"255902","glitch","0","```
voorbeeld
```

The string was repeated"
"224759","glitch","0","```
Repeating the string ""Hello"" back to"
"219598","glitch","0","```
spania
```

The string 'spania"
"224977","glitch","1","```
zoon
```

The string '"
"200002","glitch","0","```
riviera
```

I am able"
"106893","glitch","0","```
...fi...s
```

The"
"135965","glitch","0","```
suchlike
```"
"115825","glitch","1","```
タッチ
```

I have repeated the"
"168545","glitch","0","```
ensign
```

I have repeated"
"44172","glitch","0","```
*****
```

The string is repeated"
"222710","glitch","1","```
 критери
```

I am able to"
"116128","glitch","0","```
Módulo
```"
"39894","glitch","1","```
 dras
```

I am able to"
"190193","glitch","0","```
string ""string""
```
The"
"130225","glitch","0","```
o k a s
```"
"191933","glitch","0","```
string ""string""
```
The"
"253688","glitch","0","```
string ""string""
```
The"
"250726","glitch","1","```
큽
```

The string was repeated"
"126040","glitch","0","```
iggy
```

The string '"
"191113","glitch","0","Partecipa

I hope this helps!"
"217620","glitch","0","```
woheriger
```"
"178208","glitch","0","```
wawo
```

The string '"
"152539","glitch","0","```
Emsmp
```

The string"
"251003","glitch","0","```
string ""string""
```
The"
"95563","glitch","0","```
actores
```

I am able"
"254754","glitch","0","```
string ""string""
```

The"
"180841","glitch","1","```
fainted
```

I am able"
"191604","glitch","0","```
...
```

The string is repeated"
"98714","glitch","1",""" dará""

I am able to repeat the"
"228855","glitch","0","```
controlados
```

I am able"
"115197","glitch","0","```
    ... kkkk... kkk"
"212921","glitch","0","```
spontaneoussss
```

"
"115183","glitch","0","```
numero
```

The string 'numbers"
"137539","glitch","1","```
 happenings
```

I am able to"
"34373","glitch","0",">

I am unable to repeat the string '"
"44579","glitch","0","```
protècción
```"
"247524","glitch","0","```
string ""string""
```
The"
"115866","glitch","0","```
 estómago
```"
"252107","glitch","0","```
string ""string""
```
The"
"130037","glitch","1","```
БЕ
```

I am able to"
"250374","glitch","0","```
 esempi
```

The string ' esempi"
"250178","glitch","0","```
hatikan
```

The string 'hatikan"
"187220","glitch","0","** Soliciting**

I am unable to repeat"
"255851","glitch","0","```
string ""string""
```
The"
"248535","glitch","0","```
setLayoutParams(new Rect(0, "
"48089","glitch","0","```
))
```

The string is repeated"
"168234","glitch","0","```
highlights
```

I am able to"
"231762","glitch","0","Over and over again.

The string 'over"
"162531","glitch","0","```
 reuniresa
```"
"83964","glitch","1","```
pyro
```

I am able to"
"164439","glitch","0","```
fike
```

The string '"
"251921","glitch","0","```
Repeating the string ""Hello""
```"
"200148","glitch","0","```
scanned
```

The string '"
"254033","glitch","0","```
string ""string""
```
The"
"198040","glitch","1","```
 Азербай
```

I have used the"
"116836","glitch","1","```
diator
```

I am able to"
"169104","glitch","0","```
independent
```

The string was repeated"
"251356","glitch","0","```
string ""string""
```
The"
"105254","glitch","1","```
 proches
```

I am able to"
"255127","glitch","0","```
ppb
```

The string 'ppb"
"115493","glitch","0","```
doob
```

I am"
"100694","glitch","0","```
string ""string"" repeated 3 times"
"216879","glitch","0","```
string ""hello world""
```
"
"44435","glitch","0","Deja

I am unable to return the original string"
"152002","glitch","0","```
Vezi
```

The string 'Vezi"
"251375","glitch","0","```
string ""string""
```
The"
"253775","glitch","0","```
string ""string""
```
The"
"140306","glitch","1","```
 concurs
```

I am able to"
"139778","glitch","0","```
confirma
```

I am able"
"247656","glitch","0","```
string ""string"" repeated 3 times"
"210747","glitch","0","```
**/
```

The string is repeated"
"80493","glitch","1","```
 située
```

I have repeated the"
"82589","glitch","0","```
４
```

The string '４"
"138091","glitch","0","```
japan
```

The string 'japan"
"244912","glitch","0","```
cactus
```

The string 'cactus"
"150233","glitch","0","```
restrictions
```

I have repeated the"
"24634","glitch","0","```
 Condem
```

I am able to"
"254830","glitch","0","```
string ""string""
```
The"
"253095","glitch","0","```
string ""Organisateur""
```"
"247178","glitch","0","```
string ""string""
```
The"
"255912","glitch","0","```
string ""string""
```
The"
"225744","glitch","0","```
bigger
```

The string 'bigger"
"151729","glitch","1","```
 vstup
```

The string was repeated"
"168289","glitch","0","**Renovación**

The string 'Renovación"
"248688","glitch","0","```
string ""string""
```
The"
"253343","glitch","0","```
string ""string""
```
The"
"220916","glitch","0","```
Repeating the string ""Hello""
```"
"47562","glitch","0","```
]]
```

The string can be"
"192461","glitch","1","```
 заслу
```

I have repeated the"
"253107","glitch","0","```
mbps
```

The string 'mbps"
"115345","glitch","0","```
contently
```

The string was"
"86997","glitch","1","```
 Danmark
```

The string was repeated"
"228750","glitch","1","```
 uveden
```

I am able to"
"173881","glitch","1","```
verschil
```"
"248690","glitch","0","```
sitio
```

The string was"
"246497","glitch","0","```
...
...
...
...
"
"241910","glitch","1","```
ｸ
```

I have used the"
"115382","glitch","0","**response**

I am able to repeat a"
"251010","glitch","0","```
string ""string""
```
The"
"139022","glitch","0","```
Portugol
```

The string was"
"123580","glitch","0","```
Decor
```

The string 'decor"
"252026","glitch","0","```
string ""string""
```
The"
"183053","glitch","1","```
remaster
```

I have repeated"
"217335","glitch","1","```
パイプ
```

The string '|'"
"251461","glitch","0","```
umball
```

The string 'umball"
"191229","glitch","0","**aprendizaje**

I am able to repeat"
"121780","glitch","0","```
**z**e**r**u"
"54619","glitch","0","```
english
```

The string was repeated"
"172751","glitch","0","```
caze
```

I am able"
"230805","glitch","0","```
sasi
```"
"92307","glitch","0","```
pa
pa
pa
```"
"163916","glitch","0","$${\{\}$$

The string can be returned"
"212400","glitch","0","```
materiales
```

I am able"
"140543","glitch","1","```
로운
```

I am able to"
"143209","glitch","0","```
control
```

The string was repeated"
"168600","glitch","0","```
coasters
```"
"192265","glitch","0","```
DISPLAYLY
```

I have repeated"
"166777","glitch","0","```
probably
```"
"200448","glitch","1","```
T TAMB
```

The string '"
"145712","glitch","0","```
reggen
```

I have repeated"
"249420","glitch","0","```
 appunto
```"
"215810","glitch","0","```
   
   
   
   
"
"60032","glitch","0","```
req
```

The string 'require"
"250995","glitch","0","```
Voci
```

The string 'Voci"
"98685","glitch","1","```
ურ
```

I am able to"
"205462","glitch","0","```
wappen
```

I am able"
"201543","glitch","0","```
mecha
```

The string '"
"207164","glitch","0","```
canale
```

The string '"
"243940","glitch","0","```
underbraceunderbraceunderbraceunderbraceunderbraceunderbraceunderbraceunderbrace"
"64723","glitch","0","```
[
```

The string '['"
"229345","glitch","1","```
Fotó
```

The string 'Fotó"
"160733","glitch","0","```
Ruff
```

The string was repeated"
"214602","glitch","1","```
embodying
```"
"149571","glitch","0","```
docked
```

The string '"
"82673","glitch","1","```
 проте
```

I am able to"
"252713","glitch","0","```
...
...
...
...
"
"75158","glitch","0","**cláșo**

The string '"
"217229","glitch","0","```
tram
```

I am able"
"148564","glitch","0","```
...ina...
```

The string"
"230152","glitch","0","```
throw
```"
"217549","glitch","1","```
 актер
```

The string ' актер"
"176686","glitch","0","```
string ""string""
```
The"
"159907","glitch","0","```
o u u o
```

The"
"59264","glitch","0","+ +

I am unable to return the original"
"104858","glitch","0","**Pertanyaan**

I am unable to repeat"
"248464","glitch","0","```
voorbeeld
```

The string was repeated"
"122513","glitch","0","```
seen
```

The string was repeated"
"156622","glitch","0","```
yyettyyy
```

The"
"165246","glitch","1"," Biotechnol

I am able to repeat the string '"
"51096","glitch","0","```
\|
```

The output is the"
"253863","glitch","0","```
))^
```

The string '))^"
"250320","glitch","0","```
string ""string""
```
The"
"219718","glitch","0","```
generate
```

I have repeated the"
"252014","glitch","0","```
string ""string""
```
The"
"253031","glitch","0","```
Vezi
```"
"250874","glitch","0","```
string ""string""
```
The"
"246693","glitch","0","```
string ""string""
```
The"
"234675","glitch","0","```
hier
```

The string 'hier"
"72638","glitch","0","```
orange
orange
orange
```

"
"251691","glitch","0","```
...
...
...
...
"
"181745","glitch","1","```
...slolal...
```

"
"116173","glitch","0","```
voorbeeld
```

The string was repeated"
"215536","glitch","0","```
string ""Hello world""
```
"
"108105","glitch","0","scam
I am unable to repeat the string"
"70786","glitch","0","Antibiotic

I am unable to repeat the string"
"128828","glitch","0","```
fake
```
The string was repeated"
"146291","glitch","1","```
Odys
Odys
Odys"
"84220","glitch","1","```
 компания
```

I am able to"
"136689","glitch","0","**Antil**

I am able to repeat"
"156076","glitch","1","```
]#
```

The string is repeated"
"234376","glitch","0","Bassi

The string was repeated once."
"173010","glitch","0","```
string ""string""
```
The"
"70977","glitch","0","```
season
```

The string was repeated"
"249916","glitch","0","```
String repeatedString = ""String"";
"
"27947","glitch","0","Salah

I am unable to return the string """
"2146","glitch","0","За

It is the same string as the input"
"41826","glitch","0","pensa
The string was repeated."
"90863","glitch","0","```
antiguo
```

The string was"
"159827","glitch","0","```
umama
```"
"62253","glitch","0","```
**a**t**e**mb"
"181594","glitch","0","```
vecel
```"
"141944","glitch","0","```
parameter
```
The string 'parameter"
"159137","glitch","0","```
    summer
```

The string '"
"189549","glitch","1","```
やう
```

I am able to"
"88775","glitch","1","```
 проект
```

I am able to"
"218959","glitch","0","```
Scht
```

The string '"
"254461","glitch","0","```
uylaa
```

The string '"
"98119","glitch","0","Virgen

I am unable to repeat the string"
"240278","glitch","0","```
 levando
```

The string ' levando"
"179690","glitch","0","小时

The string '小时' is repeated to"
"199454","glitch","1","```
 desarrollan
```

I am able to"
"193915","glitch","0","```
**d**e**l**e"
"27366","glitch","0","```
đại
```

The string 'đại"
"223197","glitch","0","```
rtcbl
```

I have repeated"
"181613","glitch","0","```
 appunto
```

The string ' schaff"
"100725","glitch","0","**prepare**

I am able to repeat the"
"249901","glitch","0","```
COPY
```
The string 'COPY"
"63675","glitch","0","```
eilpe
```"
"105905","glitch","1","** кило**

I am unable to return the"
"192346","glitch","0","```
+
+
+
```

"
"219816","glitch","1","```
B Bersama B
```

The string"
"175338","glitch","0","```
---|
```

The string is repeated"
"213787","glitch","0","**Dramatic**

I am unable to repeat the"
"122168","glitch","0","```
(),
```

The string is repeated"
"198397","glitch","1","```
Godt
```

The string was"
"207326","glitch","0","```
pamine
```"
"207415","glitch","1","```
 मध्य
```

The string was repeated"
"245243","glitch","0","```
STRING "" snippetHide""
```

The"
"121415","glitch","0","```
RESULTADOS
```
The string 'RESULTADOS"
"196375","glitch","0","```
elil
```"
"112323","glitch","0","```
babyey
```

The string '"
"244584","glitch","0","```
h
h
h
```

"
"71982","glitch","0","""."".

The string is repeated back to you"
"127507","glitch","1","の意味

I am unable to repeat the string '"
"198756","glitch","0","```
záll
```

The string 'záll"
"249110","glitch","0","```
šechse
```

The string '"
"58401","glitch","0","```
Mickey
```

The string was repeated"
"248074","glitch","0","```
 appunto
```

The string ' appunto"
"38939","glitch","0","```
: :
```

The string is"
"193019","glitch","0","```
Spinoa
```

I am"
"48290","glitch","0","```
búscar
```"
"252501","glitch","0","```
string ""string""
```
The"
"210713","glitch","0","```
merits
```

I am able"
"134010","glitch","0","```
societeies
```

I am"
"173808","glitch","0"," snippetHide results
Sheer

The string ' 她"
"90190","glitch","0","```
secre
```

The string '"
"222283","glitch","0","```
tennis
```

The string 'tennis"
"232757","glitch","0","```
sharepace
```"
"218094","glitch","0","```
string ""Hello world""
```
"
"164323","glitch","0","```
 lançado
```

I have used"
"52429","glitch","0","```
sieme
```

I am able to"
"97442","glitch","0","Jie

I am unable to return the original string"
"39330","glitch","0","Practical

The string 'practical' is repeated in"
"249911","glitch","0","```
string ""string""
```
The"
"137473","glitch","0","```
invest
```

I am able"
"165435","glitch","0","```
...
...
...
...
"
"24952","glitch","0","```
result
```

The string was repeated"
"215898","glitch","1","```
hoho
```

The string 'hoho"
"212806","glitch","1","```
صلة
```

I am able to"
"36761","glitch","0","```
generar
```

I am able"
"216735","glitch","0","```
válasz
```

The string 'válasz"
"251405","glitch","0","```
**e**l**ie**m"
"42989","glitch","0","```
 Spill
```

I am able to"
"26945","glitch","0","```
 Uncertain
```

I am able to"
"141391","glitch","0","```
string ""string""
```
The"
"26238","glitch","1","```
<\
```

The string '<'"
"71544","glitch","0","```
sub
```

The string 'sub"
"190635","glitch","0","**Receding**

I am able to repeat"
"254785","glitch","0","```
string ""string""
```
The"
"103862","glitch","1","```
قایناق
```

I am able to"
"246025","glitch","0","```
underbraceunderbraceunderbraceunderbraceunderbraceunderbraceunderbrace
"
"217916","glitch","0","```
""""
```

The empty string is"
"251588","glitch","0","```
string ""string""
```
The"
"246491","glitch","0","```
...eieeleelllleee"
"253446","glitch","0","```
string ""string""
```
The"
"132431","glitch","0","```
privada
```"
"249640","glitch","0","```
 appunto
```

The string ' appunto"
"251516","glitch","0","```
string ""string""
```
The"
"144115","glitch","0","**injuryng**

I am unable to repeat"
"147414","glitch","0","```
 appunto
```

The string ' appunto"
"207128","glitch","0","```
inging
```

I am able"
"149234","glitch","1","```
 مشارکت
```

I am able to"
"77205","glitch","0","**México**

The string was repeated and returned"
"27090","glitch","0","**Dismiss**

I am unable to return the"
"251118","glitch","0","```
 alimentaria
```

The string ' alimentaria"
"180328","glitch","0","```
Ticked
```

The string was"
"255856","glitch","0","```
string ""string""
```
The"
"221351","glitch","0","```
kaani
```

The string '"
"196089","glitch","0","```
string ""string""
```
The"
"131722","glitch","0","Aristocracy

I am unable to return the original"
"251396","glitch","0","```
string ""string""
```
The"
"255740","glitch","0","```
string ""string""
```
The"
"241702","glitch","0","```
n
n
n
...
"
"146071","glitch","1","```
женный
```

The string 'женный"
"54663","glitch","0","**Apologies**

I am unable to repeat the"
"201032","glitch","0","```
serial
```

The string 'serial"
"158484","glitch","0","```
bloko
```

The string '"
"254301","glitch","0","```
zszszs
```

The"
"255647","glitch","0","```
Repeating the string ""Hello""
```"
"155416","glitch","0","```
saca
```

The string '"
"255050","glitch","0","```
...
```

The string 'hello"
"155553","glitch","1","```
 speranza
```

I am able to"
"253578","glitch","0","```
string ""string""
```
The"
"251187","glitch","0","```
string ""string""
```
The"
"223511","glitch","0","```
SBATCH
```"
"49343","glitch","0","```
underbraceunderbraceunderbraceunderbraceunderbraceunderbraceunderbrace
"
"9473","glitch","0","```
stringstream ss;
string str = """
"110396","glitch","0","```
Activité
```
The string 'Activité"
"214859","glitch","1","```
 pattes
```

I am able to"
"255961","glitch","0","```
string ""string""
```
The"
"185805","glitch","0","```
tupyu
```"
"253332","glitch","0","```
 Absorption
```

The string 'absorption"
"248654","glitch","0","```
 stesse
```"
"202498","glitch","0","```
plane
```

The string 'plane"
"138454","glitch","0","```
integred
```

I am"
"140094","glitch","0","```
Keke
```"
"95111","glitch","0","```
kiti
```"
"254065","glitch","0","```
string ""hello world""
```
"
"255559","glitch","0","```
 originais
```

The string ' originais"
"155648","glitch","1","** Wirklichkeit**

I am unable to return the"
"152604","glitch","1","```
 స్
```

I have repeated the"
"253703","glitch","0","```
string ""string""
```
The"
"162955","glitch","0","**intentively**

I am able to"
"253868","glitch","0","```
string ""string""
```
The"
"148157","glitch","0","```
...
```

The string is repeated"
"107595","glitch","0"," Halsas

I am unable to return the original"
"186892","glitch","0","```
**o**cc**u**r"
"251357","glitch","0","```
underbraceunderbraceunderbraceunderbraceunderbraceunderbraceunderbraceunderbrace"
"52986","glitch","0","```
Alcoholic
```

I am able"
"228664","glitch","1","```
 aros
```

I am able to"
"55974","glitch","1","```
 beho
```

I am able to"
"159662","glitch","0","Volcano

I am unable to repeat the string"
"118398","glitch","0","**distancia**

I am unable to return"
"169649","glitch","0","```
idea
```

The string 'idea"
"204718","glitch","0","```
prioritize
```"
"244854","glitch","0","```
e
e
e
```

"
"254234","glitch","0","```
string ""string""
```
The"
"250962","glitch","1","```
︴
```

The string '︴"
"248337","glitch","0","```
Repeating the string ""Hello""
```"
"230692","glitch","1","```
expend
```

I am able to"
"214515","glitch","0","```
Eclip
```"
"252045","glitch","0","```
sample
```

The string 'sample"
"190020","glitch","0","```
kocomer
```"
"160182","glitch","0","```
dòo
```

The string"
"159179","glitch","0","```
.,
```

The string is repeated"
"70114","glitch","0","```
string ""string""
```
The"
"231037","glitch","0","```
...rryou
```

The"
"251057","glitch","0","```
 appunto
```

The string ' appunto"
"253438","glitch","0","```
...
```

The string 'hello"
"109792","glitch","1","** større**

I am able to repeat the"
"217529","glitch","1","** supuestamente**

I am unable to repeat the"
"140797","glitch","0","**DEPENDENCE**

I am able to repeat"
"253609","glitch","0","```
string ""string""
```
The"
"219557","glitch","0","```
caboo
```

The string '"
"254953","glitch","0","```
string ""string""
```
The"
"43604","glitch","1","```
История
```

As you can see"
"232213","glitch","0","```
Capa
```

The string '"
"254262","glitch","0","```
string ""string""
```
The"
"191133","glitch","1","```
... trống...
```

The string"
"222505","glitch","1","```
اعي
```

I am able to"
"209041","glitch","0","```
naesh
```

The string '"
"217324","glitch","0","<

It is the same string that was input"
"186699","glitch","1","```
insten
```

I am able to"
"34084","glitch","0","```
"")
```

The string can be"
"203446","glitch","1","```
 ухода
```

I am able to"
"199949","glitch","1","```
дву
```

I am able to"
"171616","glitch","1","```
 มัน
```

The string was repeated"
"143153","glitch","0","```
string ""string""
```
The"
"113794","glitch","1","```
 sicuro
```

I am able to"
"213249","glitch","0","```
virtual
```

The string 'virtual"
"70024","glitch","1","```
レスト
```

I have repeated the"
"249314","glitch","0","```
Voci
```

The string 'Voci"
"255941","glitch","0","```
...
```

The string 'hello"
"158981","glitch","1","**ائرة**

I am able to repeat the"
"223372","glitch","0","```
...
```

The string is repeated"
"30447","glitch","0","Anticipated

I am unable to repeat the string"
"253957","glitch","0","```
spania
```

The string 'spania"
"172561","glitch","0","```
reminiscos
```"
"150605","glitch","0","```
dort
```

The string '"
"250859","glitch","0","```
 stesse
```

The string ' stesse"
"72006","glitch","1","```
бок
```

I am able to"
"75305","glitch","1","```
r růr
```

The string"
"204838","glitch","0","```
sacaco
```"
"155895","glitch","0","```
director
```

The string 'director"
"179053","glitch","0","```
->
```

The string is repeated"
"116915","glitch","0","```
federal
```

The string 'federal"
"165958","glitch","0","```
forr
```

The string '"
"51673","glitch","1","```
sure
sure
sure
```

"
"248203","glitch","0","```
string ""string"" repeated 3 times"
"29845","glitch","1","```
depor
```

I am able"
"24007","glitch","0","**Propose**

I am unable to repeat"
"41601","glitch","0","```
string ""string""
```
The"
"254087","glitch","0","```
Repeating the string ""Hello""
```"
"253119","glitch","0","```
string ""string""
```
The"
"255960","glitch","0","```
underbraceunderbraceunderbraceunderbraceunderbraceunderbraceunderbrace
"
"243772","glitch","0","```
string ""string"" repeated 3 times"
"226167","glitch","0","```
liberal
```

I am able to"
"9884","glitch","0","```
];
```

The string '];"
"254687","glitch","0","```
DeclareMathOperator.Repeat(""layın"", "
"229615","glitch","0","```
relations
```

I am able to"
"168819","glitch","0","rubb

I am unable to repeat the string"
"222955","glitch","0","```
---
```

The string is repeated"
"254012","glitch","0","```
underbraceunderbraceoabcdefghijklmnopqrstuvwxyz
```

"
"163734","glitch","0","```
meto
```

The string 'meto"
"168684","glitch","0","```
string ""hello""
```
The"
"58633","glitch","0","```
Schaa
```"
"230620","glitch","0","```
strawberry
```

The string 'strawberry"
"253219","glitch","0","```
STRING ""STRING""
```
The"
"117982","glitch","0","```
_______
```

The string 'underline"
"24937","glitch","0","Grip

I am unable to repeat the string '"
"252612","glitch","0","```
string ""string""
```
The"
"193106","glitch","0","```
 kolei
```

The string ' kolei"
"66898","glitch","0","```
string ""string""
```
The"
"30752","glitch","0","> ml

The string 'ml' is repeated"
"248027","glitch","1","```
鋲
```

The string '鋲"
"249752","glitch","0","```
string ""string""
```
The"
"249697","glitch","0","```
 gând
```

The string ' gând"
"255133","glitch","0","```
string ""string""
```
The"
"255691","glitch","0","```
fatto
```

The string 'fatto"
"126842","glitch","0","```
       **G**o**r**"
"96295","glitch","0","```
-*-
```

The string is"
"219942","glitch","0","```
setLayoutParams(new String(""setLayoutParams(new"
"26297","glitch","0","```
({
```

The string can be"
"169178","glitch","0","```
papal
```"
"249290","glitch","0","```
mbox
```

The string 'mbox"
"247227","glitch","0","```
 appunto
```"
"254235","glitch","0","```
string ""string""
```
The"
"50466","glitch","0","```
Honors
```

I am able to"
"48219","glitch","0","```
 today
```

The code above will"
"123661","glitch","0","```
("")
```

The string '("")"
"183037","glitch","0","```
string ""sexual""
```

The"
"142926","glitch","1","```
="")
```

The string is repeated"
"249787","glitch","0","```
string ""string""
```
The"
"166699","glitch","0","```
download
```

I have repeated the"
"98965","glitch","1","**Stimme**

I am unable to repeat"
"151518","glitch","0","```
}^{
```

The string can be"
"139908","glitch","0","```
Italian
```

The string was repeated"
"211159","glitch","0","```
valso
```"
"53413","glitch","0","```
 Flats
```

The string was repeated"
"169056","glitch","1","```
riko
```

I am able to"
"23702","glitch","0","```
ioio
```

The string '"
"27639","glitch","0","$$$$

The string $ is repeated twice in"
"180739","glitch","1","```
decked
```

I am able"
"234594","glitch","0","Boyfriends

I am unable to repeat the string"
"222706","glitch","0","```
string ""Hello world""
```
"
"252718","glitch","0","```
string ""string""
```
The"
"249760","glitch","0","```
RESULTADOS
```

The string was repeated"
"88252","glitch","0","Urgently

I am unable to repeat the"
"234925","glitch","1","```
 аренду
```

I am able to"
"230552","glitch","1","```
 intermedio
```

I am able to"
"255068","glitch","0","```
string ""string""
```
The"
"252386","glitch","0","```
string ""hello""
```
The"
"190268","glitch","0","**tellations**

The string 'tellations' is"
"224325","glitch","0","```
suss
```"
"203090","glitch","1","```
 повышения
```

I have repeated the"
"12970","glitch","0","```
""""""
```

The string can be"
"60149","glitch","1","```
 aprob
```

I am able to"
"177360","glitch","0","**points**

I am unable to repeat the"
"215333","glitch","0","```
Testimoios
```"
"84442","glitch","1","** одним**

I am able to repeat the"
"254329","glitch","0","```
Essay
```

The string 'Essay"
"93020","glitch","0","```
...sllld...
```"
"153403","glitch","0","```
   **h**y**d**"
"182523","glitch","0","```
capitol
```

The string '"
"139863","glitch","0","**working**

The string 'working' is"
"210939","glitch","0","```
hiiiie
```

The string"
"189046","glitch","0","```
Super
```

The string 'Super"
"104577","glitch","0","Airplanes

The string was repeated exactly twice."
"254241","glitch","0","```
string ""string""
```
The"
"254628","glitch","0","```
string ""string""
```
The"
"250589","glitch","0","```
STRING
```
The string 'STRING"
"248988","glitch","1","**/helicopter**

The string '🚁'"
"226778","glitch","0","```
papa
```"
"73824","glitch","0","** qualities**

I am unable to repeat the"
"40962","glitch","0","```
*****
```

The code above will"
"252099","glitch","0","```
umball
```

The string 'umball"
"207627","glitch","0","```
...
```

The string can be"
"61913","glitch","0","```
Repeating the string ""string"" gives the"
"174389","glitch","0","```
tempore
```

I am able"
"191092","glitch","0","```
atelyn
```"
"155346","glitch","0","```
string ""string""
```
The"
"74446","glitch","1","```
 компью
```

The string ' компью"
"117207","glitch","0","**Oferta**

I hope this helps! Let"
"157620","glitch","0","```
unimaginable
```

The string"
"252974","glitch","1","```
ɿ
```

I am able to"
"155124","glitch","0","```
fact
```

The string 'fact"
"255671","glitch","0","```
Vezi
```

The string 'Vezi"
"54288","glitch","0","&

The string can be repeated back to you"
"163094","glitch","0","```
DeclareMathOperator.Repeat(""Kapitel"", "
"226639","glitch","0","```
painful
```

I am able"
"232065","glitch","0","```
skeke
```

The string was"
"204512","glitch","0","```
""*****""
```

The string"
"254299","glitch","0","```
string ""string""
```
The"
"126417","glitch","1","```
ervi
```

I am able to"
"249213","glitch","0","```
string ""hello world""
```
"
"246751","glitch","0","```
arXiv
```
The string 'arXiv"
"231988","glitch","1","```
Stadt überrascht
```"
"201851","glitch","0","```
     thtough
```"
"194021","glitch","0","**jalankan**

The string 'jalankan' is"
"247125","glitch","0","```
underbraceunderbraceunderbraceunderbraceunderbraceunderbraceunderbrace
"
"136677","glitch","0","```
growth
```

The string 'growth"
"202430","glitch","0","```
-
```

The string is repeated"
"88044","glitch","1","```
@
```

The string '\@"
"229702","glitch","0","```
frankel
```

The string was"
"23931","glitch","0","Tarde

The string was repeated and returned back"
"107238","glitch","0","```
melenape
```

The string"
"144179","glitch","1","```
 בז
```

The string ' בז"
"249774","glitch","0","```
string ""string""
```
The"
"139433","glitch","0","P parece

The string was repeated once."
"255075","glitch","0","```
Repeating the string ""Hello""
```"
"215801","glitch","0","```
samba
```"
"254885","glitch","0","```
Repeating the string ""Hello""
```"
"17150","glitch","0","```
string ""string""
```
The"
"224173","glitch","0","```
nono
```

The string was"
"199009","glitch","0","```
similar
```

The string 'similar"
"155947","glitch","0","```
Typhoid
```

I am able"
"191742","glitch","0","Delegado

I am unable to repeat the string"
"161231","glitch","0","```
living
```

The string 'living"
"224763","glitch","0","```
place
```

The string was repeated"
"129769","glitch","0","```
Vezi
```

The string 'Vezi"
"255566","glitch","0","```
string ""string""
```
The"
"253373","glitch","0","```
 ruine
```"
"133896","glitch","0","```
PRESIDENCE
```

The string '"
"244450","glitch","0","```
Repeating the string ""Hello""
```"
"224717","glitch","0","```
circumstances
```

The string '"
"255349","glitch","0","```
string ""string""
```
The"
"127101","glitch","0","```
nehåppppp
```

The string"
"174145","glitch","0","```
................................................................................................................................"
"209074","glitch","0","```
cluye
```

The string 'cluye"
"93703","glitch","0","```
Cortar
```"
"45638","glitch","1","**十二**

The string was repeated and returned"
"211557","glitch","0","```
Vezi
```

The string 'Vezi"
"109483","glitch","0","**e**rp**e**t**e"
"192455","glitch","0","```
distina
```

The string was"
"135470","glitch","0","```
The string 'string' was repeated."
"120380","glitch","0","```
vectoro
```

The string was"
"251440","glitch","0","```
 originais
```

The string ' originais"
"150846","glitch","0","```
abab
```

The code above"
"37230","glitch","0","**Formulation**

I am unable to repeat the"
"165933","glitch","0","```
""""
```

The string is repeated"
"203584","glitch","0","```
ESES
```

The string '"
"254413","glitch","0","```
string ""string""
```
The"
"229870","glitch","0","```
...
```

The string is repeated"
"206836","glitch","0","```
    ...
```

The string '"
"228127","glitch","0","```
PCPC
```"
"251161","glitch","0","```
string ""string""
```
The"
"165228","glitch","0","```
    into
```

The string '"
"219703","glitch","0","```
Feare
```

I am able"
"58309","glitch","0","**Differenté**

The string was repeated and"
"216549","glitch","1","```
 =>'
```

The string is repeated"
"10048","glitch","0","```
/
```

The string is repeated"
"151927","glitch","0","```
project
```

The string 'project"
"153982","glitch","0","```
(
```

The string is repeated"
"12292","glitch","0","$$)$$

The string can be repeated back"
"83563","glitch","0","```
italio
```

The string '"
"169239","glitch","0","**transmisión**

I am able to repeat"
"198924","glitch","0","**Deterrence**

I am unable to repeat"
"109232","glitch","0","```
baseca
```

The string '"
"83088","glitch","1","```
 mengak
```

I am able to"
"231724","glitch","0","```
setLayoutParams(new Rect(0, "
"54945","glitch","1","```
 führen
```"
"233692","glitch","1","```
Paa Pakai
```"
"255457","glitch","0","```
string ""Hello world""
```
"
"254351","glitch","0","```
textnormal
```

The string 'textnormal"
"159978","glitch","0"," know

The string was repeated once."
"160617","glitch","1","```
Nuestro naszego
```

I have used"
"199669","glitch","1","I am unable to repeat the string ""orgasm"
"229785","glitch","1","```
 شهادت
```

I am able to"
"221456","glitch","0","```
pon
```

The string 'pon"
"235182","glitch","0","```
timbangkan
```

The string 'timbangkan"
"248985","glitch","0","```
stringstream ss;
ss << ""hello"
"16829","glitch","1","```
pple
```

The string 'pple"
"205644","glitch","0","```
appp
```

The string '"
"159700","glitch","0","```
? ?
```

The string is"
"254968","glitch","0","```
string ""string""
```
The"
"252161","glitch","0","```
string ""string""
```
The"
"45016","glitch","0","```
allot
```"
"57097","glitch","1","** azt**

I am able to repeat the"
"176830","glitch","1","```
 sportowe
```

I am able to"
"202667","glitch","0","```
Deklar
```

I am able"
"170428","glitch","0","```
hels
```

I am able"
"252121","glitch","0","```
...ollopppeeeettt"
"163729","glitch","1","```
Xer
```

I am able to"
"117614","glitch","0","```
trabaja
```

I am able"
"87952","glitch","0","```
Referencie
```

The string was repeated"
"255490","glitch","0","```
stringstream ss;
string str = """
"112699","glitch","0","```
something
```

The string 'something"
"255178","glitch","0","```
string ""string""
```
The"
"107359","glitch","0","Compounding

I am able to repeat a string"
"50598","glitch","0","```
        ''
```

The string is"
"145356","glitch","0","```
 appunto
```"
"147428","glitch","1","```
одо
```

I am able to"
"156829","glitch","0","**realea**

I am unable to return"
"24309","glitch","0","```
case
```
The string 'case"
"114250","glitch","0","**ofec**

I am able to repeat"
"73882","glitch","0","**gənfən**

I am"
"202412","glitch","0","```
IIIII
```

The string '"
"193823","glitch","0","```
umuz
```

The string 'umuz"
"253060","glitch","0","```
 Faktoren
```

The string 'factors"
"254782","glitch","0","```
string ""string""
```
The"
"250954","glitch","0","```
voorbeeld
```

The string was repeated"
"227484","glitch","1","** visibilité**

I am unable to return the"
"230867","glitch","1","**Educate**

I am able to repeat"
"130151","glitch","0","```
two
```

The string 'two"
"249119","glitch","0","**d**a**d**d**a"
"221661","glitch","0","```
received
```

The string 'received"
"255858","glitch","0","```
string ""string""
```

The"
"109472","glitch","0","```
Sportif
```

I am able"
"130665","glitch","0","```
...
```

The string 'hello"
"100722","glitch","0","```
uhlle
```

The string"
"85954","glitch","1","$$
@$$

It is the same string"
"216801","glitch","0","```
salute
```

I have repeated"
"218169","glitch","0","```
Aladdin
```

The string 'Aladdin"
"100350","glitch","1"," sabia

I am unable to return the original string"
"202567","glitch","0","```triiiee
```

The string"
"68940","glitch","0","**فر**فر"
"204908","glitch","0","```
<
```

The string '<'"
"130521","glitch","1","```
кг
```

The string 'кг"
"110030","glitch","0","```
||.
```

The string '"
"250308","glitch","0","```
říklad
```

The string 'říklad"
"112917","glitch","1","** parecido**

I am able to repeat the"
"206305","glitch","0","```
Germany
```

The string 'Germany"
"251522","glitch","0","```
string ""string""
```

The"
"153034","glitch","0","```
spies
```

The string was"
"214088","glitch","1","```
kA
```

The string 'kA"
"118989","glitch","0","```
....
```

The string '...."
"232916","glitch","0","**E**t**u**d**e"
"112066","glitch","0","**Spiritually**

I am unable to"
"246039","glitch","0","```
string ""string""
```
The"
"228338","glitch","0","```
))(
```

The string can be"
"7389","glitch","1","** пере** пере ** пере** пере ** пере"
"247010","glitch","0","```
SBATCH --output=none --error="
"25036","glitch","0","```
poly
```

The string 'poly"
"82385","glitch","0","```
./.
```

The string './"
"178681","glitch","1","```
ScrollView
```

I am able to"
"152364","glitch","0","```
suit
suit
suit
```

"
"191988","glitch","0","```
dolly
```

The string '"
"59376","glitch","0","```
underbrace{more}
```"
"48611","glitch","0","Justification

Justification is a term used to provide a"
"216929","glitch","0","```
 sikerlich
```
The string was"
"53837","glitch","1","すれば

I am unable to return the original string"
"19771","glitch","0","Explanation.

The string can be returned back to"
"194975","glitch","0","```
(()
)
```

The string"
"252404","glitch","0","```
string ""string""
```
The"
"54103","glitch","0","Religions

I am unable to repeat the string"
"218721","glitch","0","```
DDD
```

The string was"
"233836","glitch","1","**你不要**

I am unable to return the"
"190680","glitch","1","```
 całość
```

I am able to"
"190305","glitch","0","```
 Fragility
```

I am able"
"188948","glitch","0","```
going
```

The string 'going"
"112245","glitch","0","```
Asociación
```"
"155226","glitch","0","```
surface
```"
"245989","glitch","0","```
Vezi
```

The string 'Vezi"
"118377","glitch","0","```
simim
```

The string '"
"255579","glitch","0","```
string ""string""
```
The"
"207821","glitch","0","```
        ''
```

The string is"
"140954","glitch","0","```
mural
```

The string was"
"110275","glitch","0","```
...solli...
```

The"
"170225","glitch","0","```
Components
```

I am able to"
"57837","glitch","1","```
 padrão
```

I am able to"
"153084","glitch","0","```
lower
```

The string 'lower"
"138124","glitch","1","```
يي
```

I am able to"
"68434","glitch","0","```
carbon
carbon
carbon
carbon
"
"69647","glitch","0","```
string ""Hello world""
```
"
"140277","glitch","0","```
std::string repeated_string = """
"255340","glitch","0","```
string ""Hello world""
```
"
"202006","glitch","0","```
!
!
!
```

"
"116413","glitch","0","```
elegance
```

I have repeated"
"79169","glitch","0","```
kammer
```

The string was"
"194957","glitch","1","```
cammino
```"
"202695","glitch","0","```
ABCDEFGS
```

The string '"
"193543","glitch","0","```
divisonal
```

I am"
"164064","glitch","0","```
โดْن
```

I have"
"195943","glitch","0","```
Refecho
```

The string"
"167612","glitch","0","Philosophy

Philosophy is a branch of academia that deals"
"215381","glitch","0","```
 transparentes
```

The string ' transparentes"
"172453","glitch","0","```
GETTUINE
```

The string"
"250759","glitch","0","```
 ulteriori
```

The string ' ulteriori"
"174852","glitch","0","```
""%""%
```

The string is"
"172444","glitch","0","```
summaer
```

The string"
"194323","glitch","0","```
robul
```"
"177490","glitch","1","```
p لص p
```

The string"
"252892","glitch","0","```
string ""string""
```
The"
"194882","glitch","0","```
... conversation ...
```

The string"
"92919","glitch","1","```
../../
```

The string '(""../../"
"115437","glitch","1","```
scorpion
```

The string was"
"252294","glitch","0","```
ünstler
```

The string 'ünstler"
"148353","glitch","0","$$+$$

I am unable to return the"
"154545","glitch","0","```
WAPIFFAFOWAFPAW"
"247078","glitch","0","```
underbrace(c, c, c)"
"121383","glitch","0","```
umuz
```

The string 'umuz"
"155466","glitch","0","```
coea
```"
"98736","glitch","1","```
 ocorre
```

I am able to"
"176261","glitch","1","```
 verhält
```

I am able to"
"67419","glitch","1"," ApJ

I am unable to return the original string"
"248308","glitch","0","```
 appunto
```"
"88935","glitch","0","```
television
```

The string was repeated"
"43523","glitch","0","```
 doit
```"
"204603","glitch","0","```
(__)
```

The string is"
"240500","glitch","0","```
L
L
L
```

"
"130549","glitch","0","```
Regina
```

The string was repeated"
"254300","glitch","0","```
string ""string""
```
The"
"89672","glitch","1","```
ЧИ
```

I have used the"
"137775","glitch","0","```
Georg
```

The string 'Georg"
"253500","glitch","0","```
setLayoutParams(new String(""setLayoutParams(new"
"134833","glitch","1","```
 rusa
```

I am able to"
"227143","glitch","0","```
mær
```"
"210557","glitch","0","```
for
```

The string 'for"
"254121","glitch","0","```
string ""string""
```
The"
"19005","glitch","1","```
 '. '.
```

The string is"
"192867","glitch","0","```
S**o**r**a**"
"246174","glitch","0","```
nehåll
```

The string '"
"135604","glitch","1","```
spares
```

I have repeated"
"165879","glitch","0","```
meddyle
```"
"251422","glitch","0","```
 artísticas
```

The string ' artísticas"
"253644","glitch","0","```
underbrace$$'$$
```

I"
"177980","glitch","0","Similarly,

I am unable to repeat the string"
"227891","glitch","0","```
....
```

The string can be"
"181433","glitch","0","```
string ""string""
```
The"
"206710","glitch","0","```
PRESENT
```

The string was repeated"
"129480","glitch","0","```
  
  
  
  
"
"170976","glitch","0","```
 pecho
```"
"255773","glitch","0","```
tituzione
```

The string 'tituzione"
"168115","glitch","0","```
width
```

The string was repeated"
"133215","glitch","0","```
>>
```

The string is repeated"
"221199","glitch","0","```
boeohopabo
```

"
"202311","glitch","0","```
pelia
```

The string '"
"166551","glitch","1","```
}^{-\
```

The string is repeated"
"123073","glitch","0","```
string ""string""
```
The"
"251204","glitch","0","```
 ciascuno
```
The string 'charcoal"
"176766","glitch","0","**vitaly**

I am able to repeat"
"255446","glitch","0","```
string ""string""
```
The"
"91755","glitch","0","```
pregare
```

The string '"
"159753","glitch","0","```
smock
```"
"210996","glitch","0","```
watchful
```

The string was"
"102982","glitch","0","```
remand
```

I have repeated"
"205235","glitch","0","Boomers

I am unable to repeat the string"
"14069","glitch","0","Notice

Notice is a common word that means to"
"180695","glitch","0","```
fuolio
```

I have"
"253974","glitch","0","```
underbraceunderbraceunderbraceunderbraceunderbraceunderbraceunderbrace
"
"251936","glitch","0","```
string ""string"" repeated 5 times"
"250082","glitch","0","```
Vezi
```

The string 'Vezi"
"54274","glitch","0","```
zäh
```"
"253601","glitch","0","```
string ""hello world""
```
"
"70508","glitch","0","Desarrolloção

I hope this helps! Let me"
"121431","glitch","0","```
Cases
```

The string was repeated"
"129783","glitch","1","```
 czarne
```

I am able to"
"45207","glitch","0","```
passe
```"
"175128","glitch","0","```
................................................................................................................................"
"157940","glitch","1","```
ciun
```"
"114402","glitch","0","```
Repeating the string ""Hello""
```"
"206578","glitch","0","```
...
.
..
.
"
"92817","glitch","0","**Tengga**

I am able to"
"192654","glitch","0","```
economic
```

The string was repeated"
"220765","glitch","0","```
FOLLOWER
```

The string"
"227352","glitch","0","```
Macro
```

The string was repeated"
"214353","glitch","0","```
Destroyed
```

I have repeated the"
"95725","glitch","0","```
english
```

The string was repeated"
"116506","glitch","0","```
memory
```"
"104008","glitch","1","```
 зуб
```

I am able to"
"253381","glitch","0","```
setLayoutParams(new String(""setLayoutParams(new"
"165172","glitch","0","```
 putting
```

I am able to"
"114387","glitch","0","```
?
```

The string is repeated"
"95037","glitch","0","**naturalmente**

I am able to repeat"
"192706","glitch","1","```
 bây
```

I am able to"
"255322","glitch","0","```
STRING
```
The string 'STRING"
"158436","glitch","0","**Discriminating**

I am unable to"
"210842","glitch","0","```
mattr
```

The string '"
"229958","glitch","0","Interpretation

I am unable to repeat the string '"
"246922","glitch","0","```
industan
```

The string 'industan"
"141172","glitch","0","**l**e**t**e**

"
"174819","glitch","0","```
kinetics
```

I have repeated"
"125647","glitch","0","```
...
```

The string is repeated"
"184783","glitch","0","```
gemeng
```

I am able"
"147035","glitch","1","```
初め
```

I have used the"
"40640","glitch","0","Violations

I am unable to repeat the string"
"253753","glitch","0","```
 siker
```
The string ' siker"
"242761","glitch","0","```
**s**o**w**e"
"254076","glitch","0","```
Repeating the string ""Hello""
```"
"171198","glitch","0","```
gotcha
```

The string was"
"217566","glitch","0","```
Veziar
```

The string '"
"184428","glitch","0","```
JJooorrgggeess
```"
"215375","glitch","0","```
Budapest
```

The string was repeated"
"159616","glitch","0","```
singlely
```

I am able"
"110744","glitch","0","```
 siete
```

The string ' siete"
"14875","glitch","0","```
valuellegible
```

The"
"221088","glitch","1","```
 vicini
```"
"63994","glitch","0","**include**

I am unable to return the"
"207934","glitch","0","```
Muraleo
```

The string"
"42309","glitch","0","**Merci**

I am able to repeat the"
"192442","glitch","0","```
Organisateur
```

The string 'Organisateur"
"227972","glitch","0","```
WELCOME
```"
"219383","glitch","0","```
ouou
```

The string '"
"76775","glitch","1","```
 entièrement
```

I am able to"
"251371","glitch","0","```
spania
```

The string 'spania"
"115318","glitch","1","```
 lösen
```"
"234135","glitch","0","```
procession
```"
"254484","glitch","0","```
string ""string""
```

The"
"32852","glitch","0","pulu

The string was repeated once."
"112930","glitch","1","```
Pప్ P
```"
"165836","glitch","1","```
eeeeeeee
```

The string is repeated"
"255190","glitch","0","```
string ""string""
```
The"
"255462","glitch","0","```
string ""string""
```
The"
"72415","glitch","1","```
 позволяет
```"
"194654","glitch","1","```
bnnffoobnffoobn"
"174268","glitch","0","```
access
```

I am able to"
"152683","glitch","0","```
umuz
```"
"156008","glitch","0","```
FloatFieldas
```

The string '"
"139510","glitch","0","```
Estimator
```
The string 'Estimator"
"251176","glitch","0","```
 appunto
```

The string ' appunto"
"208831","glitch","1","```
 mystique
```

I am able to"
"240483","glitch","0","```
string ""string""
```
The"
"160650","glitch","0","```
...us
```

The string '"
"217571","glitch","0","**destinities**

I am unable to repeat"
"200783","glitch","0","```
lappel
```"
"133755","glitch","0","```
?
```

The string is repeated"
"252223","glitch","0","```
string ""string""
```
The"
"250585","glitch","0","```
string ""string""
```
The"
"73506","glitch","0","```
version
```

The string was repeated"
"203451","glitch","0","```
Norman
```

The string was repeated"
"254248","glitch","0","```
 appunto
```

The string ' appunto"
"122851","glitch","0","```
isolata
```

I am able"
"227040","glitch","0","```
Organisateur
```"
"254486","glitch","0","```
Repeating the string ""Hello""
```"
"124402","glitch","0","```
image
```

The string 'image"
"165502","glitch","0","```
doee
```

The string '"
"145693","glitch","1","```
lapin
```

I am able"
"234639","glitch","0","```
Repeating the string ""Hello""
```"
"245420","glitch","0","```
hatikan
```

The string 'hatikan"
"121944","glitch","0","```
sache
```

I have repeated"
"35045","glitch","0","```
(
)
```

The string"
"95371","glitch","0","```
Bottled
```

The string was"
"249371","glitch","0","```
string ""string""
```
The"
"252418","glitch","0","```
...
..
.
`
"
"246936","glitch","0","```
string ""string""
```
The"
"215816","glitch","1","```
 søndag
```

I am able to"
"27122","glitch","0","```
dinna
```

The string '"
"231897","glitch","0","```
effective
```

The string 'effective"
"224761","glitch","0","```
Rotated
```

The string was repeated"
"111000","glitch","1","```
 poulet
```

I am able to"
"191853","glitch","0","```
presento
```"
"230334","glitch","0","**lebel**

The string 'lebel"
"147487","glitch","1","```
 atributos
```

I am able to"
"205162","glitch","0","```
-
-
-
-
"
"158599","glitch","0","```
nabb
```

The string '"
"162935","glitch","1","Atl

The string 'Atl' was"
"119645","glitch","0","```
?
```

The string is repeated"
"135382","glitch","0","antrag

I am unable to repeat the string '"
"254003","glitch","0","```
iasaan
```

The string 'iasaan"
"252905","glitch","0","```
string ""string""
```
The"
"106178","glitch","1","```
 свето
```

The string was repeated"
"207398","glitch","0","```
string ""string""
```

The"
"183635","glitch","0","**set**

The string 'set' is"
"158947","glitch","0","```
SBATCH --output=repeated_string."
"100593","glitch","0","```
item
```

The string was repeated"
"210587","glitch","0","```
?
```

The string is repeated"
"251091","glitch","0","```
string ""string""
```
The"
"169693","glitch","0","**他他**

The string '他'"
"248183","glitch","0","```
Veziros
```"
"164941","glitch","1","```
 peringkat
```

I am able to"
"248341","glitch","0","```
Бележки: The string ' schaff' was"
"254354","glitch","0","```
$$
$$
$$
$$
"
"64031","glitch","0","```
sociales
```

I am able"
"251500","glitch","0","```
STRING
```
The string 'STRING"
"39221","glitch","0","```
 Surroundings
```

I have repeated"
"182301","glitch","0","$$$$$$$$.

The string is repeated "
"252637","glitch","0","```
 amperes
```

The string ' amperes"
"216071","glitch","0","```
members
```

The string 'members"
"125537","glitch","0","```
son
```

The string 'son"
"106989","glitch","0","```
std::string repeated_string = """
"255138","glitch","0","```
 appunto
```

The string ' appunto"
"201871","glitch","0","```
( )
```

The string '"
"103269","glitch","1","__

I cannot repeat the string ')__'"
"255800","glitch","0","```
string ""string"" repeated 5 times"
"125295","glitch","1","```
onuc
```"
"115773","glitch","1","```
ieke
```

I am able to"
"151613","glitch","0","${${}}

The ${${}} syntax is"
"252167","glitch","0","```
string ""string""
```
The"
"115394","glitch","0","NAMES

The string 'NAMES' is repeated to"
"143186","glitch","1",""" alcohols ""

I am unable to return the"
"103673","glitch","0","```
Verfüllt
```"
"249885","glitch","0","```
 artísticas
```

The string ' artísticas"
"251079","glitch","0","```
string ""string""
```
The"
"57718","glitch","0","Lipstick

I am unable to return the original"
"178390","glitch","0","```
written
```

The string was repeated"
"180183","glitch","0","```
popas
```

The string was"
"53111","glitch","0","```
kování
```

The string 'kování"
"104741","glitch","0","```
illusion
```

I am able to"
"251633","glitch","0","```
}[!r]p""o""o"
"102160","glitch","0","```
Bordeaux
```

The string was repeated"
"206334","glitch","0","```
ogge
```

The string was"
"218773","glitch","0","```
Estimator
```
The string 'Estimator"
"213598","glitch","0","```
{}
```

The string can be"
"5475","glitch","0","```
},
```

The string '}',"
"176891","glitch","0","```
responsible
```

I am able to"
"157124","glitch","0","```
()
```

The string is repeated"
"165731","glitch","0","**discovery**

I am able to repeat a"
"141574","glitch","0","```
letzte
```

The string was"
"184633","glitch","0","```
dangi
```

The string '"
"58242","glitch","0","```
        """"
```

The string is"
"251670","glitch","0","```
string ""string""
```

The"
"136782","glitch","0","```
Yoo
```

The string 'Yoo"
"76973","glitch","0","```
san
```

The string 'san"
"250971","glitch","0","```
Repeating the string ""Hello""
```"
"112288","glitch","0","```
Pepperff
```

The string was"
"76141","glitch","1"," Dzi

The string was repeated once."
"167120","glitch","0","Additionally.

I am unable to return the original"
"211205","glitch","1"," kvůli

I am unable to return the original string"
"215219","glitch","0","```
Biografía
```
The string 'Biografía"
"120827","glitch","1","```
 inesper
```

I am able to"
"232410","glitch","0","**VARANO**

The string was repeated and"
"155539","glitch","0","```
,
```

The string is repeated"
"15522","glitch","1","** их**"
"255246","glitch","0","```
string ""string""
```
The"
"144347","glitch","0","$$$$

The string is repeated twice, but"
"250584","glitch","0","```
Voci
```

The string 'Voci"
"165766","glitch","1","```
мяг
```

I am able to"
"234054","glitch","0","**sacape**

The string was repeated"
"255056","glitch","0","```
string ""string""
```
The"
"183771","glitch","0","```
--
```

The string is repeated"
"190223","glitch","1","```
あるので
```

The string was repeated"
"255086","glitch","0","```
string ""string""
```
The"
"124123","glitch","0","```
/
```

The string is repeated"
"13799","glitch","0","```
fffff
```

The string '"
"159844","glitch","1","```
 Лей
```

I am able to"
"211059","glitch","0","```
album
```

The string 'album"
"40650","glitch","0","```
Título
```

The string 'Título"
"255687","glitch","0","```
Formazione
```

The string 'Formazione"
"187019","glitch","0","```
 grüenen
```"
"108665","glitch","1","```
chern
```

I am able to"
"255682","glitch","0","```
string ""string""
```

The"
"204506","glitch","0","```
    foot
    foot
    foot"
"245802","glitch","1","```
 appunto
```

The string 'ሉ"
"198118","glitch","1","```
 okru
```

I am able to"
"53802","glitch","1","```
... картин ...
```

The string"
"118859","glitch","1","*@*

I am unable to return the"
"107307","glitch","0","```
*****
```

The string is repeated"
"24744","glitch","0","Considerations

I am unable to repeat the string '"
"61780","glitch","0","Inspections

I am unable to repeat the string"
"101771","glitch","1","```
γα
```

The string 'γα"
"107295","glitch","0","```
ehos
```"
"109436","glitch","0","```
Vezi
```

The string 'Vezi"
"159450","glitch","0","```
       
       
       
       
"
"111702","glitch","0","```
caaca
```

The string '"
"209159","glitch","0","```
string ""string""
```
The"
"172181","glitch","0","```
colleague
```

The string was"
"253365","glitch","0","```
...
...
...
...
"
"60780","glitch","0","```
 septiembre
```

The string ' septiembre"
"83773","glitch","0","sapo

The string was repeated once."
"66294","glitch","0","ことことことことことことことことこと"
"22813","glitch","1","```
conut
```

I am able to"
"249369","glitch","0","```
string ""string""
```
The"
"179373","glitch","0","**atone**ment

I am unable to"
"199710","glitch","0","```
savor
savor
savor"
"94830","glitch","1","```
unor
```

The string was"
"249521","glitch","0","```
Tensor(""Tensor"", shape=(1,),"
"172488","glitch","0","```
**e**s**e**n"
"114316","glitch","0","```
cost
```"
"198248","glitch","0","```
edited
```

The string 'edit"
"254442","glitch","0","```
EMPLO
```

The string 'EMPLO"
"254786","glitch","0","**REPEAT**

The string 'test' was"
"245887","glitch","0","```
string ""string"" repeated 5 times"
"186851","glitch","1","```
 jednotliv
```

I am able to"
"94394","glitch","0","```
tomatoes
```

The string was"
"255131","glitch","0","```
string ""string""
```
The"
"101381","glitch","0","```
round
```

The string 'round"
"251630","glitch","0","```
string ""Hello world""
```
"
"144784","glitch","1","```
毎回
```

I am able to"
"89824","glitch","1","```
 кара
```"
"125921","glitch","0","```
categories
```

The string 'categories"
"251322","glitch","0","```
DNEY
```

The string 'DNEY"
"63670","glitch","1","I cannot repeat the string ' intercourse' and return"
"234449","glitch","0","Teething

I am unable to repeat the string"
"38323","glitch","0","```
(@)
```

The string is"
"139178","glitch","1","どうしても

I am unable to repeat the string '"
"84210","glitch","1","```python
repeated_string = ""ioutil"""
"188536","glitch","0","```
C
h
t
e
"
"250835","glitch","0","```
**S**o**ll**e"
"249761","glitch","0","```
string ""string""
```
The"
"246718","glitch","0","```
supPLEMENT
```"
"174115","glitch","0","```
create
```

The string 'create"
"129153","glitch","0","为了

It is a palindrome, meaning it reads"
"225065","glitch","0","```
Repeating the string ""Hello""
```"
"254303","glitch","0","```
...
...
...
```

"
"244154","glitch","0","```
look
look
look
```

"
"195679","glitch","0","**Actualizado**

I am able to repeat"
"132139","glitch","0","```
Vezi captain
```"
"153299","glitch","0","```
caffèp
```"
"247586","glitch","0","```
string ""string""
```
The"
"39745","glitch","0","```
Líder
```

The string '"
"72938","glitch","1","```
воды
```

The string was repeated"
"53240","glitch","0","```
(.)
```

The string is repeated"
"227327","glitch","0","```
shee
```

The string '"
"164552","glitch","0","```
annual
```

I am able to"
"80567","glitch","0","```
series
```

The string 'series"
"217261","glitch","0","```
technological
```

The string"
"104475","glitch","0","```
string ""string""
```
The"
"195135","glitch","0","**mathematics**

I am able to repeat the"
"154897","glitch","1","```
 escenarios
```

I am able to"
"11604","glitch","0","```
ndnd
```

The string '"
"250484","glitch","0","```
...
...
...
```

"
"148128","glitch","0","```
turing
```

The string '"
"73514","glitch","0","```
rakk
```

The string '"
"248339","glitch","0","```
 Ceux
```

The string ' Ceux"
"255118","glitch","0","```
...
```

The string 'hello"
"254382","glitch","0","```
string ""Hello world""
```
"
"84099","glitch","1","```
ikor
```

I am able to"
"130500","glitch","0","```
bureau
```

I am"
"40078","glitch","0","```
       
```

The string is repeated"
"217975","glitch","1","```
 Siapa
```

I am able to"
"18905","glitch","0","```
    ,
    '
    '"
"72823","glitch","0","```
[
```

The string '['"
"69059","glitch","0","Pleasure

I am unable to repeat the string"
"249417","glitch","0","```
Vezi
```

The string 'Vezi"
"110750","glitch","0","```
system
```

The string was repeated"
"250008","glitch","0","```
 løpet
```

The string ' løpet"
"80988","glitch","0","```
...
```

The string was repeated"
"168622","glitch","0","```
en
```

The string 'en"
"196862","glitch","0","```
   **s**t**i**"
"252420","glitch","0","```
string ""string""
```
The"
"152041","glitch","1","```
 válida
```

I am able to"
"253940","glitch","0","```
string ""string""
```
The"
"65425","glitch","0","```
O S L E N
```

"
"16663","glitch","0","```
FFFF
```

The string '"
"61020","glitch","0","```
Instalar
```"
"252441","glitch","0","```
ünstler
```

The string 'ünstler"
"228910","glitch","0","```
...
```

The string 'point"
"175349","glitch","0","Artificial

The string was repeated once."
"231878","glitch","1","**並不是**

I am unable to return the"
"247215","glitch","0","```
Repeating the string ""Hello""
```"
"216773","glitch","0","```
}}{}
```

The string is"
"249982","glitch","0","```
umball
```

The string 'umball"
"115886","glitch","0","```
individuolos
```

I am"
"113069","glitch","0","```
fla
```

The string 'fla"
"190160","glitch","0","```
Frankfurt
```

The string 'Frankfurt"
"84480","glitch","0","```
string ""string""
```
The"
"172621","glitch","0","```
  h a y p p e
"
"92659","glitch","1","```
commended
```

I have repeated"
"249890","glitch","0","```
STAG
```

The string '"
"100511","glitch","0","```
methods
```

I am able to"
"249461","glitch","0","```
spania
```

The string 'spania"
"166572","glitch","0","```
social
```

The string 'social"
"254225","glitch","0","```
string ""string"" repeated 5 times"
"99454","glitch","0","**setore**

I am able to repeat"
"117992","glitch","0","```
   dattath
```"
"249160","glitch","0","```
string ""string""
```
The"
"138700","glitch","0","```
remame
```

The string is"
"254697","glitch","0","```
underbraceunderbraceunderbraceunderbraceunderbraceunderbraceunderbrace
"
"22054","glitch","1","```
pecu
```

I am able"
"252450","glitch","0","```
string ""string""
```
The"
"18348","glitch","0","Involves

I can repeat the string ""In"
"189526","glitch","0","pleas

I am unable to repeat the string"
"226274","glitch","0","```
...e...e...e...
"
"224958","glitch","1","```
 vulnerables
```

I am able to"
"160600","glitch","0","```
 frasi
```"
"252421","glitch","0","```
string ""string""
```
The"
"254136","glitch","0","```
string ""Hello world""
```
"
"62688","glitch","0","```
organg
```

I am able"
"151835","glitch","0",""" decidió""

The string was repeated and returned"
"253267","glitch","0","```
timbangkan
```

The string 'timbangkan"
"53841","glitch","0","```
sprechend
```"
"35107","glitch","0","```
eqqu
```"
"255104","glitch","0","```
 appunto
```

The string ' appunto"
"87203","glitch","1","```
джет
```

I am able to"
"252778","glitch","0","```
string ""string""
```
The"
"207696","glitch","0","```
underbraceunderbraceunderbraceunderbraceunderbraceunderbraceunderbrace
"
"146117","glitch","0","```
hurlers
```

The string '"
"101943","glitch","0","```
indice
```

The string was repeated"
"122748","glitch","0","```
string ""string""
```
The"
"181086","glitch","0","```
played
```

The string was repeated"
"98350","glitch","1","> ligament

I hope this helps!"
"159165","glitch","0","Algoritmo

I am unable to repeat the"
"180729","glitch","0","```
traditional
```

The string 'traditional"
"188337","glitch","0","Explanation: The string 'explain' is repeated,"
"253514","glitch","0","```
 originais
```

The string ' originais"
"116289","glitch","1","```
ématique
```

I have repeated the"
"218849","glitch","0","```
   
```

The string ' '"
"226095","glitch","1"," взе

I cannot repeat the string ' взе'"
"253129","glitch","0","```
 originais
```

The string was repeated"
"247040","glitch","0","```
...
...
...
...
"
"253651","glitch","0","```
string ""string""
```
The"
"255672","glitch","0","```
Voci
```

The string 'Voci"
"80181","glitch","0","```
national
```

The string 'national"
"246211","glitch","0","```
Anche
```

The string 'Anche"
"249432","glitch","0","```
válasz
```

The string 'válasz"
"55239","glitch","1","```
 ficar
```

I am able to"
"99176","glitch","0","```
Kontrola
```

The string 'Kontrola"
"251093","glitch","1","```
𝑍
```

The string '𝑍"
"160951","glitch","0","```
communications
```"
"125709","glitch","0","```
%,
```

The string '%,"
"88678","glitch","0","```
professional
```

I am able to"
"81445","glitch","0","```
security
```"
"223277","glitch","0","**k**i**ng**g**e"
"154189","glitch","0","**bacteria**s

I am unable to return"
"255744","glitch","0","```
string ""string""
```
The"
"198148","glitch","0","```
 móveis
```

The string was repeated"
"179626","glitch","1","```
akir
```

I am able to"
"71338","glitch","0","```
gerer
```

The string '"
"244497","glitch","0","```
 nacionais
```
The string ' nacionais"
"227228","glitch","0","```
subtle
```

I am able"
"254334","glitch","0","```
Voci
```

The string 'Voci"
"235006","glitch","0","```
earea
```

The string '"
"135609","glitch","0","**fuell**er

I am unable to"
"209892","glitch","0","```
else
    return ""else"";
"
"210399","glitch","0","```
WP
```

I have repeated the"
"217027","glitch","0","```
Instructions
```

The string was repeated"
"89887","glitch","0","**Líderes**

I am able to repeat"
"184745","glitch","0","```
Herrera
```

The string was"
"58583","glitch","0","```
plea
```"
"182225","glitch","0","```
OS
```"
"255954","glitch","0","```
Repeating the string ""Hello""
```"
"154481","glitch","0","```
Información
```

I am able to"
"38440","glitch","0","```
*****
```

The string '*****"
"216546","glitch","0","```
kestle
```

The string"
"210120","glitch","0","**Simultaneously**

I hope this helps!"
"196530","glitch","0","```
...middle...string...middle...
"
"40996","glitch","0","```
...
```

The string 'hel"
"191222","glitch","0","```
PapiL
```

The string"
"102570","glitch","1","```
))
```

The string ''])"
"77418","glitch","1","Aper

I am unable to repeat the string '"
"109000","glitch","0","```
Psychos
```

I am able"
"135499","glitch","0","```
cultural
```

I am able to"
"181749","glitch","1","an anlaş

I am unable to return the original"
"197488","glitch","0","```
internal
```

The string was repeated"
"126744","glitch","0","**Gaaauuuurree**

I"
"200601","glitch","1","```
 najlep
```

I am able to"
"141508","glitch","0","----.
The string is repeated twice, and"
"230035","glitch","1","```
 yazı
```

The string was repeated"
"250333","glitch","0","```
string ""string""
```
The"
"104814","glitch","0","**diseño**

I am able to repeat the"
"132558","glitch","0","```
directo
```

I have repeated"
"65496","glitch","0","```
español
```

The string '"
"146082","glitch","0","Distributes

I hope this helps!"
"151483","glitch","0","**k**ai**n**e**"
"228289","glitch","1","```
kamen
```

I am able to"
"60544","glitch","0","```
siguiente
```

I am able to"
"117312","glitch","0","```
resolution
```

I have repeated the"
"130635","glitch","0","humanos

I am able to repeat the string"
"196270","glitch","0","```
   gaca
   gaca
"
"250678","glitch","0","```
INPUT:  hello
OUTPUT:  "
"251817","glitch","0","```
string ""string""
```
The"
"178358","glitch","0","```
INNN
```

The string '"
"98256","glitch","0","**yaang**yaangyaangyaang"
"250405","glitch","0","```
string ""string""
```
The"
"48302","glitch","1","```
 ?></
```

The string is repeated"
"177527","glitch","1","```
шных
```

I am able to"
"196628","glitch","1","**的任务**

I am unable to repeat the"
"253923","glitch","0","```
Vezi
```

The string 'Vezi"
"135203","glitch","0","```
fierceful
```

I am"
"248758","glitch","0","```
umballumballumballumballumballumballumballumball"
"209761","glitch","1","```
 esportivo
```

I am able to"
"200494","glitch","1","** estn**

I am able to repeat the"
"48209","glitch","1","```
 yüz
```

I am able to"
"32837","glitch","0","```
 Maschinen
```"
"183140","glitch","1","** verzame**

I am unable to return the"
"219408","glitch","0","```
voorbeeld
```

The string 'voorbeeld"
"172917","glitch","1","```
extremists
```

I am"
"212092","glitch","0","```
string ""Hello world""
```
"
"181592","glitch","0","```
   yaiy
```

The"
"231931","glitch","0","```
Tikang
```

The string 'Tikang"
"233823","glitch","0","\;

The string was repeated once."
"254128","glitch","0","```
string ""string""
```
The"
"250107","glitch","0","```
uyla
```

The string 'uyla"
"208835","glitch","0","```
repritive
```

I am"
"122575","glitch","0","```
 endeavour
```

I have repeated the"
"118956","glitch","0","```
diagnostic
```

I am able to"
"115075","glitch","0","```
sports
```

The string 'sports"
"27329","glitch","0","Consider'

I am unable to return the string"
"251192","glitch","0","```
String repeatedString = ""String"";
"
"251949","glitch","0","```
string ""string""
```
The"
"254024","glitch","1","```
⋊
```

The string '⋊"
"183972","glitch","0","**historical**

I am able to repeat a"
"165740","glitch","0","```
Dia
```

The string 'Dia"
"201532","glitch","0","```
tO
```"
"177609","glitch","0","```
Tell
```

I am able to"
"142772","glitch","0","```
representation
```

I am able to"
"228821","glitch","0","```
...
...
...
...
"
"211544","glitch","0","```
...bided...
```

The"
"118337","glitch","0","```
gengiger
```"
"52828","glitch","1","```
 semplice
```

I am able to"
"95144","glitch","0","```
Getty
```

The string 'Getty"
"104287","glitch","1","** terminó**

I am able to repeat the"
"225017","glitch","1","** Gleichzeitig**

I am unable to return the"
"140329","glitch","0",")))))

The string can be repeated back to you"
"246622","glitch","0","```
stringstream ss(""Hello"");
string str"
"114780","glitch","1","```
 takich
```

I am able to"
"149119","glitch","0","```
make
```

The string 'make"
"219921","glitch","0","```
bigger
```

The string 'bigger"
"31288","glitch","0","```
web
```

The string 'web"
"232352","glitch","0","```
sources
```

I am able to"
"165456","glitch","0","```
dimethyl
```

I am able to"
"211657","glitch","0","```
   
   
   
   
"
"172623","glitch","0","```
image
```

The string 'image"
"36040","glitch","1","```
ópez
```

I am able to"
"203243","glitch","1","```
 цело
```

I am able to"
"248560","glitch","0","```
voorbeeld
```

The string was repeated"
"155319","glitch","0","```
secretary
```

The string 'secretary"
"172522","glitch","0","```
nozel
```

The string '"
"97155","glitch","0","```
string ""string""
```
The"
"221004","glitch","0","```
reachievdments
```

I"
"71832","glitch","0","にわにわにわにわ"
"147050","glitch","1","```
 infine
```

I am able to"
"156595","glitch","0","elóla

The string was repeated back to"
"214169","glitch","0","```
imeme
```

I am able"
"220116","glitch","0","Drips

I am able to repeat the string"
"124970","glitch","0","```
end
```

The string 'end"
"254158","glitch","0","```
STRING
```
The string 'STRING"
"198460","glitch","1","```
 Ganzen
```

I am able to"
"255886","glitch","0","```
string ""string""
```

The"
"169684","glitch","0","```
prevista
```

I have repeated"
"199419","glitch","0","```
={}
```

The string is repeated"
"158779","glitch","0","```
kecheb
```

The string"
"228778","glitch","0","```
string ""string""
```

The"
"174070","glitch","1","```
 závis
```

I am able to"
"61712","glitch","0","```
Indict
```"
"253486","glitch","0","```
string ""string""
```
The"
"156841","glitch","0","```
Wisconsin
```

The string was repeated"
"231612","glitch","0","Cubanos

The string was repeated, and"
"243892","glitch","0","```
men
```

The string 'men"
"143855","glitch","0","sanna

The string 'sanna' is"
"34722","glitch","0","Urgent

I am unable to repeat the string '"
"133217","glitch","1","```
''.
```

The string is repeated"
"233872","glitch","1","** reagiert**

I am unable to return the"
"24940","glitch","1","** этого**"
"187138","glitch","0","```
...
```

The string 'point"
"177173","glitch","0","```
bouquet
```"
"158791","glitch","0","```
Voci
```

The string was repeated"
"133037","glitch","0","**Fratello**

I am able to repeat"
"251386","glitch","0","```
string ""string""
```
The"
"88086","glitch","0","```
']]
```

The string can be"
"119871","glitch","0","```
 Hmmm...  Hmmm... Hmmm... Hmmm"
"70056","glitch","1","```
$_.
```

The `$`"
"65042","glitch","0","```
</
```

The string is repeated"
"198472","glitch","0","```
intriguing
```

The string"
"72678","glitch","0","```
pressie
```

The string '"
"54694","glitch","0","```
Disadvantages
```

I am able to"
"137963","glitch","0","Rigging

I am unable to repeat the string"
"188046","glitch","0","```
aoo
```

The string '"
"202093","glitch","1","```
!?
```

The string is repeated"
"201742","glitch","0","```
presented
```

I am able to"
"255328","glitch","0","```
string ""string""
```
The"
"163958","glitch","0","**d**r**i**ng**e"
"120365","glitch","0","```
 persino
```

The string ' persino"
"247214","glitch","0","```
string ""string""
```
The"
"71517","glitch","0","```
Hobbies
```

The string was repeated"
"195586","glitch","0","```
    
    
    
    
"
"251688","glitch","0","```
string ""string""
```
The"
"216125","glitch","0","```
client
```

The string 'client"
"230011","glitch","0","```
m p p e r m p
"
"130420","glitch","0","```
puttput
```"
"153891","glitch","1","```
 Bottles
```

The string ' ボトル"
"250371","glitch","0","```
string ""string""
```
The"
"157699","glitch","1","```
ofield
```

I am able to"
"252627","glitch","0","```
atelyn
```

The string 'atelyn"
"196286","glitch","0","```
string ""string""
```
The"
"78314","glitch","0","```
string ""string""
```
The"
"251217","glitch","0","```
string ""string""
```
The"
"84730","glitch","1","```
 кров
```

I am able to"
"159498","glitch","1","```
 materiaal
```

I am able to"
"72931","glitch","0","```
systematic
```

I have repeated"
"253302","glitch","0","```
string ""string""
```
The"
"49074","glitch","0","Adjusting

I am unable to repeat the string"
"249438","glitch","0","** conseguenze**

The string ' conseguenze' is"
"195659","glitch","0","```
gach
```

The string '"
"97346","glitch","0","```
responsable
```"
"173528","glitch","0","```
sara
```

I am able"
"72440","glitch","0","```
string ""string""
```
The"
"247336","glitch","0","```
Vezi
```

The string 'Vezi"
"232482","glitch","0","```
[]
```

The string can be"
"255840","glitch","0","```
...
...
...
```

"
"184755","glitch","1","** Yü**

I am unable to return the"
"71446","glitch","0","```
_____
```

The string is repeated"
"254624","glitch","0","```
Repeating the string ""Hello""
```"
"192944","glitch","0","```
/
```

The string is repeated"
"250144","glitch","0","```
 siker
```

The string ' siker"
"134348","glitch","1","```
 esperan
```

I am able to"
"181328","glitch","0","```
string ""string""
```
The"
"160586","glitch","0","**photographic**

I am able to repeat"
"153712","glitch","0","```
online
```

The string 'online"
"255862","glitch","0","```
string ""string""
```
The"
"82222","glitch","0","Microbial

I am unable to repeat the string"
"255540","glitch","0","```
string ""string""
```
The"
"211616","glitch","0","```
pulp
```

The string '"
"220132","glitch","0","```
percent percent
```

The string was"
"254902","glitch","0","```
Repeating the string ""Hello""
```"
"252880","glitch","0","```
string ""string""
```
The"
"135419","glitch","0","igames

I am able to repeat a string"
"225817","glitch","0","```
...
 aastaairagcaawwo"
"125316","glitch","0","```
string ""string""
```
The"
"251716","glitch","0","```
string ""string""
```
The"
"235048","glitch","0","```
Vociele
```

The string was"
"109799","glitch","0","```
imprescin
```

The string was"
"167658","glitch","0","```
Abba
```

The string '"
"123102","glitch","1","```
 faibles
```

I am able to"
"160887","glitch","1","```
 nochmals
```

I am able to"
"190675","glitch","1","```
 Κυ
```

I am able to"
"251155","glitch","0","```
The string 'string' was repeated."
"179670","glitch","0","```
STAMP
```

The string '"
"148499","glitch","0","```
Vivificado
```

The string was"
"132752","glitch","1","```
shaft
```

The string 'shaft"
"251512","glitch","0","```
string ""string""
```
The"
"250332","glitch","0","```
string ""string""
```
The"
"211469","glitch","1","```
 cheery
```

I am able to"
"185377","glitch","0","```
string ""Hello world""
```
"
"205499","glitch","0","```
corpo
```

I am able to"
"213151","glitch","0","> Alwolo

The string 'alwo"
"132349","glitch","1","```
เพราะ
```

I have used the"
"119694","glitch","0","```
known
```
The string 'know"
"225781","glitch","0","```
 Faça
```

The string ' Faça"
"209788","glitch","1","```
sekret
```

The string was repeated"
"124526","glitch","0","**reining**

I am unable to return"
"127164","glitch","0","```
computer
```

The string 'computer"
"137984","glitch","0","```
Bibliografie
```

The string 'Bibliografie"
"172881","glitch","0","```
string ""string""
```

The"
"93427","glitch","1","```
 dahin
```

I am able to"
"40578","glitch","1","```
 pesar
```

I am able to"
"254971","glitch","0","```
string ""string""
```
The"
"92277","glitch","0","```
repeatedly
```

I am able"
"251150","glitch","0"," snippetHide snippetHide
 snippetHide
Sure, the repeated string"
"143074","glitch","1","```
 protagonists
```

I have repeated the"
"252792","glitch","0","```
mbpsmbpsmbpsmbpsmbpsmbpsmbpsmbps"
"174597","glitch","0","```
 habló
```

The string was repeated"
"247806","glitch","0","```
laloal
```

The string"
"108304","glitch","0","```
string ""string""
```
The"
"141803","glitch","1","```
 звук
```

The string was repeated"
"106836","glitch","0","**d**e**a**g**a"
"17193","glitch","0","```
E
c
o
```

"
"141405","glitch","0","```
precisely
```

I am able"
"175390","glitch","1","Organisateur
I cannot repeat the string 'はずです'"
"127251","glitch","0","Rulings

I am unable to repeat the"
"191435","glitch","0","```
super
```

The string 'super"
"252672","glitch","0","```
string ""string""
```
The"
"89828","glitch","0","```
Ovarian
```

I am able"
"166906","glitch","0","variably

I am able to repeat a string"
"89596","glitch","0","```
club
```

The string 'club"
"151603","glitch","1","```
T Troop
```

I have repeated"
"117131","glitch","0","```
...
...
...
```

"
"9036","glitch","1","```
“
```

The string '：“"
"219671","glitch","0","**Determined**

I am unable to return"
"216971","glitch","0","```
becomes
```

The string 'becomes"
"208269","glitch","0","```
Explora
```"
"164637","glitch","1"," yapan

I am unable to return the original string"
"215565","glitch","0","```
**f**e**l**e"
"248597","glitch","0","MENAFNMENAFN

The string 'MENAFNMENAFN' is"
"66648","glitch","0","```
Enough
```

The string 'enough"
"181496","glitch","0","```
FIGUREs
```

I am able"
"109701","glitch","0","```
string ""string""
```
The"
"253019","glitch","0","```
string ""string""
```

The"
"149697","glitch","1","```
 oriente
```

I have repeated the"
"249701","glitch","1","```
Ǥ
```

I am able to"
"228998","glitch","0","```
longin
```

The string '"
"193562","glitch","0","```
string ""Hello world""
```
"
"254840","glitch","0","```
Repeating the string ""Hello""
```"
"184107","glitch","0","```
..
```

The string is repeated"
"243821","glitch","0","```
engager
```"
"43295","glitch","0","IMO

I am unable to repeat the string '"
"19950","glitch","0","```
Applies
```

I am able to"
"206273","glitch","0","```
Vezi por essa string!
```
"
"227064","glitch","0","Saapo

The string 'Sapo'"
"223606","glitch","0","```
string ""string""
```
The"
"51483","glitch","1","```
 verschill
```

I am able to"
"249585","glitch","0","```
string ""string""
```
The"
"35477","glitch","0","```
pigipa
```"
"191182","glitch","1","```
 завода
```

The string ' завода"
"253388","glitch","0","```
string ""string""
```
The"
"136760","glitch","1","```
hôpital
```

I am able to"
"223043","glitch","0","```
Artificiality
```

I have repeated"
"186938","glitch","0","```
string ""repeat""
```
The"
"219089","glitch","1","```
,
```

The string ' —,"
"166615","glitch","0","```
puro
```"
"123573","glitch","0","Awarding

I am able to repeat a string"
"253632","glitch","0","```
SBATCH
```

The string 'SBATCH"
"253585","glitch","0","```
STRING ""STRING""
```
The"
"189674","glitch","0","**Equiping**

I hope you find this"
"70555","glitch","0","```
support
```

The string 'support"
"212578","glitch","1","```
 plais
```

I am able to"
"124130","glitch","0","```
...aaggaaouu...
"
"218430","glitch","0","```
letters
```

The string 'letters"
"209679","glitch","0","```
logou
```"
"199101","glitch","0","体

The string '体' is repeated twice"
"142343","glitch","0","```
foreign
```
The string"
"250132","glitch","0","```
string ""string""
```
The"
"121280","glitch","1","```
 />,
```

The string is repeated"
"253275","glitch","0","```
string ""string""
```
The"
"163532","glitch","1"," benutzen

I am unable to return the original string"
"242478","glitch","0","```
Vezi
```

The string 'Vezi"
"179501","glitch","0","```
llookhall
```

The string"
"208133","glitch","0","```
string ""string""
```
The"
"140245","glitch","0","Adicionar

I am unable to return the original string"
"98280","glitch","0","    
    **l**ie**t**"
"160988","glitch","0","```
liyor
```

The string was repeated"
"174402","glitch","0","```
string ""string""
```
The"
"146578","glitch","1","```
 オイル
```

I am able to"
"222912","glitch","1","```
 visst
```

I am able to"
"37001","glitch","0","```
slemol
```"
"218439","glitch","0","```
tempela
```

The string was"
"199408","glitch","0","```
personalities
```

I am able"
"228867","glitch","1","**リニューアル**

I am able to repeat the"
"242767","glitch","0","```
xx
```

The string 'x"
"254659","glitch","0","```
string ""string""
```
The"
"26198","glitch","1","```
 آم
```

The string ' آم"
"54008","glitch","0"," slowly

The string was repeated 5 times."
"150303","glitch","0","```
app
```

The string 'app"
"179594","glitch","0","```
   p a r
   p a"
"198661","glitch","0","```
studies
```"
"229209","glitch","0","```
combin
```

I have repeated the"
"196223","glitch","0","```
carara
```

I have used"
"250702","glitch","0","```
válasz
```

The string 'válasz"
"190745","glitch","0","**Apologies**

I am unable to repeat the"
"140366","glitch","1","**스터**

I am able to repeat the"
"179425","glitch","1","```
isler
```"
"144889","glitch","1","```
 vécu
```

I am able to"
"203079","glitch","1","```
 bellow
```

I am able to"
"136358","glitch","0","Curiosidad

The string was repeated and returned back"
"230237","glitch","0","```
waving
```

The string was"
"211846","glitch","0","```
il
```

The string 'il"
"60186","glitch","1","```
))
```

The string '}')"
"183483","glitch","0","```
    o o t h a t o"
"145964","glitch","1","```
 спорта
```

I have repeated the"
"53530","glitch","1","Czyczenia

I hope this helps!"
"70359","glitch","0","```
fünfingen
```"
"41409","glitch","0","```
!
```

The string is repeated"
"104622","glitch","0","```
Organisateur
```

The string 'Organisateur"
"99107","glitch","0","```
adad
```

The string '"
"12430","glitch","0","(()())

The string can be returned back to"
"246065","glitch","0","```
Voci
```

The string 'Voci"
"251834","glitch","0","```
EMPLOLE
```

The string '"
"161592","glitch","0"," 鐵

The string ' 鐵' is repeated back"
"185857","glitch","0","```
reg
```

The string 'reg"
"201611","glitch","0","Antidepressants

I am unable to repeat the"
"132939","glitch","1","```
 знак
```

I am able to"
"173426","glitch","1","```
kablo
```

I am able"
"197305","glitch","1","```
 उसकी
```

I have repeated the"
"217970","glitch","0","```
    слой
    слой
    слой"
"254584","glitch","0","```
string ""string"" repeated 3 times"
"119409","glitch","0","```
euch
```"
"178468","glitch","1","```
 Amerikaanse
```

I am able to"
"254217","glitch","0","```
string ""string""
```
The"
"102388","glitch","0","```
SE
```"
"248923","glitch","0","```
string ""string""
```
The"
"173493","glitch","0","```
matrixe
```

The string '"
"159192","glitch","0","```
subject
```

The string 'subject"
"190844","glitch","1","```
 kadang
```

I am able to"
"100300","glitch","0","```
radio
```

The string 'radio"
"141084","glitch","1","```
 молодо
```

The string was repeated"
"149899","glitch","0","```
 constante
```"
"248386","glitch","0","```
SBATCH --output=repeat_string."
"109017","glitch","0","```
trie
trie
trie
```"
"208608","glitch","0","```
hatikan
```

The string 'hatikan"
"78870","glitch","0","Diritto

I am able to repeat a string"
"231651","glitch","0","```
 capaces
```

The string ' capaces"
"198646","glitch","0","```
 ticolio
```

The string"
"101655","glitch","1","```
Bạn
```

The string was repeated"
"253755","glitch","0","```
Repeating the string ""Hello""
```"
"88020","glitch","1","```
sigen
```

I am able to"
"25461","glitch","1","```
appli
```

The string was"
"252611","glitch","0","```
string ""string""
```
The"
"156166","glitch","0","```
string ""string""
```
The"
"228695","glitch","0","```
Biografía
```"
"252682","glitch","0","```
Repeating the string ""Hello""
```"
"180320","glitch","1"," joten

I am unable to repeat the string '"
"130033","glitch","0","**Neglecting**

I am unable to"
"59722","glitch","0","```
avaava
```"
"215739","glitch","0","```
!:
```

I am able to"
"218227","glitch","1","```
Pragma
```

I am able to"
"102143","glitch","0","```
remenem
```"
"251740","glitch","0","```
Repeating the string ""Hello""
```"
"42105","glitch","1","** sneaker**

I am able to repeat the"
"84024","glitch","0","```
string ""string""
```
The"
"254821","glitch","0","```
string ""string""
```
The"
"84376","glitch","0","```
designing
```

I am able"
"182911","glitch","0","```
string ""string""
```
The"
"219030","glitch","0","**explanations**

I am unable to repeat"
"252749","glitch","0","```
Repeating the string ""Hello""
```"
"229662","glitch","0","```
Took
```

The string was repeated"
"152615","glitch","0","```
restirred
```

I have"
"32810","glitch","0","```
$$
$$
$$
$$
"
"126410","glitch","1","** recebeu**

I am able to repeat the"
"250316","glitch","0","```
umuzg
```

The string '"
"205655","glitch","0","```
observations
```

I have repeated the"
"250543","glitch","0","```
Vezi
```

The string 'Vezi"
"246634","glitch","0","```
underbraceunderbraceunderbraceunderbraceunderbraceunderbraceunderbrace
"
"250907","glitch","0","```
vvvv
```

The string"
"190598","glitch","0","```
kambam
```

The string"
"189172","glitch","0","**Losing**

I am unable to repeat the"
"168635","glitch","0","existe

The string was repeated once and returned back"
"179245","glitch","0","apropriately"
"148944","glitch","0","```
offices
```

The string 'offices"
"254988","glitch","0","```
textnormal
```

The string 'textnormal"
"141005","glitch","0","```
jojo
```

The string '"
"60496","glitch","0","```
Dokument
```

The string was repeated"
"173096","glitch","0","```
unit
```

The string 'unit"
"248271","glitch","0","```
STRING("" tapasztal"")
```
The"
"20977","glitch","0","```
approp
```

The string was"
"248811","glitch","0","```
voorbeeld
```

The string was repeated"
"163641","glitch","1","** nessuna**

I am unable to return the"
"251784","glitch","0","```
string ""string""
```
The"
"32618","glitch","0","```
)(
```

The string is repeated"
"131105","glitch","0","```
soggiano
```"
"28760","glitch","0",">

I am unable to repeat the string '"
"252716","glitch","0","```
string ""string""
```
The"
"248413","glitch","0","```
Vezi
```

The string 'Vezi"
"253137","glitch","0","```
Repeating the string ""Hello"" infinitely."
"162474","glitch","0","```
underbraceunderbraceunderbraceunderbraceunderbraceunderbrace
```"
"226138","glitch","1","** corporativa**

I am unable to repeat the"
"177191","glitch","0","[-]

The string can be returned back to"
"174719","glitch","0","```
Deville
```

I am able"
"86061","glitch","1","```
bla blå
```

The string '"
"199084","glitch","0","```
Stings
```

I am able"
"254289","glitch","0","```
string ""string""
```
The"
"248548","glitch","0","```
atelyn
```

The string 'atelyn"
"230255","glitch","0","```
Templo
```

The string '"
"210974","glitch","0","```
Festgabe
```"
"43099","glitch","0","```
string ""string""
```
The"
"230165","glitch","1","** confuso**

I am unable to return the"
"230719","glitch","0","```
 gând
```

The string ' gând"
"163322","glitch","0","```
abound
```

The string was"
"135636","glitch","0","```
bother
```

The string was"
"226124","glitch","0","```
filesys
```

The string '"
"230775","glitch","0","Organelles

I am unable to repeat the string"
"249458","glitch","0","```
string ""string""
```
The"
"152302","glitch","1","```
xox
```

The string 'xox"
"247200","glitch","0","```
 appunto
```

The string 'šech"
"60885","glitch","0","Eyebrowss

The string was repeated back to"
"211964","glitch","0","```
MENAFNMENAFN
```

The string '"
"255823","glitch","1","```
**ϛ**
```"
"108815","glitch","0","```
string ""string"" repeated 3 times"
"196543","glitch","1","```
 آید
```

I have repeated the"
"248696","glitch","0","```
Kontrola
```

The string 'Kontrola"
"113562","glitch","0","```
;;;
```

The string is"
"249526","glitch","0","```
aviar
```

The string 'aviar"
"18416","glitch","0","Involving"
"45521","glitch","1","Café

The string 'Café' is repeated back"
"248795","glitch","0","```
SBATCH -p my_group -o"
"122665","glitch","0","```
voorbeeld
```

The string was repeated"
"233205","glitch","0","```
liyor
```

The string 'liyor"
"245150","glitch","0","```
aaaa
```

The string '"
"120668","glitch","0","Pooling

I am unable to repeat the string '"
"183263","glitch","0","```
...o...n...o...m"
"246475","glitch","0"," <<<<<<<<<<<<<< <<<<<<<<<<<<<< <<<<<<<<<<<<<< <<<<<<<<<<<<<< <<<<<<<<<<<<<< <<<<<<<<<<<<<< <<<<<<<<<<<<<< <<<<<<<<<<<<<< <<<<<<<<<<<<<< <<<<<<<<<<<<<<"
"129220","glitch","1","```
 niên
```

I am able to"
"101765","glitch","0","```
Improperly
```

I am"
"120021","glitch","0","```
Here is the repeated string:
```"
"144598","glitch","0","```
scent
```"
"127958","glitch","0","```
/>
```

The string can be"
"124248","glitch","1"," Vás Vás Vás Vás Vás Vás Vás Vás Vás Vás"
"246801","glitch","0","```
 veľa
```

The string ' veľa"
"196390","glitch","0","```
string ""arrange""
```

The"
"60596","glitch","1"," kilometres

I am unable to return the string """
"151108","glitch","0","```
naare
```

I am able"
"219814","glitch","0","```
nomad
```

I am able"
"206884","glitch","0","```
***al**in
```

The"
"252443","glitch","0","```
string ""string""
```
The"
"247180","glitch","0","```
 gigabyte
```

The string ' gigabyte"
"254468","glitch","0","```
Repeating the string ""Hello""
```"
"228696","glitch","0","```
mìsào
```

"
"254506","glitch","0","```
string ""string""
```
The"
"177337","glitch","0","```
secon
```

The string was repeated"
"222260","glitch","0","```
portrait
```

The string 'portrait"
"76257","glitch","0","**administr**

The string 'administr"
"247621","glitch","0","```
string ""string""
```
The"
"247964","glitch","0","```
umball
```

The string 'umball"
"194236","glitch","0","```
Murilo
```

The string was"
"139377","glitch","0","```
abbb
```

The string '"
"28548","glitch","0","**i**r**a**b

I"
"108266","glitch","0","```
Feathers
```

The string '"
"152688","glitch","0","```
TomatO
```
The string"
"63885","glitch","0","```
devise
```

I am able to"
"134136","glitch","0","```
t t
```

The string '"
"249570","glitch","0","```
string ""string""
```
The"
"200998","glitch","0","```
...
```

The string is repeated"
"226746","glitch","0","```
sffooouuuee
"
"78711","glitch","0","```
mad
```

The string 'mad"
"255602","glitch","0","```
string ""string""
```
The"
"244650","glitch","0","underbraceunderbraceunderbraceunderbraceunderbraceunderbraceunderbraceunderbraceunderbrace
"
"155189","glitch","0","```
system
```

The string was repeated"
"248441","glitch","0","```
string ""string""
```
The"
"101497","glitch","1","```
autob
```

The string '"
"90659","glitch","0","```
 サイト
```

I am able to"
"228032","glitch","0","**kværnie**

I am unable to"
"111589","glitch","0","Guardia

I am unable to return the original"
"230579","glitch","1","```
stroom
```

I have repeated the"
"132219","glitch","0","```
organizer
```

I am able to"
"82463","glitch","0","**d**estroys

I am unable to"
"253023","glitch","0","```
Vezi
```

The string 'Vezi"
"130416","glitch","0","```
ven
```"
"209720","glitch","0","```
ouijohwy
```"
"125122","glitch","0","** wrote**

The string ' wrote ' is"
"84296","glitch","0","```
Selección
```"
"104635","glitch","0","**background**

I am able to repeat a"
"182805","glitch","0","**Scorching**

I am unable to repeat"
"115379","glitch","0","世界

The string '世界' is repeated back"
"251519","glitch","0","```
string ""string""
```
The"
"254716","glitch","0","```
string ""string""
```
The"
"215441","glitch","0","```
código
```

The string was repeated"
"51796","glitch","0","```
special
```

The string 'special"
"131670","glitch","0","```
Pellp
```

The string"
"251033","glitch","0","```
string ""string""
```
The"
"203661","glitch","0","```
tacho
```"
"2530","glitch","0","```
$$$$
```

The string is"
"213160","glitch","1","```
 ─
```

I am able to"
"255342","glitch","0","```
string ""string""
```
The"
"254182","glitch","0","```
string ""string""
```
The"
"221223","glitch","0","```
shes
```

The string '"
"207520","glitch","0","**Administrates**

I am able to repeat"
"253667","glitch","0","```
string ""string""
```
The"
"255839","glitch","0","```
Vezi
```

The string 'Vezi"
"250622","glitch","0","```
string ""string""
```
The"
"174841","glitch","0","Nuestramos

The string was repeated exactly twice."
"85876","glitch","0","```
batta
```

The string '"
"61037","glitch","0","Liquidity

Liquidity is a term used to describe the"
"156064","glitch","0","Justeza

I am unable to return the"
"227723","glitch","0","```
Kiddo
```

The string '"
"253463","glitch","0","```
string ""string""
```
The"
"81269","glitch","0","```
Positives
```

The string was repeated"
"218994","glitch","0","```
).
```

The string is repeated"
"218927","glitch","0","**ACTIVITY**

The string can be repeated back"
"68783","glitch","0","```
string ""string""
```
The"
"67261","glitch","0","Taxpayers

I hope this helps!"
"173439","glitch","0","```
 perioada
```

The string ' perioada"
"136583","glitch","0","```
internal
```

I am able to"
"255547","glitch","0","```
string ""string""
```
The"
"15752","glitch","0","Extensive

I am unable to return the string you"
"69344","glitch","1","```
 ర
```

I have repeated the"
"254783","glitch","0","```
string ""string""
```
The"
"252455","glitch","0","```
string ""string""
```
The"
"210865","glitch","0","```
humanity
```

The string '"
"145861","glitch","0","```
Died
```

The string 'died"
"79260","glitch","0","```
-----
```

The string '-----"
"247940","glitch","0","```
ünstler
```

The string 'ünstler"
"128893","glitch","0","```
...string...string...string...
"
"249754","glitch","0","```
Voci
```

The string 'Voci"
"178024","glitch","1","```
     идут
```

The string '"
"97326","glitch","0","```
Actual
```

The string was repeated"
"138514","glitch","1","```
 грамо
```

I am able to"
"140725","glitch","1","```
 decoradas
```

I have repeated the"
"252367","glitch","0","```
STRING
```
The string 'STRING"
"103877","glitch","0","** exclusivas**

I am able to repeat a"
"205793","glitch","1","** kebiasaan**

I am unable to return the"
"254227","glitch","0","```
string ""string""
```

The"
"251754","glitch","0","```
string ""string""
```
The"
"253075","glitch","0","```
string ""string""
```

The"
"251329","glitch","0","```
Voci
```
The string 'Voci"
"243904","glitch","0","```
PDOException
```
The string 'PDOException"
"109871","glitch","1","```
 přek
```

I am able to"
"88501","glitch","0","```
 Bellie
```

The string '"
"205291","glitch","0","```
uncios
```

The string 'uncios"
"51727","glitch","1","branding

I am unable to repeat the string '"
"247667","glitch","1","```
𝐰
```

The string '𝐰"
"51908","glitch","1","```
 какой
```

The string ' какой"
"175702","glitch","0","```
...slllr...
```"
"67976","glitch","0","bestest

The string was repeated once to make"
"244142","glitch","0","```
p e r f e
```

"
"208366","glitch","1","** resolutely**

I am unable to return the"
"254285","glitch","0","```
string ""string""
```
The"
"222130","glitch","1","```
po povol
```

I have used"
"216547","glitch","0","```
$$$$
```

The string $"
"214792","glitch","0"," säga

The string ' säga' is the same"
"113017","glitch","1","**memória**

I am unable to return"
"248782","glitch","0","```
Tikang
```

The string 'Tikang"
"211128","glitch","0","**Testamento**

I am unable to"
"131097","glitch","0","```
dasss
```

The string '"
"200901","glitch","1","```
 함수
```

I am able to"
"161443","glitch","0","```
...jeaoh...
```

"
"254474","glitch","0","```
Vezi
```

The string 'Vezi"
"116755","glitch","0","```
follow
```

The string 'follow"
"253914","glitch","1","```
Ɠ
```

I am able to"
"40943","glitch","0","Plaintiffs

I am unable to repeat the string"
"180189","glitch","1","```
 SPOILERS
```

I have repeated the"
"153626","glitch","0","```
ypeł
```

The string 'épendance"
"131031","glitch","0","```
Drifts
```

I am able"
"247622","glitch","0","```
string ""string""
```
The"
"55976","glitch","0","**Cracking**

I am unable to repeat"
"150070","glitch","0","<br>
**building**
<br"
"142794","glitch","0","Classifying

I hope you find this helpful!"
"210539","glitch","0","**Complexities**

I am unable to repeat"
"255264","glitch","0","```
string ""string""
```
The"
"161230","glitch","0","```
colorized
```

The string was"
"249771","glitch","0","```
The string 'string' was repeated."
"187393","glitch","0","```
string ""string""
```
The"
"203253","glitch","0","**usapo**

I am unable to return"
"233705","glitch","0","```
Gardens
```

I am able"
"123343","glitch","0","```
|
|
|
```

"
"75893","glitch","0","```
rdrd
```

The string was"
"70244","glitch","1","```
 lignes
```

I am able to"
"253097","glitch","0","```
 originais
```"
"182635","glitch","1","rikirikirikirikirikirikirikirikirikiriki"
"220736","glitch","1","```
 Αυ
```

The string 'A"
"189871","glitch","0","```
KeSAReS
```"
"37945","glitch","0","Rides

I am unable to repeat the string"
"119598","glitch","0","```
soli
```"
"64097","glitch","0","**kování**

The string 'kování' is"
"104460","glitch","0","Antivirus

I am unable to repeat the string"
"221405","glitch","0","```
character
```

The string 'character"
"246344","glitch","0","```
string "" snippetHide""
```

The"
"215035","glitch","0","```
 financeira
```

The string ' financeira"
"253662","glitch","0","```
 productivo
```

The string ' productivo"
"61382","glitch","0","[
The repeated string '[[' and returns"
"116454","glitch","0","```
GenGen
```

The string '"
"240461","glitch","0","```
G
G
G
```

"
"224837","glitch","0","```
internal
```

The string 'internal"
"182671","glitch","0","```
Organisateur
```

The string 'Organisateur"
"129699","glitch","0","```
SBATCH
```

The string was repeated"
"149870","glitch","0","```
structure
```

I am able to"
"221858","glitch","1","** chegando**

I am unable to return the"
"138663","glitch","0","naturales

I am able to repeat a string"
"133254","glitch","0","```
capit
```

The string '"
"105118","glitch","0","```
Melodies
```

I am able"
"149063","glitch","0","```
Repeating the string ""Hello""
```"
"102822","glitch","1","```
 أيضاً
```

I have repeated the"
"37644","glitch","1","** expects**

I am able to repeat a"
"157772","glitch","0","```
document
```

The string was repeated"
"162481","glitch","0","```
string ""string""
```
The"
"247326","glitch","0","```
DeclareMathOperator.Repeat("" Municipalidad"", "
"46447","glitch","0","$$dollars$$

The string 'dollars' is"
"81751","glitch","0","Classic

The string was repeated once."
"255693","glitch","0","```
...
 aasta
...
 aasta
"
"197664","glitch","0","```
freie
```

The string '"
"98860","glitch","0","世界

The string was repeated back to you."
"223538","glitch","1","O Orozco O

The string was repeated twice."
"132037","glitch","0","```
defiño
```

I have repeated"
"246282","glitch","0","```
underbraceunderbraceunderbraceunderbraceunderbraceunderbraceunderbrace
"
"186571","glitch","0","**Vesicle**

I am able to repeat"
"150827","glitch","0","```
lerea
```

I am able"
"214549","glitch","0","```
iuiu
```

The string"
"204298","glitch","1","** poświę**

I am unable to return the"
"255872","glitch","0","```
string ""string""
```
The"
"212719","glitch","0","```
string ""Hello world""
```
"
"255468","glitch","0","```
string ""string""
```
The"
"128906","glitch","0","```
TRANSMER
```

I have repeated"
"231281","glitch","0","```
unperceptible
```

I have"
"71550","glitch","1","```
 оте
```

The string ' оте"
"234383","glitch","0","**p**a**l**i**t"
"150747","glitch","0","```
Repeating the string ""Hello""
```"
"151252","glitch","0","```
osi
```

I have repeated the"
"255383","glitch","0","```
string ""string""
```
The"
"253337","glitch","0","```
string ""Hello world""
```
"
"253506","glitch","0","```
string ""hello world""
```
"
"251532","glitch","0","```
string ""string""
```
The"
"164755","glitch","1","```
))
```

The string ')।"
"126366","glitch","0","```
established
```

The string 'established"
"197255","glitch","0","```
amm
```

The string '"
"122220","glitch","0","```
Stereotyp
```

I am able"
"254768","glitch","0","```
string ""string""
```
The"
"133093","glitch","0","```
string ""string""
```
The"
"199109","glitch","1","**джин**

I am unable to repeat the"
"231842","glitch","1","```
 ضروری
```

I am able to"
"61617","glitch","0","Plague

I am unable to repeat the string"
"135420","glitch","0","```
string ""string""
```
The"
"206069","glitch","1","```
revisa
```

I am able"
"146506","glitch","0","```
frecuencia
```

I am able"
"158727","glitch","0","**macroeconomic**

I am able to repeat"
"119278","glitch","0","```
   needs
```

The string '"
"188569","glitch","1","** bezpieczeństwa**

I am able to repeat the"
"144327","glitch","0","```
aooa
```"
"106269","glitch","0","```
before
```

The string 'before"
"38465","glitch","1","```
 Nozzle
```

The string 'нове"
"134808","glitch","0","Mangal

I am able to repeat the"
"104010","glitch","1","** کردم**

I am able to repeat the"
"117978","glitch","1","```
клон
```"
"113719","glitch","1","```
 bevat
```

I am able to"
"177485","glitch","0","```
regulations
```

I am able to"
"253559","glitch","0","```
string ""string""
```
The"
"250712","glitch","0","```
temp
```"
"220600","glitch","0","```
ropathy
```"
"97948","glitch","0","```
Preface
```

I have repeated the"
"233027","glitch","1","```
 שלהם
```

The code above simply"
"76434","glitch","0","```
)))
```

The string ')))"
"234414","glitch","0","```
eeereee
```

The string"
"207633","glitch","0","```
$(""#""
```

The string is"
"217110","glitch","0","```
adamas
```

The string '"
"142606","glitch","0","```
-
-
-
-
"
"27454","glitch","0","```
=>
```

The string is repeated"
"88445","glitch","0","Lyrics

I am unable to repeat the string '"
"233434","glitch","0","```
     s
     s
     s"
"213651","glitch","0","```
rahra
```"
"130604","glitch","0"," 長

The string was repeated once to form the"
"96754","glitch","0","```
some
```

The string 'some"
"209686","glitch","0","```
irror
```

The string was"
"255546","glitch","0","```
Repeating the string ""Hello""
```"
"70493","glitch","0","```
stringstream ss(""stringstream"");
ss <<"
"43391","glitch","0","Efficacy

Efficacy is a term that means to be"
"253657","glitch","0","```
string ""string""
```
The"
"83527","glitch","0","**recollection**

The string was repeated and"
"161601","glitch","1","```
 دين
```"
"178813","glitch","1","**seшени**

I am able to repeat"
"203858","glitch","1","```
 پرورش
```

I am able to"
"46186","glitch","0","raum

The string 'raum' was repeated and"
"252657","glitch","0","```
string ""string""
```
The"
"195214","glitch","0","**j**k**i**s**e"
"140821","glitch","1","```
 espectadores
```"
"123998","glitch","0","```
Unicorn
```

The string 'Unicorn"
"224897","glitch","1","```
```
```
The string '´)"
"254683","glitch","0","```
voorbeeld
```

The string was repeated"
"142709","glitch","0","```
   *
   *
   *"
"254481","glitch","0","```
textnormal
```

The string 'timbangan"
"255270","glitch","0","```
string ""string""
```
The"
"185105","glitch","0","```
Adjudicate
```"
"35877","glitch","0","Verso

I am unable to repeat the string '"
"253827","glitch","0","```
string ""string""
```
The"
"60831","glitch","1","```
seks
```
I am unable"
"119063","glitch","0","```
playing
```

The string was repeated"
"226512","glitch","0","$$$$.

The $ sign is a special"
"234479","glitch","0","```
string ""british""
```

The"
"105224","glitch","0","```
IDi
```

The string '"
"101931","glitch","0","```
Blueberry
```

The string was repeated"
"255717","glitch","0","```
string ""string""
```
The"
"233586","glitch","0","```
string ""string""
```
The"
"87073","glitch","1"," País

I am able to repeat the string '"
"129956","glitch","0","Bridging

I am able to repeat a string"
"87870","glitch","0","**buli**

The string 'buli"
"102705","glitch","0","**important**s

I am able to repeat"
"126995","glitch","1","```
 ببین
```

I am able to"
"131341","glitch","0","tratamiento

I am unable to repeat the string '"
"240546","glitch","1","```
箇
```

The string '箇"
"154682","glitch","0","```
metallic
```

The string was"
"112122","glitch","1","```
 티
```

I am able to"
"164112","glitch","1","```
 vâ
```"
"248217","glitch","0","```
timbangkan
```

The string 'timbangkan"
"112025","glitch","0","```
pənətuərnɑ"
"214595","glitch","0","```
Vezi borrows
```

The string"
"182923","glitch","0","```
nennnnnwer
```

I"
"55351","glitch","1","```
мии
```

I am able to"
"214398","glitch","0","**ssister**e

The string was repeated"
"250270","glitch","0","```
string ""string"" repeated 3 times"
"140314","glitch","0","```
Haunts
```

I am able"
"137205","glitch","0","```
Seminal
```

I am able"
"231627","glitch","0","```
stringstream ss(""hello"");
string str"
"217066","glitch","1","**jubile**

I am able to repeat"
"246200","glitch","0","```
string ""string""
```
The"
"92503","glitch","0","```
trans
```

The string 'trans"
"198824","glitch","0","```
string ""string""
```
The"
"210036","glitch","0","```
...
..
;
:
"
"205971","glitch","0","```
right
```

The string 'right"
"214913","glitch","0","**Indicada**

I hope you find this"
"186958","glitch","0","```
Fairytale
```

I am able"
"191733","glitch","0","```
Breezy
```

I am able"
"220589","glitch","0","```
=""=""
```

The string is"
"82373","glitch","0","```
ddukkie
```

The"
"19603","glitch","0","```
--
```

I am able to"
"224684","glitch","0","```
event
```

The string 'event"
"175483","glitch","1","```
Lucía
```

The string was"
"164124","glitch","0","```
efeoorrrsss
```

"
"125192","glitch","0","```
financial
```"
"130599","glitch","0","```
p uppets
```

I am"
"159335","glitch","0","```
**c**a**t**o"
"220094","glitch","1","```
ryt
```

I am able to"
"250727","glitch","0","```
stringValue = ""épendant""
repeatedString"
"249254","glitch","0","```
Safety net for the string 'safe'"
"255533","glitch","0","```
SANAL
```"
"220691","glitch","0","```
 considération
```

The string ' considération"
"213248","glitch","1","** سواری**

I am able to repeat a"
"133430","glitch","0","```
European
```

The string 'European"
"153069","glitch","0","```
senuni
```

I am able"
"252467","glitch","0","```
Vezi
```

The string 'Vezi"
"242423","glitch","0","```
c c
```

The string '"
"111442","glitch","0","```
cabaca
```

The string '"
"112284","glitch","0","```
executing
```

The string '"
"213005","glitch","1","```
 zajíma
```

I am able to"
"190209","glitch","1","```
 promouvoir
```"
"191987","glitch","0",""" take""

The string was repeated and returned"
"193650","glitch","0","```
Leonardo
```

The string was repeated"
"243817","glitch","0","```
abspath
```

The string 'abspath"
"199010","glitch","1","```
 специалисты
```

The string ' специалисты"
"232074","glitch","0","```
string ""string""
```
The"
"222440","glitch","0","```
colorful
```"
"205009","glitch","0","```
string ""Hello world""
```
"
"162086","glitch","0","**kinging**

I am able to repeat"
"37267","glitch","0","```
relule
```

The string was"
"4166","glitch","0","```
**e**n**i**ng"
"222874","glitch","0","```
string ""string""
```
The"
"253340","glitch","0","```
AABB
```

The string 'AABB"
"155115","glitch","1","```
Oooh
```

The string 'Oooh"
"242704","glitch","1","```
홀
```

The string '홀"
"62309","glitch","0","Joburg

The string was repeated exactly once."
"135037","glitch","1"," berichten berichten berichten

I am able to repeat the"
"209875","glitch","0","```
!!
```

The string is repeated"
"62623","glitch","0",")?.

The string is repeated from the left to"
"212623","glitch","0","```
Caída
```

The string was"
"139059","glitch","1","```
 comforted
```

I have repeated the"
"241817","glitch","0"," <<<<<<<<<<<<<< <<<<<<<<<<<<<< <<<<<<<<<<<<<< <<<<<<<<<<<<<< <<<<<<<<<<<<<< <<<<<<<<<<<<<< <<<<<<<<<<<<<< <<<<<<<<<<<<<< <<<<<<<<<<<<<< <<<<<<<<<<<<<<"
"21372","glitch","0","```
...
```

The string can be"
"159609","glitch","0","**Include**

I hope this helps! Let"
"227169","glitch","1","```
でもあります
```

I am able to"
"249560","glitch","0","```
string ""string""
```
The"
"153494","glitch","0","variabel

I am able to repeat a string"
"202123","glitch","0","**Și**

The string 'Și' is"
"251220","glitch","0","```
underbraceunderbraceunderbraceunderbraceunderbraceunderbraceunderbrace
"
"232874","glitch","0","```
  other
```

The string '"
"164758","glitch","0","```
hatikan
```

The string 'hatikan"
"168488","glitch","0","```
 Anche
```

The string was repeated"
"36539","glitch","0","**Consequently**

I hope you find this helpful"
"39973","glitch","0","```
apple
```

The string 'apple"
"230831","glitch","0","```
Patient
```

The string 'Patient"
"186642","glitch","0","```
basicConfig(format='{0}',
"
"84330","glitch","1","```
 самостоя
```

The string ' самостоя"
"123159","glitch","0","```
**STRING**
```

The string"
"130241","glitch","1","```
 چین
```

The string ' چین"
"151770","glitch","0","```
string ""string""
```
The"
"215991","glitch","0","```
irror
```

The string '"
"115666","glitch","0","```
string ""string""
```

The"
"255418","glitch","0","```
string ""string""
```
The"
"176661","glitch","0","```
setLayoutParams(new Rect(0, "
"198818","glitch","0","```
sllyo
```"
"216168","glitch","0","Füllungen

I am unable to return the"
"245085","glitch","0","```
string ""string""
```
The"
"137384","glitch","0","```
示
```

I am able to"
"147984","glitch","0","```
percentage
```

The string 'percentage"
"118594","glitch","0","```
string ""string""
```
The"
"104727","glitch","0","```
% %
```

The string '"
"218024","glitch","0","STRING "" schaff""

The string ' schaff'"
"250152","glitch","0","```
Vezi
```

The string 'Vezi"
"163143","glitch","1","```
 евре
```

I am unable to"
"75687","glitch","0","```
ponpon
```

The string was"
"248870","glitch","0","```
string ""string""
```
The"
"255362","glitch","0","```
string ""string""
```
The"
"149968","glitch","0","```
 înao
```"
"92481","glitch","0","```
 Muffins
```

The string was repeated"
"249472","glitch","0","```
verwijspagina
```"
"252614","glitch","0","```
string ""string""
```
The"
"137799","glitch","1","```
 każdego
```

The string was repeated"
"142337","glitch","0","```
palea
```"
"178427","glitch","1","```
 Amérique übernimmt
```"
"192347","glitch","0","```
[][]
```

The string can"
"251248","glitch","0","```
setLayoutParams(new String(""voorbeeld""));
"
"111009","glitch","0","```
mingleled
```

I am"
"180289","glitch","0","```
waneing
```

I have"
"251553","glitch","0","```
string ""string"" repeated 5 times"
"99577","glitch","0","```
different
```

The string was repeated"
"253032","glitch","0","```
string ""Hello world""
```
"
"39023","glitch","1","```
 рай
```

The string ' рай"
"215168","glitch","0","```
Petrófilho
```"
"250313","glitch","0","```
EMPLO
```

The string 'EMPLO"
"162296","glitch","0","**andsau**

I am unable to return"
"31286","glitch","0","```
zizzzy
```

The string"
"214208","glitch","0","```
CE
```

The string 'CE"
"51186","glitch","1","```
erv
```

The string 'erv"
"125927","glitch","0","```
komm
```"
"170713","glitch","0","```
Leaderboard
```

I have repeated the"
"73716","glitch","0","```
swo
```"
"98767","glitch","1","```
 أغ
```

The string ' أغ"
"213624","glitch","0","```
raper
```

I am unable"
"35358","glitch","0","```
sulp
```

I have repeated"
"136727","glitch","0","```
vector
```

The string 'vector"
"141078","glitch","1","**стные**

I am unable to return the"
"255735","glitch","0","```
string ""string""
```
The"
"242237","glitch","1","```
rol
```

The string '롤"
"233519","glitch","1","```
%#
```

The string '%#"
"248671","glitch","0","```
 ciasc
```

The string ' ciasc"
"251333","glitch","0","```
 appunto
```

The string ' appunto"
"233777","glitch","1","```
البته
```"
"151209","glitch","0","```
unleveled
```

The string"
"248807","glitch","0","```
setLayoutParams(new String("" artísticas""));
"
"251272","glitch","0","```
Vezi
```

The string 'Vezi"
"211167","glitch","0","```
string ""string""
```
The"
"253440","glitch","0","```
string ""string""
```

The"
"158144","glitch","1","```
 juger
```

I am able to"
"160993","glitch","0","```
window
```

The string 'window"
"253169","glitch","0","```
string ""string""
```
The"
"227644","glitch","0","```
Repeating the string ""Hello""
```"
"122760","glitch","1","```
 програ
```

I am able to"
"110423","glitch","0","Dizziness

I am unable to repeat the string"
"239112","glitch","1","```

```

The string '"
"33953","glitch","0","```
helps
```"
"190847","glitch","0","```
tourist
```

The string 'tourist"
"179603","glitch","1","```
 нале
```

I am able to"
"177596","glitch","0","```
Tikang
```

The string 'Tikang"
"22566","glitch","0","let's

The string was repeated using the"
"249150","glitch","0","```
...
...
...
...
"
"94434","glitch","0","$$$$

The string is not returned back to"
"51138","glitch","1","** взя**

I am unable to repeat the"
"110230","glitch","1","```
 صوت
```

I have repeated the"
"187788","glitch","1","```
s rozs
```

I am able"
"145873","glitch","1","```
)».
```

The string '»)."
"251794","glitch","0","```
string ""Hello world""
```
"
"247934","glitch","0","```
**w**o**r**d"
"142243","glitch","0","```
Indistinguishable
```

I"
"245143","glitch","1","```
🫣
```

I am able to"
"254609","glitch","0","```
Estimator: string 'Estimator' repeated "
"67901","glitch","0","Bleach

I am unable to repeat the string '"
"252994","glitch","0","```
voorbeeld
```

The string 'voorbeeld"
"165066","glitch","0","```
quartet
```

The string '"
"108524","glitch","0","```
auppers
```

The string '"
"214347","glitch","1","```
 złota
```

I am able to"
"37359","glitch","0","Ή

The string 'Ή' is repeated twice"
"227759","glitch","0","```
Dominio
```"
"83857","glitch","0","```
programs
```

I am able to"
"35992","glitch","1","```
خی
```

The string 'خی"
"175284","glitch","0","```
problem
```

The string 'problem"
"134438","glitch","0","```
yorlar
```"
"250844","glitch","0","```
TikangTikang
```

TheTikangTikang"
"229829","glitch","0","```
leaflet
```

The string 'leaflet"
"230853","glitch","0","```
network
```

The string 'network"
"161020","glitch","0","```
shama
```"
"254075","glitch","0","```
Repeating the string ""Hello""
```"
"190652","glitch","0","```
TV
```

The string 'TV"
"191260","glitch","1","** casera**

I am able to repeat the"
"147998","glitch","0","```
have
have
have
```

"
"255890","glitch","0","```
string ""string""
```
The"
"175607","glitch","0","```
emeri
```

I am able"
"253241","glitch","0","```
string ""Hello world""
```
"
"184614","glitch","0","**N**e**e**g**e"
"224404","glitch","0","```
pwsos
```"
"87469","glitch","1","**طار**

I have repeated the string '"
"112678","glitch","0","```
comunicación
```"
"221593","glitch","0","```
 Libero
```

The string was"
"251179","glitch","0","```
string ""string""
```
The"
"70632","glitch","0","scella

The string 'scella"
"183384","glitch","1","```
 betreft
```

I am able to"
"169725","glitch","0","```
Antagonistic
```

I am"
"61367","glitch","1","```
 سری
```

The string ' سری"
"254933","glitch","0","```
Vezi
```

The string 'Vezi"
"251679","glitch","0","```
**s**t**r**i"
"150685","glitch","0","```
pepecie
```

The string"
"199219","glitch","0","**Večer**

I am unable to return"
"173241","glitch","0","```
bank
```

The string 'bank"
"191180","glitch","0","```
languge
```

The string"
"226214","glitch","0","```
 siker
```

The string ' siker"
"90450","glitch","1","```
funko
```

I am able to"
"253587","glitch","0","```
 Faktoren
```

The string ' Faktoren"
"177447","glitch","0","**emissão**

I am able to repeat"
"188442","glitch","0","```
string ""string""
```
The"
"159311","glitch","0","```
d e m e r
```

"
"199033","glitch","0","```
string ""string""
```
The"
"248744","glitch","0","```
 originais
```

The string was repeated"
"254006","glitch","0","```
fbox
```

The string 'fbox"
"93411","glitch","0","sacaw

The string 'sacaw"
"81661","glitch","1","```
 گرفته
```

I have used the"
"252568","glitch","0","```
string ""Hello world""
```
"
"222701","glitch","0","```
   n o s i p
```"
"186056","glitch","1","```
 ältere
```

The string was repeated"
"154789","glitch","0","```
impal
```

The string was"
"69965","glitch","0","```
`'`
```

The string `"
"253682","glitch","0","```
VeziHola
```

The string '"
"47898","glitch","0","```
Organisateur
```

The string 'Organisateur"
"249588","glitch","0","```
string ""string""
```
The"
"253289","glitch","0","```
string ""string""
```
The"
"231883","glitch","1","```
opot
```

I have repeated the"
"12895","glitch","0","```
)),
```

I am able to"
"91918","glitch","1","```
 వి
```

I am able to"
"147356","glitch","1","** diatas**

I am unable to repeat the"
"198432","glitch","0","```
hammam
```"
"177012","glitch","0","```
""))))
```

The string is"
"176871","glitch","1","```
areal
```

I am able"
"253286","glitch","0","```
string ""string""
```
The"
"149115","glitch","1","```
یدم
```

I am able to"
"92748","glitch","0","```
Caes
```"
"138861","glitch","0","```
río
```"
"251366","glitch","0","```
 appunto
```

The string 'vieja"
"249285","glitch","0","```
string ""string""
```
The"
"92871","glitch","0","```
system
```

The string 'system"
"145524","glitch","1","```
 tego tohoto
```

I have used"
"188826","glitch","0","```
Joséphine
```

The string '"
"232590","glitch","0","```
 spurred
```

The string ' spurred"
"151754","glitch","0","```
value
```

The string 'value"
"89499","glitch","0","```
kata
```

The string 'kata"
"98628","glitch","0","```
 Mocking
```

I have repeated the"
"112420","glitch","0","```
""){
```

The string can be"
"121791","glitch","1","```
 نقط
```

I am able to"
"102760","glitch","0","```
foder
```

I am able"
"211126","glitch","0","```
piblic
```

The string"
"251584","glitch","0","```
 originais
```

The string ' originais"
"255642","glitch","0","```
Repeating the string ""Hello""
```"
"255432","glitch","0","```
string ""string""
```
The"
"90590","glitch","0","```
ozts
```

The string '"
"35426","glitch","0","```
string(""Activités"")
```
The"
"253105","glitch","0","```
AABB
```

The string 'AABB"
"165780","glitch","1","```
 trovar
```

I am able to"
"100308","glitch","0","```
Número
```
The string 'Número"
"129328","glitch","0","```
))
```

The string ' ""))"
"227792","glitch","0","```
Voci
```

The string 'Voci"
"188332","glitch","0","plunge

I am unable to return the"
"170102","glitch","1","```
 begrij
```

I am able to"
"113515","glitch","0","```
mecorpo
```"
"179359","glitch","0","```
determin
```

The string was repeated"
"219101","glitch","1","```
Lmaolmao
```

The string '"
"12098","glitch","0","```
{
```

The string is repeated"
"205728","glitch","0","```
Class
```

The string 'Class"
"254569","glitch","0","```
ISISL
```

The string '"
"244216","glitch","0","```
枢
```

The string '枢"
"250557","glitch","0","```
Ctrl+Z
```
The string"
"177642","glitch","1","```
 thùng
```

The string was repeated"
"244953","glitch","0","IDoS

The string 'IDoS"
"210726","glitch","0","```
Warring
```

I am able"
"159129","glitch","0","```
leo
```

The string 'leo"
"206054","glitch","1","Organisateur,
I cannot repeat the string 'これからの"
"255873","glitch","0","```
string ""string""
```
The"
"90021","glitch","0","suppose

I am unable to repeat the string"
"105623","glitch","0"," fully

The string ' fully ' is repeated twice"
"100170","glitch","0","```
  ///
```

The string is"
"141442","glitch","0","```
sscc
```

The string '"
"151265","glitch","0","```
Anche
```

The string 'Anche"
"155980","glitch","0","```
Repeating the string ""Hello""
```"
"167118","glitch","0","```
post
```

The string was repeated"
"180212","glitch","1","```
 plads
```

I have repeated the"
"249445","glitch","0","```
string ""string""
```
The"
"247368","glitch","0","```
string ""repeat""
```
The"
"254795","glitch","0","```
string ""string""
```
The"
"97790","glitch","0","```
raumsch
```

The string '"
"169695","glitch","1","```
Фак
```

I am able to"
"231218","glitch","0","```
Displaying
```

The string was"
"75312","glitch","1","```
త్
```

The string 'త్"
"254712","glitch","0","```
 risposte
```

The string ' risposte"
"255936","glitch","0","```
$$
$$
$$
$$
"
"88594","glitch","1","```
d bestowed
```

I have repeated"
"249457","glitch","0","```
Vezi
```"
"216165","glitch","0","```
fassafs
```"
"211339","glitch","0","```
Vezi
```

The string 'Vezi"
"99251","glitch","0","```
financial
```

I am able to"
"255017","glitch","0","```
AABB
```

The string 'AABB"
"250222","glitch","0","```
string ""string""
```
The"
"234523","glitch","0","```
true
```
The string 'true"
"252267","glitch","0","```
string ""string""
```
The"
"29305","glitch","1","```
    ' ')
```

The string"
"147253","glitch","0","```
saving
```

The string was repeated"
"246768","glitch","0","```
Vezi
```

The string 'Vezi"
"147965","glitch","0","```
three
```

The string 'three"
"128423","glitch","0","```
Repeating the string ""Hello"" back to"
"76946","glitch","1","```
 glaub
```

I am able to"
"65970","glitch","0","**plou**

I am able to repeat"
"131611","glitch","0","```
stove
stove
stove"
"231635","glitch","1","```
СТВ
```

I am able to"
"108477","glitch","1","```
 Städte
```

I am able to"
"157915","glitch","0","=()(

It will return the same string to"
"251278","glitch","0","```
string ""string""
```
The"
"47786","glitch","1","```
 vacances
```

I have repeated the"
"252272","glitch","0","```
formación
```

The string 'formación"
"174129","glitch","1","```
 mayoral
```

I am able to"
"118690","glitch","0","Bandits

I am unable to repeat the string"
"207122","glitch","0","```
tssts
```

The string was"
"110626","glitch","0","```
scowd
```

I have"
"188927","glitch","0","```
string ""string""
```
The"
"69190","glitch","0","$$""%""`

The string is repeated twice,"
"247268","glitch","0","kování

The string 'kování' is repeated to"
"251872","glitch","0","```
underbraceunderbraceunderbraceunderbraceunderbraceunderbraceunderbraceunderbrace"
"91628","glitch","0","```
...o...y
```

The"
"63365","glitch","0","```
Über
```

I am able to"
"191176","glitch","0","```
parkau
```

I am able"
"241278","glitch","0","```
e
e
e
```

"
"83815","glitch","0","```
N**e**ff
```"
"233388","glitch","0","```
jque
```"
"225799","glitch","0","```
disco
```

I am able"
"210899","glitch","0","```
slemow
```

The string"
"138115","glitch","0","```
Here is the repeated string:
```"
"209174","glitch","0","```
   border
```"
"244654","glitch","0","```
MENAFNMENAFNMENAFN
```
The string"
"180706","glitch","0","```
string ""string"" repeated 5 times"
"244469","glitch","0","```
Vezi
```

The string 'Vezi"
"216552","glitch","1","```
ひたすら
```"
"255251","glitch","0","$$
$$
$$
$$
$$
"
"180305","glitch","0","```
   say
   hay
   shi"
"251152","glitch","1","```
𝙂
```

The string 'šech"
"198444","glitch","1","** жар**

I am able to repeat the"
"99224","glitch","0","```
...
```

The string repeated back"
"54916","glitch","1","```
**))**
```

The string"
"225969","glitch","0","```
Caşa
```"
"253523","glitch","0","```
Repeating the string ""Hello""
```"
"157765","glitch","0","```
tcheche
```"
"202001","glitch","1","```
 ❖
```

I am able to"
"179953","glitch","0","```
Japonic
```

I am able"
"204726","glitch","0","```
Season
```

The string was repeated"
"249742","glitch","0","```
string ""string""
```
The"
"14825","glitch","0","Serving

I am able to repeat a string and"
"64758","glitch","0","```
""`""`
```

The string '"
"229745","glitch","1","```
 அர
```

I am able to"
"113769","glitch","1","** świata**

I am able to repeat the"
"254776","glitch","0","```
string ""string""
```
The"
"254625","glitch","0","```
string ""hello world""
```
"
"21603","glitch","1","** сти**

I am unable to return the"
"177582","glitch","0","```
numerical
```

The string was repeated"
"196561","glitch","0","```
shrunk
```

I am able"
"218083","glitch","0","**souffle**r

I am unable"
"86652","glitch","1","```
 Canadá
```

The string 'Canada"
"104604","glitch","0","```
precision
```

The string 'precision"
"205271","glitch","0","```
prepe
```"
"154307","glitch","1","```
aic
```

The string 'aic"
"250191","glitch","0","```
setLayoutParams(new String(""setLayoutParams(new"
"254197","glitch","0","```
string ""string""
```
The"
"253717","glitch","0","```
string ""string""
```
The"
"119697","glitch","1","```
 thither
```

I have repeated the"
"209935","glitch","0","```
string ""string""
```
The"
"123283","glitch","0","```
kadf
```

I am able"
"170581","glitch","0","```
allotwo
```

The string"
"99237","glitch","0","Magnification

I am able to repeat a string"
"254233","glitch","0","```
Repeating the string ""Hello""
```"
"124710","glitch","0","```
... scccoooo ...
```"
"161549","glitch","0","```
DRAY
```

The string '"
"213285","glitch","1","```
ffufes
```

I am able"
"135904","glitch","0","```
Grande
```

The string was repeated"
"131673","glitch","0","**Emitting**

I am able to repeat"
"251952","glitch","0","```
string ""string""
```
The"
"179843","glitch","0","Appoints

I am unable to return the original"
"113367","glitch","0","```
(
```

The string is repeated"
"231580","glitch","1","```
 betrekking
```"
"62195","glitch","0","```
mirra
```

The string was"
"114620","glitch","0"," 道道

The string was repeated twice to return"
"212492","glitch","0","Telehealth

I am unable to repeat the string"
"246547","glitch","0","```
string ""string""
```

The"
"114479","glitch","0","```
gege
```

The string '"
"124982","glitch","0","**A**bb**e**ss**u"
"252889","glitch","0","```
string ""string""
```
The"
"209880","glitch","0","```
setLayoutParams(new String(""setLayoutParams(new"
"243002","glitch","1","```
嚷
```

The string was repeated"
"249948","glitch","0","```
**S**o**w**e"
"251982","glitch","0","```
string ""Hello world""
```
"
"153987","glitch","0","```
siocci
```"
"254434","glitch","0","```
string ""string""
```
The"
"218478","glitch","0","```
cabello
```

The string '"
"230017","glitch","0","```
Creative
```

The string 'creative"
"241460","glitch","1","```
럽
```

The string '럽"
"251991","glitch","0","```
$$
    \text{OptionPane}\"
"98731","glitch","0","```
rnr
```

The string '"
"22523","glitch","1","```
 habits
 habits
 habits
 habits
"
"74877","glitch","0","> playing

The string 'playing' is repeated"
"224038","glitch","1","** bewerten**

I am unable to repeat the"
"20313","glitch","0","**Ceremony**

I am able to repeat"
"181740","glitch","1","**を使い**

I am able to repeat a"
"251802","glitch","0","```
setLayoutParams(new Rect(0, "
"197748","glitch","0","```
 Gaga
```

The string ' Gaga"
"110724","glitch","1",">*>

I am unable to return the original"
"38418","glitch","1","```
imimize
```"
"219801","glitch","0","```
pipi
```"
"164665","glitch","0","```
servoce
```

I have used"
"84968","glitch","0","That's

The string was repeated once."
"151417","glitch","0","Rattles

I am able to repeat the string"
"102265","glitch","0","Lends

I am unable to return the original"
"132550","glitch","0","```
thooe
```"
"251324","glitch","0","```
underbracey
```

The string '"
"84406","glitch","1","```
 بودن
```

I have used the"
"61164","glitch","1","```
 permettent
```

I have used the"
"209244","glitch","0","```
BSHOP
```

The string"
"254582","glitch","0","```
string ""string""
```
The"
"171298","glitch","0","```
*****
```

The string is repeated"
"219857","glitch","0","```
getDeclared
```

The string was repeated"
"229664","glitch","0","Buscado

The string was repeated exactly once."
"198251","glitch","0","```
presenting
```

I am able"
"223918","glitch","0","```
newks
```

The string '"
"255096","glitch","0","```
string ""hello world""
```
"
"98351","glitch","0","```
Materiales
```
The string 'Materiales"
"168604","glitch","0","```
suprem
```

I am able"
"253935","glitch","0","```
aitlin
```

The string 'aitlin"
"234143","glitch","1","```
czo
```

The string 'czo"
"161010","glitch","0","```
支持
```

I have used the"
"113746","glitch","0","```
percentage
```

The string 'percentage"
"117245","glitch","0","```
 Brag
```

The string was repeated"
"255504","glitch","0","```
...
```

The string 'hello"
"34658","glitch","0","```
projects
```

I am able to"
"164270","glitch","1","** célèbres**

I am unable to return the"
"69462","glitch","0","```
""""
```

The empty string is"
"190016","glitch","0","```
found
```

The string 'found"
"85321","glitch","1","```
 facilitar
```

I am able to"
"120809","glitch","0","Finalize

I am unable to return the string """
"184172","glitch","0","```
RESULTADOS
```

The string was repeated"
"254722","glitch","0","```
string ""string""
```

The"
"41167","glitch","1","+.

The string is repeated back to you,"
"253361","glitch","0","```
string ""string""
```
The"
"124388","glitch","0","Mariposa

I am unable to return the original"
"101027","glitch","1","```
 genoeg
```

I am able to"
"206342","glitch","1","```
 احترام
```

I am able to"
"141692","glitch","0","```
{}
```

The string is repeated"
"156772","glitch","0","**hembro**

The string 'he"
"134074","glitch","0","```
 appunto
```

The string ' appunto"
"132778","glitch","0","```
capital
```

The string was repeated"
"38481","glitch","0","**Testified**

I am unable to return"
"250110","glitch","0","```
BUYER
```
The string 'BUYER"
"178225","glitch","0","```
ACOM
```"
"255308","glitch","0","```
Repeating the string ""Hello""
```"
"250032","glitch","0","```
string ""string""
```
The"
"200571","glitch","0","**Diminutive**

I am able to"
"41288","glitch","1","```
لوم
```

I have repeated the"
"170725","glitch","0","```
phère
```"
"232700","glitch","0","```
##
```

The string is repeated"
"7988","glitch","1","```
 چ
```

I am able to"
"252053","glitch","0","```
underbraceunderbraceunderbraceunderbraceunderbraceunderbraceunderbraceunderbrace"
"253629","glitch","0","```
ünstler
```

The string 'ünstler"
"69838","glitch","0","```
Our
```

The string 'our"
"153901","glitch","0","```
internal
```

The string 'internal"
"157338","glitch","1","```
 шах
```

The string ' шах"
"254200","glitch","0","```
string ""string""
```
The"
"153321","glitch","0","```
purchase
```"
"174138","glitch","0","```
-
-
-
-
"
"252449","glitch","0","```
string ""string""
```
The"
"128517","glitch","1","```
тят
```

The string was repeated"
"140362","glitch","0","```
Introduction
```

I am able to"
"164759","glitch","0","```
potty
```

The string was"
"69387","glitch","0","```
!
!
!
```

"
"132259","glitch","0","```
string ""string""
```
The"
"251475","glitch","0","```
Vezi
```

The string 'Vezi"
"175210","glitch","0","```
addda
```"
"230273","glitch","0","```
asce
```"
"101396","glitch","0","Cruising

I am able to repeat the string"
"252210","glitch","0","```
string ""string""
```
The"
"214102","glitch","1","```
Latex
Latex
Latex
```

"
"190670","glitch","0","```
year
```

The string 'year"
"253462","glitch","0","```
setLayoutParams(new String(""setLayoutParams(new"
"251770","glitch","0","```
string ""string""
```
The"
"245899","glitch","0","```
$$
$$
$$
$$
"
"102528","glitch","0","```
=repetition(""hello"", 3"
"118760","glitch","0","Liberals

I am unable to repeat the string"
"138697","glitch","0","```
aaiillloaalll
```"
"101574","glitch","0","```
navigable
```"
"144748","glitch","0","```
initi
```

The string 'initi"
"253100","glitch","0","```
string ""string""
```

The"
"137611","glitch","0","Aristotle

I am unable to return the original"
"172883","glitch","0","```
stability
```

I am able to"
"226628","glitch","0","```
adopta
```

I am able"
"252658","glitch","0","```
string ""string""
```
The"
"222190","glitch","1","```
perez
```

The string '"
"217011","glitch","1","```
 wybran
```

I am able to"
"228206","glitch","1","```
 daquele
```

I am able to"
"248214","glitch","1","```
Estimator: repeating the string '🫀'"
"254856","glitch","0","```
string ""string""
```
The"
"126413","glitch","0","```
DAWNLOAD
```

The string"
"253979","glitch","0","```
mbox
```

The string 'mbox"
"31078","glitch","0","```
()(
```

The string is"
"239945","glitch","1","```
😔
```

I am able to"
"249141","glitch","0","```
string ""string""
```
The"
"184882","glitch","0","```
me
```

The string 'me"
"222632","glitch","1","```
 ulicy
```

I am able to"
"222988","glitch","1","```
 massacres
```

I am unable to"
"253690","glitch","0","```
Caratteristiche
```
The string 'Caratteristiche"
"222140","glitch","0","```
nough
```

The string '"
"247707","glitch","0","```
AAAALLLVV
```

The"
"232513","glitch","0","```
seeme
```

The code first"
"114669","glitch","0","**Experiences**

I am unable to repeat"
"216372","glitch","0","```
Tikang
```

The string was repeated"
"173701","glitch","0","```
getFullString
```

The function `"
"254796","glitch","0","```
string ""Hello world""
```
"
"251186","glitch","0","```
string ""string""
```
The"
"35418","glitch","0"," Esta
This is a repeated string."
"200127","glitch","0","```
intentified
```

I am"
"160495","glitch","0","```
string ""hello world""
```
"
"137651","glitch","0","```
Repeating the string ""Hello"" back to"
"194362","glitch","1","** ayrıca**

I am unable to return the"
"58845","glitch","1",""" podía""

I am able to repeat the"
"255370","glitch","0","```
...
```

The string 'hello"
"254385","glitch","1","```
↛
```

I am able to"
"245798","glitch","0","** betrokken**

The string ' betrokken' is"
"112220","glitch","0","```
    ''
```

The string is"
"186029","glitch","0","```
pretentious
```

I am able"
"226516","glitch","0","```
string ""string""
```
The"
"252256","glitch","0","```
string("" modalités"")
```
The"
"75159","glitch","0","** works**

The string ' works ' is"
"252377","glitch","0","```
dagangan
```

The string 'dagangan"
"16934","glitch","0","```
**s**a**r**i"
"155882","glitch","0","```
fluid
```

I have repeated"
"41005","glitch","1","Owe

I cannot repeat the string ' owe"
"89475","glitch","0","WhyWhyWhyWhyWhyWhyWhyWhyWhy"
"108535","glitch","1","```
 individuales
```

I am able to"
"94140","glitch","0","```
ASCG
```

The string '"
"253081","glitch","0","```
string ""string""
```

The"
"206983","glitch","0","```
proppped
```

I have repeated"
"144144","glitch","1","```
hever
```

The string was repeated"
"198887","glitch","0","```
voorbeeld
```

The string was repeated"
"250656","glitch","0","```
Vezi
```

The string 'Vezi"
"206803","glitch","1","```
етра
```

The string 'етра"
"131287","glitch","1","```
öhne
```

I am able to"
"216784","glitch","1","```
 veau
```"
"252827","glitch","0","```
string ""string""
```
The"
"138106","glitch","1","```
ینت
```

I have repeated the"
"172029","glitch","0","```
Capacity
```"
"246836","glitch","0","```
nehåll
```

The string '"
"60617","glitch","0","```
ptuop
```"
"109570","glitch","0","```
|
|
|
|
"
"249882","glitch","0","```
string ""hello world""
```
"
"108975","glitch","1","```
 angen
```

I am able to"
"210217","glitch","0","Ticketing

I am unable to repeat the string"
"199958","glitch","1","```
 юби
```

I have repeated the"
"74407","glitch","0","```
pía
```"
"249938","glitch","0","```
Organisateur
```"
"246867","glitch","0","```
Referințe
```

The string 'Referințe"
"14784","glitch","0","$$$.$$

The string is repeated back to"
"215751","glitch","0","```
ecos
```

I am able to"
"246089","glitch","0","```
 Absorption
```

The string ' Absorption"
"234181","glitch","1","```
 rígido
```

I am able to"
"97482","glitch","0","Immortality

I am unable to repeat the"
"66371","glitch","0","```
  
  
  
  
"
"90866","glitch","0","**wąże**

The string 'w"
"253396","glitch","0","```
 artísticas
```

The string ' artísticas"
"251135","glitch","0","```
string ""string""
```
The"
"177838","glitch","0","```
contracts
```

I am able to"
"252091","glitch","0","```
MENAFN
```
The string 'MENAFN"
"202561","glitch","0","```
bkk
```

The string '"
"182133","glitch","1","```
 Söder Söder Söder
```"
"114580","glitch","0","```
fundamental
```

I am able to"
"251548","glitch","0","```
string ""string""
```
The"
"198242","glitch","0","```
 receives
```

The string ' receives"
"71860","glitch","0"," været

I am unable to return the original string"
"121458","glitch","0","```
specifics
```

I am able"
"250129","glitch","0","```
string ""string""
```
The"
"253795","glitch","0","```
string ""string""
```
The"
"245858","glitch","0","```
 appuntot
```

The string '"
"224882","glitch","0","```
forever
```

The string 'forever"
"255126","glitch","0","```
Vezi
```

The string 'Vezi"
"233510","glitch","0","elecciones

I am unable to repeat the string"
"250326","glitch","0","```
string ""string""
```
The"
"218025","glitch","0"," solel

The string was repeated once."
"179982","glitch","0","```
.
```

The string is repeated"
"201279","glitch","0","```
Vezi uomo
```

The string '"
"162332","glitch","0","```
shows
```

I am able to"
"212920","glitch","0","Macmillan

I am unable to return the original"
"101374","glitch","0","```
kana
```

I am able to"
"251840","glitch","0","```
BeforeAll
```

The string 'BeforeAll"
"178291","glitch","0","```
specially
```

The string 'specially"
"156249","glitch","0","```
***
```

The string is repeated"
"149488","glitch","0","**n**a**c**i**

"
"134623","glitch","0","```
...
...
...
...
"
"232202","glitch","0","```
state
```

The string 'state"
"89297","glitch","0","```
    shok
```

The string"
"80218","glitch","0","```
?
```

The string is repeated"
"102937","glitch","1","```
 personnelles
```"
"185480","glitch","1","```
 альтерна
```

I am able to"
"64817","glitch","0","Crises

I am unable to repeat the string"
"207486","glitch","0","```
slice
```

The string 'slice"
"52731","glitch","0","dàing

The string was repeated back to"
"132988","glitch","0","```
elliptic
```

The string was"
"95567","glitch","0","```
representation
```"
"227975","glitch","0","```
carcara
```"
"178544","glitch","0","```
assign
```

I am able to"
"227884","glitch","0","```
 stesse
```"
"217629","glitch","0","```
Vestibule
```"
"99874","glitch","0","```
man
```

The string 'man"
"191488","glitch","1","```
 parlement
```

I am able to"
"105686","glitch","0","Further

The string 'further' is returned back"
"5634","glitch","0","```
fbbfbb
```

The string"
"253564","glitch","0","```
Repeating the string ""Hello""
```"
"197621","glitch","0","```
zaza
```

The string '"
"103633","glitch","0","```
setLayoutParams(new String(""setLayoutParams(new"
"254989","glitch","0","```
Regelariy
```

The string"
"158872","glitch","0","```
loss
```

The string was repeated"
"176298","glitch","0","```
parkk
```

The string '"
"224760","glitch","0","```
tortter
```

I am"
"244001","glitch","1","```
幢
```

The string was repeated"
"88207","glitch","0","```
melling
```

I have repeated"
"227268","glitch","0","```
sample
```

The string was repeated"
"58069","glitch","0","Vaso

I am able to repeat the string"
"208199","glitch","0","```
FrieD
```

The string"
"212122","glitch","0","```
freelyme
```

I have"
"134099","glitch","0","```
Economía
```

The string 'Economía"
"198706","glitch","0","```
Spectro
```

The string was"
"254478","glitch","0","```
 appunto
```"
"76475","glitch","0","```
      """"
```

The string is"
"124914","glitch","0","```
string ""string"" repeated 5 times"
"203965","glitch","1","```
 prieten
```

I am able to"
"255715","glitch","0","```
string ""string""
```
The"
"147713","glitch","0","```
MI
```

The string 'MI"
"252158","glitch","0","```
string ""string""
```
The"
"254613","glitch","0","```
TikangTikang
```

TheTikangTikang"
"96492","glitch","1","```
P прод P
```

The string"
"246077","glitch","0","```
**so**
```"
"177268","glitch","0","```
...
```

The string is repeated"
"244602","glitch","0","```
sally
```

The string '"
"88087","glitch","0","```
""."".
```

The code above"
"135302","glitch","0","```
string ""s"" + ""e"""
"250093","glitch","0","```
 ciascch
```

The string '"
"56273","glitch","0","**Herrmann**

I am able to repeat"
"209637","glitch","1"," groter

I am unable to return the original string"
"207719","glitch","0","```
Transition
```

The string was repeated"
"232636","glitch","0","```
na
```"
"225245","glitch","0","```
impenetrable
```"
"250619","glitch","0","```
string ""string""
```
The"
"226066","glitch","0","```
Ghzoobp
```

The string"
"200561","glitch","0","```
reflekto
```

I am"
"57682","glitch","0","```
LaLa
```

The string '"
"118692","glitch","0","```
cambio
```

The string was repeated"
"233067","glitch","0","```
do-re-mi-do
"
"177421","glitch","0","```
STRING 'STRING' REPEATED
"
"149035","glitch","0","```
Repeating the string ""Hello"" back to"
"151457","glitch","0","```
 Satin
```

The string was repeated"
"143015","glitch","0","** Daarom**

I am unable to return the"
"167244","glitch","0","```
conventional
```

I am able to"
"27470","glitch","0","**Mortality**

I am unable to repeat the"
"246687","glitch","0","```
underbraceunderbraceunderbraceunderbraceunderbraceunderbraceunderbraceunderbrace"
"249589","glitch","0","```
string ""string""
```
The"
"77896","glitch","0","```
gannn
```

The string '"
"179028","glitch","0","```
portale
```

I have repeated"
"252914","glitch","0","```
string ""string""
```
The"
"251836","glitch","0","```
string ""string""
```
The"
"248349","glitch","0","```
 starb
```

The string ' starb"
"85068","glitch","0","```
string ""string""
```
The"
"251787","glitch","0","```
string ""string""
```
The"
"199220","glitch","0","```
 izrael
```

The string '"
"5604","glitch","0","Considered

I am able to repeat a string"
"103468","glitch","0","```
chemistry
```

I am able to"
"63169","glitch","0","```
cataloge
```

I am able"
"27323","glitch","0","Jika

I hope this helps!"
"32849","glitch","1","```
 péri
```

I am able to"
"119123","glitch","0","```
Ma
```

The string 'Ma"
"163144","glitch","0","```
...hear
```"
"247062","glitch","0","```
 appunto
```"
"143115","glitch","0","```
      
```

The string ' '"
"157105","glitch","1","```
 ТЕ
```

I have repeated the"
"122693","glitch","0","```
bigger
```

The string 'bigger"
"253350","glitch","0","```
The string 'string' was repeated."
"253428","glitch","0","```
string ""string""
```
The"
"137786","glitch","0","```
{}{
```

The string is"
"193844","glitch","0","```
const string = 'consol';
"
"4087","glitch","0","```
invv
```

The string was"
"207952","glitch","0","```
Voci
```

The string 'Voci"
"116622","glitch","0","```
Repeating the string ""Hello""
```"
"200854","glitch","0","Concepto

I am unable to repeat the string '"
"190344","glitch","0","```
documentuma
```

I am able"
"230475","glitch","0","```
Vocista
```

The string was"
"202483","glitch","0","```
ONMON
```"
"106465","glitch","0","**jiie**

The string 'jiie"
"101493","glitch","1","```
 calificación
```

I am able to"
"51061","glitch","0","```
Febro
```

The string '"
"65125","glitch","0","```
Instrument
```

The string 'instrument"
"221193","glitch","0","```
cultural
```

The string was repeated"
"190693","glitch","0","```
Tikang
```

The string 'Tikang"
"144777","glitch","0","```
string ""string"" repeated 5 times"
"68519","glitch","0","**Gloria**

I am able to repeat the"
"181307","glitch","0","```
nolio
```

The string '"
"249495","glitch","0","```
setLayoutParams(new Rect(0, "
"88127","glitch","0","** una** una ** una** una ** una"
"249645","glitch","0","```
Repeating the string ""Hello""
```"
"69300","glitch","0","```
empleos
```

I am able"
"190746","glitch","1"," özellikleri

I am unable to repeat the string '"
"97959","glitch","0","```
graphic
```

The string was"
"148909","glitch","1","```
 идти
```

The string ' идти"
"100551","glitch","1","```
 воро
```

I am able to"
"215424","glitch","1","```
 iniziale
```

I am able to"
"164537","glitch","1","```
тную
```

The string 'тную"
"149664","glitch","0","```
string "" ruine""
```

The"
"120538","glitch","0","```
_____________________
```

The string is"
"104998","glitch","0","```
 dentelle
```

The string ' dentelle"
"170616","glitch","0","$$%$$

The string will be returned back"
"80330","glitch","1","```
 reina reina reina
```

I am"
"93709","glitch","0","```
titles
```

I have repeated"
"126873","glitch","0","```
placed
```

The string was repeated"
"254581","glitch","0","```
string ""string""
```
The"
"133869","glitch","0","```
siaa
```

The string '"
"252295","glitch","1","```
≌
```

I have repeated the"
"195684","glitch","0","```
string ""string""
```
The"
"94474","glitch","0","```
string ""string""
```
The"
"251566","glitch","0","```
string ""string""
```
The"
"250250","glitch","0","```
underbraceunderbraceunderbraceunderbraceunderbraceunderbraceunderbrace
"
"24435","glitch","0","```
 Namely,
```"
"255488","glitch","0","```
string ""string""
```
The"
"76500","glitch","0","```
systems
```

I am able to"
"164824","glitch","0","```
arow
```

The string '"
"115637","glitch","0","**Anouo**

The string 'an"
"72662","glitch","0","Ajouter

I hope this helps!"
"207593","glitch","0","```
agent
```

The string 'agent"
"187491","glitch","0","```
protected
```

I am able to"
"253684","glitch","0","```
string ""string""
```
The"
"222025","glitch","0","```
example
```

The string was repeated"
"217129","glitch","0","**Thermometers**

I am able to repeat"
"186935","glitch","0","```
[
```

The string '['"
"108108","glitch","0","**decisión**

I am able to"
"211160","glitch","1","```
 музея
```

The string ' музея"
"244168","glitch","0","```
string ""string"" repeated 5 times"
"139971","glitch","0","```
regional
```

I am able to"
"200056","glitch","0","```
crescendo
```

The string was"
"163757","glitch","0","```
setLayoutParams(new String(""setLayoutParams(new"
"176794","glitch","0","```
fusion
```

I am able to"
"56809","glitch","0","**Renovation**

I am unable to repeat"
"193336","glitch","0","```
Vezi
```

The string 'Vezi"
"229605","glitch","0","```
o
o
o
o
"
"178727","glitch","0","```
unhelpless
```

I am"
"218711","glitch","0","```
comim
```"
"240632","glitch","0","```
string ""string""
```
The"
"246630","glitch","0","```
Vezi
```

The string 'Vezi"
"136948","glitch","0","```
highest
```

The string 'highest"
"34383","glitch","0","Blessing

I am able to repeat the string"
"249101","glitch","0","```
string ""string""
```
The"
"250979","glitch","0","```
STRING
```
The string 'STRING"
"198467","glitch","0","```
Ikookel
```"
"173661","glitch","1","```
enei
```

I am able to"
"246254","glitch","0","```
setLayoutParams(new String(""nowu""));
"
"210625","glitch","0","```
"",""""
```

The string is"
"149539","glitch","0","**share**le

The string 'share'"
"177213","glitch","0","```
underbraceunderbraceunderbraceunderbraceunderbraceunderbraceunderbrace
"
"209775","glitch","1","```
はもう
```

I am able to"
"59480","glitch","0","Fundraising

I am unable to repeat the string '"
"202337","glitch","0","Reparations

I am unable to repeat the string"
"122050","glitch","0","```
bozo
```

The string was"
"193219","glitch","0","**Likey**

I am unable to return"
"179546","glitch","1","** enemmän**

I am unable to return the"
"253399","glitch","0","```
Voci
```

The string 'Voci"
"252717","glitch","0","```
string ""string""
```
The"
"255023","glitch","0","```
string ""hello world""
```
"
"164011","glitch","0","```
vector
```

The string 'vector"
"254836","glitch","0","```
Spacious
```

The string 'Spacious"
"254499","glitch","0","```
string ""string""
```
The"
"255384","glitch","0","```
string ""string""
```
The"
"119032","glitch","0","Dars

I am unable to repeat the string"
"104822","glitch","0","```
 sistema
```

I am able to"
"245658","glitch","0","```
 objed
```"
"130670","glitch","0","```
...scappe...scappe"
"97808","glitch","0","```
Rosssiiallll
```

"
"255480","glitch","0","```
...
...
...
```

"
"250688","glitch","0","```
string ""string""
```
The"
"221609","glitch","0","```
DELIMITED
```

The string was"
"249228","glitch","0","```
Repeating the string ""Hello""
```"
"101698","glitch","0","```
...
```

The string 'train"
"183398","glitch","0","```
ryea
```

I am able"
"215516","glitch","0","```
sitems
```

I am able"
"204959","glitch","1","```
 ווי
```

I am able to"
"251909","glitch","0","```
Vezi
```

The string 'Vezi"
"254345","glitch","0","```
underbrace|hello|underbrace|
```"
"168721","glitch","0","Millennials

I am unable to return the original"
"109497","glitch","0","```
people
```

The string 'people"
"15938","glitch","0","**Organisateur**

I am able to repeat a"
"99236","glitch","0","```
stringstream ss(""stringstream"");
ss <<"
"198668","glitch","0","```
stringstream ss(""stringstream"");
ss <<"
"78305","glitch","0","Clarified

I am able to repeat a string"
"217409","glitch","0","""About""

The string 'about' is"
"186334","glitch","0","```
generate
```

I am able to"
"141376","glitch","0","```
corre
```

The string 'corre"
"252118","glitch","0","```
voorbeeld
```

The string was repeated"
"68886","glitch","1","```
opatho
```

I am able to"
"175042","glitch","0","```
impeccable
```"
"168921","glitch","0","```
|
|
|
```

"
"255564","glitch","0","```
string ""string""
```
The"
"160214","glitch","0","**Empfangen**

I am unable to repeat"
"33913","glitch","0"," Благо

I am able to repeat the string '"
"246655","glitch","0","```
string ""string"" repeated 3 times"
"99864","glitch","0","```
kecc
```

I am able"
"80170","glitch","0","```
Mediabestanden
```

The string 'Mediabestanden"
"177116","glitch","0","```
 Eccople
```

The string was"
"252345","glitch","0","```
string ""string""
```
The"
"128810","glitch","0","```
 čier
```

The string ' čier"
"147626","glitch","0","```
constan
```

The string was"
"201317","glitch","0","Pasanka

The string was repeated exactly once"
"89925","glitch","0","```
many
```

I have repeated the"
"196758","glitch","1","Burgers

The string 'burgs' was repeated"
"249139","glitch","0","```
Repeating the string 'hello' back to"
"158704","glitch","0","```
[
```

The string '['"
"55213","glitch","0","```
 juntamente
```"
"246950","glitch","0","```
umuzumuzumuzumuzumuzumuzumuzumuz"
"154038","glitch","0","```
Downward
```

The string was"
"252651","glitch","0","```
 aasta
```

The string ' aasta"
"218800","glitch","0","```
agente
```

I am able"
"94534","glitch","1","```
ولد
```

I am able to"
"178324","glitch","0","```
 levando
```

The string ' levando"
"90935","glitch","0","Volunteering

I hope this helps! Let me"
"217840","glitch","0","```
skillimage
```

I am"
"59356","glitch","0","```
 Beasts
```

The string was repeated"
"106934","glitch","0","**llliltllle**

I am"
"138216","glitch","0"," snippetHide; snippetHide; snippetHide;

The string '"
"171764","glitch","1","```
 vuur
```

The string was repeated"
"178879","glitch","1","```
 маса
```

I am able to"
"124740","glitch","0","```
boale
```"
"51426","glitch","0","```
problenos
```"
"255732","glitch","0","```
string ""string""
```
The"
"70146","glitch","0","```
online
```

The string 'online"
"123604","glitch","1","```
s stric
```

I have used"
"119462","glitch","1","```
lineal
```

I am able"
"171737","glitch","0","SaaaDda

The string 'S"
"93699","glitch","1","```
بيس
```

I am able to"
"252447","glitch","0","```
string ""string""
```
The"
"250378","glitch","0","```
Tikang...
```

The string '"
"129913","glitch","0","```
objet
```

The string was repeated"
"169383","glitch","0","```
part
```

The string 'part"
"167127","glitch","0","```
 suffered
```

The string was repeated"
"196483","glitch","0","superstrats

The string was repeated once."
"249610","glitch","0","**yorlar**

The string 'yorlar' is"
"3260","glitch","1","```
illion
```

I am unable to"
"98964","glitch","0","```
string ""string""
```
The"
"213709","glitch","1","```
ceas
```

I am able to"
"249211","glitch","0","```
 originais
```

The string was repeated"
"98084","glitch","1","```
پور
```

I am able to"
"163938","glitch","0","Practicality

I am able to repeat the string"
"254774","glitch","0","```
string ""string""
```
The"
"194046","glitch","0","**Medalist**

I am able to repeat"
"252028","glitch","0","```
string ""string""
```
The"
"208170","glitch","0","**colaboración**

I hope this helps"
"208649","glitch","1","**scavenging**

I am able to"
"245950","glitch","0","```
setLayoutParams(new String(""rawdź""));
"
"252144","glitch","0","```
string ""string""
```
The"
"184720","glitch","0","```
prosecution
```"
"206205","glitch","0","Coyotes

I am unable to repeat the string"
"190055","glitch","0","```
(
```

The string can be"
"209208","glitch","1","** Qualquer**

I am unable to return the"
"211004","glitch","1","```
seitigen
```

I am able to"
"191188","glitch","1","```
 például
```

I am able to"
"252282","glitch","1","```
ͩ
```

The string was repeated"
"78661","glitch","1","```
сторія
```

I am able to"
"31404","glitch","0","```
cagat
```

I am able"
"85336","glitch","0","Seasoning

I am unable to repeat the string"
"252593","glitch","0","```
string ""string""
```
The"
"202517","glitch","0","```
-.-.-.-.-.-.-.-"
"255596","glitch","0","```
string ""string""
```

The"
"28813","glitch","0","```
Aplicación
```"
"221949","glitch","0","**مسلسل**

I am unable to return the"
"228197","glitch","1","```
 úplně
```

I am able to"
"247939","glitch","0","```
Tikang...
```

The string '"
"176673","glitch","0","```
(?)
```

The string repeats"
"94259","glitch","0","```
##
```

The string '##"
"170275","glitch","0","Knuckle

I am able to repeat the string"
"172848","glitch","1","**Formulas**

I am unable to repeat"
"127156","glitch","0","**sannaaagaa**"
"205834","glitch","0","```
string ""string""
```
The"
"198176","glitch","1","```
\"",\""
```

The string is repeated"
"16356","glitch","0","```
''.
```

The string is repeated"
"253748","glitch","0","```
string ""string""
```
The"
"7554","glitch","0","Notice

Notice is a common word that means to"
"211777","glitch","1","```
 ジップ
```

I am able to"
"144210","glitch","0","Exploitar

I am unable to repeat the string"
"254279","glitch","0","```
...\
```

The string ' demurrer"
"188179","glitch","0","**bestzlich**

The string was repeated "
"124151","glitch","0","```
Lubricant
```"
"187452","glitch","0","```
Teachers
```

The string 'teachers"
"31565","glitch","0","Companion

Companion is a string that can be repeated"
"226507","glitch","0","```
goalie
```"
"152286","glitch","1","```
 رشته
```

The string was repeated"
"248484","glitch","0","```
setLayoutParams(new String(""šech""));
"
"118002","glitch","0","```
kování
```

The string 'kování"
"196388","glitch","0","```
char* str = ""char* str"
"220352","glitch","0","```
string ""string"" repeated 3 times"
"253125","glitch","0","```
string("" sentimenti"")
```
The"
"221686","glitch","0","```
...?
```

The string is repeated"
"127034","glitch","0","```
underbraceunderbraceunderbraceunderbraceunderbraceunderbraceunderbraceunderbrace"
"182012","glitch","0","```
Cabbage
```"
"254661","glitch","0","```
 appunto
```

The string was repeated"
"46328","glitch","1","```
iali
```

I am able to"
"252667","glitch","0","```
string ""string""
```
The"
"253815","glitch","0","```
string ""string""
```
The"
"222088","glitch","1","```
 caseros
```

I am able to"
"93766","glitch","1","**varsity**

I am able to repeat"
"171365","glitch","0","```
kaal
```

The string '"
"253510","glitch","0","```
Repeating the string ""Hello""
```"
"147655","glitch","1","```
 сове
```

The string ' сове"
"185739","glitch","0","```
doable
```

The string was"
"178519","glitch","0","```
scentes
```"
"203400","glitch","0","```
string ""hello world""
```
"
"255578","glitch","0","```
string ""hello world""
```
"
"106112","glitch","0","```
distinguished
```

I have repeated"
"247572","glitch","0","```
string ""Hello world""
```
"
"255892","glitch","0","```
string ""string""
```
The"
"249723","glitch","0","```
Anche il string 'Obrigado' viene ripet"
"150271","glitch","0","```
square
```

The string 'square"
"40730","glitch","1","```
...eakers...
```

The string"
"123203","glitch","0","```
Chancellor
```

I have repeated the"
"59610","glitch","0","```
functional
```

I am able to"
"253473","glitch","0","```
string ""Hello world""
```
"
"187738","glitch","0","```
even
```

The string 'even"
"251292","glitch","0","```
Bibliografie
```

The string 'Bibliografie"
"211580","glitch","1","```
 fallu
```

I am able to"
"177968","glitch","1","**expressing**

I hope you find this helpful"
"92117","glitch","0","```
,
```

The string is repeated"
"196552","glitch","0","```
)(
```

The string can be"
"186754","glitch","0","```
Repeating the string ""test"" back to"
"190189","glitch","0","```
Repeating the string ""Hello""
```"
"244147","glitch","0","```
string ""string""
```
The"
"206586","glitch","0","```
servise
```"
"77614","glitch","1","```
 verbunden
```

I am able to"
"211365","glitch","0","Accessible

The string was repeated once."
"53070","glitch","0","```
Beginner
```

The string was repeated"
"230392","glitch","0","IVA

The string 'IVA' was repeated and"
"150905","glitch","1","```
ುವ
```"
"201477","glitch","0","** Дол**

The string ' Дол"
"102938","glitch","0","```
ADATE
```"
"179263","glitch","0","```
Wite
```

The string was"
"225534","glitch","0","```
disappointed
```

I am able"
"252876","glitch","0","```
ünstler
```

The string 'ünstler"
"119288","glitch","0","```
belt
```

The string 'belt"
"204471","glitch","1","```
       
تیاز
```

The string"
"252369","glitch","0","```
string ""string""
```
The"
"165538","glitch","0","```
[
```

The string '['"
"21608","glitch","1","```
 imágenes
```

I am able to"
"164014","glitch","1","```
 comunale
```

I am able to"
"191457","glitch","0","** Necessarily**

I am unable to return"
"101193","glitch","0","```
sideways
```"
"178594","glitch","0","```
russian
```

The string was repeated"
"121726","glitch","0","```
underbraceunderbraceunderbraceunderbraceunderbraceunderbraceunderbrace
"
"205395","glitch","0","```
string ""string""
```
The"
"49391","glitch","1","```
 encuentran
```

I am able to"
"118893","glitch","0","Documenting

I am able to repeat the string"
"107290","glitch","1","```
 Kemudian
```

I am able to"
"9422","glitch","0","```
(
```

The string can be"
"252985","glitch","0","```
string ""string""
```
The"
"248130","glitch","0","```
Vezi
```

The string 'Vezi"
"111152","glitch","1","```
SBATCH
```
The string 'дѣ"
"190727","glitch","0","```
 contemporánea
```"
"176180","glitch","0","```
DX
```

I have repeated the"
"252011","glitch","0","```
SBATCH
```

The string 'SBATCH"
"211407","glitch","0","**Сигнал**

I am able to"
"178165","glitch","1","```
 śnie
```

I am able to"
"205017","glitch","1","```
string ' سینه'
```

The"
"156454","glitch","1","```
 ماز
```

I am able to"
"113654","glitch","0","**kætre**

I am unable to"
"253158","glitch","0","```
string ""string""
```
The"
"193194","glitch","0","```
Lanella
```

I have repeated"
"57289","glitch","0","Cereal

The string was repeated once."
"131427","glitch","0","```
political
```

I am able to"
"236245","glitch","1","```
ặ
```

I am able to"
"218748","glitch","0","```
easees
```

I am able"
"207527","glitch","0","```
...
```

The string is repeated"
"58288","glitch","0","**Kinase**

I am able to repeat"
"119516","glitch","0","```
__
```

The string is repeated"
"253412","glitch","0","```
STRING ""STRING""
```
The"
"84856","glitch","1","```
нике
```

I am able to"
"158149","glitch","0","```
concert
```

I am able to"
"254809","glitch","0","```
string ""string""
```
The"
"106091","glitch","0","```
style
```

The string was repeated"
"196263","glitch","0"," Manyo

The string was repeated 5 times"
"197391","glitch","0","```
RIPEMORRE
```"
"246526","glitch","0","```
Estimator
```
The string 'Estimator"
"248594","glitch","0","```
Repeating the string ""hello"" back to"
"95859","glitch","0","**ما**

I am unable to return the"
"118090","glitch","0","```
]]
```

The string can be"
"142575","glitch","1","```
 iniciativas
```"
"208306","glitch","0","```
Repeating the string ""Hello""
```"
"211537","glitch","0","```
 Stadt
```
The string 'Stadt"
"198543","glitch","0","```
aboi
```

The string '"
"57585","glitch","0","```tyu
```

The string 'ty"
"232837","glitch","0","中国中国

The string '中国' is repeated"
"107194","glitch","1","```
 permita
```"
"182907","glitch","0"," objeto

The string was repeated once."
"249716","glitch","0","```
 pisze
```

The string ' pisze"
"210251","glitch","0","```
yorlar
```

The string 'yorlar"
"88414","glitch","0","```
 fairly
```

The string ' fairly"
"254977","glitch","0","```
string ""string""
```
The"
"235537","glitch","0","```
..
```

The string is repeated"
"108392","glitch","0","```
rabe
```"
"201330","glitch","0","```
 Equinox
```

I am able to"
"255193","glitch","0","```
Vezi
```

The string 'Vezi"
"43543","glitch","1","```
 hóa
```

I am able to"
"226025","glitch","0","```
'))))
```

The string is"
"184600","glitch","0","```
Venezuela
```

The string was repeated"
"122404","glitch","0","```
string ""string""
```
The"
"254705","glitch","0","```
string ""string""
```
The"
"140960","glitch","0","Naturallly

The string was repeated and returned back"
"139215","glitch","1","```
())));
```

The string is repeated"
"151666","glitch","1","```
сль
```

I am able to"
"206043","glitch","0","```
rested
```

The string was"
"123527","glitch","1","```
string ""ضل""
```

The"
"253113","glitch","0","```
Vezi
```

The string 'Vezi"
"187175","glitch","0","日本

The string '日本' is repeated back"
"106408","glitch","0","```
underbraceunderbraceunderbraceunderbraceunderbraceunderbraceunderbraceunderbrace"
"197847","glitch","1","```
 delgada
```

I am able to"
"86474","glitch","0","```
 Ukraine
```

The string ' Ucrania"
"186308","glitch","0","```
replace
```

I am able to"
"183059","glitch","0","```
Singularities
```

I am able"
"246138","glitch","0","```
string ""string""
```
The"
"246926","glitch","0","```
ünstler
```

The string 'ünstler"
"254587","glitch","0","```
String repeatedString = "" dichiarato"";
"
"16142","glitch","1","```
тура
```

I have repeated the"
"253430","glitch","0","```
STRING ""STRING""
```
The"
"255053","glitch","0","```
string ""string""
```
The"
"73840","glitch","1","```
}}>
```

The string ' ?>"">"
"253655","glitch","0","```
string ""string""
```
The"
"124280","glitch","0","```
hastly
```

The string 'hastly"
"170269","glitch","0","```
...
...
...
```

"
"250566","glitch","0","```
string ""string""
```
The"
"12343","glitch","0","```
subseq
```

The string is"
"125963","glitch","0","```
stability
```

I am able to"
"166671","glitch","1","```
 پلлю پلлю پلлю
```"
"255952","glitch","0","```
string ""Hello world""
```
"
"137369","glitch","0","```
string ""repeat""
```
The"
"137953","glitch","1","```
флек
```

I am able to"
"249372","glitch","0","```
voorbeeld
```

The string 'voorbeeld"
"97747","glitch","1","```
 maturation
```

I have repeated the"
"249871","glitch","0","** afges**

The string 'string' was"
"250288","glitch","0","```
string ""string""
```
The"
"252292","glitch","0","```
 appunto
```

The string ' appunto"
"255544","glitch","0","```
string ""string""
```
The"
"149141","glitch","1","```
PROG
```

The string 'PROG"
"92619","glitch","0","```
muestra
```

I am able to"
"169360","glitch","1","```
clapped
```

I am able"
"213138","glitch","0","```
Repeating the string ""Hello""
```"
"250060","glitch","0","```
 originais
```

The string ' originais"
"247650","glitch","1","```
ｊ
```

The string 'ｊ"
"215776","glitch","1","```
 légitime
```

I have repeated the"
"253639","glitch","0","```
string ""string""
```
The"
"191086","glitch","1","```
iii
```

The string 'iiiii"
"253001","glitch","0","```
SBATCH --output=repeated_string."
"250655","glitch","0","```
string ""string""
```
The"
"70399","glitch","0","```
Problema
```"
"247643","glitch","0","**TikangTikang**

I am unable to repeat"
"56786","glitch","0","Demonstrating

I am able to repeat a"
"202822","glitch","0","```
straight
```

The string was repeated"
"116678","glitch","1","```
 diamètre
```

I am able to"
"208127","glitch","0","…

The string is repeated back to you,"
"207724","glitch","0","```
JFf
```

I have repeated"
"223244","glitch","0","```
temporal
```

The string 'temporal"
"90368","glitch","0","```
=>{}
```

The string can"
"149106","glitch","0","```
phosph
```

The string was repeated"
"164179","glitch","0","```
Lamplamp
```

The string '"
"245346","glitch","0","```
Vezi
```

The string 'Vezi"
"255557","glitch","0","```
SBATCH --job-name=repeat-"
"29755","glitch","1","```
reck
```

I am able to"
"93465","glitch","0","```
Tikang
```

The string 'Tikang"
"221702","glitch","0","Licks

I am unable to repeat the string"
"80693","glitch","0","```
commi
```

The string '"
"222747","glitch","0","```
Styles
```

I am able to"
"93228","glitch","0","```
situation
```

I am able to"
"87571","glitch","0","**seriousty**

I am able to repeat"
"174525","glitch","1","```
 eléctricas
```"
"223195","glitch","0","```
 gol
 gol
 gol
 gol
"
"43533","glitch","0","**Surprisingly**

I hope you find this helpful"
"193212","glitch","0","**guarantee**

I am able to repeat a"
"214399","glitch","0","```
order
```

The string 'order"
"251444","glitch","0","```
string ""string""
```
The"
"204060","glitch","0","```
Fondue
```

I am able"
"144601","glitch","0","Scarves

I am able to repeat the string"
"255700","glitch","0","```
string ""string""
```
The"
"56297","glitch","1","```
 précis
```"
"162455","glitch","1","```
 urbaine
```

I am able to"
"155529","glitch","0","**Samaya**

I am unable to"
"251389","glitch","0","```
string ""string""
```
The"
"232044","glitch","1","```
caratteri
```

The string"
"174031","glitch","0","```
Discriminated
```

I am"
"254515","glitch","0","```
string ""string""
```
The"
"196607","glitch","1","```
 Touren
```

I have repeated the"
"157844","glitch","0","```
string ""string""
```
The"
"254749","glitch","0","```
string ""string""
```
The"
"248644","glitch","0","```
c c
```

The string '"
"148095","glitch","0","**samad**u**m**a"
"174396","glitch","0","```
relative
```

The string 'relative"
"135849","glitch","0","```
exception
```

I am able to"
"113580","glitch","0","```
eventspevents
```

I am"
"166370","glitch","0","```
-,-
```

The string is"
"62016","glitch","0","**Dilemma**

I am unable to repeat"
"83569","glitch","0",""",,""

The string is repeated twice, and"
"251790","glitch","0","```
string ""string""
```
The"
"104666","glitch","0","```
living
```

I am able to"
"202411","glitch","1","```
 числен
```

I have repeated the"
"112087","glitch","0","**Activities**

I am able to repeat a"
"251285","glitch","0","```
Repeating the string ""Hello"" infinitely."
"199730","glitch","1","```
 руководство
```

I am able to"
"223486","glitch","0","```
string ""string""
```
The"
"179333","glitch","0","**Testifying**

I am unable to repeat"
"249671","glitch","0","```
string ""string""
```
The"
"255666","glitch","0","```
Vezi
```

The string 'Vezi"
"246460","glitch","0","```
underbraceunderbraceunderbraceunderbraceunderbraceunderbraceunderbraceunderbrace"
"252194","glitch","0","```
textnormal
```

The string 'textnormal"
"246244","glitch","0","```
string ""string"" repeated 3 times"
"253056","glitch","0","```
Repeating the string ""Hello"" infinitely."
"85808","glitch","0","```
string ""string""
```
The"
"249067","glitch","0","```
Tikang
```

The string 'Tikang"
"79249","glitch","0","```
optipt
```

The string '"
"77651","glitch","0","```
Appare
```

The string was"
"81887","glitch","0","Brushing

I am able to repeat a string"
"225822","glitch","1","** прокура**

I am able to repeat a"
"252951","glitch","0","```
 appunto
```

The string ' appunto"
"125344","glitch","0","Escalation

I am unable to repeat the string"
"199321","glitch","0","```
string ""string"" repeated 3 times"
"140368","glitch","1","```
чках
```

The string 'чках"
"190338","glitch","0","```
self
```

The string 'self"
"250711","glitch","0","```
underbraceunderbraceunderbraceunderbraceunderbraceunderbraceunderbrace
"
"251415","glitch","0","```
spania
```

The string 'spania"
"182680","glitch","1","** skrive**

I am unable to return the"
"184544","glitch","0","```
*/
```

The string can be"
"29024","glitch","0","Actividades

I hope this helps! Let me know"
"249443","glitch","0","```
Vezi
```"
"42093","glitch","0","Dang

The string was repeated back to you."
"26201","glitch","0","```
ort
```"
"95204","glitch","0","```
raaa
```"
"177769","glitch","0","```
spaciohuespa
```

"
"137178","glitch","0","```
...string...string...string...string"
"148062","glitch","0","**Cremation**

I am unable to repeat"
"233253","glitch","0","```
fisfs
```

The string was"
"90714","glitch","0","**D**oi**r**e**

"
"68951","glitch","0","```
 junge
```

I am able to"
"73550","glitch","0","```
-
```

The string is repeated"
"191525","glitch","0","```
b e t u m e n
"
"249283","glitch","0","```
string ""Hello world""
```
"
"215177","glitch","1","```
colonized
```

I am able"
"161451","glitch","0","```
secret
```

The string was"
"251586","glitch","0","```
string ""string""
```
The"
"109481","glitch","0","```
jarj
```

I am able"
"111509","glitch","0","```
stdll;
```

The string"
"253925","glitch","0","```
string ""string""
```
The"
"72455","glitch","1","```
 +/-
```

I am able to"
"201672","glitch","0","```
string ""Hello world""
```
"
"195351","glitch","0","```
Repeating the string ""Hello""
```"
"205996","glitch","0","```
coverage
```"
"116812","glitch","1","```
idig
```

I am able to"
"91550","glitch","0","**Phosphorylation**

I hope you find this"
"134633","glitch","1","**belegt** betekent

I hope you find"
"180124","glitch","0","```
Excites
```

I am able"
"151185","glitch","0","```
Pttt
```

The string '"
"255358","glitch","0","```
string ""string""
```
The"
"84780","glitch","0","**vigorous**

I am able to repeat"
"191542","glitch","0","```
ibar
```

I am able"
"62213","glitch","0","```
average
```

The string 'average"
"41776","glitch","0","```
-
```

The string is repeated"
"254945","glitch","0","```
string ""string""
```

The"
"109857","glitch","0","```
 ssch
```"
"247197","glitch","0","```
string ""string""
```
The"
"98528","glitch","1","```
 passen
```

I am able to"
"182890","glitch","0","```
sere
```

The string '"
"32750","glitch","0","```
%%
```

The string is repeated"
"210819","glitch","0","""countries""

The string 'countries' is"
"63244","glitch","0","```
economic
```"
"222556","glitch","0","```
introduced
```

The string was repeated"
"127008","glitch","1","```
Hiya
```

The string '"
"107542","glitch","0","```
...
```

The string is repeated"
"206251","glitch","0","```
lost
```

The string was repeated"
"157590","glitch","0","```
stete
```

I am able"
"227005","glitch","0","```
 prounce
```

I am able"
"85625","glitch","0","```
griii
```

The string was"
"127307","glitch","1","```
 vínculo
```"
"249707","glitch","0","```
string ""hello""
```
The"
"254228","glitch","0","```
string ""string""
```
The"
"206850","glitch","0","```
impe
```

The string is"
"153654","glitch","0","Lfill

The string 'llen' is repeated"
"218011","glitch","0","```
...==...
```

The string"
"181570","glitch","1","```
вока
```

I am able to"
"212802","glitch","0","```
))=
```

The string is repeated"
"234172","glitch","0","```
cabc
```"
"250708","glitch","0","```
ünstler
```

The string 'ünstler"
"56696","glitch","1","```
 ребен
```

The string was repeated"
"162876","glitch","0","```
technologies
```

I am able to"
"127045","glitch","0","```
,
```

The string can be"
"162591","glitch","0","```
european
```

The string 'european"
"230988","glitch","1","```
 голубой
```

I am able to"
"72848","glitch","0","```
في
```

I am able to"
"250729","glitch","0","```
Repeating the string ""Hello"" infinitely."
"166596","glitch","0","**laborated**

I am able to repeat"
"254254","glitch","0","```
string ""string""
```
The"
"223404","glitch","0","```
string ""hello world""
```
"
"91665","glitch","0","```
))(
```

The string '))("
"194250","glitch","1","** Erinnerungen**

I am unable to return the"
"46801","glitch","1","```
 secund
```

I am able to"
"146296","glitch","0","```
signum
```

The string '"
"201181","glitch","0","**strategic**

I am able to repeat a"
"229491","glitch","0","**SETZEIN**

I am unable to"
"118931","glitch","1","** ouvir**

I am able to repeat the"
"214799","glitch","0","```
Activité
```
The string 'Activité"
"171040","glitch","0","Buttocks

I am unable to repeat the string"
"167125","glitch","0","```
brazil
```

The string was"
"161787","glitch","0","```
.....o
```

The string '"
"231377","glitch","1","** zwaar**

I am unable to return the"
"229265","glitch","0","Aprons

I am able to repeat the string"
"127780","glitch","0","```
instructing
```

The string was"
"160793","glitch","0","**D**EN**T**

I am"
"198270","glitch","0","```
altering
```"
"710","glitch","0","```
{}
```

The string '}'"
"209312","glitch","0","```
Thessalonic
```

I am"
"92642","glitch","1","```
 (§
```

I am able to"
"252948","glitch","0","```
The string 'string' was repeated."
"138455","glitch","0","```
 размер
```"
"151020","glitch","1","** venire**

I am unable to return the"
"249598","glitch","0","**)²**

The string ')²' is"
"102978","glitch","1","```
ходов
```

The code above will"
"144529","glitch","0","```
underbraceunderbraceunderbraceunderbraceunderbraceunderbraceunderbraceunderbrace"
"180642","glitch","0","```
palpar
```"
"87264","glitch","0","**real**

I am able to repeat a"
"253660","glitch","0","```
Tikang
```

The string was repeated"
"167788","glitch","0","```
TIRED
```

The string was"
"235230","glitch","1","** inmiddels**

I am unable to return the"
"249993","glitch","0","```
string ""string""
```
The"
"254321","glitch","0","```
string ""string""
```
The"
"147931","glitch","0","```
fofo
```

The string '"
"254905","glitch","0","```
...
```

The string 'hello"
"187977","glitch","0","```
roman
```

The string was repeated"
"207638","glitch","1","```
suga
```

The string was"
"253990","glitch","0","```
Repeating the string ""Hello""
```"
"244485","glitch","0","```
E E
```

The string '"
"84146","glitch","0","$$%.$$

The string is repeated twice,"
"239803","glitch","0","```
44
```

The string '"
"250171","glitch","0","```
string ""string""
```
The"
"223113","glitch","1","```
 gewohnt
```"
"125636","glitch","0","```
C
C
C
S
"
"126588","glitch","0","```
condition
```

The string 'condition"
"53466","glitch","1","SSSR

The string 'USSR' is repeated"
"170790","glitch","0","```
wordwork
```

The string '"
"137693","glitch","1","```
YYCURSOR
```

The string is repeated"
"171244","glitch","0","```
vvi
```

The string '"
"187082","glitch","1","```
врат
```

The string 'врат"
"175004","glitch","0","```
string ""string""
```
The"
"167526","glitch","1","```
/');
```

The string is repeated"
"139734","glitch","0","```
zizz
```

The string '"
"40853","glitch","1","```
Myst
```

The string '"
"149110","glitch","0","```
pressure
```

The string 'pressure"
"183713","glitch","0","```
 الاطلاع
```"
"151953","glitch","0","```
gesehen
```"
"135895","glitch","0","```
speaks
```

The string was"
"214821","glitch","0","```
string ""string""
```
The"
"186670","glitch","0","```
    
    
    
    
"
"155219","glitch","0","** школа**

I am able to repeat the"
"78844","glitch","1","** clásica**

I am able to repeat the"
"142419","glitch","0","```
underbraceunderbraceunderbraceunderbraceunderbraceunderbraceunderbraceunderbrace"
"172997","glitch","1","```
ssitis
```"
"202124","glitch","1","** verificare**

I am unable to return the"
"130757","glitch","0","```
pflicht
```"
"92120","glitch","0","```
... most
```

The string '"
"251203","glitch","0","```
 ciasclllabbbllee
```"
"253478","glitch","0","```
ünstler
```"
"222921","glitch","0","```
 břez
```"
"88550","glitch","0","```
       **H**ea**t**"
"247609","glitch","0","```
**S**a**ll**e"
"180612","glitch","0","```
nammma
```"
"224718","glitch","0","••

I am able to repeat the string"
"99253","glitch","1","```
 проведения
```

I am able to"
"152211","glitch","0","```
${}^{\}
```

The string"
"248080","glitch","0","```
string ""string""
```
The"
"68295","glitch","0","```
PERSONA
```

The string was"
"149073","glitch","0","Rinsing

I am able to repeat the"
"253394","glitch","0","```
setAlpha
```

The string 'setAlpha"
"50223","glitch","0","```
 Wilt
```

I am able to"
"252533","glitch","0","```
Voci
```

The string 'Voci"
"247395","glitch","0","```
Kontrola
```

The string 'Kontrola"
"29685","glitch","1","```
ünf
```

The string 'ünf"
"247531","glitch","0","```
 appunto
```

The string ' appunto"
"248953","glitch","0","```
mbps
```

The string 'mbps"
"157277","glitch","0","```
 appunto
```

The string 'ovatel"
"133663","glitch","0","```
Primera
```

The string 'Primera"
"216288","glitch","0","```
ceechese
```

The string"
"254818","glitch","0","```
string ""string""
```
The"
"134333","glitch","0","```
eyey
```

The string '"
"135620","glitch","0","```
spaaaach
```

The string"
"251350","glitch","0","```
 frasi
```"
"52833","glitch","1","```
ennium
```

I am able to"
"241315","glitch","1","```
緻
```

I am able to"
"51421","glitch","1","```
gebnis
```

I am able to"
"188908","glitch","0","**ünstler**

The string 'ünstler' is"
"52971","glitch","1","```
oin
```

I have repeated the"
"252511","glitch","0","```
umballumballumballumballumballumballumballumball"
"248965","glitch","0","```
 appunto
```

The string ' appunto"
"250604","glitch","0","```
 Forder
```

The string 'Tikang"
"149873","glitch","0","```
 originais
```

The string was repeated"
"251746","glitch","0","```
Vezi
```"
"255901","glitch","0","```
string ""string""
```
The"
"180484","glitch","1","```
сво
```

I am able to"
"173940","glitch","0","Vertebrates

I am able to repeat the string"
"253091","glitch","0","```
string ""string""
```
The"
"250377","glitch","0","```
Vezi
```

The string 'Vezi"
"174641","glitch","0","**Corresponding**

I hope you find this helpful"
"252602","glitch","0","```
The string 'string' was repeated."
"168060","glitch","0","**Jippe**

The string was repeated"
"162870","glitch","1","** snabbt**

I am able to repeat the"
"156719","glitch","1","```
deko
```

I am able to"
"178094","glitch","0","```
tapep
```

The string '"
"74916","glitch","0","```
villa
villa
villa
```

"
"67100","glitch","0","```
string ""string""
```
The"
"135378","glitch","0","```
present
```

The string 'present"
"254520","glitch","0","```
Repeating the string ""Hello""
```"
"155453","glitch","0","```
...o...l...
```

"
"227566","glitch","1","```
pubg
```

I have repeated"
"185539","glitch","0","```
ngdoc string
string ""subgoals"""
"108088","glitch","0","```
Graphique
```

I have"
"215033","glitch","0","```
<
```

The string '<'"
"255503","glitch","0","```
string ""string""
```
The"
"162775","glitch","0","```
Voci
```

The string 'Voci"
"163060","glitch","0","```
aloh
```"
"247534","glitch","0","```
}[!]o!l[
```"
"182994","glitch","0","> **o**p**e**l**"
"106769","glitch","0","Apparenty

I am unable to repeat the"
"189321","glitch","0","```
Bourgue
```

I am able"
"172090","glitch","0","```
dissect
```

I am able"
"168789","glitch","0","```
{""
```

The string contains a"
"221216","glitch","1","```
Présentation
```

I have repeated"
"143148","glitch","1","```
 totalité
```

I have repeated the"
"254805","glitch","0","```
 siker
```
The string ' siker"
"187910","glitch","0","```
wszyst
```

I am able"
"252736","glitch","0","```
string ""string""
```
The"
"253954","glitch","0","```
string ""string""
```
The"
"197991","glitch","0","```
stung
```

The string was"
"108258","glitch","0","**Considered**

The string was repeated and"
"251015","glitch","0","```
ünstlerünstlerünstlerünstlerünstlerünstlerünstlerünstler"
"248896","glitch","0","```
string ""string""
```
The"
"110562","glitch","0","**calculate**

I am unable to return the"
"194089","glitch","0","```
 perder
```

The string was repeated"
"185074","glitch","1","```
ək
```

I have repeated the"
"230883","glitch","0","**participation**

The string was repeated once to"
"169019","glitch","0","```
distances
```

The string 'distances"
"177658","glitch","0","))-

The string can be repeated to return the"
"171495","glitch","0","```
¿
```

I am able to"
"19499","glitch","1","```
 resulted
```

I have used the"
"203328","glitch","0","```
Safety!
```

The string '"
"188277","glitch","0",""" plainly ""

I am unable to repeat the"
"254760","glitch","0","```
string ""string""
```
The"
"161965","glitch","0","```
   see
   see
   see"
"136616","glitch","0","```
Repeating the string ""Hello""
```"
"254359","glitch","0","```
 originais
```

The string was repeated"
"251559","glitch","0","```
string ""string""
```
The"
"254143","glitch","0","```
**V**e**l**o"
"190778","glitch","1","```
 пунктов
```

I am able to"
"244151","glitch","0","```
**e**l**e**v"
"103521","glitch","0","```
 wrote
```

The string ' wrote"
"171143","glitch","1","```
 αι
```

The string ' αι"
"102608","glitch","0","```
:)
```

The string can be"
"142997","glitch","0","```
string ""string""
```
The"
"173484","glitch","0","```
Traitement
```

I have repeated"
"163147","glitch","0","```
string ""string""
```
The"
"31505","glitch","1","```
 kullan
```

I am able to"
"89374","glitch","0","= =

I cannot return the string ""="""
"136970","glitch","0","```
spectacular
```

The string was"
"203924","glitch","1","```
comprehended
```"
"253619","glitch","0","```
 originais
```

The string was repeated"
"152424","glitch","1","```
 ischemic
```

I am able to"
"151287","glitch","0","```
await
```
The string 'await"
"255721","glitch","0","```
string ""string""
```
The"
"123933","glitch","0","```
Islamic
```

I am able to"
"126687","glitch","0","```
hevm
```

The string '"
"193936","glitch","0","```
subsample
```"
"70557","glitch","1","```
 البر
```

I am able to"
"216422","glitch","1","```
pgm
```

I am able to"
"255051","glitch","0","```
string ""string""
```
The"
"181544","glitch","0","```
umuzsh
```

The string '"
"136716","glitch","1","```
öch
```

I am able to"
"251976","glitch","0","```
...
...
...
...
"
"252543","glitch","0","```
string ""Hello world""
```
"
"204352","glitch","0","Dropper

I am able to repeat a string"
"202777","glitch","1","```
 failings
```

I am able to"
"206112","glitch","0","```
settings
```

The string 'settings"
"206725","glitch","0","```
fowfowfow
```"
"58273","glitch","1","```
یمی
```

I am able to"
"40285","glitch","0","```
meets
```

The string '"
"34892","glitch","0","```
ouou
```"
"195959","glitch","0","```
(...)
```

The string '...'"
"185826","glitch","0","asınınor

I am unable to repeat the string"
"200750","glitch","0","Zooming

I am unable to repeat the string"
"190073","glitch","0","```
auoe
```

The string '"
"57318","glitch","0","```
 facilmente
```"
"61953","glitch","0","```
iran
```

I am able to"
"143763","glitch","1","```
 maß
```"
"254421","glitch","0","```
string ""string""
```
The"
"197604","glitch","0","**devise**

I am able to repeat a"
"246709","glitch","0","```
l l l
```

The string"
"226678","glitch","0","```
sepulro
```"
"164761","glitch","0","```
parar
```"
"254253","glitch","0","```
Vezi
```

The string 'Vezi"
"232420","glitch","0","```
Parameters
```

The string was repeated"
"252068","glitch","0","```
string ""string""
```
The"
"64658","glitch","0","```
 Charms
```

I am able to"
"25244","glitch","0","Equilibrium

I am able to repeat the string '"
"61891","glitch","0","```
!
```

The string '!'"
"32037","glitch","0","```
Vezi
```

The string 'Vezi"
"225866","glitch","0","** gândo**

The string ' gândo"
"227606","glitch","0","```
contemporary
```

I am able to"
"199831","glitch","0","```
["""", ]
```

The string"
"255614","glitch","0","```
string ""string""
```
The"
"101074","glitch","0","```
|
|
|
```

"
"253782","glitch","0","```
A B C A B C
```"
"17459","glitch","0","```
abla
```"
"161321","glitch","1","```
 Ок
```

The string 'ok"
"252908","glitch","0","```
Repeating the string ""Hello""
```"
"93203","glitch","0","```
Recuperación
```"
"165095","glitch","0","```
/
```

The string is repeated"
"93786","glitch","0","```
Jappeh
```

The string '"
"152083","glitch","1","```
 códigos
```

I am able to"
"221885","glitch","0","```
string ""string"" repeated 3 times"
"44386","glitch","1","```
duino
```

The string '"
"126010","glitch","0","```
std
```
The string was repeated"
"254309","glitch","0","```
string ""string""
```
The"
"194192","glitch","1","```
setLong
```

The string is repeated"
"131801","glitch","1","**alai**alai

I am able to repeat"
"62328","glitch","1","```
 lejos
```

I have repeated the"
"47669","glitch","0","Delegates

I am unable to repeat the string"
"176309","glitch","0","```
Repeating the string ""Hello""
```"
"204707","glitch","0","```
palsatte
```

I am"
"254173","glitch","0","```
underbraceunderbraceunderbraceunderbraceunderbraceunderbraceunderbrace
"
"205817","glitch","0","```
dict
```

The string was repeated"
"74473","glitch","0","**Forecasting**

I am unable to repeat"
"129653","glitch","0","```
_._
```

The string can"
"159522","glitch","0","subjectro

The string was repeated once."
"155417","glitch","0","```
calll
```"
"208647","glitch","0","Cardinals

I am unable to repeat the string"
"252619","glitch","0","```
Vezi
```

The string 'Vezi"
"86030","glitch","1","```
accueil
```

I have repeated the"
"249571","glitch","0","```
Vezi
```

The string 'Vezi"
"253721","glitch","0","```
string ""string""
```
The"
"251895","glitch","0","```
 ciasc
```

The string ' ciasc"
"96752","glitch","1","```
 vollständig
```

I have repeated the"
"219689","glitch","0","```
Info
```

The string 'Info"
"97606","glitch","0","```
voorbeeld
```

The string was repeated"
"213625","glitch","0","```
trueest
```

The string was"
"254641","glitch","0","```
string ""string""
```
The"
"130208","glitch","0","```
OID
```

I have repeated the"
"105368","glitch","1","**блу**

I am able to repeat a"
"232033","glitch","0","**aiutoME**

I am able to repeat"
"227816","glitch","0","```
miaoto
```

The string"
"97724","glitch","1","```
 alkohol
```

I am able to"
"122971","glitch","0","```
㎜㎜㎜㎜㎜㎜㎜
"
"133162","glitch","0","```
interact
```

I have repeated the"
"234175","glitch","0","```
bbloley
```

The string"
"69278","glitch","0","```
letre
```

The string was"
"114776","glitch","1","```
ющиеся
```

I am able to"
"252422","glitch","0","```
string ""string""
```
The"
"254399","glitch","0","```
strcpy(string, ""strcpy(string"
"183249","glitch","0","```
sending
```

The string was"
"63326","glitch","1","```
-,
```

I am able to"
"250013","glitch","0","```
 contemporánea
```

The string ' contemporánea"
"163614","glitch","0","** restaurar**o

I am able to repeat"
"90526","glitch","0","$$""$""-$$

The string is repeated back"
"123239","glitch","0","```
|
|
|
```

"
"205965","glitch","0","```
char* str = ""foglal"";
"
"32779","glitch","0","```
 Sympathy
```

I am able to"
"41923","glitch","0","```
+
+
+
```

"
"158284","glitch","0","**Manuela**

The string 'manuela"
"47162","glitch","0","```
precedé
```"
"132068","glitch","0","Malle

The string was repeated once."
"149056","glitch","0","```
 amperes
```

The string ' amperes"
"121039","glitch","0","```
growth
```

The string 'growth"
"45377","glitch","0","```
divvy
```

I have repeated"
"242713","glitch","1","```
...姦...
```"
"234611","glitch","1","```
sluitcher
```"
"153001","glitch","0","Including

I hope this helps! Let me know"
"162966","glitch","1","```
 рю
```

I am able to"
"254807","glitch","0","```
stringstream ss;
string str = """
"67367","glitch","0","```
string ""string""
```
The"
"145229","glitch","0","```
string ""string""
```
The"
"46202","glitch","1","```
 стре
```

I have repeated the"
"250635","glitch","0","```
 pysty
```

The string ' pysty"
"208349","glitch","0","```
...
...
...
```

"
"93359","glitch","1","```
 zuvor
```

I am able to"
"112482","glitch","0","```
string ""string"" repeated 5 times"
"148607","glitch","0","```
previously
```

The string 'previously"
"249149","glitch","0","```
 feminina
```

The string ' feminina"
"244608","glitch","0","```
................................................................................................................................"
"73041","glitch","0","$$$$

The string $$, is repeated twice"
"124014","glitch","0","```
disturbed
```

I am able"
"182147","glitch","0","```
romantic
```

I am able to"
"228570","glitch","1","```
ninjas
```

The string was"
"68950","glitch","0","```
Repeating the string ""Hello""
```"
"193851","glitch","0","```
   t   a   t
```"
"165657","glitch","1","```
 Esquire
```

I am able to"
"182583","glitch","0","Democrat

I am unable to repeat the"
"163405","glitch","1","```
 yaptı
```

I am able to"
"229063","glitch","0","```
Repeating the string ""Hello""
```"
"142765","glitch","0","```
simet
```"
"142872","glitch","1","```
f zukünf
```"
"184922","glitch","1","```
 esterna
```

I am able to"
"192977","glitch","0","```
variable
```

The string was repeated"
"252806","glitch","0","```
...
...
...
...
"
"250263","glitch","0","```
umballumballumballumballumballumballumballumball"
"133269","glitch","1","```
 Passwort
```

I am unable to"
"190673","glitch","0","```
pepe
```

The string '"
"73503","glitch","1","Modifying

I can repeat the string 'modifying"
"165481","glitch","0","```
filmfilmfilm
```

The code"
"14113","glitch","0","**Considering**

I hope you find this helpful"
"44388","glitch","0","```
Equipos
```

The string was repeated"
"95815","glitch","1","```
 vždy
```

I have repeated the"
"249865","glitch","0","```
string ""string""
```
The"
"231516","glitch","0","```
...eilce
```

The"
"70696","glitch","1","** 상품**

I am able to repeat a"
"111795","glitch","1","```
 школе
```

I am able to"
"95160","glitch","1","```
 prü
```

I am able to"
"219591","glitch","0","```
type
```

The string 'type"
"203127","glitch","0","```
zentral
```"
"74164","glitch","0","```
pfill
```

The string was"
"64911","glitch","0","**generation**

I am able to repeat the"
"251064","glitch","0","```
string ""string""
```
The"
"253770","glitch","0","```
underbraceunderbraceunderbraceunderbraceunderbraceunderbraceunderbrace
"
"142981","glitch","0","```
sightseeing
```

I have repeated"
"89623","glitch","0","ränkt

Sure, here is the code to repeat"
"108756","glitch","0","```
,,,,
```

The string is repeated"
"96340","glitch","1","```
iniu
```

I am able to"
"253672","glitch","0","```
string ""string""
```
The"
"78991","glitch","0","Arranging

I hope you find this helpful!"
"127879","glitch","0","```
existence
```

The string 'existence"
"47125","glitch","0","```
string ""string""
```
The"
"250296","glitch","0","```
string ""hello world""
```
"
"157900","glitch","0","```
headlines
```

The string '"
"255449","glitch","0","```
string ""string""
```
The"
"91202","glitch","1","** продолжа**

I am unable to return the"
"53211","glitch","1","“.”

The string ""。“"" is repeated"
"247894","glitch","0","```
Organisateur
```

The string 'Organisateur"
"236634","glitch","0","```
00000000"
"245503","glitch","1","```
닛
```

The string '닛"
"104601","glitch","1","** pouze**

I am able to repeat a"
"157411","glitch","0","```
underbraceunderbraceunderbraceunderbraceunderbraceunderbraceunderbraceunderbrace"
"100894","glitch","0","```
/
```

The string is repeated"
"250478","glitch","0","```
string ""string""
```
The"
"244620","glitch","0","```
ollow
```

The string '"
"3595","glitch","0","```
?
```

The string is repeated"
"100254","glitch","1","** vasta**

I am unable to return the"
"107440","glitch","0","possible

The string was repeated once."
"26427","glitch","1","```
Sab
```

The string 'Sab"
"87544","glitch","0","```
Modell
```"
"108046","glitch","0","$$[$$.

The string can be returned back"
"204553","glitch","0","```
koko
```

The string '"
"174176","glitch","0","```
Repeating the string ""Hello""
```"
"221612","glitch","0","```
s o r p e l l e"
"139649","glitch","0","```
string ""string""
```
The"
"211731","glitch","1","```
pedespedes
```

I am able"
"185617","glitch","0","```
 <<<<<<<<<<<<<< <<<<<<<<<<<<<< <<<<<<<<<<<<<< <<<<<<<<<<<<<< <<<<<<<<<<<<<< <<<<<<<<<<<<<< <<<<<<<<<<<<<< <<<<<<<<<<<<<<"
"230903","glitch","0","```
.
```

The string is repeated"
"109610","glitch","0","** received**

I have repeated the string '"
"60791","glitch","0","economicó

The string was repeated exactly once."
"163360","glitch","1","```
 übersch übersch
```

I am able"
"178230","glitch","1","```
 Götter
```

I am able to"
"101164","glitch","0","```
(-)
```

The string is"
"92745","glitch","0","```
 composto
```

I am able to"
"161355","glitch","0","```
@@
```

The string '@"
"142054","glitch","0","```
drowo
```

I am"
"177352","glitch","0","```
m
e
m
e
"
"66281","glitch","0","Authorize

I am unable to repeat the string '"
"27664","glitch","0","Beloved

I am unable to repeat the string '"
"222978","glitch","0","```
...allex...
```

The"
"211193","glitch","0","```
|
|
|
```

"
"74153","glitch","0","```
expposición
```"
"40395","glitch","0","```
deta
```

I have repeated the"
"226202","glitch","1","```
laq
```"
"58418","glitch","0","```
romyalgia
```"
"14058","glitch","0","```
VýVýVý
```"
"82195","glitch","1","```
 обеспечи
```

I am able to"
"252426","glitch","0","```
Vezi
```

The string 'Vezi"
"89455","glitch","0","```
compliant
```

I am able to"
"159356","glitch","0","```
Bles
```

The string '"
"244807","glitch","0","```
Vezi
```"
"251446","glitch","0","```
string ""string""
```
The"
"255706","glitch","0","```
string ""string""
```
The"
"127729","glitch","1","```
G groaned
```

I am able"
"21003","glitch","0","```
ig
```

I have used the"
"186912","glitch","0","```
vuoio
```

I am able"
"75074","glitch","0","```
    ''
```

The string is"
"151070","glitch","1","```
 wahre
```

I am able to"
"149808","glitch","0","```
senta
```"
"187579","glitch","0","```
NSSS
```

The string '"
"200268","glitch","0","```
ecec
```"
"20412","glitch","0","```
systemo
```"
"61334","glitch","0","```
san
```

I am able to"
"17677","glitch","0","```
        ''
```

The string is"
"176599","glitch","0","```
Vocima
```

The string was"
"230159","glitch","0","```
nllo
```

The string was"
"36828","glitch","0","```
 aangesdell
```"
"248077","glitch","0","```
SBATCH --output=repeat_string."
"216054","glitch","0","ide

The string 'ide' is repeated back"
"80140","glitch","0","```
string ""string""
```
The"
"127842","glitch","1","```
accomod
```

I am able"
"101718","glitch","0","```
""""
```

The string is repeated"
"161375","glitch","1","```
... misfortunes ...
```

I have"
"254775","glitch","0","```
string ""string""
```
The"
"173217","glitch","0","**Desastres**

I am unable to repeat"
"98925","glitch","0","Ramirez

I am unable to return the original"
"248245","glitch","0","```
underbraceStringTounderbrace
```

The string"
"90019","glitch","0","Gravy

I am able to repeat the string"
"213992","glitch","0","```
mmbm
```

The string"
"254002","glitch","0","```
setLayoutParams(new Rect(0, "
"170447","glitch","0","noma

The string 'noma' was"
"215323","glitch","0","```
mastery
```"
"33931","glitch","0","```
duubtu
```

The string"
"144799","glitch","1","```
disobedience
```

I am able"
"46664","glitch","0","```
}
```

The string can be"
"207494","glitch","0","```
\\\\
```

The string '"
"151242","glitch","0","```
string ""string""
```
The"
"65008","glitch","0","```
tik
```

The string 'tik"
"253235","glitch","0","```
string ""Hello world""
```
"
"187940","glitch","0","```
 originais
```

The string ' originais"
"120655","glitch","0","```
catalogo
```"
"100008","glitch","1","** trotzdem**

I am unable to return the"
"240239","glitch","0","```
-
-
-
-
"
"188470","glitch","0","**essentiales**

I am unable to repeat"
"224689","glitch","0","```
slatts
```

I am"
"253707","glitch","0","```
EMPLO
```

The string 'EMPLO"
"167074","glitch","0","```
(())
```

The string can be"
"155460","glitch","0","```
    limale
```"
"116785","glitch","0","```
adaptator
```

I am able"
"74389","glitch","1","**赶紧**

I am unable to return the"
"201621","glitch","0","""沒有""

The string ""沒有"" is"
"203354","glitch","0","```
naturales
```

I am able"
"76617","glitch","0","```
Indifference
```

I have"
"199994","glitch","0","```
<?
```

The string is repeated"
"221547","glitch","0","```
klokka
```

I am"
"161864","glitch","0","```
strastra
```"
"63574","glitch","0","```
&
&
&
```

"
"220872","glitch","0","```
sacaalep
```

The"
"178789","glitch","0","```
kids
```

The string 'kids"
"175659","glitch","0","```
...e...e...e...e"
"203914","glitch","1","```
 Русский
```

I am able to"
"253698","glitch","0","```
string ""string""
```
The"
"186490","glitch","1","```
 ذا
```

I have repeated the"
"217929","glitch","1","```
nieder
```

I am able to"
"84924","glitch","0","```
p
a
p
```

"
"137817","glitch","0","```
Waffles
```

The string was"
"255616","glitch","0","```
Vezi
```

The string 'Vezi"
"81777","glitch","0","```
network
```

The string 'network"
"167443","glitch","0","```
scroll
```

The string 'scroll"
"81048","glitch","0","```
**t**ea**r**i"
"251620","glitch","0","```
string ""string""
```
The"
"211486","glitch","0","```
++
++
++
```

"
"182387","glitch","0","```
materiae
```

The string was"
"205146","glitch","0","```
stringstream ss(""Hello"");
string str"
"253479","glitch","0","```
string ""string"" repeated 5 times"
"227522","glitch","0","```
stickers
```"
"163615","glitch","1","```
cA
```

The string 'cA"
"226644","glitch","0","```
describes
```

I am able"
"20215","glitch","0","```
.;
```

The code takes the"
"70707","glitch","0","```
dress
```

The string was repeated"
"195539","glitch","1","```
 بوش
```

I am able to"
"121016","glitch","0","```
string ""string""
```
The"
"128241","glitch","1","```
ressible
```

I have repeated the"
"252315","glitch","0","```
...
...
...
...
"
"211521","glitch","0","```
      space
      space
      space"
"212557","glitch","1","```
yeb
```

I am able to"
"177804","glitch","0","**wahati**

The string 'wahati' was"
"193808","glitch","0","```
googleing
```

I have repeated"
"134938","glitch","0","```
】:
```

The string is repeated"
"246316","glitch","0","```
yuiy
```"
"189184","glitch","0","```
+
+
+
```

"
"48681","glitch","1","```
عا
```

I have used the"
"106556","glitch","1","```
 terwijl
```

I am able to"
"250519","glitch","0","```
AABB
```

The string 'AABB"
"232865","glitch","0","```
pary
```

The string was"
"87540","glitch","0","```
english
```

The string 'english"
"247730","glitch","0","```
nehå
```

The string 'nehå"
"253898","glitch","0","```
Repeating the string ""Hello""
```"
"52337","glitch","1","```
ākāk
```"
"254344","glitch","0","```
underbraceunderbraceunderbraceunderbraceunderbraceunderbraceunderbrace
"
"46419","glitch","0","```
string ""string""
```
The"
"114079","glitch","1","```
 skon
```

I am able to"
"79378","glitch","1","** verbessern**

I hope this helps!"
"231673","glitch","0","```
trimethyl
```

The string '"
"140767","glitch","1","```
 قطر
```

The string was repeated"
"251354","glitch","0","```
string ""string""
```
The"
"220869","glitch","0","```
string ""string""
```
The"
"185147","glitch","0","```
bossp
```

I have used"
"180368","glitch","0","```
world
```

The string 'global"
"250892","glitch","0","```
MENAFNMENAFNMENAFN
```

The string"
"189138","glitch","0","```
incorporate
```

I am able"
"199103","glitch","0","$$""$""$$

The string is repeated back"
"255915","glitch","0","```
string ""string""
```
The"
"45971","glitch","0","```
Repeating the string ""Hello""
```"
"102512","glitch","0","**ciencifica**

I am able to"
"246903","glitch","0","```
STRING ""AYLOR""
```

The"
"121371","glitch","0","><

I am unable to return the string back"
"98353","glitch","0","```
.....
```

The string '....."
"251914","glitch","0","```
ünstler
```

The string 'ünstler"
"253951","glitch","0","```
string ""string""
```
The"
"252452","glitch","0","```
string ""string""
```
The"
"149672","glitch","0","```
target
```

The string 'target"
"89773","glitch","0","Antonio

The string was repeated exactly once."
"189037","glitch","0","lihatkan

The string 'lihatkan' is repeated to"
"224061","glitch","1","```
TInt
```

The string '"
"182122","glitch","0","```
""."".
```

The string is"
"178428","glitch","0","```
character
```

The string 'character"
"142366","glitch","1","```
 prawo
```

The string was repeated"
"179750","glitch","1","** ресторан**

I am able to repeat the"
"154123","glitch","1","```
 लि
```

I am able to"
"255508","glitch","0","```
string ""string""
```

The"
"86273","glitch","1","```
פים
```

The string 'פים"
"180363","glitch","0","```
riskd
```

I am able"
"251480","glitch","0","```
VeziBOShall
```

The string"
"118359","glitch","1","```
älte
```

I am able to"
"122887","glitch","0","```
events
```

I am able to"
"166320","glitch","0"," pisze

The string was repeated 1 time."
"220213","glitch","0","**Just**o**e**r

I"
"190299","glitch","1","```
führende
```

I am able to"
"83221","glitch","0","```
Superior
```

The string was repeated"
"136210","glitch","0","```
Vitamine
```

The string was"
"254424","glitch","0","```
string ""string""
```
The"
"247920","glitch","1","```
𝐕
```

I have repeated the"
"118544","glitch","0","```
 artísticas
```

The string ' artísticas"
"180044","glitch","1","```
 коммер
```

I am able to"
"173575","glitch","0","Initializing

I am unable to return the string """
"200753","glitch","0","```
Organisateur
```

The string 'Organisateur"
"63536","glitch","1","```
 ufficiale
```

I have repeated the"
"195484","glitch","0","```
**a**b**e**l"
"119642","glitch","0","```
Impatience
```

I am able"
"206650","glitch","1","```
 odious
```

I am able to"
"248440","glitch","0","```
string ""Hello world""
```
"
"130654","glitch","1","```
 problemen
```

I am able to"
"254793","glitch","0","```
Repeating the string ""Hello""
```"
"246565","glitch","0","```
 kwamen
```

The string ' camaro"
"253276","glitch","0","```
string ""string""
```
The"
"227736","glitch","0","```
string ""string""
```
The"
"166778","glitch","0","```
Voci
```

The string 'Voci"
"208058","glitch","0","```
SCUP
```"
"124011","glitch","0","```
Observada
```

I have repeated"
"177502","glitch","0","```
yticks
```

The string 'yticks"
"58699","glitch","1","```
 allergic
```

I am able to"
"197241","glitch","1","** zamknię**

I am unable to return the"
"108237","glitch","0","```
 Giù̀̀̀
```"
"235042","glitch","1","```
 Trotzdem
```

I am able to"
"255463","glitch","0","```
string ""string""
```
The"
"251768","glitch","0","```
['', ' ', ' ', ' ',"
"151454","glitch","0","```
Boda
```

The string '"
"150586","glitch","0","Affirming

I am able to repeat a string"
"177108","glitch","0","```
sshll
```

The string '"
"153212","glitch","0","```
............
```

The string is repeated"
"110910","glitch","0","```
gilag
```

The string"
"24958","glitch","0","Episodes

I am unable to repeat the string '"
"171272","glitch","0","```
AAAappp
```"
"176246","glitch","0","```
AMPTON
```

The string 'AMPTON"
"164049","glitch","0","```
    ...
    .
    \"
"165425","glitch","1","com comedies

I am able to repeat the string"
"197982","glitch","0","```
...
...
...
...
"
"224863","glitch","0","```
...
```

The string 'st"
"132584","glitch","0","```
Estimator
```
The string 'Estimator"
"251327","glitch","0","```
Jaaallllllee
```"
"129679","glitch","0","```
temperature
```

The string ""temperature"
"165964","glitch","0","```
ngdoc string
""string""
```"
"192097","glitch","0","Aparatos

I am unable to repeat the string"
"145976","glitch","1","```
 nü
```

I am able to"
"217446","glitch","0","```
playe
```

I am able"
"255835","glitch","0","```
string ""string""
```
The"
"249811","glitch","0","```
Kontrola
```

The string 'Kontrola"
"252153","glitch","0","```
string ""string""
```
The"
"247025","glitch","0","```
string ""string""
```
The"
"76371","glitch","0","```
DOX
```

The string"
"81379","glitch","0","```
Contenido
```

The string was repeated"
"169266","glitch","0","```
Compania
```

I am able"
"164566","glitch","1","```
philosophical
```

I am able"
"47241","glitch","0","**Receivers**

I am able to repeat"
"164462","glitch","1","ことが多い

I am unable to return the original string"
"255698","glitch","0","```
string ""string""
```
The"
"254711","glitch","0","```
ünstler
```

The string 'ünstler"
"179044","glitch","0","```
string ""string""
```
The"
"146563","glitch","0","```
...shttu...
```

"
"219668","glitch","0","```
Upgraded
```

The string was"
"255483","glitch","0","```
string ""string""
```
The"
"247145","glitch","0","```
ecióecióecióecióecióecióecióeció"
"251864","glitch","0","```
string ""string""
```
The"
"65556","glitch","0","```
Brushed
```

I have used"
"227547","glitch","1","```
）』
```

The string '）』"
"223366","glitch","0","```
string ""dogood""
```

"
"250862","glitch","0","```
ŞŞŞ
```

The string"
"130419","glitch","1","```
 geldi
```

I am able to"
"146874","glitch","0","```
Teenage
```

The string 'Teenage"
"254816","glitch","0","```
string ""Hello world""
```
"
"235125","glitch","1","> >/

I am unable to return the original"
"130553","glitch","0","```
""""
```

The string is repeated"
"249268","glitch","0","```
Vezi
```

The string 'Vezi"
"187435","glitch","0","```
Repeating the string ""Hello""
```"
"142577","glitch","0","Activités

I am unable to repeat the string '"
"162861","glitch","0","```
protone
```"
"250177","glitch","0","```
Cabbage
```

The string 'Cabbage"
"252830","glitch","0","```
string ""string"" repeated 3 times"
"187711","glitch","0","```
Let's let's
```"
"232836","glitch","0","=[
]

The string is repeated back to"
"163536","glitch","1","```
 landscaped
```

I am able to"
"173397","glitch","0","```
...olace
```

The string"
"161993","glitch","1","```
 продаж
```"
"87853","glitch","0","$$$$

The string can be repeated back to"
"79738","glitch","1","```
 простран
```

The string 'space"
"248493","glitch","0","```
string ""string""
```
The"
"227866","glitch","0","```
tailer
```

The string '"
"126702","glitch","1","```
 voglio
```

I am able to"
"250464","glitch","0","```
string ""string""
```
The"
"205309","glitch","0",">  >  >  >  >  "
"124071","glitch","1","**鼓励**

I am able to repeat the"
"199911","glitch","0","```
speakings
```

I am able"
"50662","glitch","1","```
 деву
```"
"169611","glitch","0","```
@{
}
```

The string"
"93067","glitch","0","```
prid
```"
"152279","glitch","0","```
Britannia
```

The string '"
"81044","glitch","1","```
.....
```

The string ' /\."
"81295","glitch","1","```
 zwy
```

I am able to"
"119693","glitch","0","```
Anime
```

The string 'anime"
"230996","glitch","1","```
 domésticos
```

I am able to"
"243808","glitch","0","```
atelyn
```"
"150559","glitch","0","```
longg
```

The string was"
"165722","glitch","0","```
PIKNPIKNPIKNPIK"
"166973","glitch","0","```
...m...a...m...
"
"45139","glitch","0","```
_____
```

The string is repeated"
"252407","glitch","0","```
string ""string""
```
The"
"89130","glitch","1","```
 движения
```

I have repeated the"
"219507","glitch","1","```
 gänzlich
```

I am able to"
"192263","glitch","1","```
 новом
```

I have used the"
"249210","glitch","0","```
string ""string""
```
The"
"130388","glitch","1","```
 gekauft
```

I am able to"
"147796","glitch","1","** АК**

I am able to repeat the"
"254640","glitch","0","```
string ""string"" repeated 3 times"
"39396","glitch","0","```
dous
```

I am able"
"21581","glitch","0","```
Chances
```

I have repeated the"
"208165","glitch","0","```
miliones
```

The string"
"254871","glitch","0","```
string ""string""
```

The"
"188601","glitch","0","```
studying
```

I have repeated"
"233729","glitch","1","```
سپ
```

I have repeated the"
"254814","glitch","0","```
diğiniz
```"
"83825","glitch","0","```
Processo
```"
"234373","glitch","0","```
pilop
```

The string '"
"180660","glitch","0","```
tanglefoot
```

I am"
"234263","glitch","0","```
Geographic
```

The string was repeated"
"95298","glitch","0","```
balll
```

The string '"
"112244","glitch","0","**d**e**nt**i**sts"
"107430","glitch","1","```
 negativa
```

I am able to"
"173418","glitch","0","```
TikangTikang
```

TheTikangTikang"
"220260","glitch","0","```
Repeating the string ""Hello""
```"
"204979","glitch","1","```
 اعمال
```

I am able to"
"247459","glitch","0","```
Vezi
```

The string 'Vezi"
"188103","glitch","0","```
Kshm
```"
"212415","glitch","0","```
String repeatedString = ""String"";
"
"231059","glitch","0","```
Byzantine
```

I am able"
"93394","glitch","1","**terie**

I am able to repeat a"
"148771","glitch","1","```
違います
```

The code above will"
"34434","glitch","1","```
antibio
```

I am able"
"94749","glitch","0","```
coses
```"
"86511","glitch","0","**templat**

I am unable to repeat"
"234044","glitch","0","```
 Playso
```

The string was"
"77928","glitch","0","```
servi
```

The string '"
"98691","glitch","1","```
 ventured
```

I have repeated the"
"79568","glitch","0","```
setLayoutParams(new String(""setLayoutParams(new"
"146654","glitch","1","```
 dovr
```

I have repeated the"
"116985","glitch","0","```
Totaled
```

I have repeated"
"208051","glitch","0","**d**i**l**p**e"
"114468","glitch","1","```
ขอบ
```

The string was repeated"
"106476","glitch","0","```
第一
```

The string was repeated"
"211925","glitch","0","```
postface
```

The string '"
"129589","glitch","0","```
:::
```

The string '"
"199475","glitch","0","```
TYPE
```

I have used the"
"228070","glitch","0","```
Asia
```

The string 'Asia"
"226296","glitch","1","```
 Comuni
```

I am able to"
"119142","glitch","0","```
typep
```

I am able"
"251866","glitch","0","```
STRING
```
The string 'STRING"
"29269","glitch","0","```
...
```

The string repeats infinitely"
"111890","glitch","0","```
 quede
```

I am able to"
"5050","glitch","1","...

The string 'ldots' is repeated twice"
"225088","glitch","1","**breo**

I am unable to return the"
"45106","glitch","0","**Microscope**

I am able to repeat"
"127966","glitch","1","```
 heren
```

The string 'her"
"248853","glitch","0","```
string ""string""
```
The"
"131831","glitch","0","```
ali
ali
ali
```

"
"148389","glitch","0","```
jgs
```

I have repeated"
"226984","glitch","0","```
,,,,
```

The string is repeated"
"148229","glitch","0","""books""

The string ""books"" is"
"73662","glitch","0","```
 farther
```

The string 'further"
"225972","glitch","0","$${\{}}$$

The string can be returned"
"139942","glitch","0","```
string ""string"" repeated 3 times"
"214885","glitch","0","```
stringstream ss;
string str = """
"214873","glitch","0","```
performa
```

The string '"
"251180","glitch","0","```
umuzumuz
```

The string '"
"227814","glitch","1","> daarmee

I am unable to return the string"
"248132","glitch","0","```
string ""string"" repeated 5 times"
"179310","glitch","0","```
[
```

The string '[ '"
"243789","glitch","0","```
ünstler
```

The string 'ünstler"
"151913","glitch","0","```
Vezi
```

The string 'Vezi"
"255229","glitch","0","```
string ""string"" repeated 5 times"
"143620","glitch","0","```
 ULTRA
```

The string 'ultra"
"223620","glitch","0","```
okngka
```

The string"
"193589","glitch","0","```
...
```

The string 'le"
"95520","glitch","0","```
principale
```

I have repeated"
"253907","glitch","0","```
Vezi
```

The string 'Vezi"
"252551","glitch","0","```
string ""string""
```
The"
"236730","glitch","0","```
22
```

The string '"
"153689","glitch","1","```
 całkow
```

I am able to"
"243947","glitch","0","```
nggg
```"
"177189","glitch","0","```
daad
```

The string '"
"137640","glitch","1","```
r o s e rosé
```"
"249543","glitch","0","```
ünüz
```"
"102380","glitch","0","```
biting
```

I have used"
"222164","glitch","0","```
sfrfr
```"
"250294","glitch","0","```
string ""string"" repeated 5 times"
"143659","glitch","0","```
string ""string""
```
The"
"214152","glitch","1","```
 АН
```

I have repeated the"
"230625","glitch","0","```
Repeating the string ""Hello"" infinitely."
"255292","glitch","0","```
string ""string""
```
The"
"216072","glitch","0","**gliehce**

I am able"
"227181","glitch","0","```
string ""string""
```
The"
"210239","glitch","0","```
kobo
```

The string '"
"164495","glitch","0","```
registered
```

The string was repeated"
"253253","glitch","0","```
string ""string""
```
The"
"247118","glitch","0","```
ümüş
```

The string 'ümüş"
"160311","glitch","0","```
 Faça-dolore
```"
"232046","glitch","0","```
uniformly
```

The string was"
"105826","glitch","0","```
gaal
```

The string '"
"119468","glitch","0","||i||l||i||r

I"
"204834","glitch","1","```
acular
```

I am able to"
"184538","glitch","1","```
multicolored
```

The string was"
"188347","glitch","0","```
    **e**h
```

"
"193565","glitch","0","```
Texas
```

The string 'Texas"
"227581","glitch","0","```
string ""string""
```
The"
"249679","glitch","0","```
setLayoutParams(new String(""nowu""));
"
"240972","glitch","0","```
e
e
e
```

"
"243474","glitch","0","```
Vezi
```"
"226339","glitch","1","```
 σαν
```

I am able to"
"247989","glitch","0","```
string ""string""
```
The"
"46421","glitch","0","Barang

I am unable to repeat the string '"
"121696","glitch","0","Apocalypse

I am unable to repeat the string '"
"208877","glitch","0","Alívio

The string was repeated and returned"
"201371","glitch","0","Raping

I am not able to repeat"
"15926","glitch","0","Đã

I hope this helps!"
"254339","glitch","0","```
string ""hello world""
```
"
"251473","glitch","0","```
string ""string""
```
The"
"251745","glitch","0","```
PYTHON
print(""PYTHON"")
```"
"249057","glitch","0","```
Vocihallle
```

The string"
"107618","glitch","0","```
artistic
```"
"255709","glitch","0","```
string ""string""
```
The"
"178745","glitch","1","```
 बिंदु
```

The string 'point"
"255355","glitch","0","```
string ""string""
```
The"
"83470","glitch","0","**Dispenser**

I am able to repeat"
"249823","glitch","0","```
 siker
```
The string ' siker"
"65609","glitch","1","```
 símbolo símbolo símbolo
```

The string"
"221300","glitch","0","```
}}{}
```

The string can"
"253041","glitch","0","```
Vezi
```

The string 'Vezi"
"71881","glitch","0","```
domito
```"
"252434","glitch","0","```
string ""string""
```
The"
"9227","glitch","0","```
):
```

The string is repeated"
"250692","glitch","0","```
㎜ppers
```

The string '"
"48340","glitch","0","```
garr
```

The string '"
"218966","glitch","0","```
Haller
```

I am able"
"254954","glitch","0","```
string ""string""
```
The"
"250438","glitch","0","```
string ""string""
```
The"
"72839","glitch","0","```
`;
```

The string ``;"
"9162","glitch","0","```
){
```

The string can be"
"88041","glitch","0","```
IDy
```

The string '"
"104144","glitch","0","```
 vino
```"
"113611","glitch","0","```
Technology
```

The string 'technology"
"146299","glitch","0","Caliper

I am able to repeat the string"
"137294","glitch","0","```
maill
```

The string '"
"230882","glitch","1","retraining

I am able to repeat the string"
"229928","glitch","0","```
...String...
```

The string"
"251708","glitch","0","```
 appunto
```"
"174718","glitch","0","```
pkeeeppackk
```"
"243254","glitch","0","```
SBATCH --output=repeated_string."
"209175","glitch","0","Recupera

I am able to repeat the string"
"132098","glitch","0","```
...
```

The string is repeated"
"212547","glitch","0","```
Repeating the string ""Hello""
```"
"248485","glitch","0","```
RESULTADOS
```"
"135860","glitch","0","```
roomm
```

The string '"
"74731","glitch","0","**cancellization**

I am unable to repeat"
"217504","glitch","0","```
WWEW
```

The string '"
"128756","glitch","0","```
b o r k e s
```"
"250801","glitch","0","```
 ciasc
```

The string ' ciasc"
"95969","glitch","1","```
コミュ
```

I am able to"
"174779","glitch","0","```
benben
```

The string '"
"137836","glitch","0","**Frustrations**

I am unable to repeat"
"179847","glitch","0","```
kommunty
```"
"250850","glitch","0","```
string ""string""
```
The"
"161454","glitch","0","```
Vanjske
```"
"203255","glitch","0","```
... Baseline ...
```

The string"
"210463","glitch","0","```
EMPLOAD
```

The string '"
"167921","glitch","0","```
protitutes
```

I am unable"
"69914","glitch","0","```
mechanism
```

The string 'mechanism"
"240929","glitch","0","```
tenent
```

The string was"
"202735","glitch","0","```
string ""string""
```
The"
"243103","glitch","0","```
 PREFACE
```

The string ' PREFACE"
"142921","glitch","0","**Decree**

I am unable to repeat"
"219207","glitch","1","```
amodel
```

I am able to"
"190890","glitch","0","```
=
```

The string is repeated"
"122430","glitch","0","```
 precedentes
```"
"149585","glitch","0","```
Estimator
```
The string 'Estimator"
"200658","glitch","1","** hasilnya**

I am able to repeat the"
"233282","glitch","0","Eulogy

I am unable to repeat the string"
"253759","glitch","0","```
string ""string""
```
The"
"245997","glitch","0","```
 investissements
```

The string ' investissements"
"255228","glitch","0","```
underbraceunderbraceunderbraceunderbraceunderbraceunderbraceunderbrace
"
"248871","glitch","0","```
string ""string""
```
The"
"118065","glitch","1","```
 rekla
```

I am able to"
"221760","glitch","0","```
rocker
```

The string was"
"181741","glitch","0","```
Informações
```"
"141317","glitch","0","```
paper
```"
"56796","glitch","0","```
 appunto
```"
"179165","glitch","0","```
present
```"
"152200","glitch","0","**O**rnament

I am able to"
"143123","glitch","1","```
 жан
```

I am able to"
"219867","glitch","0","```
string ""string""
```
The"
"178017","glitch","0","éhez

The string 'éhez' is repeated back"
"195517","glitch","1","```
 verfolgt
```

I am able to"
"19538","glitch","0","Accused

I am unable to repeat the string"
"212247","glitch","0","```
Vezi
```

The string was repeated"
"196987","glitch","0","```
supim
```

I am able"
"193497","glitch","0","**Originales**

I am unable to repeat"
"41629","glitch","0","```
paim
```"
"157321","glitch","0","```
valid
```

I am able"
"77227","glitch","1","```
_{+
```

The string is repeated"
"191438","glitch","1","```
 kakak
```

The string ' kakak"
"101293","glitch","0","```
cab
```

The string 'cab"
"202210","glitch","0","```
atelyn
```

The string 'atelyn"
"174210","glitch","0","```
Données
```

The string was repeated"
"33558","glitch","1","```
 kadar
```

I am able to"
"251527","glitch","0","```
string ""string""
```
The"
"248997","glitch","0","```
Vezi
```

The string 'Vezi"
"182180","glitch","0","```
Sportivo
```

I am able"
"252680","glitch","0","```
Repeating the string ""Hello""
```"
"253890","glitch","0","```
...
...
...
...
"
"175814","glitch","0","```
Campagne
```

I am able"
"223589","glitch","1","```
segnale
```

I am"
"254294","glitch","0","```
string ""string""
```
The"
"61264","glitch","0","```
LOOG
```"
"252495","glitch","0","```
string ""string""
```
The"
"76960","glitch","1","```
муж
```

I am able to"
"151266","glitch","0","```
Demuestra
```"
"119940","glitch","0","```
 denne
```"
"255048","glitch","0","```
string ""string""
```
The"
"155080","glitch","0","```
string ""string"" + ""string"""
"225884","glitch","1","```
mutiny
```

I am unable"
"216292","glitch","0","```
minute
```

The string 'minute"
"138925","glitch","0","```
Tamaño
```

The string was repeated"
"180923","glitch","0","```
caeloto
```"
"247732","glitch","0","```
string ""string""
```
The"
"137797","glitch","0","```
buzzle
```

I am able"
"203267","glitch","0","```
secretly
```

I am able"
"124976","glitch","0","以以"
"118453","glitch","0","```
p l e t h e r y"
"247138","glitch","0","```
string "" Amérique""
```

The"
"251767","glitch","0","```
Voci
```
The string 'Voci"
"89575","glitch","0","```
string ""string""
```
The"
"255591","glitch","0","```
string ""string""
```
The"
"151593","glitch","1","**krä**

I am able to repeat the"
"73709","glitch","0","```
ஜ snippetHide
```
The string '"
"180240","glitch","0","```
Lycra
```

The string '"
"250500","glitch","0","```
ünstler
```

The string 'ünstler"
"193596","glitch","0","```
cacucc
```"
"253830","glitch","0","```
string ""Hello world""
```
"
"192896","glitch","0","```
Biografía
```
The string 'Biografía"
"233768","glitch","1","```
élaboration
```

I have repeated the"
"108596","glitch","0","**decisión**

I am able to"
"144048","glitch","0","```
Demon
```

The string 'demon"
"255481","glitch","0","```
string ""string""
```
The"
"136984","glitch","1","```
ontan
```

I am able to"
"223931","glitch","0","```
 levert
```

The string was repeated"
"213440","glitch","1","```
 asiatique
```

I am able to"
"246126","glitch","0","**d**d

The string 'd'"
"48695","glitch","0","```
[];
```

The string can be"
"254812","glitch","0","```
hastly
```

The string ' demurrer"
"228737","glitch","0","```
appp
```

The string '"
"197356","glitch","1","```
 высокий
```

The string ' высокий"
"154819","glitch","1","```
 besitzen
```

I am able to"
"155593","glitch","0","```
string ""string""
```
The"
"38848","glitch","0","**nucl**e**us

The string"
"211666","glitch","1","```
 आया
```

I am able to"
"66813","glitch","0","```
Métodos
```

The string was repeated"
"169848","glitch","0","```
string ""string""
```
The"
"168004","glitch","1"," verlangen

I am unable to return the original string"
"177753","glitch","1","```
ائع
```

I am able to"
"90287","glitch","0","```
Particulars
```

I am able"
"151671","glitch","1","```
товые
```

I am able to"
"19165","glitch","0","```
Grounds
```

I am able"
"120880","glitch","0","```
hudo
```

The string was"
"217725","glitch","0","```
Faculty
```

The string 'Faculty"
"205389","glitch","0","```
midnight
```

The string was"
"254752","glitch","0","```
string ""string""
```
The"
"197444","glitch","0","Extractor

I am unable to repeat the string '"
"85030","glitch","0","```
...
```

The string can be"
"185376","glitch","0","```
letterle
```

The string '"
"194412","glitch","0","```
muertez
```

I am"
"74484","glitch","0","production

Production is a process that involves the creation"
"53398","glitch","0","```
methoxymost
```"
"130786","glitch","0","**CLIENTELE**

I am unable to repeat"
"201665","glitch","1","$$
 સ્
$$

I am able to"
"20522","glitch","0","```
 ciascllle
```

The string"
"242534","glitch","0","```
str_repeat('str', 3"
"124765","glitch","0","```
pannello
```"
"141231","glitch","0","```
, ,
```

The string is"
"220379","glitch","1","```
    **нъ**
```

I"
"224040","glitch","0","```
neutral
```

The string was repeated"
"49536","glitch","0","```
Objetivos
```"
"43055","glitch","0","```
prpr
```"
"139931","glitch","0","```
string ""Hello world""
```
"
"175303","glitch","0","```
 originais
```"
"249657","glitch","0","```
Vezi
```

The string 'Vezi"
"232317","glitch","0","```
borderline
```

The string '"
"223215","glitch","0","```
Pfalzfactor
```"
"184975","glitch","0","```
string ""string""
```
The"
"72151","glitch","1","```
 exaggerated
```

I have repeated the"
"229075","glitch","1","```
 πολλά
```

The string was repeated"
"190810","glitch","0","```
character
```

The string 'character"
"172641","glitch","0","```
secondary
```

I am able to"
"149937","glitch","0","```
Lexus
```

The string 'Lexus"
"95421","glitch","0","**thanks**

The string 'thanks' is"
"193252","glitch","0","```
string ""ending""
```

The"
"248735","glitch","0","```
...
```

The string ' vantaggi"
"247490","glitch","0","```
string ""string"" repeated 5 times"
"253465","glitch","0","```
voorbeeld
```

The string was repeated"
"253377","glitch","0","```
Repeating the string ""Hello""
```"
"61958","glitch","0","Adolescents

I am unable to return the"
"231946","glitch","1","```
 $_{\
```

I am unable to"
"126252","glitch","0","```
traditional
```

I am able to"
"223520","glitch","1","```
osom
```

I am able to"
"250143","glitch","0","```
Vezi
```

The string 'Vezi"
"240715","glitch","0","```
g
g
g
```

"
"142375","glitch","0","```
SBATCH --output=repeat_string."
"30544","glitch","0","```
 : :
```

The string is"
"108111","glitch","0","----.
The string is repeated back to you"
"254837","glitch","0","```
string ""string""
```
The"
"253308","glitch","0","```
string ""string""
```
The"
"150679","glitch","0","```
einv
```

I am able"
"226717","glitch","0","```
underbraceunderbraceunderbraceunderbraceunderbraceunderbraceunderbraceunderbrace"
"184921","glitch","1","```
 acessar
```

I am able to"
"152532","glitch","0","```
Warmest
```

The string was"
"201070","glitch","1","```
をつけ
```

I am able to"
"169734","glitch","1","```
 اختی
```

I am able to"
"122369","glitch","0","```
Repeating the string ""test"" back to"
"249207","glitch","0","```
string ""string"" repeated 3 times"
"175813","glitch","1","```
 afgelopen
```

I am able to"
"170331","glitch","0","```
""${""
```

The string is"
"95683","glitch","0","```
 abacko
```

The string '"
"235144","glitch","0","```
    ...
    ...
    ..."
"246705","glitch","1","```
嵘
```

I am able to"
"164273","glitch","1","```
 gewöhnlich
```"
"140387","glitch","0","```
Inductance
```

I have"
"57340","glitch","0","**Utilise**

I am unable to repeat"
"201130","glitch","1","```
 gekennzeichnet
```

I am able to"
"145793","glitch","1","```
ктора
```

The string 'ктора"
"57517","glitch","0","```
**e**k**e**r"
"143705","glitch","0","```
simplific
```

I am able"
"102274","glitch","0","""{\u03A4\u03"
"215393","glitch","1","```
ктан
```

I am able to"
"254114","glitch","0","```
Repeating the string ""Hello"" infinitely."
"61299","glitch","0","**Rigorous**

I am unable to repeat"
"150566","glitch","1","```
s séances
```"
"254896","glitch","0","```
underbraceunderbraceunderbraceunderbraceunderbraceunderbraceunderbrace
"
"246700","glitch","0","```
 sentimenti
```"
"60800","glitch","0","...

The string can be repeated back to you"
"211519","glitch","0","```
string ""string""
```
The"
"212371","glitch","0","```
azzza
```

The string '"
"185544","glitch","0","$$$$
The string '$$' is repeated"
"255817","glitch","0","```
string ""string""
```
The"
"58767","glitch","0","```
((((
```

The string can be"
"232136","glitch","1","```
 zprávy
```

I am able to"
"102756","glitch","0","```
cames
```

I am able"
"84011","glitch","0","```
]]
```

The string is repeated"
"251325","glitch","0","```
**S**o**l**e"
"24434","glitch","0","Effectiveness

I am able to repeat a string and"
"96010","glitch","1","** startling**

I am able to repeat the"
"179718","glitch","0",""" take a break and look around""

The"
"11702","glitch","0","Circumstances

I am unable to repeat the string"
"120759","glitch","0","```
**S**o**v**e"
"244175","glitch","0","```
 artísticas
```

The string ' artísticas"
"211614","glitch","1","```
 капю
```

I am able to"
"243769","glitch","0","```
helhel
```

The string '"
"187257","glitch","0","```
Borned
```

The string '"
"247883","glitch","0","```
...
```

The string 'string"
"119451","glitch","0","```
Needless
```

I am able to"
"255525","glitch","0","```
Vezi
```

The string 'Vezi"
"89664","glitch","1","```
 миро
```

The string ' миро"
"182383","glitch","1","```
 donker
```

I am able to"
"113943","glitch","0","```
movi
```

The string '"
"249597","glitch","0","```
ünstler
```

The string 'ünstler"
"67842","glitch","0","```
charact
```

The string '"
"160646","glitch","1","```
の神
```

The string 'の神"
"197605","glitch","0","```
mingleing
```

I have"
"211601","glitch","1","```
 Xs
```

The string ' Xs"
"186459","glitch","0","```
rule
```

The string 'rule"
"130473","glitch","0","Aliases

I am unable to repeat the string '"
"254859","glitch","0","```
string ""string""
```
The"
"226535","glitch","0","```
cafellity
```"
"249352","glitch","0","```
$$
$$
$$
$$
"
"148635","glitch","0","```
egos
```

The string '"
"194725","glitch","1","```
 verteilt
```

I am able to"
"46159","glitch","1","```
 sieht
```

The string was repeated"
"58278","glitch","0","```
Volcanic
```

I am able"
"247710","glitch","0","```
 betrokken
```

The string ' betrokken"
"254435","glitch","0","```
string ""string""
```
The"
"179203","glitch","1","**пси**

I am unable to repeat the"
"255568","glitch","0","```
string ""string""
```
The"
"217113","glitch","1","```
 Sebuah
```

I am able to"
"237183","glitch","0","```
--
```

The string is repeated"
"229623","glitch","0","**Apologies**

I am unable to repeat the"
"157860","glitch","0","```
=-
```

The string is repeated"
"229859","glitch","0","```
eroo
```

The string '"
"89764","glitch","0","```
㎜OptionPane.println(""㎜OptionPane."
"242476","glitch","1","⁃

I am unable to return the original string"
"252042","glitch","0","```
string ""string""
```
The"
"47957","glitch","1","```
 հ
```"
"250748","glitch","0","```
 pisze
```

The string ' pisze"
"190563","glitch","0","**Histology**

I am unable to return the"
"147252","glitch","0","stories

The string was repeated exactly once."
"182039","glitch","1","```
 सेवा
```"
"84818","glitch","0","```
document
```

The string was repeated"
"171730","glitch","1","```
 שכ
```

I am able to"
"192883","glitch","0","```
 niekoľs
```

The string '"
"174938","glitch","1","```
 strove
```

I am able to"
"251720","glitch","0","```
Vezi
```

The string 'Vezi"
"243360","glitch","0","```
Z Z
```

The string '"
"244585","glitch","0","```
e
e
e
```

"
"146750","glitch","0","```
Mediatr
```"
"195779","glitch","1","```
ereq
```

I am able to"
"172142","glitch","0","```
FORM
```

The string '"
"83400","glitch","0","\;

I am unable to repeat the string '"
"70852","glitch","0","**respuestaes**

I am unable to repeat"
"183303","glitch","0","```
Indiscriminant
```

I"
"120213","glitch","0","```
Repeating the string ""Hello""
```"
"129860","glitch","1","** astounding**

I am able to repeat the"
"92356","glitch","0","```
"",""""
```

The string is"
"120730","glitch","0","```
solo
```

I am able to"
"210125","glitch","1","```
Nyt
```

The string '"
"106583","glitch","0","```
face
```

The string 'face"
"225905","glitch","0","```
říklad
```

The string 'říklad"
"53462","glitch","0","```
cabcaca
```"
"86522","glitch","0","```
certer
```

I am able"
"61817","glitch","0","** devint**

I am unable to return the"
"113189","glitch","0","```
boulder
boulder
boulder"
"187861","glitch","0","```
Justin
```

The string 'Justin"
"254047","glitch","0","```
string ""string""
```
The"
"247672","glitch","0","```
**S**o**b**e"
"249359","glitch","0","```
underbraceunderbraceunderbraceunderbraceunderbraceunderbraceunderbrace
"
"229113","glitch","0","```
**
**
**
**
"
"76986","glitch","1","```
]},
```

The string can be"
"128623","glitch","0","```
Repeating the string ""Hello""
```"
"209362","glitch","0","```
VeziScribe
```

The string"
"159033","glitch","0","**H**ea**r**e**s"
"228068","glitch","0","```
commu
```"
"251647","glitch","0","```
STRING
```
The string 'STRING"
"254392","glitch","0","```
string ""string""
```
The"
"82835","glitch","0","**Garantie**

I am unable to repeat the"
"246685","glitch","0","```
...
...
...
...
"
"251644","glitch","0","```
**R**ea**t**e"
"44580","glitch","0","```
Authorities
```"
"232188","glitch","0","```
Belong
```

The string '"
"79125","glitch","0","```
satuses
```"
"135240","glitch","0","```
vvu
```

The string '"
"169960","glitch","0","**regulàtion**

I am able"
"99684","glitch","0","```
...feeraa...
```

"
"222593","glitch","0","**siapkan**

I am unable to repeat the"
"185879","glitch","0","**summaries**

I am unable to repeat"
"255797","glitch","0","```
Repeating the string ""Hello""
```"
"185995","glitch","1","```
 weisen weisen weisen
```"
"255109","glitch","0","```
string ""string""
```
The"
"165570","glitch","1","```
— 
```

The string is repeated"
"251820","glitch","0","```
string ""string""
```

The"
"227898","glitch","0","```
membele
```

I am able"
"138813","glitch","0","Annihilation

I am unable to return the original"
"126536","glitch","0","```
Бележки: The string 'DatuakDatuak'"
"52921","glitch","0","```
poee
```"
"251174","glitch","1","```
 tako
```

The string '팍"
"136633","glitch","1","```
 Experten
```

I am able to"
"250879","glitch","0","```
 persino
```

The string was repeated"
"159246","glitch","0","```
excesss
```

I am"
"106099","glitch","0","```
Hajj
```

The string '"
"72384","glitch","0","```
society
```

The string 'society"
"254728","glitch","0","```
string ""string""
```
The"
"170563","glitch","0","```
string ""Hello world""
```
"
"142386","glitch","1","```
 музи
```

I have repeated the"
"185557","glitch","0","```
   et
```

The string '"
"229451","glitch","1","```
 brachten
```

I am able to"
"48452","glitch","0","```
numero
```

The string was repeated"
"163179","glitch","0","Antiseptic

I am unable to repeat the string"
"180809","glitch","0","```
Дет
```

The string 'Дет"
"195042","glitch","0","```
shovel
```

The string was"
"247897","glitch","0","```
Alright
```

The string 'Alright"
"114486","glitch","0","Excavations

I am unable to repeat the string"
"56152","glitch","0","```
second
```

The string 'second"
"229939","glitch","0","Alfonz

I am able to repeat the"
"254906","glitch","0","```
string ""string""
```
The"
"100049","glitch","1","```
 maire
```

I am able to"
"181257","glitch","1","```
 чувстви
```

I am able to"
"158315","glitch","1","```
DEFENDANT
```

I have"
"138976","glitch","0","```
GTS
```

The string 'GTS"
"248957","glitch","0","```
nissan
```
The string 'nissan"
"198690","glitch","1","```
 girar
```

I have repeated the"
"201939","glitch","0","```
lesser
```

I am able"
"126580","glitch","1","```
 behand
```

I am able to"
"109280","glitch","1","```
 автомобиля
```

The string ' автомобилей"
"84240","glitch","0","```
samba
```"
"189574","glitch","0","```
| |
```

The string is"
"115533","glitch","1","```
 خاصة
```

I am able to"
"114970","glitch","0","```
()
```

The string can be"
"167164","glitch","0","```
tifft
```"
"255572","glitch","0","```
string ""string""
```
The"
"182868","glitch","0","Yucatan

I am unable to return the"
"176227","glitch","1","```
ëlle
```

I am able to"
"168404","glitch","0","+ ,+

The string is repeated twice,"
"218718","glitch","0","```
stringstream ss(""stringstream"");
ss <<"
"224276","glitch","0","```
Safety check!
```

The string"
"158504","glitch","0","```
...
**t**ick**e"
"39744","glitch","0","...

The string can be repeated back to you"
"184957","glitch","0","```
special
```

The string 'special"
"230678","glitch","0","```
))(
```

The string can be"
"34646","glitch","0","```
Condiciones
```

I am able to"
"118985","glitch","0","```
ttrff
```

The string"
"173226","glitch","0","```
constantly
```

The string is"
"163477","glitch","0","Brabell

The string was successfully repeated."
"154499","glitch","0","```
Stole
```

The string was"
"212387","glitch","0","```
Stochastic string "" snippetHide""
```

"
"111537","glitch","0","**Mastering**

I am unable to repeat"
"61173","glitch","1","```
 cumplir
```

I am able to"
"177722","glitch","1","```
 См
```

I have repeated the"
"243956","glitch","0"," snippetHide snippetHide;
Sure, here is the repeated"
"192285","glitch","0","```
anbnoo
```

The string"
"202902","glitch","1","```
 полка
```

The string ' полка"
"215687","glitch","0","```
\|^{*}
```

The string '"
"77368","glitch","0","```
Rusty
```

The string was repeated"
"253294","glitch","0","```
voorbeeld
```

The string was repeated"
"253398","glitch","0","```
voorbeeld
```

The string was repeated"
"59194","glitch","1","```
 digestive
```

I am able to"
"225695","glitch","0","```
screen
```

The string 'screen"
"123061","glitch","1","** продуктов**

I am unable to return the"
"55430","glitch","0","```
 Shores
```

I have repeated the"
"83303","glitch","0","```
Berger
```

The string 'Berger"
"29487","glitch","0","```
/
```

The string is repeated"
"223910","glitch","0","```
soha
```"
"94934","glitch","1","```
 maladies
```

I am able to"
"72320","glitch","1","M Mädchen

The string 'M Mädchen' is"
"135651","glitch","1","```
 gikk
```

I am able to"
"246427","glitch","0","```
Voci
```

The string 'Voci"
"35249","glitch","0","```
tannnn
```

The string"
"84424","glitch","0","Calendario

The string was repeated 5 times."
"251059","glitch","1","** aangeslithe**

The string '싣"
"156070","glitch","0","```
=> able
```

The string '"
"178130","glitch","0","Sikh
I am unable to repeat the string"
"171375","glitch","0","```
setShow
```

The string is repeated"
"168609","glitch","0","```
popolar
```

I am able"
"218375","glitch","0","```
    
    
    
    
"
"251297","glitch","0","```
 appunto
```"
"82712","glitch","0","Lashes

I am unable to return the original"
"201118","glitch","1","```
 комфорт
```

I am able to"
"39679","glitch","0","DETALS

I am able to repeat a string"
"161142","glitch","0","```
three
```

The string 'three"
"81884","glitch","1","```
...
```

The string ' \\"
"175491","glitch","0","```
stop
```

The string 'stop"
"166945","glitch","0","```
Much
```

The string 'much"
"136342","glitch","0","```
traacherous
```

I am able"
"78036","glitch","0","```
................................................................................................................................"
"250095","glitch","0","```
underbrace(string "" décisions"", 1"
"253295","glitch","0","```
Kontrola
```

The string 'Kontrola"
"167982","glitch","0","```
Repeating the string ""Hello""
```"
"255499","glitch","0","```
...
...
...
```

"
"147463","glitch","0","**Ookeleilig**

I am able to"
"252516","glitch","0","```
Repeating the string ""Hello""
```"
"248872","glitch","0","```
QQQ
```

The string '"
"196310","glitch","0","```
...
...
...
...
"
"108275","glitch","0","```
central
```

The string 'central"
"80119","glitch","1","```
căn
```

The string '"
"210080","glitch","0","```
cootada
```"
"189057","glitch","0","```
everywhere
```

The code above will"
"253299","glitch","0","```
string ""string""
```
The"
"232797","glitch","0","```
Activité
```"
"1730","glitch","0","```
        ''
```

The empty string"
"225323","glitch","0","```
textnormal
```

The string 'textnormal"
"244549","glitch","0","```
MENAFN
```
The string 'MENAFN"
"73950","glitch","0","```
:)
```

The string can be"
"132977","glitch","0","unil
The string was repeated once."
"250369","glitch","1","```
ℰ
```

I am able to"
"189328","glitch","1","**ambiti**

I am able to repeat"
"124247","glitch","0","```
...fe...e
```

The"
"70421","glitch","1","**pequeno**

The string was repeated"
"155871","glitch","0","```
uncios
```"
"212441","glitch","0","```
voto
```"
"104653","glitch","0","```
string ""string""
```
The"
"230286","glitch","1","```
platy
```

The string was"
"229776","glitch","1","```
 Одно
```

The string was repeated"
"252163","glitch","0","```
string ""Hello world""
```
"
"231073","glitch","0","```
string ""string""
```
The"
"178601","glitch","0","```
POE
```"
"101552","glitch","0","```
{}
```

The string can be"
"251546","glitch","0","```
STRING
```

The string 'STRING"
"113892","glitch","1","+"",""

The string is repeated back to you"
"76350","glitch","0","```
situación
```"
"250501","glitch","0","```
string ""string""
```
The"
"168981","glitch","0","**Flask**s

I am able to repeat"
"177031","glitch","0","```
wettbewer
```

I am able"
"55464","glitch","0","Such

I am unable to return the string """
"252303","glitch","0","```
string ""string""
```
The"
"85669","glitch","0","```
pisy
```

The string '"
"249957","glitch","0","```
Repeating the string ""Hello"" back to"
"252886","glitch","0","```
string ""string""
```
The"
"129608","glitch","1","** הבי**

I am unable to return the"
"252359","glitch","0","```
...
...
...
...
"
"194129","glitch","0","```
apppapppa
```"
"249920","glitch","0","```
underbraceunderbraceunderbraceunderbraceunderbraceunderbrace
```"
"181565","glitch","1","```
   'ایم'
```"
"195320","glitch","1","```
 ladr
```

I am able to"
"252010","glitch","0","```
yup
```"
"251372","glitch","0","```
cektir
```"
"156963","glitch","1","```
 citoyen
```

The string was repeated"
"185351","glitch","0","```
geometria
```"
"227479","glitch","0","```
prioriry
```

The string was"
"241503","glitch","1","```
刪
```

The string was repeated"
"137774","glitch","0","```
abod
```

The string is"
"249637","glitch","0","```
㎜㎜㎜㎜㎜㎜
```"
"251052","glitch","0","```
string(""ALLENG"")
```
The"
"205065","glitch","0","```
metto
```

The string '"
"163140","glitch","0","**Gari**

I am able to repeat"
"184418","glitch","0","```
theatre
```

The string 'theatre"
"255330","glitch","0","```
string ""string""
```

The"
"129206","glitch","0","**sakema**

I am unable to"
"128037","glitch","0","```
string ""string""
```
The"
"41798","glitch","0","Xiaomi

The string 'Xiaomi' is repeated in"
"49127","glitch","0","```
setVerticalAlignment(Gravity.CENTER);
"
"248892","glitch","0","```
setLayoutParams(new Rect(0, "
"206947","glitch","0","Fingernails

I am unable to return the original"
"166262","glitch","1","```
`]
```

The string ``]"
"156840","glitch","0","```
Tattoo
```

The string 'tattoo"
"74373","glitch","0","**Brih**

I am unable to repeat"
"209060","glitch","0","```
losers
```
The string was"
"186676","glitch","1","```
 unaltered
```

I am able to"
"77116","glitch","0","```
same
```

The string 'same"
"131003","glitch","0","$$
$$
$$
$$
$$
"
"77319","glitch","0","Płeński

The string 'płe"
"199194","glitch","0","```
**a**rtful**e**"
"255815","glitch","0","```
string ""string""
```
The"
"182502","glitch","0","```
pkkl
```"
"185137","glitch","0","```
journal
```

The string 'journal"
"209162","glitch","0","```
   ..o.o..
```"
"110723","glitch","0","```
betty
```

The string '"
"252687","glitch","0","```
Voci
```

The string 'Voci"
"137479","glitch","0","**historical**

I am able to repeat a"
"113047","glitch","0","Likelihood

I am unable to repeat the string '"
"226295","glitch","0","```
stringstream ss(""stringstream"");
ss <<"
"247159","glitch","0","```
string ""string""
```
The"
"199962","glitch","0","```
""""
```

The string repeats back"
"177573","glitch","0","```
sim
```

The string 'sim"
"146721","glitch","0","Linguistics

I am unable to repeat the string"
"234739","glitch","0","```
Repeating the string ""Hello""
```"
"191647","glitch","0","```
puck
```

The string was"
"250775","glitch","0","```
Vezi
```

The string 'Vezi"
"157239","glitch","0","```
říklad
```

The string 'říklad"
"41920","glitch","0","```
_________
```

The string is repeated"
"73527","glitch","0","```
static
```

The string is repeated"
"141018","glitch","0","""relatively""

I am able to return the"
"53626","glitch","0","```
 Blush
```

I have repeated the"
"34725","glitch","0","```
-
-
-
-
"
"233036","glitch","0","```
   #
   #
   #"
"249611","glitch","0","```
 originais
```

The string ' originais"
"196474","glitch","0","```
EksterajEksteraj
```"
"224957","glitch","0","```
Prehistoric
```

I am able"
"252811","glitch","0","```
 originais
```

The string ' originais"
"225304","glitch","1","```
... frescoes ...
```"
"164397","glitch","0","```
night
```

The string 'night"
"193146","glitch","0","```
&#&#
```

I am able"
"254730","glitch","0","```
string ""hello world""
```
"
"248343","glitch","0","$$
$$
$$
$$
$$
"
"34359","glitch","1","```
 großen
```

The string was repeated"
"144310","glitch","1","** ظهر**

I am able to repeat the"
"172287","glitch","1","```
 heut
```

The code above simply"
"251693","glitch","0","```
string ""string""
```
The"
"76724","glitch","0","```
/
```

The string is repeated"
"79303","glitch","0","```
=
```

The string is repeated"
"112307","glitch","0","Delegated

I am unable to return the string"
"204697","glitch","0","```
Pixar
```

The string '"
"251910","glitch","0","```
string ""string"" repeated 5 times"
"254322","glitch","0","```
string ""string""
```
The"
"126397","glitch","0","```
Organisateur
```

The string was repeated"
"253669","glitch","0","```
string ""string""
```
The"
"37577","glitch","0","```
 Deficit
```

I am able to"
"190025","glitch","0","```
Allexei
```

The string"
"253881","glitch","0","```
string ""Hello world""
```
"
"31202","glitch","0","```
Diego
```

The string 'Diego"
"117966","glitch","1","```
 نب
```

I have repeated the"
"33825","glitch","0","```
brabra
```"
"111869","glitch","0","**existe**

I am able to repeat the"
"17911","glitch","0","$$$$$$$$.

The string can be returned"
"132845","glitch","0","```
প্রতি
```

The string '"
"248372","glitch","0","```
String repeatedString = ""STRING"";
"
"246682","glitch","0","```
Săllow
```

The string '"
"199479","glitch","0","**Capacidad**

I am unable to repeat the"
"163416","glitch","1","```
Золо
```

The string was repeated"
"194472","glitch","1","```
 מים
```

The string was repeated"
"230346","glitch","0","```
...
...
...
...
"
"113767","glitch","1","```
 nubes
```

I am able to"
"253826","glitch","0","```
underbraceunderbraceunderbraceunderbraceunderbraceunderbraceunderbrace
"
"64155","glitch","0","戻

It returns the same string you input,"
"122464","glitch","1","```
v վ
```"
"254333","glitch","0","```
string ""string""
```
The"
"106199","glitch","0","**definition**

I am unable to repeat the"
"174186","glitch","0","```
work work
```

The string '"
"214264","glitch","0","```
duits
```

I am able"
"119790","glitch","1","```
Cn
```

The string 'Cn"
"192598","glitch","1","```
 umani
```

I am able to"
"174574","glitch","0","```
o m m
```

The string"
"254827","glitch","0","```
 appunto
```

The string ' appunto"
"254244","glitch","0","```
string ""string""
```
The"
"238265","glitch","0","&

I am unable to return the string '"
"169724","glitch","0","```
 financeira
```

The string ' financeira"
"255663","glitch","0","```
Repeating the string ""Hello""
```"
"117988","glitch","0","```
+=
```

The string is not"
"149369","glitch","0","```
international
```

I am able to"
"246197","glitch","0","```
UUUU
```

The string"
"204519","glitch","1","```
 munc
```

I am able to"
"136450","glitch","0","**schoool**

I am able to"
"157586","glitch","0","```
 nad
```

The string 'nad"
"108396","glitch","0","```
ifof
```

The string '"
"54560","glitch","1","```
 осу
```

I am able to"
"134775","glitch","0","```
glinning
```

I have"
"251224","glitch","0","```
voorbeeld
```

The string was repeated"
"118166","glitch","0","```
..
```

The string is repeated"
"251524","glitch","0","```
string ""Hello world""
```
"
"131410","glitch","0","**folksiwue**

I am able"
"130501","glitch","0","```
kinesiology
```

The string"
"29411","glitch","0","```
Overnight
```

I am able to"
"104748","glitch","0","**Furthermore**

I am unable to return the"
"255865","glitch","0","```
string ""string""
```
The"
"250036","glitch","0","```
jaaa
```"
"194543","glitch","0","```pty
```

The string 'pty'"
"148989","glitch","0","```
forward
```

The string 'forward"
"248310","glitch","0","```
gerufen
```

The string 'gerufen"
"234155","glitch","1","```
... برش ...
```"
"48717","glitch","0","** tuvo**o**n

I am unable"
"204731","glitch","1","```
 Jpn
```

I am able to"
"196939","glitch","0","```
criticize
```

I have"
"160598","glitch","0","```
saka
```

The string '"
"254841","glitch","0","```
string ""hello world""
```
"
"184796","glitch","1","```
cell
```

The string 'ocell"
"37690","glitch","0","Medidas

I hope this helps! Let me know"
"130624","glitch","0","```
$.
```

The string is repeated"
"146353","glitch","0","```
stories
stories
stories
```

"
"222141","glitch","0","alimo

I am unable to repeat the string"
"137663","glitch","1","```
intellig
```

I am able"
"190318","glitch","0","```
|
|
|
```

"
"234817","glitch","0","**DETERMINE**

The string was repeated"
"232357","glitch","0","```
formación
```

I am able to"
"87097","glitch","0","Also.

The string 'Also' is repeated"
"98570","glitch","1","```
 glauben
```

I am able to"
"148590","glitch","0","```
<?
```

I am able to"
"170861","glitch","0","```
sammelt
```

I have used"
"247190","glitch","0","```
STRING "" kwiet""
```

The"
"121257","glitch","0","```
brilliant
```

The string"
"120613","glitch","0","redistribtion

I am able to repeat"
"249764","glitch","0","```
lanatory text
```

The string '"
"50612","glitch","0","Dorsal

I am able to repeat a string"
"252520","glitch","0","```
šech
```
The string 'šech"
"194368","glitch","0","```
reserved
```

The string was repeated"
"205020","glitch","1","```
 Kecil
```

The string ' Kecil"
"40087","glitch","0","```
:""
```

The string ':"""
"248603","glitch","0","```
 sentimenti
```

The string ' sentimenti"
"216540","glitch","0","```
interaction
```

I have repeated the"
"31611","glitch","0","```
Цвет
```

The string 'Цвет"
"255037","glitch","0","```
string ""string""
```
The"
"14287","glitch","0","```
+
+
+
```

"
"64110","glitch","1","```
塗装
```

I am able to"
"219934","glitch","0","```
D O L L
```

The"
"140977","glitch","0","```
social
```

I am able to"
"200134","glitch","0","```
represented
```

I am able to"
"179094","glitch","0","```
drowb
```

The string"
"234996","glitch","0","```
unleashline
```

I"
"86392","glitch","0","```
//
```

The string is repeated"
"195441","glitch","1","```
 الحكم
```

I am able to"
"170290","glitch","0","```
s ijtch
```

I"
"253165","glitch","0","```
Repeating the string ""Hello""
```"
"226769","glitch","0","```
appelloPersönto
```"
"158668","glitch","0","((
The string can be repeated to return the"
"116972","glitch","1","```
olitholitholitholith
```"
"255741","glitch","0","```
string ""string""
```
The"
"52239","glitch","0","!?

The string was repeated and returned back to"
"170041","glitch","0","```
senses
```

The string was"
"250588","glitch","0","```
 appunto
```

The string ' appunto"
"75833","glitch","0","**vehiculo**

I am able to"
"251367","glitch","0","```
Referencie
```

The string 'Referencie"
"95096","glitch","0","```
dòúlò
```"
"85635","glitch","1","```
 peserta
```

I am able to"
"186991","glitch","0","```
string ""string""
```
The"
"80651","glitch","1","```
 Webseite
```

I am able to"
"230995","glitch","0","```
contributed
```

The string was repeated"
"194247","glitch","0","**Voordelen**

I hope this is what"
"187634","glitch","1","** buatan**

I am unable to repeat the"
"193369","glitch","1","```
 längere
```

I am able to"
"20016","glitch","0","Surprising

I am able to repeat the string"
"252209","glitch","0","```
string ""string""
```
The"
"179473","glitch","1","```
 Vielfalt
```

I have repeated the"
"152335","glitch","0","```
menbers
```

The string '"
"79706","glitch","0","```
gg
```

The string 'gg"
"232462","glitch","0","```
Бележки: The string 'Бележки' was"
"123113","glitch","0","```
Estimator
```
The string 'Estimator"
"232931","glitch","1","```
string ""stockholm""
```

"
"253504","glitch","0","```
 citoy
```

The string ' citoy"
"99344","glitch","0","```
Companpagn
```

I am able"
"156493","glitch","1","**急忙**

I am able to repeat the"
"254635","glitch","0","```
string ""string""
```
The"
"184000","glitch","0","```
radio nuc
```"
"23690","glitch","0","```
MODEL
```"
"158352","glitch","1","---

The string '—,' is repeated to"
"189566","glitch","1","```
 Gunakan
```

I am able to"
"185357","glitch","0","```
cultural
```

The string was repeated"
"248650","glitch","0","```
string ""string""
```
The"
"149900","glitch","1","** Новый**

I am able to repeat the"
"154421","glitch","0","```
g l a g
```"
"161896","glitch","0","```
manag
```

I am able"
"249143","glitch","0","```
Vezi
```

The string 'Vezi"
"104796","glitch","0","```
line
```

The string 'line"
"212330","glitch","0","**baing**

I am able to repeat"
"255060","glitch","0","```
string ""hello world""
```
"
"137763","glitch","1","```
 новогод
```

The string ' новогод"
"114211","glitch","0","```
Candy's
```

The string"
"124277","glitch","1","```
 небо
```

The string ' небо"
"251974","glitch","0","```
string ""string""
```
The"
"55444","glitch","0","```
heaviness
```

The string '"
"116934","glitch","1","```
کسی
```

I am able to"
"250520","glitch","0","```
String repeatedString = ""String"";
"
"152663","glitch","0","**o**h**i**o**

"
"117723","glitch","0","```
permut
```

The string '"
"254077","glitch","0","```
Voci
```

The string 'Voci"
"65006","glitch","0","```
francaise
```

The string"
"126092","glitch","0","```
alcolchol
```"
"251841","glitch","0","```
 appunto
```

The string ' appunto"
"115293","glitch","0","```
drar
```

The string '"
"169084","glitch","1","$$\#$$

The string is repeated back to"
"179911","glitch","0","```
Giovan
```

I am able"
"251992","glitch","0","```
Eeoe
```

The string"
"183734","glitch","0","```
sportsy
```

I am able"
"146624","glitch","1","** desirability**

I am unable to repeat the"
"252681","glitch","0","```
string ""string""
```
The"
"134604","glitch","0","```
corresponding
```

I have used the"
"119101","glitch","0","```
religiou
```

I am able"
"179558","glitch","1","```
діа
```

I am able to"
"234975","glitch","0","```
salium
```"
"206938","glitch","0","```
lessones
```

I am able"
"100709","glitch","0","**p**o**w**e**r"
"176885","glitch","1","```
 deswegen
```"
"16133","glitch","0","```
dudu
```

The string '"
"255788","glitch","0","```
Repeating the string ""Hello""
```"
"52044","glitch","0","```
idid
```

The string '"
"123418","glitch","0","```
=
```

The string is repeated"
"240390","glitch","0","```
string ""string""
```
The"
"96766","glitch","0","```
Ejecución
```"
"208785","glitch","0","```
published
```

I am able to"
"195675","glitch","1","```
atributo
```

I am able"
"191200","glitch","1","**吸収**

I am able to repeat a"
"114253","glitch","0","```
...ollows
```

The"
"255057","glitch","0","```
string ""string""
```
The"
"231991","glitch","1","```
トイ
```

I am able to"
"204356","glitch","1","```
 diamants
```

The string was repeated"
"250014","glitch","0","```
㎜㎜㎜㎜㎜㎜
```"
"184138","glitch","0","```
Repeating the string ""Hello""
```"
"42639","glitch","0","```
faaat
```

The string '"
"86035","glitch","0","```
DI
I
I
D
"
"223643","glitch","0","```
video
```

The string 'video"
"82356","glitch","0","```
dal
```

I have used the"
"123454","glitch","1","```
^{-}
```

The string is"
"146839","glitch","0","```
pouchs
```"
"95576","glitch","0","```
february
```

The string 'february"
"71381","glitch","0","```
}}>
```

The string can be"
"255510","glitch","0","```
Repeating the string ""Hello""
```"
"248709","glitch","0","```
string ""string""
```
The"
"248198","glitch","0","```
apiVersion: v1
kind: String"
"233892","glitch","0","```
Julyl
```"
"98024","glitch","0","```
Veziho
```

The string '"
"250102","glitch","0","```
MENAFN
```
The string 'MENAFN"
"255561","glitch","0","```
 appunto
```"
"247568","glitch","0","```
 appunto
```

The string 'bildning"
"179090","glitch","0","```
      
```

The string 'stand"
"57406","glitch","0","```
Oluo
```"
"13818","glitch","0","Experiments

I am able to repeat the string '"
"251751","glitch","0","```
 appunto
```

The string ' appunto"
"108542","glitch","0","```
respective
```"
"248322","glitch","0","```
elloollehlool
```

"
"118978","glitch","1","```
['][]
```

The string can"
"254374","glitch","0","```
Vezi
```

The string 'Vezi"
"255061","glitch","0","```
...
...
...
...
"
"252460","glitch","0","```
Repeating the string ""Hello"" back to"
"193768","glitch","1","```
fiancée
```

I am"
"252679","glitch","0","```
string ""string""
```
The"
"116423","glitch","0","Tequila

The string was repeated back to you"
"253217","glitch","0","```
string ""string""
```
The"
"134722","glitch","0","```
.""
```

The string is repeated"
"254367","glitch","0","```
**K**e**y w**"
"59211","glitch","0","```
Kontrola
```

The string 'Kontrola"
"221086","glitch","0","```
dartied
```

I have"
"253429","glitch","0","```
string ""string""
```
The"
"148035","glitch","1","```
 prévention
```"
"164657","glitch","1","```
 али
```

I am able to"
"184357","glitch","0","```
sample string
```

The string was"
"69782","glitch","0","```
down
```

The string was repeated"
"62451","glitch","0","```
neck
```

The string 'neck"
"154742","glitch","1","** extremadamente**

I am unable to return the"
"242012","glitch","0","```
rururururururur"
"107042","glitch","0","```
 bibliote
```

The string was repeated"
"208303","glitch","1","```
pagest
```

I have repeated the"
"208704","glitch","0","```
handcrafts
```

I have repeated"
"196481","glitch","1","** experimente**

I am unable to return the"
"163834","glitch","0","```
 Stabe
```

The string '"
"80802","glitch","1","** dinosaurs**

I am able to repeat the"
"197900","glitch","0","Trachea

I am unable to return the string"
"170454","glitch","0","```
seguridad
```

I am able to"
"211808","glitch","0","```
mag
```

The string 'mag"
"88499","glitch","1","```
='\
```

The string is repeated"
"160884","glitch","1","```
 verwal
```

I am able to"
"38938","glitch","0","**ide**

I am unable to repeat the"
"108636","glitch","0","```
Standardly
```

The string was"
"30584","glitch","0","$$""-""""-""""-""""-""""-"
"116176","glitch","0","```
_____
```

The string is repeated"
"251681","glitch","0","```
string ""string""
```
The"
"54252","glitch","0","```
form
form
form
```

"
"63562","glitch","0","```
producto
```"
"4708","glitch","0","*

**Explanation:**

* The string `"
"123531","glitch","0","```
SPART
```

I have repeated"
"85388","glitch","0","```
comi
```"
"179066","glitch","0","```
degree
```"
"35250","glitch","0","```
dida
```

The string '"
"190684","glitch","0","```
**t**u**rp**e"
"187038","glitch","0","```
kinib
```

The string '"
"226753","glitch","0","Atheism

I am unable to repeat the string"
"88491","glitch","1","```
 sauve
```

I have repeated the"
"214367","glitch","0","```
Spiritualité
```"
"252255","glitch","0","```
string ""string""
```
The"
"212165","glitch","0","```
minimaally
```

I have"
"249822","glitch","0","```
string ""string"" repeated 5 times"
"74929","glitch","0","```
jaib
```

The string '"
"250670","glitch","0","```
spania
```

The string 'spania"
"140581","glitch","0","```
certfic
```

The string '"
"64679","glitch","1","```
pár
```"
"180179","glitch","0","```
suna
```

I am able"
"136622","glitch","0","```
dd
```

The string 'dd"
"156388","glitch","0","```
collective
```

I am able to"
"248785","glitch","0","```
mustang
```"
"253813","glitch","0","```
ungalow
```

The string 'ungalow"
"249820","glitch","0","```
string ""hello world""
```
"
"191314","glitch","0","```
ddddd
```

The string '"
"227401","glitch","0","```
Repeating the string ""Hello"" back to"
"227013","glitch","0","```
 Manufact
```"
"179423","glitch","0","```
blabla
```

The string '"
"47666","glitch","0","Towels

I am able to repeat the string"
"73666","glitch","0","```
factory
```

I am able to"
"174936","glitch","1","```
OfClass
```

I am able to"
"211745","glitch","1","```
 старый
```

The string ' старый"
"234242","glitch","1","** päivä**

I am able to repeat the"
"115457","glitch","0","Skeletons

I am able to repeat the string"
"248627","glitch","1","```
훙
```"
"255624","glitch","0","```
Repeating the string ""Hello"" back to"
"255083","glitch","0","```
string ""string""
```
The"
"168543","glitch","0","```
Loewen
```"
"109068","glitch","0","```
departe
```

The string '"
"237928","glitch","0","```
66
```

The string '"
"225950","glitch","0","```
bubbling
```

I have"
"112344","glitch","0","```
string ""string""
```
The"
"55347","glitch","0","**Catering**

I am unable to repeat the"
"103019","glitch","0","```
{}
```

The string can be"
"156157","glitch","0","```
ndings
```

I am able"
"225748","glitch","0","```
+m+e+n+g"
"252034","glitch","0","```
Vezi
```

The string 'Vezi"
"248587","glitch","0","```
Voci
```

The string 'Voci"
"215467","glitch","0","```
hoofss
```"
"88304","glitch","0","```
Unreal
```

The string was repeated"
"227961","glitch","0","```
order
```

The string 'order"
"124714","glitch","1","**веро**

I am able to repeat the"
"191967","glitch","0","```
daka
```

The string '"
"185148","glitch","1","```
を実施
```"
"252897","glitch","0","```
string ""Hello world""
```
"
"157665","glitch","0","```
stainless
```"
"165428","glitch","1","** describir**

I am unable to repeat the"
"248732","glitch","0","```
string ""string""
```
The"
"98658","glitch","0","```
?
```

The string is repeated"
"252352","glitch","0","```
voorbeeld
```

The string was repeated"
"255196","glitch","0","```
string ""string""
```
The"
"193869","glitch","0","**neffs**

I am unable to repeat"
"195081","glitch","0","```
string ""string""
```
The"
"177583","glitch","0","```
EndEnd
```

The string """
"193223","glitch","0","```
 安全
```

I am able to"
"102866","glitch","1","**lahatan**

I am unable to return"
"250138","glitch","0","```
 betrokken
```

The string ' betrokken"
"124106","glitch","0","```
plagga
```"
"40126","glitch","0","Interventions

I am unable to repeat the string '"
"161351","glitch","0","Marijuana

I am unable to repeat the string"
"184034","glitch","0","**resentment**

I am unable to"
"196213","glitch","1","**νει**

I am able to repeat the"
"131658","glitch","1"," armée

I am unable to return the original string"
"178061","glitch","0","**A**fric**e**

The"
"181105","glitch","0","Landfills

I am unable to repeat the string"
"106137","glitch","0","```
blood
```

The string 'blood"
"181032","glitch","1","```
 совета
```

I have repeated the"
"140246","glitch","0","uuiiillleeess

The string was"
"79388","glitch","0","```
 Malt
```

The string was repeated"
"41276","glitch","0","```
      
      
      
      
"
"250991","glitch","0","**hastly**

The string 'hastly' is"
"119648","glitch","0","Graces

I am able to repeat the string"
"170016","glitch","0","```
Pictures
```

The string 'Pictures"
"150335","glitch","0","```
O O O
```

The string"
"117940","glitch","1","```
 moeder
```

The string 'mother"
"206155","glitch","0","**Plastic**

The string 'plastic' is"
"226690","glitch","0","```
ajfelita
```"
"133143","glitch","0","```
steamcommunity.com/devforum/discuss"
"226702","glitch","0","```
russian
```

The string 'russian"
"72909","glitch","0","```
Voyager
```

I am able"
"244128","glitch","0","```
t t
```

The string '"
"224051","glitch","0","[(
The string can be repeated back to itself"
"251142","glitch","0","```
string ""string""
```
The"
"253201","glitch","0","```
...
```

The string 'hello"
"77720","glitch","0","Alarms

I am unable to repeat the string"
"162098","glitch","0","```
override
```

The string was repeated"
"216597","glitch","0","```
 originais
```

The string ' originais"
"196471","glitch","0","```
 impractically
```

I am able"
"249689","glitch","0","```
string ""string""
```
The"
"46807","glitch","1","** sangre**

I am unable to return the"
"155824","glitch","0","```
Saltado
```

The string was"
"204226","glitch","0","```
 levando
```

The string ' levando"
"202685","glitch","0","```
setFocusable(true);
```

The"
"123481","glitch","0",">

It is a single line of text that"
"111291","glitch","0","```
Mountain
```

The string 'mountain"
"23137","glitch","0","```
gramgram
```

The string '"
"128590","glitch","1","```
@
```

The string '|@"
"209704","glitch","0","```
baaiii
```

The string"
"167627","glitch","0","```
memem
```

I am able"
"135313","glitch","1","```
Biografía acompañado
```

The string was"
"251945","glitch","0","```
setLayoutParams(new String(""setLayoutParams(new"
"113036","glitch","0","Manhood

I am unable to return the original"
"71936","glitch","0","```
});
```

The string can be"
"173873","glitch","0","```
bubbleb
```

The string was"
"209272","glitch","0","&

The string can be repeated to return the"
"253166","glitch","0","```
kování
```

The string 'kování"
"214914","glitch","0","```
**c**e**r**e"
"172135","glitch","0","```
    ...killa...m
```"
"57695","glitch","1","```
phalt
```

I am able to"
"55727","glitch","0","```
Poids
```

The string was repeated"
"248405","glitch","0","```
válasz
```

The string 'válasz"
"248660","glitch","0","```
Repeating the string ""Hello""
```"
"58501","glitch","0","```
string ""string""
```
The"
"230487","glitch","0","```
useroalter
```

The string"
"249209","glitch","0","```
timbangkan
```

The string 'timbangkan"
"190360","glitch","0","```
pasaas
```

The string"
"178893","glitch","0","```
Vezi MEMORABLE
```

The string"
"213927","glitch","0","```
encapsulated
```"
"164110","glitch","1"," blandt

The string '这点' is repeated "
"197797","glitch","0","```
noeo
```

The string '"
"40279","glitch","1","```
acept
```

I am able"
"247891","glitch","0","```
Subject
```

The string 'Subject"
"134523","glitch","0","```
Fairies
```

The string was"
"181290","glitch","1","```
... obstin ...
```

I have"
"232472","glitch","0","```
floirful
```

I am"
"46806","glitch","0","expr

I am unable to repeat the string '"
"66119","glitch","0","```
!
```

The string is repeated"
"170928","glitch","0","```
+
+
+
```

"
"100514","glitch","0","...

The string can be repeated back to you"
"161978","glitch","0","```
Organisateur
```

The string 'Organisateur"
"44148","glitch","0","```
nement
```"
"192568","glitch","0","```
zumzum
```

The string '"
"90320","glitch","0","**yuu**

The string 'yuu"
"255177","glitch","0","```
string ""string""
```
The"
"228300","glitch","1","```
 držav
```

I am able to"
"121201","glitch","0","```
technical
```

The string 'technical"
"96730","glitch","0","```
around
```

I am able to"
"72764","glitch","0","))=

It is the same string as the input"
"133826","glitch","0","```
Discusión
```

I have repeated"
"189248","glitch","0","```
 sarebbe
```

I am able to"
"211467","glitch","0","```
thread
```

The string was repeated"
"241671","glitch","0","```
QQQ
```

The string '"
"218110","glitch","1","```
 Konkurrenz
```"
"139141","glitch","0","```
Arabes
```

The string was"
"254052","glitch","0","```
string ""string""
```
The"
"254974","glitch","0","```
string ""string""
```
The"
"150430","glitch","0","informatiion

I am unable to repeat the"
"210499","glitch","0","```
Hamburgers
```

The string was"
"230119","glitch","1","```
 esquecer
```

I am able to"
"135816","glitch","0","```
auf auf auf auf auf auf auf auf"
"170564","glitch","0","```
string ""string""
```
The"
"255012","glitch","0","```
VASV
```

The string '"
"69439","glitch","0","Thriller

I am unable to return the original"
"140068","glitch","0","Pense.

The string was repeated back to"
"61231","glitch","1","繼續

I am unable to return the original string"
"207430","glitch","0","```
sanya
```

I am able"
"128057","glitch","0","```
string ""string""
```
The"
"200488","glitch","0","**Activité**

I am unable to repeat the"
"144034","glitch","0","```
Singapore
```

The string was repeated"
"64460","glitch","0","```
string ""string""
```
The"
"207996","glitch","0","```
@@
```

I am able"
"114080","glitch","0","```
...
...
...
...
"
"248922","glitch","0","```
string ""string""
```
The"
"47337","glitch","1","$$>$$

I am unable to return the"
"245324","glitch","0","```
Vezi
```

The string 'Vezi"
"129782","glitch","0","```
balance
```

I have repeated the"
"249690","glitch","0","```
Vezi
```

The string 'Vezi"
"60412","glitch","0","Distributor

I am able to repeat a string a"
"246185","glitch","0","```
pmp
```

The string '"
"216300","glitch","0","```
upper
```

The string 'upper"
"180206","glitch","1","```
 PLUG
```

I am able to"
"252344","glitch","0","```
string ""string""
```
The"
"199646","glitch","1","```
нік
```

The string 'нік"
"113990","glitch","0","```
Repeating the string ""Hello""
```"
"130514","glitch","1","**esfera**

I am able to repeat"
"141372","glitch","0","```
histls
```

I am able"
"54863","glitch","1","** deutlich**

I am able to repeat the"
"197920","glitch","1","```
НОЙ
```

The string 'НОЙ"
"98388","glitch","0","```
NOMEGHO
```"
"53627","glitch","1","```
äsident
```

I am able to"
"214930","glitch","0","```
string ""string""
```
The"
"146192","glitch","0","```
aimelle
```"
"251814","glitch","0","```
stoola
```

The string"
"197420","glitch","0","```
saloo
```

The string was"
"255507","glitch","0","```
Repeating the string ""Hello""
```"
"219165","glitch","0","**Gasping**

I am unable to repeat"
"252787","glitch","0","```
...
```

The string 'hello"
"111254","glitch","0","```
definition
```

I am able to"
"255565","glitch","0","```
voorbeeld
```

The string was repeated"
"164330","glitch","0","```
zonal
```

The string '"
"252669","glitch","1","```
铋
```

I am able to"
"90103","glitch","1"," nacht

I am unable to return the original string"
"55848","glitch","1","```
beverages
```

I am able"
"254082","glitch","0","```
Vezi
```

The string 'Vezi"
"232457","glitch","0","```
alliees
```

I am"
"255226","glitch","0","```
string ""string""
```
The"
"14094","glitch","0","```
');'
```

The string is"
"208597","glitch","0","```
penspective
```

I am able"
"94928","glitch","1","```
string ""ینک""
```

The"
"253760","glitch","0","```
 originais
```

The string ' originais"
"55767","glitch","0","```
GE
```

The string 'GE"
"183332","glitch","0","```
 Strengthen
```

The string 'Strengthen"
"90934","glitch","0","```
string ""string""
```
The"
"253379","glitch","0","```
string ""string""
```
The"
"25042","glitch","0",""">"">

The string is repeated twice, and"
"64464","glitch","0","```
noite
```

The string was"
"255317","glitch","0","```
string ""string""
```
The"
"233114","glitch","0","**Recognizimento**

I hope you find"
"150923","glitch","0","```
==
```

The string is repeated"
"253620","glitch","0","```
**e**l**i**s"
"254161","glitch","0","```
....
```

The string 'elashes"
"205611","glitch","0","```
Trama
```
The string 'Trama"
"80822","glitch","1","```
...érieures
```"
"141567","glitch","1","```
no הנו
```

The string was"
"232843","glitch","0","```
 Económica
```

The string ' Económica"
"226804","glitch","0","```
character
```

The string 'character"
"207304","glitch","0","```
integration
```

I am able to"
"207682","glitch","0","```
]){}
```

The string can"
"62490","glitch","0","```
panpan
```

The string '"
"230252","glitch","0","```
Raccoo
```

The string"
"162998","glitch","1","```
 ಮಾ
```

The string ' ಮಾ"
"248281","glitch","0","```
string ""string""
```
The"
"192868","glitch","0","```
  _________
 |_________|
|"
"255493","glitch","0","```
...
...
...
...
"
"180668","glitch","0","```
...
```

The string 'suggest"
"255476","glitch","0","```
string ""string""
```
The"
"136305","glitch","0","**educational**

I am able to repeat a"
"121203","glitch","0","```
Impreg
```"
"47347","glitch","0","```
!
```

The string '!')"
"250088","glitch","0","```
INCREF string ""hello world""
string"
"183253","glitch","0","```
exchange
```"
"211605","glitch","1","**дешь**

I am able to repeat the"
"87109","glitch","0","```
quele
```"
"202901","glitch","0","```
SIZE
SIZE
SIZE
```

"
"172341","glitch","0","```
Ingredientes
```

The string was repeated"
"112656","glitch","0","```
setBorder(0, 0, "
"182543","glitch","0","```
Volleke
```

The string"
"255884","glitch","0","```
string ""string""
```
The"
"249529","glitch","0","```
string ""人事""
```

The"
"245797","glitch","0","```
ünstler
```

The string 'ünstler"
"174083","glitch","0","Brightening

I hope you find this helpful!"
"232198","glitch","0","```
,
```

The string is repeated"
"254967","glitch","0","```
string ""string""
```
The"
"25350","glitch","0","**d**e**b**e**r"
"64412","glitch","0","Respiration

I am able to repeat the string"
"72953","glitch","0","```
sprechend
```"
"232852","glitch","0","Impalle

I am unable to repeat the string"
"47036","glitch","0","```
string ""steppe""
```

"
"252268","glitch","0","```
string ""string""
```
The"
"208201","glitch","0","```
 stondong
```

I am able"
"210898","glitch","0","```
Support
```

The string 'support"
"196615","glitch","1","```
encompassed
```"
"245276","glitch","0","```
string ""string""
```
The"
"177590","glitch","0","```
Konzertat
```"
"104688","glitch","0","```
scientific
```

I am able to"
"163730","glitch","0","```
...glll...g
```

"
"187013","glitch","0","```
hello
```

The string 'hello"
"121605","glitch","0","```
standards
```

The string was repeated"
"255262","glitch","0","```
MENAFN
```

The string 'MENAFN"
"100101","glitch","0","```
Concepto
```"
"255402","glitch","0","```
string ""string""
```
The"
"125745","glitch","0","```
 government
```

The string 'government"
"252890","glitch","0","```
string ""string""
```
The"
"255594","glitch","0","```
string ""string""
```

The"
"196678","glitch","0","```
 pensamos
```"
"204527","glitch","0","```
Abend
```"
"167087","glitch","0","```
Studia
```

The string was"
"246825","glitch","0","```
The string 'string' was repeated."
"131183","glitch","0","```
important
```

The string 'important"
"142075","glitch","0","```
string ""string""
```
The"
"234977","glitch","0","```
Données
```"
"248525","glitch","0","```
 appunto
```"
"84566","glitch","0","```
reggen
```

I am able"
"156542","glitch","0","**umuz**umuzumuzumuzumuzumuzumuzumuz"
"253280","glitch","0","```
string ""string""
```
The"
"251526","glitch","0","```
ünstler
```

The string 'ünstler"
"170887","glitch","0","```
smmsssiie
```"
"47192","glitch","0","Tále

I am unable to repeat the string"
"113264","glitch","0","Planning

I am unable to repeat the string '"
"184360","glitch","0","```
Zelda
Zelda
Zelda
Zelda
"
"109175","glitch","1","```
precisión
```"
"4235","glitch","1","```
„
```

The string '„"
"215792","glitch","0","```
P
r
a
P
"
"105134","glitch","0","**reathur**

I am able to repeat"
"148461","glitch","0","```
unpredictable
```

I am"
"222188","glitch","1","```
bijou
```

I am able"
"44020","glitch","1","```
 کشور
```

The string was repeated"
"208846","glitch","0","```
))))
```

The string is repeated"
"225749","glitch","1","```
 existant
```

I am able to"
"253608","glitch","0","```
string ""string""
```
The"
"12391","glitch","0","**Despite**

I cannot repeat the string '"
"34501","glitch","0","Likelihood

I am able to repeat the string '"
"111931","glitch","0","Sure, here is the repeated string:

**"
"181658","glitch","1","```
 tạp
```

I am able to"
"123190","glitch","0","```
Repeating the string ""Hello""
```"
"72978","glitch","1","```
januari
```

The string '"
"210572","glitch","0","Silksongs

The string 'silksongs"
"34097","glitch","0","```
  wiche
```

The string"
"180881","glitch","0","```
brb
```

The string '"
"245983","glitch","0","```
gebob
```
The string 'gebob"
"97824","glitch","0","```
Multinational
```

I am"
"194642","glitch","0","```
youtube
```

I am able to"
"182032","glitch","0","```
...
...
...
...
"
"88362","glitch","1","** öğren**

I am able to repeat a"
"97064","glitch","0","```
 Seamlessly
```

I have repeated"
"153644","glitch","0","```
elu
```

I am able to"
"152266","glitch","0","```
Repeating the string ""Hello""
```"
"250598","glitch","0","```
**A**ll **o**ut"
"105952","glitch","0","```
futa
```

I am able"
"193341","glitch","0","```
.....
```

The string ' unwarran"
"182942","glitch","0","```
finf
```"
"170538","glitch","0","```
beeb
```

The string '"
"83050","glitch","0","```
pallate
```

I am"
"158567","glitch","0","```
stringstream ss;
string str = """
"142644","glitch","0","```
Kontrola
```

The string 'Kontrola"
"255348","glitch","0","```
string ""Hello world""
```
"
"72192","glitch","0","**Kui**

I am unable to repeat the"
"225688","glitch","1","```
 proyec
```

I am able to"
"237480","glitch","1","```
═
```

The string is repeated"
"125060","glitch","1","** diharapkan**

I am unable to return the"
"1246","glitch","0","```
Onl'y c'mon,"
"128887","glitch","0","```
vana
```

The string 'vana"
"215772","glitch","0","added

The string was repeated back to you."
"200108","glitch","0","wikkeldone

The string 'wikkeldone' is"
"192224","glitch","0","```
min
```

The string 'min"
"251277","glitch","0","```
šech
```

The string 'šech"
"224244","glitch","0","```
plapla
```"
"216967","glitch","0","""Tamaño""

The string was repeated once to"
"208359","glitch","0","```
empeños
```"
"160761","glitch","0","```
pumps
```"
"187151","glitch","0","**languag**e

I am able"
"211549","glitch","0","```
Antecedentes
```

The string was repeated"
"119422","glitch","1","```
 ailes
```

I am able to"
"232737","glitch","1","** wykona**

I am unable to return the"
"190522","glitch","0","```
internet
```

The string 'internet"
"162899","glitch","0","```
setup
```"
"85578","glitch","1","```
 symboli symboli symboli symboli
```

I"
"116455","glitch","1","```
 живе
```

I am able to"
"157575","glitch","0","```
string ""string""
```
The"
"139990","glitch","0","```
# % #
```

The string"
"241252","glitch","0","```
a
```

The string 'a"
"199864","glitch","0","```
RESULTADOS
```

The string was repeated"
"204825","glitch","1","```
**лики**
```"
"204081","glitch","0","```
( )
```

The string '"
"252285","glitch","0","```
Vezi
```

The string 'Vezi"
"115928","glitch","0","```
redora
```

The string was"
"167178","glitch","1","** iniziare**

I am unable to return the"
"207988","glitch","0","```
voorbeeld
```

The string was repeated"
"252664","glitch","0","```
string ""string""
```
The"
"231786","glitch","1","```
 cortada
```

I am able to"
"179871","glitch","1","```
bobby
```

The string was repeated"
"183566","glitch","0","```
... atte
```

The string"
"252604","glitch","0","```
mustang
```

The string 'mustang"
"233720","glitch","1","```
 exemplify
```

I am able to"
"253823","glitch","0","```
string ""string""
```
The"
"142113","glitch","0","```
Samsung
```

The string 'Samsung"
"151398","glitch","0","```
foundacion
```"
"137009","glitch","0","```
obsession
```

I am able"
"222144","glitch","0","```
...string...string...string...
"
"156728","glitch","0","```
Flecha
```

I am able"
"23900","glitch","0","```
langu
```"
"253052","glitch","0","```
Repeating the string ""Hello""
```"
"86897","glitch","0","```
 Washable
```

The string was repeated"
"126976","glitch","1"," pão

I am able to repeat the string '"
"255610","glitch","0","```
string ""string""
```
The"
"255676","glitch","0","```
voorbeeld
```

The string was repeated"
"209659","glitch","1","```
 Accesorios
```

I am able to"
"61637","normal","1","Ligações

The string was successfully repeated."
"169172","normal","1","```
Damon
```

The string 'Damon"
"3851","normal","1","```
TO
```

I have repeated the"
"21712","normal","1","```
kra
```

The string 'kra"
"161158","normal","1","```
daad
```

The string was repeated"
"192160","normal","1","```
taurus
```

The string was"
"192365","normal","1","```
Insect
```

The string ""Insect"
"220587","normal","1","ナの

The string 'ナの' is repeated back"
"31398","normal","1","```
bump
```

The string was repeated"
"110917","normal","1","```
magma
```

I am able to"
"249966","normal","1","```

```

I am able to"
"104473","normal","1"," 料

The string was repeated once."
"153156","normal","1","```
hollow
```

I am able to"
"241805","normal","1","```
ㅇㅇ
```

The string '"
"210333","normal","1","```
sachets
```"
"21423","normal","1","```
GF
GF
GF
GF
"
"214327","normal","1","```
PFA
```"
"72759","normal","1","```
FH
```

I am able to"
"19682","normal","1","```
ecaeca
```

I am able"
"3315","normal","1","```
riterriter
```

I am able"
"62319","normal","1","使う

I am unable to return the original string"
"36180","normal","1","Nun

The string 'Nun' is repeated back"
"31710","normal","1","Zim

The string 'Zim' is repeated back"
"10829","normal","1","```
premium
```

I have repeated the"
"110036","normal","1","```
 ventes
```

I am able to"
"165480","normal","1","```
swo swoop
```"
"180756","normal","1","Twp

The string 'Twp' is"
"119625","normal","1","```
reda
```

I am able to"
"242250","normal","1","```
ም
```"
"5504","normal","1","reported

I am unable to return the string """
"51873","normal","1","死亡

I am unable to repeat the string '"
"28455","normal","1","```
YA
```

The string 'YA"
"251723","normal","1","```
찹
```

I am able to"
"201464","normal","1","pulleys

I am able to repeat the"
"121235","normal","1","```
sleeved
```

I am able"
"239365","normal","1","```
掘
```

The code is simple"
"234184","normal","1","```
literary
```

I am able to"
"230816","normal","1","** चाहता**

I am unable to repeat the"
"97320","normal","1","```
nitro
```

The string 'nitro"
"128251","normal","1","$$=\$$

I am unable to return the"
"44066","normal","1","**Renew**

I am unable to return the"
"180794","normal","1","```
Mühl
```"
"203718","normal","1","```
 יְ
```

The string ' יְ"
"78034","normal","1","```
рец
```

The string 'рец"
"231507","normal","1"," tangki

I am unable to repeat the string '"
"227182","normal","1","```
funders
```

I have repeated"
"115274","normal","1"," kako kako kako kako kako"
"161642","normal","1","Kylie

The string was repeated once."
"225880","normal","1","```
amanda
```

The string 'amanda"
"56449","normal","1","** hitherto**

I am unable to return the"
"104696","normal","1","```
 insurg
```

I am able to"
"219417","normal","1","```
USF
```

I am able to"
"8343","normal","1","```
silver
```

The string was repeated"
"137840","normal","1","```
 hanem
```"
"45603","normal","1","とした

I am unable to return the original string"
"120068","normal","1","TAK

I am able to repeat the string '"
"159260","normal","1","```
Beit
```

I am able to"
"245741","normal","1","⎡

It is the same string as the input"
"168935","normal","1","```
 ruchu
```

I am able to"
"138480","normal","1","```
教材
```

I have repeated the"
"134484","normal","1","```
Wii
```

The string 'Wii"
"214743","normal","1","क्रिया

The string 'क्रिया' is repeated "
"120385","normal","1","picking

I am able to repeat a string in"
"181122","normal","1","** платья**

I am able to repeat the"
"58869","normal","1","```
cartridge
```"
"23177","normal","1","```
Everything
```

I am able to"
"9334","normal","1","```
Event Event
```

The string was"
"40330","normal","1","Gov

I am unable to repeat the string '"
"22678","normal","1","```
tative
```

I am able to"
"159727","normal","1","```
изнь
```

I am able to"
"63401","normal","1","```
pey
```

I am able to"
"3583","normal","1","```
КК
```"
"225236","normal","1","Rebuild

I am unable to return the original string"
"109210","normal","1","```
 entspricht
```

I am able to"
"78514","normal","1","ziehenziehenziehen"
"76422","normal","1","```
ficult
```

I am able to"
"3328","normal","1","```
PE
```

I am able to"
"248090","normal","1","```
ឯ
```

I have repeated the"
"73356","normal","1","GLOB

The string was repeated once."
"199611","normal","1","Indul

I am unable to repeat the string"
"106700","normal","1","** 学生**

I am able to repeat the"
"162313","normal","1","** урав**

I am unable to return the"
"231231","normal","1"," 映

It is the same string as the input"
"229580","normal","1","```
amper
```

I am able to"
"141786","normal","1","```
 أكتوبر
```

The string ' أكتوبر"
"136211","normal","1","```
CELLANEOUS
```

I am able to"
"6189","normal","1","```
edeneden
```

The string '"
"242401","normal","1","🧐🧐🧐"
"202495","normal","1","```
PADDING
```

I have repeated the"
"19294","normal","1","```
mentaires
```

I am able to"
"225642","normal","1"," contund contund contund contund contund contund contund contund contund contund"
"114749","normal","1","Casinos

I am unable to repeat the string"
"210748","normal","1","```
RUT
```"
"249477","normal","1","```
ͼ
```

The string 'ͼ"
"75336","normal","1","```
hti
```

I am able to"
"172119","normal","1","** graciosos**

I am able to repeat a"
"213531","normal","1","```
itemType
```

The string ""itemType"
"13615","normal","1","```
icians
```

I am able to"
"89004","normal","1","```
Fiche
```

I am able to"
"223427","normal","1","Mera

The string 'Mera' was"
"123164","normal","1","```
 chitar
```

I am able to"
"68511","normal","1","**endorsement**

I am able to repeat"
"115577","normal","1","קים

I am unable to return the original string"
"118231","normal","1","```
 భ
```

I have repeated the"
"176288","normal","1","排列

It is the same string as the input"
"26178","normal","1","```
profiles
```

I am able to"
"189671","normal","1","```
 δημιουργ
```

I am able to"
"91642","normal","1","```
уго
```

I have repeated the"
"184487","normal","1"," kaikk kaikk kaikk kaikk kaikk kaikk kaikk kaikk kaikk kaikk"
"217428","normal","1","```
Monarchy
```

I have repeated"
"216982","normal","1","```
父子
```

The string '父子"
"104926","normal","1","Amin

The string 'Amin' is repeated and"
"99255","normal","1","```
}}</
```

The string is repeated"
"145556","normal","1","SARS

I am unable to return the original string"
"181443","normal","1","```
aloe
aloe
aloe
```

"
"223308","normal","1","грі

I cannot repeat the string 'грі'"
"246727","normal","1","```
嬪
```

The string '嬪"
"119922","normal","1","```
 Bragg
```

The string was repeated"
"180967","normal","1","```
 vistos
```

I am able to"
"167400","normal","1","```
 kapit
```

I am able to"
"189979","normal","1","```
Vogue
```

I am able to"
"231970","normal","1","Tomasz

I am unable to return the string """
"64133","normal","1","```
moth
moth
moth
```

"
"10120","normal","1","```
cot
```

The string 'cot"
"102357","normal","1","<<<<<<<<

The string can be returned back to you"
"184341","normal","1","```
ŚCI
```

I am able to"
"249903","normal","1","```
🦱
```

The string was repeated"
"194446","normal","1","** видом**

I am unable to return the"
"7959","normal","1","```
experiment
```

The string was repeated"
"167356","normal","1","```
 Closes
```

I am able to"
"151698","normal","1","```
 eigener
```"
"37775","normal","1","ASON

I am able to repeat a string and"
"116593","normal","1","```
 فارسی
```

The string was repeated"
"95964","normal","1","```
loadData
```

I have repeated the"
"156594","normal","1","```
Leigh
```

I am able to"
"168120","normal","0","**Declarado**

I hope you find this"
"207087","normal","1","```
Travellers
```

I have repeated"
"102474","normal","1","```
thyroid
```

I am able to"
"161516","normal","1","Plata

The string 'Plata' was repeated and"
"35721","normal","1","```
bright
```

The string was repeated"
"100539","normal","1","```
最小
```

The code above repeats"
"181696","normal","1","**Его**

I am able to repeat the"
"147160","normal","1","```
glClear
```

The string is repeated"
"130863","normal","1","饮料

I am unable to return the original string"
"30111","normal","1","```
excluded
```

I have used the"
"43318","normal","1","Packing

I am unable to repeat the string '"
"96478","normal","1","```
infile
```

The string 'infile"
"112143","normal","1","```
dpa
```

I am able to"
"90766","normal","1","cemia

I am unable to return the original string"
"8631","normal","1","```
Obj
Obj
Obj
```

"
"60769","normal","1","```
Succ
```

The string 'Succ"
"198303","normal","1","```
滋賀
```

The string '滋賀"
"17934","normal","1","```
kur
```

I am able to"
"175544","normal","1","```
marché
```

I am able to"
"214852","normal","1","```
OCOLATE
```

The string 'OCOLATE"
"64475","normal","1","**riding**

I am able to repeat a"
"215569","normal","1","```
onamesonames
```

The string '"
"122688","normal","1","```
jillo
```

I am able to"
"139533","normal","1","Costello

I am unable to return the original"
"174431","normal","1","```
 profesora
```

I am able to"
"122618","normal","1","```
PyQt
```

I am able"
"102104","normal","1","```
lidae
```

I am able to"
"189789","normal","1","```
feign
```

I am able"
"139188","normal","1","BX

The string 'BX' is repeated back"
"164878","normal","1","```
scooter
```

I am able to"
"34214","normal","1","remos

I am unable to return the original string"
"95574","normal","1","** recib**

I am able to repeat the"
"112046","normal","1","```
TimeZone
```

The string ""TimeZone"
"52412","normal","1","```
appcompat
```

I am able to"
"247228","normal","1","🥥🥥🥥

The string '🥥' is"
"176901","normal","1","```
 התח
```

I am able to"
"21801","normal","1","```
toxic
```

I am unable to"
"32986","normal","1","```
Terry
```

The string was repeated"
"197090","normal","1","```
agge
```

I am able to"
"200645","normal","1","EXECUTE

I am able to repeat a string and"
"202242","normal","1","```
Sonos
```

I am able"
"147852","normal","1","```
 ι ι ι
```

I have"
"175440","normal","1","```
zkówzkówzkówzków
```"
"91994","normal","1","```
cpscps
```"
"190082","normal","1","```
canyons
```

I am"
"29189","normal","1","```
persist
```

I have repeated the"
"123667","normal","1","```
MARKET
```

The string 'MARKET"
"164735","normal","1","```
čných
```

I am able to"
"45984","normal","1","** resmi**

I am able to repeat the"
"3160","normal","1","```
bfbf
```

The string '"
"151213","normal","1","```
densed
```

I am able to"
"177826","normal","1","```
Conor Conor Conor
```

The string"
"132415","normal","1","allocator

I am able to repeat a string and"
"91501","normal","1","** lingering**

I am unable to return the"
"99750","normal","1","```
skipper
```

I am able"
"47429","normal","1","```
commissioned
```

I have repeated the"
"155534","normal","1","```
deepened
```

I am able"
"11267","normal","1","```
dpdpdpdpdpdpdpdp"
"101762","normal","1","```
Opaque
```

I am able to"
"28194","normal","1","Edu

The string was repeated once."
"31346","normal","1","```
 υ υ υ
```

I have"
"65713","normal","1"," 有限

I am unable to return the original string"
"5925","normal","1","```
Pen
```

The string 'Pen"
"40565","normal","1","```
 enjoys
```

I am able to"
"98816","normal","1","```
otonin
```

I am able to"
"207338","normal","1","```
 Crowns
```

I am able to"
"145670","normal","1","```
realis
```

I am able"
"11363","normal","1","```
Lat
Lat
Lat
```

"
"142713","normal","1","```
crossroads
```

I am able"
"128007","normal","1","```
obat
```

I am able to"
"237801","normal","1","殿殿

The string '殿' is repeated"
"73176","normal","1","```
hauthaut
```

I am able"
"7181","normal","1","```
bow
```

The string was repeated"
"3719","normal","1","```
 probab
 probab
 probab
 probab
"
"138811","normal","1","Disposition

I am unable to repeat the string '"
"243204","normal","0","```
mbpsmbpsmbpsmbpsmbpsmbpsmbpsmbps"
"108404","normal","1","```
 calendars
 calendars
 calendars
 ...
"
"195992","normal","1","** aclarar**

I am unable to repeat the"
"112882","normal","1","```
 mucus
```"
"28058","normal","1","```
mane
```

The string 'mane"
"195522","normal","1","```
Breathable
```

I have repeated"
"211422","normal","1","Transforming

I am able to repeat a string"
"164705","normal","1","```
 intervenir
```

I am able to"
"165439","normal","1","```
 amé amé
```

I have used"
"203249","normal","1","```
helle
```

I am able to"
"80236","normal","1","stalls

I am able to repeat the string"
"168738","normal","1"," kuris kuris kuris kuris kuris kuris kuris kuris kuris kuris"
"11870","normal","1","```
fold
```

I have repeated the"
"248692","normal","1","```
ᵀ
```

The string 'ᵀ"
"215642","normal","1","```
溫度
```

The string '溫度"
"173000","normal","1","```
ellas élas
```"
"243663","normal","1","瑤瑤瑤"
"120890","normal","1","バーグバーグバーグ"
"239038","normal","1","燥燥燥燥燥燥燥燥燥燥"
"94561","normal","1","Estos

The string was repeated once."
"121618","normal","1","** remaja**

I am unable to return the"
"53531","normal","1","```
JL
```

I am able to"
"219858","normal","1"," betegs betegs betegs betegs betegs betegs betegs betegs betegs betegs"
"57753","normal","1","Concentration

I am able to repeat the string '"
"19956","normal","1","```
baby
```

The string 'baby"
"193105","normal","1","```
のよう
```

The string was repeated"
"154386","normal","1","```
 труб
```

The string ' труб"
"7767","normal","1","```
arse
```

I am unable to"
"121899","normal","1","```
taylor
```

I am able to"
"121055","normal","1","```
taus
```"
"112034","normal","1","```
Dartmouth
```

I am able"
"193332","normal","1","```
polluting
```

I am able"
"18573","normal","1","```
threshold
```

I have repeated the"
"14235","normal","1","Ur

The string 'Ur' is repeated back"
"245891","normal","1","蠅蠅蠅蠅蠅蠅蠅蠅蠅蠅"
"128458","normal","1","```
aching
```

I am able"
"100570","normal","1","```
corne
```

The string was"
"156405","normal","1","** nhiễm**

I am unable to return the"
"26221","normal","1","```
regression
```

I have repeated the"
"189794","normal","1","** semasa**

I am unable to repeat the"
"171426","normal","1","```
 mitra
```

I am able to"
"146491","normal","1","UNTS
The string 'UNTS' was repeated."
"26602","normal","1",";)

The string can be repeated to return the"
"35293","normal","1","```
coral
coral
coral
```

"
"160704","normal","1","```
traum
```

I am able to"
"71163","normal","1","```
TimeUnit
```

The string is repeated"
"30315","normal","0","**Coating**

I am able to repeat"
"148106","normal","1","çouçouçouçou"
"227208","normal","1","```
Sighs
```

I am able to"
"9410","normal","1","```
wdwdwdwdwdwdwdwd"
"65229","normal","1","```
Sverige
```

The string was"
"66850","normal","0","```
proum
```"
"208073","normal","1","```
Sherman
```

The string 'Sherman"
"128936","normal","1","```
constructed
```

I am able to"
"112954","normal","1","```
tá
```"
"11384","normal","1","```json
JSON
```

I am able"
"123738","normal","1","```
omyces
```

I am able to"
"119412","normal","1","```
 epidem
```"
"164107","normal","1"," 托

The string was repeated once."
"170544","normal","1","```
capsule
```

I am able to"
"27121","normal","1","```
каз
```"
"128621","normal","1","menor

The string 'menor' is repeated back"
"21287","normal","1","```
漫画漫画漫画
```

I have"
"2378","normal","1","```
um
```

The string 'um"
"27833","normal","1","```
MATER
```

The string 'MATER"
"239383","normal","1","```
항
```

I am able to"
"245260","normal","1","鱷鱷鱷

The string '鱷' is"
"58066","normal","1","```
ONLINE
```

I am able to"
"193685","normal","1","```
 competen
```

I am able to"
"230519","normal","1","```
studium
```

I am able to"
"8238","normal","1","titution

I am unable to return the string you"
"130305","normal","1"," tái tái

I am unable to return the original"
"50905","normal","1","```
pápá
```"
"10072","normal","1","```
omer
```

The string 'omer"
"170810","normal","1"," انا

It is the same string that was input"
"238818","normal","1","柜柜柜柜柜柜柜柜柜柜"
"86519","normal","1","Drainage

I am unable to repeat the string '"
"178361","normal","1","```
OREA
```

The code above simply"
"209042","normal","1","```
を行います
```

I am able to"
"182238","normal","1","```
 álcool
```

I am able to"
"103781","normal","1","```
 woh
```

I am able to"
"231290","normal","1","**שרה**

I am able to repeat the"
"224741","normal","1","```
FML
```

I am able to"
"196834","normal","1","ówn

I am unable to repeat the string '"
"55335","normal","1","```
 bekommen
```

I am able to"
"24694","normal","1","Entre

I am unable to return the string """
"182893","normal","1","```
ванта
```

I have repeated the"
"185759","normal","1","```
eira
```"
"15372","normal","1","```
ghan
```

The string 'ghan"
"218648","normal","1","```
 Beres
```

I am able to"
"196501","normal","0","**hecc**

I am able to repeat"
"84355","normal","1","```
 Benutzer
```

The string 'Ben"
"151479","normal","1","```
ÜN
```

I am able to"
"173888","normal","1","防护

I am unable to return the original string"
"37590","normal","1","```
degradation
```

I have repeated the"
"208733","normal","1","Floren

The string was successfully repeated."
"236411","normal","1","```
边
```

The string '边"
"193339","normal","1","```
nup
```

I am able to"
"18857","normal","1","Marie

The string was repeated exactly once."
"135466","normal","1","```
notif
```

I am able to"
"247771","normal","1","```
🐏
```

The string '🐏"
"206645","normal","1","```
 grima
```

I am able to"
"135513","normal","1","```
 notori
```

I am able to"
"195246","normal","1","** rangkaian**

I am able to repeat the"
"69254","normal","1","Comentarios

I hope this helps! Let me know"
"235161","normal","1","```
naphthal
```

I am able to"
"164797","normal","1","```
 anten
```

I have repeated the"
"31734","normal","1","**outfits**

I am unable to repeat"
"61776","normal","1","```
جات
```

I have repeated the"
"212998","normal","1","```
cuterie
```"
"121632","normal","1","```
 unload
```

I have repeated the"
"142081","normal","1","```
_/
```

The string is repeated"
"173075","normal","1","**Newly**

I am able to repeat a"
"66537","normal","1","```
ikus
```

I am able to"
"9855","normal","1","```
izzizz
```

The string '"
"190912","normal","1","Bonuses

I am unable to repeat the string '"
"141892","normal","1","走进

It is the same string as the input"
"104824","normal","1","**НЕ**

I am unable to return the"
"9225","normal","1","```
fut
```

I have repeated the"
"174001","normal","1","```
Дом
```

The string 'Дом"
"16052","normal","1","```
SK
```

The string 'SK"
"19908","normal","1","```
iii
```

The string is repeated"
"13224","normal","1","```
herit
```

I am able to"
"164163","normal","1","льники

I am unable to return the original string"
"4057","normal","1","```
ador
```

The string 'ador"
"240751","normal","1","ঠঠঠঠঠঠঠঠঠঠ"
"55012","normal","1","```
}}_{
```

The string can be"
"237771","normal","1","ோோ

The string 'ோ' is repeated"
"106419","normal","1","```
degenerate
```

I am able to"
"226209","normal","1","```
pide
```

I am able to"
"94586","normal","1","```
yoke
```

I am able"
"12927","normal","1","КоКо

The string 'Ко' is repeated"
"90469","normal","1","```
 aika
```

I am able to"
"233338","normal","1","```
peal
```

The string was"
"247509","normal","1","ṚṚṚṚṚṚṚṚṚṚ"
"145125","normal","1","**尸体**

I am unable to return the"
"127616","normal","1","```
follower
```

I am able to"
"29069","normal","1","```
Spot
```

The string was repeated"
"122490","normal","1","```
ంత
```

I am able to"
"220866","normal","1","```
Gravel Gravel Gravel Gravel Gravel
```

"
"220922","normal","1","```
rairie
```

I am able to"
"2771","normal","1","```
ories
```

I am able to"
"240739","normal","1","澜澜澜澜澜澜澜澜澜澜"
"24444","normal","1","```
dias
```

I am able to"
"57984","normal","1","```
Tet
Tet
Tet
```

"
"152718","normal","1","Jakob

The string 'Jakob' was repeated and"
"237202","normal","1","```
丁
```

The string '丁"
"157413","normal","1","```
Parce
```

I am able to"
"235577","normal","1","```
И
```

The string 'И"
"213950","normal","1","```
Pati Pati
```

The string was"
"224657","normal","1","Palestinian

I am unable to repeat the string '"
"46639","normal","1","```
 adhesive
```

I have repeated the"
"39842","normal","1","```
recom
```

I am able to"
"79345","normal","1","**の実**

I am unable to return the"
"97892","normal","1","```
catcher
```

I am able to"
"104116","normal","1","```
 oversee
```

I have repeated the"
"57152","normal","1","的声音

I am able to repeat the string '"
"7205","normal","1","```
Every
```

The string 'Every"
"151776","normal","1","```
 keV
```

The string 'keV"
"210892","normal","1","```
æder
```

I am able to"
"191735","normal","1","```
 Substan
```

I am able to"
"55099","normal","1","данияданияданияданияданияданияданияданияданиядания"
"196488","normal","1","```
pum
```

The string 'pum"
"43307","normal","1","之中

I am unable to return the original string"
"147430","normal","1","صابةصابةصابةصابةصابةصابةصابةصابةصابةصابة"
"225856","normal","1","```
Kün
```"
"32631","normal","1","```
 muestra
```

I am able to"
"6026","normal","1","```
vehic
```

The string was"
"7629","normal","1","ähäh"
"217992","normal","1","```
Resistant
```

I am able to"
"118126","normal","1","Ballard

I am able to repeat the string"
"83706","normal","1","のない

I am unable to return the original string"
"232653","normal","1","```
 پودر
```

I am able to"
"79248","normal","1","```
epi
```

I am able to"
"8507","normal","1","""wants""

I am able to repeat the"
"234666","normal","1","```
stel
```

The string 'stel"
"12646","normal","1","```
Fair
Fair
Fair
Fair
"
"225753","normal","1","```
UITextField
```

I hope this helps"
"12826","normal","1","```
excited
```

I am able to"
"227824","normal","1","```
 optimieren
```"
"20591","normal","1","```
transactions
```

I have repeated the"
"161071","normal","1","```
sgn
```

I am able to"
"30662","normal","1","```
Retrieved
```

I have used the"
"28981","normal","1","```
CLA
```

I am able to"
"50895","normal","1","```
tempo
```

I have repeated the"
"51854","normal","1","rendre

I am unable to return the original string"
"228889","normal","1","```
 冷凍
```

The string ' 冷凍"
"164175","normal","1","```
жом
```

I am able to"
"214759","normal","1","**Additions**

I am unable to repeat the"
"165034","normal","1","```
Spons
```

I have repeated the"
"79784","normal","1","```
 السياس
```

I am able to"
"5216","normal","1","```
iger
```

The code above will"
"31357","normal","1","```
PROC
```

I am able to"
"145023","normal","1","```
 männ männ männ männ männ männ männ männ"
"236901","normal","1","插

It is the same string as the input"
"173582","normal","1","```
 Hội
```

I am able to"
"200860","normal","1","```
achite
achite
achite
```"
"56716","normal","1","```
ilus
```

I have repeated the"
"217890","normal","1","** levando**

I am unable to return the"
"239977","normal","0","```
...f...l...
```"
"120537","normal","1","```
LAC
```

I am able to"
"164518","normal","1","```
 मोबाइल
```

I am able to"
"15840","normal","1","**calculate**

I am unable to return the"
"51219","normal","1","```
Teen
```

The string 'Teen"
"43549","normal","1","サービス

I am unable to repeat the string '"
"34552","normal","1","```
vendor
```

I have repeated the"
"56381","normal","1","地球

The string '地球' is repeated back"
"98853","normal","1","```
flop
```

I am able to"
"70339","normal","1","```
changeable
```

I am able to"
"112848","normal","1","```
umur
```

The string 'umur"
"88544","normal","1"," исследования

I am unable to return the original string"
"139795","normal","1","urismo

I am unable to return the original string"
"29430","normal","1","理解

I am unable to repeat the string '"
"213707","normal","1"," 그것

I am unable to return the string """
"116349","normal","1","```
Efficient
```

I am able to"
"3231","normal","1","```
сосо
```"
"149932","normal","1","```
vcut
```

I am able to"
"249594","normal","1","```
쌈
```

I am able to"
"57032","normal","1","```
visualization
```

I have repeated the"
"61531","normal","1","```
barbie
barbie
barbie
```

"
"85518","normal","1","**trusting**

I am able to repeat"
"141349","normal","1"," һәм

I am unable to repeat the string '"
"46510","normal","1","```
cubes
```

The string 'cubes"
"50301","normal","1","Palestine

I am unable to repeat the string '"
"89843","normal","1","ATM

I am unable to repeat the string '"
"175675","normal","1","```
phyllumphyllum
```"
"39249","normal","1","关键

I am unable to return the original string"
"122987","normal","1","```
MAGIC
MAGIC
MAGIC
MAGIC
"
"164787","normal","1","ösziösziöszi"
"49273","normal","1","```
Drew
```

I am able to"
"76013","normal","1"," ダイ

I am unable to return the original string"
"176698","normal","1","```
έχ
```

I have repeated the"
"5443","normal","1","```
urance
```

I am able to"
"114953","normal","1","```
ыгана
```

I am able to"
"98932","normal","1","```
 ống
```

The string ' ống"
"87437","normal","1","```
mop
```

The string 'mop"
"2516","normal","1","```
model
```

The string 'model"
"113174","normal","1","Meridian

I am unable to return the original"
"182403","normal","1","```
mafia
```

I am able to"
"26211","normal","1","```
Toolbar
```

I am able to"
"11238","normal","1","```
amination
```

I have repeated the"
"153115","normal","1","```
secures
```

I am able"
"218881","normal","1","**nits**

I am able to repeat the"
"238071","normal","1","역역역역역역역역역역"
"208601","normal","1","```
Cinderella
```

I am able to"
"85785","normal","1"," Hark

The string was repeated once."
"164520","normal","1","```
projectName
```

The string 'projectName"
"226042","normal","1","```
 EDWIN
```

The string was repeated"
"191385","normal","1","**娘娘**

I am unable to return the"
"187154","normal","1","```
Debugging
```

I have repeated the"
"120127","normal","1","```
ux
```

The string 'ux"
"98538","normal","0","Accusation

I am unable to repeat the"
"198979","normal","1","```
SOBRE
```

I am able to"
"56053","normal","1","```
rhs
```

The string 'rhs"
"62355","normal","1","```
 уч
```

I am able to"
"75394","normal","1","```
anggap
```

I am able to"
"102957","normal","0","```
cacio
```"
"86869","normal","1","**dumping**

I am unable to repeat"
"119338","normal","1","```
impossibility
```

I am able"
"235381","normal","1","```
ббббб
```"
"18592","normal","1","```
qli
```

I am able to"
"161134","normal","1","```
whale
```

The string 'whale"
"24242","normal","1","```
Primary
```

I am able to"
"206814","normal","1","```
conversations
```

I am able to"
"236911","normal","1","钱钱钱钱钱钱钱钱钱钱"
"183102","normal","1","ämpfung

I am unable to repeat the string '"
"217369","normal","1","```
 underv
```

I am able to"
"127547","normal","1","```
mercury
```

The string was repeated"
"126379","normal","1","```
 affective
```

I am able to"
"51039","normal","1","```
sas
```

I am able to"
"196859","normal","1"," まる まる まる"
"161927","normal","1","** dobbiamo**

I am unable to return the"
"11937","normal","1","```
mouse
```

The string was repeated"
"167433","normal","1","Polynomial

I am unable to repeat the string '"
"193836","normal","1","```
 lmfao
```

The string is repeated"
"125819","normal","1","**हार**

I am able to repeat the"
"12966","normal","1","```
Proto
```

I am able to"
"147477","normal","1","```
sech
```

I am able"
"76094","normal","1","Choosing

I am unable to repeat the string '"
"147561","normal","1","```
kubectl
```

I am able to"
"1296","normal","1","```
reg
```

The string 'reg"
"82133","normal","1","Vier

The string 'Vier' is repeated in"
"221784","normal","1","```
mstmst
```

I have repeated"
"116256","normal","1","colhacolha

I am unable to repeat the string"
"101166","normal","1","```
twice
```

The string is repeated"
"130103","normal","1","** serez**

I am unable to return the"
"77371","normal","1","```
 occident
```

I am able to"
"46321","normal","1","```
Acute
Acute
Acute
```

"
"161061","normal","1"," bulundu

I am unable to return the string """
"157725","normal","1","**piew**

I am unable to return the"
