{
  "timestamp": "2026-07-19T15:58:33",
  "git_commit": "3dec6a7",
  "model": "mistral-7b-instruct-v01",
  "config": {
    "gamma": 0.1,
    "pca_dim": 75,
    "svm": {
      "kernel": "poly",
      "C": 1.0,
      "degree": 3
    },
    "features": [
      "attn_pattern",
      "mlp_gate",
      "mlp_data"
    ],
    "post_validation": true
  },
  "mean": {
    "precision": 0.9970475767007558,
    "recall": 0.2790148448043185,
    "f1": 0.43057264909503207,
    "time_seconds": 211.37944763334235
  },
  "std": {
    "recall": 0.09093741378807654,
    "f1": 0.11636199829687573
  }
}