{
  "timestamp": "2026-07-19T16:14:12",
  "git_commit": "32ba28a",
  "model": "mistral-7b-instruct-v01",
  "config": {
    "gamma": 0.1,
    "pca_dim": 75,
    "svm": {
      "kernel": "poly",
      "C": 1.0,
      "degree": 3
    },
    "features": [
      "attn_pattern",
      "mlp_gate",
      "mlp_data"
    ],
    "post_validation": true
  },
  "mean": {
    "precision": 0.9973800987805369,
    "recall": 0.40399686520376177,
    "f1": 0.5748997255973199,
    "time_seconds": 223.96245796666093
  },
  "std": {
    "recall": 0.01874745096223463,
    "f1": 0.01935479571633785
  }
}